x_m,y_m,z_m,height_m,width_m,shade,mirror
-169.222,-8.072,743.930,4.788,3.259,0.865,1
-143.363,-8.068,741.265,8.573,5.739,0.980,1
-130.421,-8.062,742.078,8.424,5.611,0.770,1
-115.592,-8.059,740.041,8.909,6.536,0.930,0
-111.255,-8.059,741.380,8.568,6.622,0.778,1
-87.612,-8.050,738.330,7.654,4.346,0.881,1
-80.042,-8.050,737.176,13.489,9.194,0.740,0
-64.403,-8.047,737.595,5.075,2.856,0.735,0
-29.131,-8.036,736.566,5.873,4.227,0.795,1
2.450,-8.026,733.320,10.051,7.218,0.765,1
23.944,-6.973,732.794,8.088,5.604,0.889,1
36.683,-4.849,731.418,13.084,9.557,0.994,1
50.323,-4.855,730.337,11.651,9.381,0.911,1
57.434,-4.858,729.445,9.915,7.310,0.976,0
73.920,-4.868,730.546,7.440,4.071,0.803,0
85.253,-4.874,729.041,4.903,3.355,0.907,0
95.530,-4.881,729.424,13.234,8.660,0.975,0
103.134,-4.886,727.415,7.893,5.329,0.975,0
131.683,-4.925,725.729,10.829,8.389,0.854,0
149.150,-4.961,726.092,10.739,5.671,0.851,1
169.580,-5.023,723.297,6.827,3.892,0.753,0
180.537,-5.066,722.915,7.143,4.150,0.923,1
191.584,-5.122,722.328,8.945,5.025,0.930,0
207.882,-5.217,721.346,8.748,5.246,0.882,0
211.143,-5.239,721.992,11.658,9.210,0.985,1
238.795,-5.378,719.221,8.370,6.231,0.765,1
248.531,-5.415,720.295,11.157,8.460,0.754,1
270.369,-5.464,719.814,12.868,7.681,0.738,0
274.115,-5.470,718.538,5.867,3.615,0.956,1
282.082,-5.487,719.197,5.687,4.423,0.747,0
295.120,-5.027,717.664,5.364,4.260,0.965,0
302.052,-4.729,716.518,12.674,8.950,0.839,1
308.898,-4.572,716.559,13.300,10.531,0.880,0
353.555,-4.897,714.809,9.731,5.810,0.986,0
371.646,-5.532,713.612,11.156,7.729,0.904,0
430.625,-7.695,710.412,11.822,8.297,0.879,1
457.356,-7.685,707.947,13.446,10.615,0.895,0
480.567,-7.649,707.038,4.880,3.845,0.734,0
487.298,-7.639,705.867,11.599,8.975,0.749,1
498.998,-7.614,705.965,7.991,4.673,0.812,1
506.931,-7.592,703.782,5.119,3.793,0.978,0
520.180,-7.561,704.661,10.491,5.592,0.967,1
528.219,-7.538,704.479,5.654,3.191,0.954,1
540.730,-7.498,703.562,7.642,5.487,0.832,0
563.424,-7.471,702.701,6.730,5.233,0.916,0
577.158,-7.418,701.233,4.840,2.887,0.855,1
584.825,-7.410,699.632,6.254,4.019,0.859,0
590.091,-7.413,700.153,10.352,6.105,0.769,0
596.818,-7.409,701.207,9.668,6.509,0.821,0
618.340,-7.351,699.638,7.558,5.377,0.992,0
623.204,-7.336,697.774,10.864,6.572,0.768,0
658.111,-6.153,697.519,9.167,5.794,0.769,1
706.528,-5.266,694.654,4.593,2.759,0.842,1
718.119,-5.275,692.381,5.824,4.412,0.831,1
723.354,-5.279,692.149,9.867,7.832,0.826,1
734.710,-5.288,692.385,11.324,6.474,0.831,0
-177.795,-8.076,740.001,9.058,4.876,0.857,1
-170.820,-8.072,739.501,8.932,7.202,0.937,0
-167.188,-8.071,736.190,7.861,4.992,0.837,1
-159.851,-8.068,735.452,6.696,3.878,0.833,0
-147.970,-8.068,739.370,10.238,5.997,0.786,1
-144.984,-8.068,737.103,12.501,7.974,0.996,0
-137.152,-8.066,735.137,8.308,4.758,0.895,1
-128.916,-8.062,733.926,9.492,6.256,0.743,0
-123.592,-8.059,736.025,12.275,6.709,0.896,0
-117.549,-8.059,735.048,11.117,7.653,0.862,0
-109.537,-8.059,734.927,13.415,8.635,0.809,0
-103.680,-8.057,735.751,4.693,3.526,0.771,1
-96.467,-8.053,734.490,11.301,6.412,0.952,0
-90.777,-8.050,730.773,7.240,4.573,0.779,1
-82.854,-8.050,731.187,10.028,5.577,0.889,1
-74.638,-8.050,733.432,4.963,3.704,0.947,1
-68.924,-8.049,732.517,7.355,4.844,0.832,0
-53.613,-8.042,730.390,7.769,5.087,0.854,0
-48.480,-8.040,733.206,13.417,8.575,0.766,1
-29.963,-8.035,732.606,10.838,6.947,0.735,0
-22.998,-8.033,729.407,13.385,10.614,0.947,1
-20.344,-8.033,731.974,6.396,4.198,0.923,0
-8.830,-8.028,726.670,4.601,3.279,0.827,1
-2.611,-8.026,729.505,10.497,8.291,0.834,1
0.627,-8.025,729.633,4.502,3.216,0.770,1
12.281,-8.021,728.839,5.674,3.474,0.778,0
16.049,-8.019,727.796,6.268,4.855,0.744,0
21.884,-7.333,726.251,11.349,8.146,0.871,1
29.220,-6.041,725.239,4.593,2.966,0.765,0
39.501,-4.848,726.419,11.760,8.117,0.852,1
45.483,-4.852,727.506,7.510,4.315,0.807,1
54.040,-4.855,726.685,4.961,3.077,0.788,0
59.399,-4.857,724.455,13.396,9.477,0.831,0
65.991,-4.861,725.226,12.496,6.675,0.982,0
75.371,-4.864,721.284,7.027,4.919,0.977,0
79.455,-4.866,722.028,8.797,5.201,0.922,1
91.293,-4.872,720.785,6.144,4.763,0.992,0
103.341,-4.883,724.810,5.135,3.904,0.935,1
105.726,-4.884,723.132,12.532,7.466,0.752,0
116.081,-4.898,722.815,5.848,4.392,0.949,0
121.017,-4.903,720.496,4.687,3.179,0.773,0
126.516,-4.910,719.019,5.765,3.023,0.884,1
135.786,-4.927,720.028,10.452,5.597,0.995,1
144.718,-4.941,718.067,6.804,5.111,0.781,1
150.222,-4.956,718.699,5.229,2.968,0.813,0
155.990,-4.968,716.860,6.962,4.873,0.904,1
163.508,-4.993,719.133,6.641,4.466,0.847,1
171.628,-5.018,716.390,10.965,8.439,0.775,1
179.193,-5.046,715.843,11.308,9.179,0.852,0
182.874,-5.070,718.819,12.205,7.314,0.941,1
192.386,-5.117,717.743,8.566,5.323,0.822,1
197.843,-5.142,715.974,6.859,5.123,0.768,0
207.252,-5.201,716.286,7.440,4.180,0.745,0
210.123,-5.222,717.580,10.147,5.857,0.860,1
217.466,-5.261,714.879,6.699,4.788,0.755,1
226.383,-5.316,717.692,8.946,6.872,0.754,1
231.829,-5.337,713.759,6.443,3.949,0.895,1
242.094,-5.381,713.456,5.626,4.154,0.868,0
245.423,-5.392,712.293,5.827,4.533,0.761,1
251.664,-5.416,713.254,5.468,2.924,0.959,1
261.288,-5.442,715.739,7.307,5.918,0.778,0
268.827,-5.458,715.723,12.426,9.709,0.977,1
278.109,-5.038,710.544,12.511,8.683,0.859,1
280.949,-5.106,712.682,13.208,10.722,0.780,1
287.258,-4.836,712.133,6.696,5.015,0.737,1
376.088,-5.228,707.559,7.170,4.070,0.796,0
381.378,-5.439,707.329,5.133,4.177,0.939,1
385.655,-5.628,707.399,11.426,8.654,0.836,0
392.090,-5.577,703.551,6.710,5.036,0.823,1
436.917,-7.699,704.043,6.119,4.468,0.847,1
445.838,-7.695,703.677,10.940,8.706,0.961,1
452.553,-7.685,700.741,12.583,8.886,0.866,1
459.532,-7.679,702.612,8.677,5.523,0.889,0
466.739,-7.658,699.618,11.290,7.933,0.812,1
472.963,-7.659,703.699,10.308,7.463,0.752,1
479.299,-7.631,699.335,8.001,4.270,0.775,0
486.499,-7.620,699.938,4.659,3.623,0.933,0
494.824,-7.610,701.547,7.309,5.652,0.839,0
505.007,-7.574,699.371,5.771,4.271,0.957,1
515.558,-7.546,699.498,6.233,4.392,0.982,1
519.205,-7.535,699.297,6.573,3.924,0.794,0
528.431,-7.511,698.032,11.976,9.236,0.944,1
535.856,-7.483,696.907,6.662,4.573,0.785,1
541.137,-7.477,700.177,4.695,3.561,0.750,1
547.816,-7.473,700.010,7.719,4.784,0.914,0
554.610,-7.453,697.468,6.577,3.468,0.791,0
564.774,-7.440,696.249,12.567,6.728,0.978,1
584.947,-7.391,695.810,6.377,4.200,0.774,0
588.891,-7.385,694.632,8.757,5.880,0.760,1
596.511,-7.381,695.653,4.585,3.114,0.994,0
603.891,-7.345,693.839,5.629,4.182,0.772,0
611.960,-7.317,692.987,7.172,5.025,0.915,1
615.226,-7.306,691.072,11.421,8.884,0.882,1
624.640,-7.314,693.464,8.023,6.439,0.880,0
638.957,-6.268,690.660,7.673,5.924,0.795,1
647.233,-6.434,694.349,10.085,8.087,0.878,1
655.122,-6.112,691.573,7.805,4.931,0.745,1
660.819,-5.834,691.307,4.922,2.771,0.836,0
668.480,-5.227,689.837,5.541,4.231,0.896,0
685.167,-5.250,687.485,10.100,6.795,0.958,0
694.710,-5.256,688.813,7.431,4.045,0.931,0
703.826,-5.264,689.309,7.251,5.287,0.959,1
711.113,-5.270,688.480,7.925,4.426,0.982,1
713.327,-5.272,689.429,5.960,4.343,0.890,1
724.518,-5.280,687.008,9.337,5.688,0.928,1
734.941,-5.288,689.046,12.672,8.547,1.000,1
-180.641,-8.077,730.197,11.783,7.315,0.779,0
-170.860,-8.076,730.372,10.613,7.351,0.775,0
-166.191,-8.075,728.538,13.428,10.444,0.741,0
-159.944,-8.070,732.235,6.218,3.456,0.762,0
-151.780,-8.068,729.282,11.537,8.397,0.888,0
-145.126,-8.068,730.703,9.684,6.611,0.805,0
-139.902,-8.067,729.713,5.060,2.892,0.833,1
-128.306,-8.065,725.740,5.585,3.348,0.883,1
-122.912,-8.062,728.018,6.449,3.475,0.879,1
-113.536,-8.059,727.597,12.444,8.637,0.785,1
-108.782,-8.059,727.314,7.352,5.501,0.979,1
-100.875,-8.055,727.879,13.025,9.649,0.929,0
-94.629,-8.052,728.951,8.351,4.386,0.881,0
-86.996,-8.050,726.036,8.813,6.502,0.798,1
-79.168,-8.050,726.263,9.827,5.629,0.783,1
-74.660,-8.050,722.784,9.039,6.449,0.981,0
-69.081,-8.049,725.244,7.442,5.692,0.948,1
-60.700,-8.045,726.193,9.565,6.829,0.799,0
-50.525,-8.041,726.622,4.811,3.472,0.763,0
-44.160,-8.038,721.255,9.541,6.514,0.796,1
-41.777,-8.037,721.633,7.853,5.566,0.985,0
-34.893,-8.036,725.548,12.690,8.286,0.902,1
-27.355,-8.032,721.562,9.266,7.433,0.847,1
-16.226,-8.027,719.578,13.255,10.099,0.988,1
-11.389,-8.026,719.595,6.961,4.797,0.802,1
-5.187,-8.024,721.390,4.655,2.855,0.812,0
5.042,-8.020,719.946,6.559,4.371,0.840,0
7.996,-8.020,721.793,9.919,7.575,0.903,1
18.676,-7.896,720.472,11.905,9.714,0.806,1
21.685,-7.366,720.684,12.414,7.833,0.764,0
28.627,-6.142,717.749,10.160,5.669,0.874,0
36.259,-4.844,720.084,7.366,5.044,0.868,1
44.842,-4.847,717.405,11.263,7.964,0.772,1
48.960,-4.848,716.867,7.425,3.914,0.852,0
57.288,-4.853,718.093,5.562,3.360,0.989,1
73.543,-4.861,719.302,10.002,5.527,0.907,0
78.933,-4.862,715.273,9.796,7.002,0.991,1
87.587,-4.866,713.669,5.543,2.963,0.816,1
91.260,-4.871,718.449,13.327,10.358,0.837,1
99.029,-4.874,715.387,5.403,3.163,0.918,1
107.271,-4.878,712.700,13.221,7.410,0.916,0
113.000,-4.886,716.159,10.353,7.007,0.790,1
120.191,-4.894,713.611,8.453,4.903,0.911,0
125.792,-4.906,716.720,6.760,4.045,0.812,1
133.607,-4.912,711.466,8.381,5.031,0.747,1
139.641,-4.926,713.722,12.720,9.011,0.842,0
150.850,-4.945,710.086,7.514,4.297,0.954,0
158.508,-4.968,713.016,4.663,2.465,0.860,1
165.574,-4.990,713.320,12.363,7.860,0.924,1
169.437,-4.999,710.470,6.796,3.859,0.768,1
175.542,-5.020,709.818,9.647,5.750,0.928,1
181.864,-5.051,712.085,5.293,3.507,0.786,1
191.244,-5.091,708.597,6.649,4.612,0.930,1
196.470,-5.123,710.533,6.680,4.870,0.952,1
203.928,-5.170,711.893,4.622,3.357,0.912,0
212.842,-5.225,711.254,11.478,8.555,0.804,0
221.534,-5.266,707.024,12.696,8.545,0.920,0
228.199,-5.302,706.621,9.725,6.220,0.774,1
232.227,-5.327,708.187,9.508,7.539,0.939,0
238.265,-5.350,705.879,11.265,7.662,0.904,0
255.931,-5.418,706.939,5.962,4.223,0.799,1
259.447,-5.430,708.700,7.249,4.433,0.747,1
403.032,-5.740,700.156,7.667,6.188,0.748,1
440.800,-7.570,696.978,4.444,3.145,0.928,1
457.435,-7.656,695.509,9.740,5.804,0.999,1
461.094,-7.649,695.260,12.721,8.150,0.741,0
470.684,-7.623,693.314,10.706,6.605,0.951,1
477.343,-7.600,691.808,8.892,6.172,0.987,1
484.941,-7.601,695.155,11.985,7.330,0.975,0
492.235,-7.578,694.970,12.661,9.364,0.750,1
501.290,-7.560,695.326,11.121,6.904,0.873,0
507.941,-7.526,693.018,10.005,7.702,0.836,1
512.948,-7.507,692.950,10.553,5.631,0.807,1
518.177,-7.495,693.083,5.371,3.010,0.977,0
526.845,-7.488,693.541,9.821,7.307,0.746,0
535.844,-7.470,693.369,6.699,4.326,0.874,0
542.688,-7.441,692.156,8.752,5.903,0.867,1
549.692,-7.412,692.282,10.682,8.084,0.932,0
555.973,-7.371,687.145,6.310,4.450,0.915,1
560.255,-7.371,687.144,5.277,3.270,0.905,0
567.550,-7.394,689.990,10.133,7.552,0.965,1
573.124,-7.368,686.758,10.081,6.467,0.970,0
579.788,-7.360,688.137,13.116,8.039,0.946,1
587.402,-7.363,690.146,11.715,9.073,0.796,0
595.427,-7.352,689.208,6.143,4.782,0.828,0
604.951,-7.297,685.267,4.844,3.797,0.823,0
608.459,-7.307,689.508,6.412,4.868,0.925,1
616.926,-7.290,688.459,4.703,3.641,0.885,1
623.012,-7.279,686.605,12.625,8.938,0.947,0
632.474,-6.994,686.892,9.395,6.360,0.763,1
639.720,-6.150,683.087,8.374,5.494,0.841,0
643.231,-5.752,685.025,4.961,3.357,0.808,0
650.199,-5.416,685.781,4.625,3.502,0.819,0
659.081,-5.380,685.392,6.775,4.626,0.970,1
672.121,-5.233,682.614,7.708,4.639,0.787,0
685.187,-5.254,680.065,9.877,5.446,0.869,0
694.670,-5.262,679.199,9.271,6.857,0.943,0
700.340,-5.265,680.978,6.099,4.838,0.870,0
707.427,-5.269,682.192,11.495,9.157,0.797,1
717.232,-5.275,683.159,10.081,7.138,0.759,1
722.487,-5.279,683.118,5.834,3.085,0.730,0
730.860,-5.285,677.794,9.376,7.154,0.825,1
737.266,-5.289,679.897,8.844,6.307,0.912,0
-179.846,-8.077,722.918,9.044,5.928,0.854,0
-170.257,-8.077,724.191,10.403,8.155,0.975,0
-166.589,-8.076,725.685,6.036,4.073,0.804,1
-158.613,-8.074,723.276,6.785,4.872,0.820,1
-151.880,-8.072,720.803,7.565,4.406,0.968,1
-145.866,-8.068,725.279,8.279,5.993,0.834,1
-139.648,-8.067,724.947,10.408,6.308,0.953,0
-129.860,-8.066,718.915,6.881,4.533,0.964,0
-125.065,-8.065,719.139,11.620,6.485,0.828,1
-116.134,-8.061,722.984,10.545,5.563,0.844,1
-111.876,-8.060,718.432,12.021,9.457,0.882,1
-102.686,-8.056,721.978,7.860,5.281,0.931,0
-93.591,-8.052,719.528,11.210,5.890,0.798,0
-90.840,-8.050,720.590,9.478,4.992,0.741,0
-76.080,-8.050,719.120,9.350,5.130,0.977,1
-67.317,-8.048,719.179,11.599,8.580,0.906,1
-60.165,-8.044,717.005,10.763,7.572,0.795,0
-56.464,-8.043,719.307,4.692,3.281,0.763,1
-44.782,-8.037,716.679,9.918,6.113,0.895,1
-41.978,-8.037,717.941,11.613,8.107,0.905,1
-31.701,-8.032,715.104,7.950,5.650,0.787,0
-26.367,-8.030,716.281,6.983,4.890,0.746,1
-20.340,-8.028,715.945,8.984,6.803,0.769,0
-10.378,-8.023,713.532,8.201,4.365,0.813,0
-5.684,-8.022,715.322,4.662,3.253,0.934,1
1.981,-8.018,712.009,13.154,10.436,0.825,1
7.090,-8.018,716.632,10.980,7.535,0.961,0
18.024,-8.007,711.844,11.726,7.859,0.856,0
30.455,-5.817,710.265,4.977,2.645,0.983,1
45.312,-4.844,711.559,9.331,7.314,0.945,1
51.880,-4.847,710.035,10.720,7.140,0.851,0
57.902,-4.849,710.308,6.437,3.524,0.808,1
65.244,-4.851,708.445,7.798,4.071,0.982,1
69.756,-4.856,712.724,10.901,6.485,0.972,1
77.957,-4.857,707.771,12.811,9.371,0.790,1
84.432,-4.863,711.477,5.475,3.594,0.938,0
92.551,-4.867,710.007,12.757,6.692,0.893,1
100.849,-4.872,710.152,12.354,9.615,0.955,0
112.430,-4.879,707.580,5.839,4.351,0.962,1
120.409,-4.890,709.856,7.736,5.727,0.834,1
128.291,-4.901,708.870,10.427,7.756,0.737,0
142.901,-4.920,705.287,4.957,3.833,0.834,0
149.167,-4.936,706.644,12.341,9.750,0.802,1
156.801,-4.953,705.570,9.278,7.460,0.867,0
165.038,-4.972,703.064,7.388,5.385,0.997,0
172.058,-4.996,703.011,4.526,2.710,0.872,1
174.622,-5.008,705.636,9.383,6.800,0.843,0
183.287,-5.046,706.205,10.364,8.181,0.846,0
189.642,-5.075,704.776,7.087,5.353,0.776,0
199.558,-5.122,701.979,5.829,3.724,0.931,0
205.361,-5.164,704.781,10.240,7.598,0.989,0
422.853,-5.821,689.276,5.854,3.692,0.872,1
463.613,-7.617,687.834,10.156,5.339,0.999,0
471.917,-7.589,685.451,8.221,4.388,0.990,0
478.158,-7.579,687.156,12.581,9.851,0.814,1
483.350,-7.560,685.684,11.036,6.883,0.793,0
491.156,-7.539,686.055,13.399,8.407,0.789,1
498.328,-7.510,684.671,9.051,5.547,0.865,0
507.089,-7.475,683.663,8.189,5.245,0.886,0
517.738,-7.431,683.074,6.311,4.827,0.986,0
532.334,-7.430,685.198,8.322,6.045,0.931,0
538.077,-7.407,682.299,8.030,5.542,0.949,1
547.086,-7.379,681.123,7.346,5.901,0.908,1
554.868,-7.362,684.691,11.193,7.599,0.923,0
562.239,-7.322,680.760,11.990,8.197,0.936,1
568.486,-7.342,683.490,10.999,7.888,0.931,0
573.086,-7.337,682.712,10.601,5.567,0.746,0
584.696,-7.328,682.689,11.064,6.106,0.904,0
587.211,-7.324,682.473,5.922,3.131,0.975,1
598.856,-7.303,681.839,4.695,2.508,0.775,0
603.972,-7.281,681.219,7.081,5.625,0.840,1
611.883,-7.235,677.986,9.115,6.531,0.787,0
617.584,-6.875,680.646,8.453,4.697,0.878,1
621.265,-6.521,677.592,10.153,7.822,0.800,1
629.033,-6.956,681.343,13.224,10.426,0.933,1
640.340,-6.079,675.208,6.226,3.681,0.796,1
644.746,-5.574,677.070,7.867,5.735,0.908,1
654.732,-5.215,677.392,12.858,9.062,0.881,0
659.349,-5.219,679.525,5.219,2.949,0.821,0
667.579,-5.231,676.930,11.344,7.460,0.856,0
671.630,-5.238,675.294,12.340,7.542,0.756,0
677.888,-5.248,673.489,5.486,3.834,0.932,1
687.441,-5.257,677.687,6.793,3.932,0.910,1
696.478,-5.268,673.192,5.285,4.191,0.886,0
699.457,-5.267,676.849,6.640,3.839,0.935,0
709.675,-5.275,674.962,7.306,4.813,0.749,1
722.213,-5.284,672.835,6.449,4.003,0.866,1
727.509,-5.286,671.347,7.187,5.627,0.767,0
735.320,-5.288,672.495,12.947,9.905,0.903,0
-178.599,-8.077,717.118,8.693,6.839,0.905,0
-173.517,-8.077,715.896,12.913,8.537,0.867,1
-165.540,-8.077,716.589,6.378,4.271,0.774,0
-157.755,-8.075,718.261,4.546,3.037,0.884,0
-150.647,-8.071,713.873,9.013,5.695,0.787,1
-145.409,-8.069,716.524,11.021,8.164,0.891,1
-139.269,-8.068,713.728,7.914,4.380,0.921,0
-132.960,-8.067,715.194,7.046,4.351,0.781,1
-124.535,-8.065,715.041,8.055,4.375,0.796,0
-115.034,-8.061,713.824,5.378,3.279,0.950,1
-111.820,-8.060,713.988,11.367,7.835,0.958,1
-103.711,-8.057,714.869,7.942,6.189,0.943,0
-96.654,-8.053,712.148,4.931,2.594,0.827,1
-86.510,-8.048,714.771,10.427,6.524,0.848,1
-83.606,-8.047,710.012,11.810,9.305,0.886,0
-72.458,-8.046,710.099,11.346,7.074,0.902,1
-70.084,-8.045,709.342,6.416,4.211,0.741,1
-58.944,-8.042,712.190,7.010,4.599,0.770,1
-54.685,-8.040,712.287,6.406,4.112,0.994,1
-48.081,-8.036,710.850,13.244,7.731,0.903,1
-38.175,-8.031,708.298,10.579,7.797,0.994,0
-34.873,-8.031,710.252,12.582,8.038,0.993,1
-25.400,-8.028,710.191,8.455,5.489,0.925,0
-18.849,-8.025,708.792,12.947,9.292,0.978,0
-12.308,-8.022,708.270,6.677,4.275,0.741,1
-5.281,-8.019,706.076,11.068,6.316,0.859,1
3.537,-8.016,706.157,4.591,2.393,0.930,0
6.666,-8.015,709.469,11.538,9.177,0.949,1
14.392,-8.010,705.096,5.081,2.732,0.980,0
24.856,-6.802,707.500,13.458,10.768,0.829,1
29.351,-6.008,703.175,6.855,4.068,0.840,0
38.162,-4.839,706.572,10.396,5.959,0.769,1
43.039,-4.840,703.635,8.846,5.207,0.919,1
47.845,-4.841,702.481,5.490,3.768,0.862,0
57.308,-4.846,703.117,5.132,3.245,0.886,0
62.301,-4.847,701.910,10.561,6.779,0.886,0
71.509,-4.850,701.465,12.433,9.380,0.818,1
78.645,-4.856,704.495,10.846,7.816,0.970,1
83.268,-4.859,705.085,10.708,8.509,0.938,1
92.857,-4.861,699.666,11.729,8.085,0.929,1
101.568,-4.865,699.027,11.900,6.622,0.921,0
104.139,-4.869,702.716,11.460,6.519,0.863,0
113.305,-4.875,700.814,10.849,7.885,0.783,1
127.349,-4.888,698.306,12.831,10.117,0.953,1
132.877,-4.897,699.212,9.970,5.952,0.920,0
141.842,-4.913,700.988,4.545,3.439,0.979,0
149.949,-4.928,700.007,5.545,3.568,0.789,1
157.537,-4.942,698.090,5.482,3.790,0.953,1
161.409,-4.952,698.211,5.968,3.876,0.771,0
169.894,-4.981,698.613,6.343,4.819,0.860,1
176.529,-5.003,698.526,13.403,8.760,0.748,0
183.464,-5.024,694.698,8.854,6.211,0.995,1
187.746,-5.044,694.274,10.671,8.357,0.879,1
198.574,-5.105,696.949,7.505,5.643,0.827,1
465.215,-7.555,678.166,7.955,5.306,0.766,1
472.466,-7.557,681.135,12.575,6.930,0.955,1
474.253,-7.541,679.897,11.126,5.960,0.791,1
485.215,-7.503,678.741,9.857,7.065,0.997,1
488.802,-7.521,681.941,6.560,4.363,0.876,0
499.009,-7.465,678.949,9.694,7.328,0.750,1
503.565,-7.438,677.418,7.833,4.247,0.898,0
509.490,-7.423,677.917,11.523,7.085,0.885,1
534.841,-7.369,678.007,10.512,7.423,0.808,0
539.001,-7.379,679.047,5.932,3.557,0.771,0
546.488,-7.332,673.753,6.524,4.532,0.829,1
551.139,-7.339,676.058,8.538,4.868,0.992,1
569.106,-7.274,674.210,10.035,8.128,0.838,1
576.088,-7.265,673.002,8.898,7.284,0.852,0
581.957,-7.276,676.138,11.026,6.908,0.732,0
587.284,-7.237,672.396,11.922,9.122,0.779,1
595.543,-7.249,674.502,12.901,8.405,0.783,1
603.583,-7.254,675.543,8.985,6.150,0.958,1
611.384,-7.210,672.489,4.730,2.516,0.772,0
614.011,-6.991,673.966,4.844,3.442,0.830,1
625.718,-5.850,671.814,5.846,3.424,0.943,1
630.520,-5.876,672.031,9.515,5.681,0.885,0
635.506,-5.776,671.108,11.760,6.686,0.754,1
643.261,-5.611,669.592,11.498,6.071,0.807,1
649.264,-5.204,668.566,11.723,8.996,0.980,0
658.998,-5.224,670.302,7.465,4.012,0.778,1
663.517,-5.232,670.577,11.543,8.014,0.742,0
673.823,-5.246,669.738,8.765,5.298,0.740,0
681.029,-5.258,665.893,6.231,4.178,0.958,1
693.167,-5.269,667.125,9.461,5.186,0.967,1
698.233,-5.274,665.371,5.837,3.702,0.819,0
707.346,-5.278,668.615,7.950,5.224,0.909,1
714.673,-5.285,664.560,11.500,7.486,0.994,1
728.703,-5.290,664.975,7.649,6.116,0.979,1
736.159,-5.290,665.521,7.832,4.944,0.977,1
-181.293,-8.077,713.222,6.411,4.053,0.874,1
-175.074,-8.077,712.914,5.896,4.016,0.754,0
-164.555,-8.077,711.385,12.155,7.420,0.865,0
-157.487,-8.075,709.309,13.059,7.426,0.907,0
-152.157,-8.072,707.266,6.225,4.263,0.899,0
-138.434,-8.068,709.002,9.116,7.181,0.918,0
-130.529,-8.068,708.915,9.945,6.812,0.936,1
-124.180,-8.066,705.913,8.696,5.938,0.886,1
-119.236,-8.064,704.881,9.965,5.853,0.928,0
-107.777,-8.059,706.553,13.280,7.168,0.797,1
-94.083,-8.052,704.011,7.141,5.620,0.838,1
-92.091,-8.051,708.147,10.096,7.693,0.746,1
-83.700,-8.047,704.809,7.071,4.651,0.737,0
-74.780,-8.043,701.889,10.528,8.029,0.956,0
-68.678,-8.042,704.035,9.942,5.612,0.884,0
-55.597,-8.038,703.511,9.800,5.696,0.809,1
-49.368,-8.035,703.578,10.598,7.213,0.870,1
-40.616,-8.030,702.163,7.083,5.418,0.824,0
-35.999,-8.028,701.935,9.308,6.246,0.824,1
-25.762,-8.025,701.749,9.298,5.042,0.935,0
-16.863,-8.022,703.125,8.674,6.250,0.847,1
-3.332,-8.015,697.630,5.390,3.742,0.859,1
3.935,-8.014,702.207,6.660,5.296,0.864,1
9.274,-8.009,697.217,9.206,7.307,0.962,1
14.981,-8.007,697.942,9.224,5.935,0.939,0
20.173,-7.999,696.772,10.585,5.842,0.845,0
29.343,-6.429,699.575,5.195,2.720,0.811,0
38.876,-4.942,698.503,5.074,3.645,0.801,0
50.156,-4.838,696.858,8.893,5.266,0.979,0
55.303,-4.839,695.951,11.701,6.769,0.786,0
66.077,-4.846,698.905,6.262,4.427,0.840,1
73.413,-4.846,695.745,8.960,5.578,0.832,1
79.580,-4.849,695.663,8.320,6.336,0.776,1
85.194,-4.851,694.749,6.878,4.399,0.823,0
90.951,-4.853,692.848,11.430,6.655,0.773,1
99.563,-4.859,692.953,5.406,3.950,0.870,0
115.343,-4.870,693.453,8.270,4.781,0.822,1
119.645,-4.877,696.041,7.198,4.720,0.830,0
125.701,-4.883,695.570,9.845,7.071,0.939,0
132.135,-4.891,694.326,5.939,4.369,0.863,1
138.811,-4.897,691.530,8.770,5.533,0.758,1
150.137,-4.918,693.235,5.514,3.789,0.840,1
160.051,-4.937,691.612,12.386,8.821,0.995,0
168.349,-4.962,690.847,11.384,7.031,0.974,1
175.775,-4.982,688.321,7.084,4.512,0.943,0
180.752,-5.005,691.298,7.766,5.974,0.743,1
187.828,-5.037,690.346,11.046,7.199,0.799,1
461.253,-7.550,675.835,5.865,4.316,0.846,0
467.392,-7.529,676.025,10.520,7.054,0.858,1
478.999,-7.472,673.261,7.071,4.292,0.784,0
484.560,-7.454,672.878,11.695,6.705,0.895,0
489.790,-7.422,670.638,10.991,8.850,0.921,1
500.011,-7.383,669.149,5.470,4.413,0.774,1
509.899,-7.364,670.662,10.190,7.761,0.964,1
525.759,-7.307,669.270,6.657,4.544,0.951,0
533.657,-7.312,671.303,12.970,8.889,0.937,0
542.033,-7.296,669.632,6.100,3.784,0.741,0
548.084,-7.296,669.608,9.688,6.658,0.838,0
553.735,-7.266,666.273,9.985,5.799,0.962,0
559.085,-7.271,668.205,9.595,5.388,0.774,1
568.146,-7.249,668.868,10.547,8.180,0.802,0
573.551,-7.245,670.161,11.496,8.422,0.775,0
580.133,-7.210,666.576,13.358,8.614,0.791,1
587.221,-7.190,665.942,7.637,6.051,0.796,0
597.695,-7.180,666.489,6.263,4.901,0.789,1
599.862,-7.170,664.847,10.848,6.084,0.996,1
611.412,-7.163,663.520,8.945,6.516,0.980,0
618.663,-6.436,664.901,11.003,8.815,0.822,1
624.199,-5.821,663.720,12.997,6.836,0.754,1
630.780,-5.177,664.221,12.003,9.653,0.894,1
639.354,-5.190,661.917,7.020,4.160,0.963,1
646.018,-5.199,663.587,6.419,3.950,0.923,0
653.807,-5.213,665.818,12.940,10.128,0.958,1
655.681,-5.218,662.619,5.544,4.372,0.959,1
664.316,-5.236,663.985,11.227,6.914,0.937,1
673.280,-5.248,663.182,10.756,7.139,0.975,0
677.531,-5.254,662.011,10.821,6.846,0.842,0
690.716,-5.268,659.620,12.116,7.355,0.870,1
699.480,-5.275,663.309,8.926,5.327,0.782,1
712.700,-5.284,658.570,6.684,4.271,0.983,0
723.220,-5.291,661.421,8.223,5.558,0.847,0
729.948,-5.292,660.872,10.582,7.273,0.987,1
734.404,-5.295,657.012,7.635,5.031,0.946,1
-183.448,-8.078,702.933,10.447,7.522,0.941,1
-176.110,-8.077,705.821,6.781,4.680,0.894,1
-164.830,-8.077,701.978,6.619,4.371,0.989,0
-153.173,-8.073,699.760,11.556,6.730,0.838,0
-143.891,-8.068,698.963,5.727,3.345,0.895,0
-140.150,-8.068,701.773,4.916,3.798,0.899,1
-133.880,-8.068,699.620,6.096,3.401,0.903,0
-122.936,-8.066,700.034,9.293,7.494,0.910,1
-116.216,-8.063,701.578,12.191,8.653,0.897,1
-110.287,-8.060,697.068,10.336,8.458,0.972,0
-106.212,-8.058,700.722,10.429,5.554,0.950,1
-98.845,-8.054,697.654,5.236,3.918,0.765,1
-90.496,-8.050,698.251,6.833,5.492,0.908,1
-84.497,-8.048,699.752,6.386,3.333,0.932,0
-74.393,-8.043,697.266,5.685,4.225,0.899,0
-70.129,-8.041,697.476,12.715,9.857,0.970,0
-62.259,-8.038,694.373,12.347,8.240,0.825,1
-55.580,-8.036,694.970,4.936,2.918,0.862,0
-50.553,-8.034,696.005,4.819,2.603,0.944,1
-36.738,-8.027,695.299,5.500,2.972,0.927,1
-29.395,-8.023,693.370,11.079,6.644,0.843,1
-19.939,-8.020,694.946,7.855,5.925,0.768,1
-12.915,-8.017,695.995,6.705,5.369,0.845,0
-4.367,-8.014,695.729,7.182,5.559,0.952,0
3.770,-8.011,695.240,7.588,3.993,0.742,0
7.665,-8.007,692.104,11.527,6.328,0.760,0
15.846,-8.003,692.293,8.075,6.471,0.964,0
21.170,-7.995,692.907,5.687,3.478,0.857,1
29.790,-7.881,690.750,8.268,5.778,0.860,0
34.797,-6.583,693.149,11.340,6.226,0.765,1
42.836,-5.851,689.291,12.052,7.399,0.826,1
50.433,-4.834,691.977,12.682,10.231,0.823,0
58.349,-4.837,691.287,10.939,7.572,0.903,0
66.438,-4.837,688.312,9.004,6.381,0.998,1
69.771,-4.837,686.557,12.070,8.945,0.856,0
78.232,-4.843,689.343,13.431,7.434,0.784,1
84.358,-4.845,688.264,10.263,5.759,0.973,0
93.932,-4.849,686.116,9.206,6.137,0.797,0
96.440,-4.854,689.992,10.657,6.703,0.927,1
104.300,-4.858,688.641,6.471,5.068,0.939,1
114.578,-4.862,684.385,8.660,5.649,0.922,0
117.776,-4.865,684.574,8.927,4.890,0.959,1
124.808,-4.871,685.632,6.733,3.942,0.816,0
132.432,-4.879,683.174,11.236,7.423,0.955,1
139.410,-4.891,685.652,6.837,3.817,0.824,1
149.966,-4.909,685.729,4.929,3.361,0.994,0
153.269,-4.913,684.659,6.936,5.445,0.949,1
169.544,-4.953,683.868,9.493,7.683,0.842,0
440.446,-5.669,666.421,9.401,5.083,0.965,1
461.580,-7.476,667.261,8.792,6.067,0.870,0
469.641,-7.430,665.238,7.026,4.366,0.902,0
474.809,-7.409,664.733,11.425,6.206,0.858,1
484.146,-7.404,666.828,9.296,5.332,0.734,0
492.440,-7.380,666.590,9.641,5.081,0.784,1
504.742,-7.314,662.926,8.865,6.309,0.869,0
510.066,-7.314,664.688,11.392,8.780,0.953,0
515.691,-7.277,662.785,10.732,6.066,0.768,0
524.441,-7.259,663.490,10.527,6.963,0.987,0
531.038,-7.250,663.486,13.359,7.063,0.805,1
537.917,-7.257,664.984,4.781,3.635,0.738,1
547.331,-7.213,660.916,5.090,3.328,0.860,1
551.881,-7.212,660.808,5.776,4.067,0.989,1
558.813,-7.206,660.187,6.010,4.134,0.775,0
569.881,-7.207,662.660,11.760,8.057,0.931,0
574.551,-7.169,659.062,7.649,4.227,0.933,0
582.476,-7.169,659.786,4.727,3.130,0.790,1
589.326,-7.160,660.802,8.241,5.066,0.971,0
594.016,-7.132,657.207,6.670,5.197,0.790,0
602.271,-7.151,661.041,12.562,9.305,0.913,0
611.402,-7.150,660.946,9.043,5.267,0.892,0
614.171,-6.917,660.332,5.274,4.235,0.998,1
625.092,-5.721,660.262,6.609,5.123,0.955,1
631.842,-5.179,655.576,6.705,4.555,0.972,1
636.501,-5.186,657.853,11.143,7.624,0.815,0
642.615,-5.195,659.324,5.469,3.325,0.851,1
652.254,-5.212,655.018,12.783,7.525,0.860,0
655.455,-5.220,654.013,12.470,9.636,0.846,1
663.382,-5.237,654.599,10.593,7.748,0.809,0
673.572,-5.249,657.780,8.063,5.827,0.851,0
676.087,-5.252,655.018,9.511,6.044,0.750,1
683.468,-5.261,651.944,7.222,4.650,0.881,1
692.847,-5.269,654.136,10.845,8.524,0.936,0
698.998,-5.274,652.761,9.796,5.550,0.850,0
707.840,-5.281,651.384,9.478,5.025,0.745,1
713.126,-5.285,652.612,8.617,5.404,0.986,1
721.899,-5.291,649.869,7.127,5.275,0.841,1
727.995,-5.294,651.990,11.603,8.419,0.896,0
-183.351,-8.082,695.378,11.257,6.688,0.863,0
-171.533,-8.077,694.061,5.303,4.238,0.872,0
-167.103,-8.077,693.963,4.771,3.725,0.834,0
-160.684,-8.076,695.431,10.202,7.856,0.855,0
-151.348,-8.072,694.349,7.126,4.870,0.953,1
-146.416,-8.069,695.105,11.746,9.342,0.877,1
-137.773,-8.068,694.000,10.672,6.292,0.815,1
-129.721,-8.068,692.533,7.333,4.496,0.767,0
-126.770,-8.068,692.996,8.219,4.341,0.977,1
-119.619,-8.065,693.799,7.976,5.827,0.780,1
-111.800,-8.061,692.493,13.065,10.093,0.822,0
-96.649,-8.053,693.660,12.383,9.763,0.934,0
-91.887,-8.051,690.366,6.535,5.011,0.858,1
-81.210,-8.046,690.101,9.103,5.137,0.906,1
-76.079,-8.044,692.600,9.490,5.430,0.787,1
-69.645,-8.041,688.488,6.860,4.390,0.776,0
-60.247,-8.037,690.104,7.746,5.421,0.952,1
-58.138,-8.037,689.185,9.811,5.207,0.955,1
-49.861,-8.033,691.670,11.957,8.089,0.905,1
-44.015,-8.029,690.392,10.986,7.518,0.896,0
-27.813,-8.021,688.885,4.613,2.693,0.738,1
-20.288,-8.017,685.513,9.151,6.330,0.852,0
-15.450,-8.016,687.783,6.794,5.097,0.978,1
-4.369,-8.010,686.343,12.231,7.150,0.988,0
-1.901,-8.010,687.969,5.610,4.583,0.968,1
8.871,-8.004,687.101,4.511,2.349,0.997,1
15.560,-8.000,685.330,8.519,6.340,0.826,0
19.699,-7.995,686.153,5.605,4.006,0.873,0
29.945,-7.970,682.604,13.474,7.298,0.868,1
36.065,-7.945,682.706,9.743,6.731,0.945,1
40.422,-6.961,685.309,11.383,9.097,0.771,1
46.855,-5.840,685.331,8.712,6.098,0.745,0
58.510,-4.829,680.792,7.568,4.737,0.898,0
62.790,-4.830,680.440,12.872,8.539,0.942,1
71.846,-4.836,684.041,6.102,4.198,0.777,1
74.999,-4.837,683.328,10.965,6.942,0.827,0
85.179,-4.839,680.036,8.748,5.739,0.896,0
93.555,-4.845,681.514,6.448,3.690,0.854,0
97.641,-4.848,682.085,8.574,5.410,0.762,1
102.660,-4.850,680.124,4.862,3.815,0.955,0
112.952,-4.855,679.014,13.285,7.964,0.780,0
117.396,-4.859,679.702,4.722,2.693,0.821,0
132.590,-4.871,677.490,10.807,5.643,0.871,1
137.615,-4.881,679.882,10.209,5.898,0.795,1
147.587,-4.891,676.269,6.899,5.141,0.897,1
159.512,-4.911,675.633,8.352,4.850,0.941,1
323.273,-3.638,666.797,6.730,3.596,0.758,0
338.020,-4.289,666.851,10.741,8.154,0.963,0
340.943,-4.266,668.494,7.590,4.638,0.891,0
354.802,-4.846,667.146,5.393,3.689,0.788,1
450.087,-6.124,658.638,8.335,4.821,0.782,1
455.027,-6.559,658.928,6.726,3.740,0.779,0
460.566,-6.991,657.793,10.585,6.159,0.859,0
470.852,-7.317,656.882,7.176,4.141,0.966,0
476.049,-7.348,659.926,5.098,3.024,0.976,1
489.867,-7.314,659.646,7.895,5.310,0.836,1
494.759,-7.264,655.489,9.680,7.672,0.843,1
503.212,-7.294,660.465,4.653,3.671,0.827,1
507.981,-7.261,658.447,4.609,2.936,0.797,1
519.857,-7.219,658.034,12.580,8.269,0.789,1
527.102,-7.201,657.849,8.025,5.566,0.749,1
539.275,-7.136,653.085,10.644,6.295,0.878,1
545.839,-7.180,657.551,9.075,7.358,0.848,1
550.604,-7.175,657.008,7.211,5.280,0.981,0
559.436,-7.166,656.182,8.678,6.531,0.736,0
565.655,-7.158,655.338,11.632,8.752,0.966,1
573.226,-7.135,653.844,10.241,7.552,0.735,1
579.817,-7.124,653.391,13.053,9.895,0.994,1
587.303,-7.133,654.609,9.042,6.364,0.765,1
595.871,-7.097,650.343,8.666,5.869,0.931,1
603.213,-7.101,651.254,6.252,4.305,0.997,0
609.498,-7.107,652.399,13.344,10.584,0.844,1
616.772,-6.603,652.705,13.334,7.109,0.828,0
620.289,-6.228,652.357,5.956,4.433,0.781,0
630.157,-5.176,651.714,6.305,3.799,0.781,0
638.340,-5.189,647.572,6.584,5.375,0.889,0
645.437,-5.200,651.564,10.820,7.918,0.757,1
651.144,-5.211,648.162,8.822,5.596,0.814,0
656.749,-5.223,649.395,11.830,9.002,0.732,1
662.139,-5.235,648.751,10.218,6.025,0.873,0
670.252,-5.248,646.777,5.005,3.765,0.760,1
676.176,-5.254,646.399,4.873,2.664,0.900,0
685.793,-5.263,646.259,12.548,9.830,0.957,1
692.393,-5.269,645.722,6.163,4.280,0.922,0
700.250,-5.276,645.181,8.765,6.050,0.783,1
708.801,-5.282,644.743,9.960,5.775,0.854,1
714.252,-5.286,645.321,10.927,6.921,0.754,0
722.144,-5.291,647.743,7.686,5.590,0.829,0
724.802,-5.293,646.072,6.235,3.994,0.869,1
731.719,-5.297,645.344,9.194,5.982,0.904,0
-181.309,-8.083,691.053,11.401,6.965,0.993,0
-167.551,-8.078,687.521,9.192,7.445,0.786,1
-157.996,-8.075,689.480,5.106,2.768,0.864,0
-154.076,-8.073,689.287,6.882,4.872,0.797,1
-148.136,-8.070,685.558,4.513,3.087,0.903,0
-137.444,-8.068,689.488,9.633,7.354,0.904,1
-132.558,-8.068,687.049,7.730,5.670,0.766,0
-126.437,-8.068,689.142,8.648,6.371,0.816,1
-121.357,-8.066,684.102,10.729,6.454,0.872,1
-109.666,-8.060,687.231,8.276,5.708,0.827,1
-106.394,-8.058,684.312,6.862,5.322,0.919,0
-95.871,-8.053,685.978,12.735,7.061,0.964,0
-88.860,-8.049,682.035,11.917,7.353,0.838,0
-85.547,-8.047,681.689,9.356,5.195,0.997,0
-71.838,-8.041,681.721,5.651,3.518,0.870,1
-60.750,-8.037,681.977,6.527,4.553,0.843,0
-57.762,-8.036,681.585,13.392,8.104,0.994,0
-50.391,-8.031,679.490,4.560,3.388,0.897,0
-40.569,-8.025,680.332,9.490,7.556,0.991,0
-35.705,-8.022,681.763,9.151,5.792,0.822,0
-26.836,-8.017,678.305,9.992,6.703,0.757,1
-21.128,-8.015,679.621,13.320,8.369,0.823,0
-11.984,-8.011,681.539,9.886,7.804,0.858,1
-4.496,-8.007,680.876,10.541,6.911,0.732,0
-1.274,-8.005,678.932,12.668,9.009,0.903,0
4.409,-7.995,678.076,6.661,4.498,0.822,1
11.676,-7.989,678.328,9.539,6.742,0.964,0
19.350,-7.983,677.162,8.804,6.866,0.951,0
32.678,-7.963,679.635,6.330,3.440,0.787,1
43.236,-6.695,675.620,11.631,7.962,0.926,1
48.486,-5.784,678.501,12.069,8.844,0.756,1
57.982,-4.827,677.920,4.996,3.936,0.879,1
64.426,-4.826,673.738,7.583,5.592,0.854,1
69.495,-4.828,673.711,13.425,8.298,0.866,0
79.344,-4.833,674.708,10.361,8.321,0.881,1
93.521,-4.838,672.024,6.492,5.226,0.801,1
96.149,-4.841,672.866,13.077,10.247,0.897,1
106.829,-4.849,674.455,13.103,8.222,0.942,0
111.248,-4.850,672.369,12.680,9.040,0.885,1
121.280,-4.852,669.566,4.855,3.783,0.944,1
132.757,-4.865,671.596,11.759,8.473,0.962,0
137.211,-4.867,669.296,11.952,8.641,0.836,1
146.274,-4.884,672.741,9.837,5.825,0.879,1
152.731,-4.890,669.497,6.626,4.768,0.814,0
158.041,-4.897,668.414,12.167,8.653,0.784,1
319.481,-4.132,658.758,10.115,6.591,0.733,0
331.070,-4.472,660.855,10.825,8.608,0.969,0
335.418,-4.796,659.385,9.128,6.485,0.889,1
341.466,-5.190,658.515,12.004,7.265,0.862,0
350.373,-5.538,658.830,13.041,8.759,0.842,1
357.396,-5.647,659.869,9.691,6.977,0.964,0
364.937,-6.046,657.398,11.636,6.815,0.749,0
372.121,-5.836,659.891,11.165,5.951,0.926,0
375.682,-6.079,657.329,5.891,3.992,0.966,1
386.332,-6.004,656.679,8.206,5.431,0.857,0
455.732,-6.386,652.825,8.608,5.835,0.915,0
460.437,-6.840,654.075,5.765,3.230,0.932,1
466.050,-7.211,650.556,8.326,4.640,0.877,0
477.057,-7.270,654.065,9.688,7.238,0.869,0
483.501,-7.199,649.469,13.053,7.128,0.908,1
491.256,-7.244,653.825,12.022,9.147,0.848,1
495.683,-7.242,653.706,8.272,4.675,0.820,1
501.164,-7.229,653.165,12.258,9.454,0.846,0
509.929,-7.173,650.052,11.418,6.520,0.985,0
516.747,-7.143,649.083,4.925,2.694,0.938,1
526.010,-7.097,646.694,7.392,4.085,0.949,1
538.951,-7.111,650.440,10.244,7.900,0.763,0
543.927,-7.104,649.898,7.945,5.362,0.876,1
552.975,-7.084,647.904,13.031,8.296,0.766,0
556.743,-7.079,647.295,6.795,3.732,0.990,0
567.448,-7.071,646.363,7.311,4.889,0.974,1
580.594,-7.070,646.151,11.681,9.092,0.841,0
586.195,-7.071,646.315,10.697,7.540,0.801,1
595.348,-6.909,643.130,9.415,6.645,0.744,1
602.601,-6.971,646.950,9.186,6.450,0.952,1
615.989,-6.662,645.166,7.860,6.122,0.981,0
620.549,-6.178,645.987,12.903,9.253,0.874,0
626.986,-5.496,644.458,9.692,6.727,0.859,0
635.489,-5.186,645.448,12.011,7.560,0.962,1
641.680,-5.198,642.342,7.210,5.489,0.858,1
648.746,-5.210,641.496,12.356,10.079,0.912,1
656.972,-5.224,643.566,5.245,3.716,0.835,1
662.560,-5.236,640.156,8.459,4.803,0.821,1
669.778,-5.248,643.908,8.980,4.859,0.858,0
678.543,-5.257,643.542,12.176,6.542,0.976,0
685.945,-5.264,637.786,9.853,7.492,0.803,0
694.259,-5.271,641.982,11.132,7.354,0.965,1
700.842,-5.276,640.366,10.307,5.789,0.937,1
706.760,-5.280,638.778,12.736,7.386,0.838,0
711.271,-5.284,637.112,9.633,6.397,0.883,0
721.623,-5.291,636.679,7.719,4.170,0.831,1
729.118,-5.295,636.268,9.916,6.960,0.984,0
734.742,-5.298,636.038,12.770,7.188,0.950,1
-181.732,-8.086,683.100,6.832,5.134,0.905,1
-173.916,-8.083,682.601,5.549,3.538,0.977,0
-169.633,-8.082,680.424,9.328,4.986,0.801,1
-160.004,-8.077,681.948,12.938,9.678,0.892,0
-154.888,-8.074,682.225,12.881,10.408,0.971,0
-149.413,-8.072,680.934,6.092,4.969,0.937,1
-141.468,-8.070,678.090,9.177,6.119,0.886,0
-130.983,-8.068,679.143,5.481,3.222,0.866,0
-128.754,-8.068,680.199,4.603,2.460,0.896,1
-121.034,-8.066,681.707,8.390,4.416,0.742,1
-113.338,-8.062,676.971,5.064,3.390,0.900,1
-105.155,-8.058,677.441,6.936,3.650,0.745,1
-97.061,-8.054,677.475,11.103,7.063,0.958,1
-93.651,-8.052,674.727,12.936,7.316,0.738,1
-82.153,-8.044,677.349,8.712,5.928,0.836,0
-75.432,-8.041,678.193,11.051,8.645,0.854,0
-68.916,-8.037,673.835,4.749,3.266,0.972,1
-63.204,-8.036,676.543,10.206,5.922,0.755,1
-54.422,-8.032,676.992,7.621,5.336,0.801,0
-50.735,-8.030,676.019,8.874,6.380,0.966,0
-43.157,-8.024,673.092,9.118,5.797,0.877,1
-37.487,-8.021,674.741,9.838,5.511,0.922,1
-30.729,-8.017,674.558,7.505,4.581,0.828,0
-18.594,-8.010,670.885,6.963,4.028,0.964,0
-13.988,-8.007,670.528,12.559,6.613,0.874,1
-6.841,-8.003,671.499,11.831,8.092,0.969,0
1.318,-7.998,673.713,8.699,5.966,0.807,1
9.030,-7.980,669.053,7.756,5.220,0.975,1
15.641,-7.971,670.607,6.219,4.498,0.946,0
20.652,-7.971,671.763,5.507,3.158,0.790,1
28.704,-7.962,669.371,11.294,7.493,0.807,1
35.773,-7.953,669.450,10.281,7.141,0.828,0
44.314,-6.506,670.301,9.108,6.439,0.944,0
46.106,-6.193,667.440,12.318,6.724,0.781,1
57.715,-4.823,671.413,7.875,4.241,0.921,1
61.210,-4.822,667.978,4.787,3.386,0.762,1
72.409,-4.826,668.468,5.362,3.493,0.969,0
79.379,-4.830,669.578,9.490,6.158,0.926,0
85.315,-4.829,665.138,8.029,4.402,0.985,0
90.991,-4.834,667.303,9.181,6.575,0.834,0
98.863,-4.836,664.196,13.488,9.736,0.888,1
104.402,-4.843,668.659,10.331,6.312,0.937,0
113.650,-4.845,664.322,10.190,8.296,0.897,1
119.786,-4.848,664.166,9.276,5.310,0.809,1
128.272,-4.855,666.149,11.557,7.747,0.947,1
131.159,-4.858,666.891,11.313,6.372,0.880,1
141.412,-4.869,666.347,11.616,6.662,0.997,0
147.606,-4.874,664.125,10.563,7.926,0.808,1
151.723,-4.877,661.684,8.676,5.273,0.904,1
300.734,-3.837,652.428,5.646,4.443,0.917,1
315.532,-4.200,655.880,10.576,6.366,0.737,1
318.986,-4.468,654.491,7.737,5.781,0.963,1
329.602,-4.810,655.936,5.643,4.491,0.936,0
334.572,-5.356,652.068,8.068,6.259,0.880,1
340.440,-5.829,650.613,13.288,9.777,0.738,1
351.828,-6.155,653.335,8.821,4.699,0.781,1
354.570,-6.102,654.782,12.230,6.812,0.767,1
365.004,-6.527,652.710,11.988,6.307,0.747,1
370.151,-6.781,650.384,8.287,5.476,0.768,0
377.286,-6.640,651.344,4.842,3.726,0.954,0
385.540,-6.620,649.937,12.394,8.574,0.879,1
399.356,-5.829,650.165,4.876,2.747,0.919,0
458.493,-6.425,646.659,12.452,7.830,0.794,1
469.863,-7.118,642.945,5.418,2.844,0.889,1
475.225,-7.184,647.542,5.125,3.822,0.924,1
479.897,-7.175,647.331,12.682,9.641,0.781,1
488.602,-7.101,643.048,6.248,4.776,0.829,0
496.496,-7.076,641.444,6.783,3.925,0.860,1
510.953,-7.085,642.371,12.805,8.267,0.881,0
518.202,-7.099,645.489,12.968,8.051,0.774,0
524.369,-7.083,645.000,8.191,4.769,0.914,0
529.288,-7.064,643.764,12.565,7.015,0.942,0
538.261,-7.042,643.171,11.408,8.506,0.830,1
542.860,-7.022,641.209,4.827,2.801,0.965,1
553.580,-7.040,642.988,7.133,5.425,0.937,0
556.879,-7.024,641.226,5.712,4.084,0.745,1
565.323,-6.998,638.075,7.119,5.354,0.984,1
574.499,-7.025,641.067,9.755,7.389,0.941,1
579.768,-6.999,637.876,4.561,3.483,0.841,1
584.677,-7.025,640.741,7.435,3.903,0.764,1
595.519,-6.831,635.668,5.421,3.334,0.924,0
601.760,-6.232,639.198,8.347,6.662,0.822,1
609.836,-6.012,638.141,4.593,3.748,0.805,0
615.438,-5.844,636.510,12.039,8.580,0.753,1
630.046,-5.176,634.701,13.032,7.754,0.876,1
635.695,-5.188,638.605,12.083,7.942,0.900,0
644.977,-5.206,638.034,6.643,5.030,0.972,1
646.939,-5.212,633.575,6.364,3.980,0.866,1
657.598,-5.228,634.175,13.479,10.562,0.941,0
661.440,-5.234,634.138,10.071,7.860,0.791,0
672.980,-5.251,633.628,6.087,3.191,0.878,0
677.969,-5.256,632.792,12.420,8.426,0.905,0
687.102,-5.265,630.646,12.587,6.679,0.789,0
691.286,-5.268,634.052,9.712,7.521,0.975,0
698.486,-5.274,633.403,12.803,9.223,0.941,1
704.163,-5.279,629.575,7.533,6.079,0.814,1
715.208,-5.287,632.785,7.655,4.282,0.985,1
720.389,-5.290,632.416,11.994,6.273,0.929,1
725.073,-5.293,628.583,5.995,4.269,0.778,1
-180.130,-8.086,677.187,4.628,2.871,0.765,0
-173.463,-8.085,673.160,10.000,8.194,0.840,0
-165.864,-8.083,673.266,12.364,9.176,0.919,0
-159.984,-8.080,673.589,7.560,4.875,0.740,1
-153.923,-8.078,673.628,8.602,6.235,0.806,0
-150.039,-8.075,676.217,12.659,10.186,0.825,1
-138.887,-8.071,673.496,13.251,10.430,0.961,0
-134.017,-8.068,674.540,5.570,3.313,0.996,1
-117.020,-8.064,674.104,6.770,4.091,0.934,1
-113.413,-8.062,673.700,13.123,9.525,0.751,0
-103.828,-8.057,671.917,13.346,7.727,0.996,1
-98.274,-8.054,672.530,6.391,4.021,0.869,1
-91.836,-8.051,671.535,8.528,5.256,0.967,0
-82.401,-8.044,672.426,8.950,6.441,0.921,0
-76.138,-8.038,668.488,10.773,5.956,0.810,1
-68.205,-8.036,671.135,7.790,5.789,0.816,1
-61.379,-8.031,667.069,12.754,7.556,0.951,0
-54.780,-8.029,667.399,7.787,4.515,0.994,0
-50.534,-8.027,670.544,9.278,5.600,0.922,0
-42.666,-8.021,666.269,6.788,3.974,0.733,0
-37.441,-8.018,667.963,9.697,6.663,0.891,0
-30.064,-8.013,665.534,8.317,6.539,0.940,0
-24.246,-8.011,667.805,12.690,7.810,0.836,0
-17.084,-8.006,665.361,8.684,6.103,0.900,1
-10.215,-8.002,665.492,4.712,3.594,0.824,0
-1.908,-7.997,665.689,10.282,6.523,0.996,1
5.139,-7.984,662.556,8.022,6.420,0.955,1
13.179,-7.970,666.223,12.599,8.886,0.984,1
21.723,-7.958,665.368,13.029,10.559,0.876,1
25.432,-7.957,661.415,5.207,3.376,0.802,0
36.202,-7.917,662.882,12.930,8.295,0.877,0
42.440,-6.828,661.498,10.576,8.030,0.980,0
47.557,-5.939,663.504,6.219,3.997,0.884,0
53.399,-4.921,661.172,8.219,5.370,0.957,1
59.371,-4.817,660.660,9.059,6.246,0.929,0
74.626,-4.822,661.537,4.657,3.147,0.741,1
81.311,-4.824,659.909,11.938,8.342,0.805,0
87.425,-4.826,659.123,10.502,8.199,0.885,0
99.678,-4.831,658.385,11.006,5.795,0.935,1
112.510,-4.841,660.252,13.307,6.973,0.794,0
118.997,-4.841,657.673,6.683,5.132,0.788,1
124.617,-4.845,658.514,8.891,6.939,0.871,0
133.609,-4.851,657.587,6.766,4.921,0.918,1
139.158,-4.858,658.538,12.943,8.398,0.905,1
145.394,-4.865,659.093,4.546,2.993,0.918,1
294.877,-3.717,650.764,7.964,5.483,0.895,1
298.184,-3.952,649.715,8.233,6.492,0.927,0
309.473,-4.422,650.099,12.759,7.914,0.946,1
313.120,-4.617,649.681,9.188,5.281,0.832,1
319.082,-5.193,645.909,5.616,3.300,0.896,0
327.884,-5.630,645.422,12.002,8.304,0.882,0
333.252,-5.796,645.834,12.935,7.679,0.758,0
339.355,-5.976,644.097,8.864,5.667,0.857,1
351.427,-6.650,643.773,7.914,4.661,0.957,0
355.892,-6.892,644.270,10.527,5.836,0.921,1
362.008,-7.039,646.320,11.351,6.713,0.933,1
369.923,-7.224,645.897,12.935,7.790,0.812,1
378.928,-7.206,645.020,11.948,6.731,0.848,0
386.231,-7.095,644.035,7.588,5.583,0.932,0
393.317,-6.528,644.743,5.677,3.629,0.880,0
398.456,-6.034,643.848,5.937,4.367,0.828,1
469.842,-7.030,637.610,5.139,2.768,0.832,1
471.869,-7.054,639.067,12.396,6.621,0.888,0
481.241,-7.059,639.809,10.311,6.368,0.943,0
487.407,-7.007,636.764,12.966,10.268,0.874,0
496.420,-7.046,639.407,8.862,5.656,0.832,0
500.681,-7.003,636.555,11.783,6.234,0.933,0
506.932,-7.014,637.354,7.892,6.434,0.869,0
517.231,-6.973,634.474,5.025,3.320,0.822,0
520.769,-6.963,634.465,5.903,4.563,0.763,1
529.437,-6.978,635.803,10.379,6.037,0.941,1
537.973,-6.940,632.261,7.156,3.801,0.738,1
543.318,-6.953,633.918,12.800,6.740,0.750,0
550.424,-6.945,632.775,12.826,6.811,0.764,1
560.413,-6.976,635.871,6.181,4.378,0.795,0
567.862,-6.942,631.679,11.508,8.510,0.903,1
574.252,-6.966,634.162,8.384,5.144,0.821,0
577.304,-6.948,632.073,11.894,6.360,0.834,0
587.197,-6.859,629.279,6.016,4.311,0.758,0
595.542,-6.808,633.206,8.186,6.192,0.879,1
602.203,-6.112,629.141,7.112,4.625,0.989,0
607.230,-5.606,629.850,11.026,8.350,0.844,0
614.322,-5.213,630.741,9.708,7.537,0.931,1
622.664,-5.156,627.111,5.187,3.530,0.796,0
625.720,-5.164,628.848,9.215,6.955,0.831,1
636.713,-5.191,631.393,10.032,6.501,0.855,1
641.281,-5.201,630.323,12.279,8.893,0.753,1
650.603,-5.220,626.942,12.898,9.836,0.750,1
658.187,-5.232,627.690,12.593,9.253,0.884,1
660.518,-5.235,627.904,4.577,2.449,0.843,0
676.903,-5.256,628.037,8.670,6.487,0.775,1
686.314,-5.265,628.196,7.151,5.674,0.782,0
693.927,-5.272,626.972,12.458,8.559,0.816,0
699.257,-5.280,623.355,7.163,5.365,0.795,0
705.870,-5.283,624.241,8.169,6.476,0.964,0
712.176,-5.288,622.133,5.256,3.310,0.731,1
719.646,-5.291,627.179,5.370,3.244,0.895,1
727.645,-5.294,625.514,11.573,7.811,0.797,0
732.584,-5.297,624.482,13.478,10.748,0.826,1
-184.307,-8.087,668.985,10.689,8.278,0.752,1
-178.157,-8.086,669.065,9.655,5.706,0.955,0
-168.837,-8.085,668.100,13.278,9.418,0.984,1
-160.661,-8.082,669.571,8.483,5.847,0.913,1
-157.593,-8.082,664.981,11.727,8.234,0.736,0
-139.067,-8.075,663.821,7.165,3.896,0.744,1
-136.641,-8.073,665.207,13.428,10.555,0.848,1
-102.990,-8.056,666.574,12.377,9.294,0.900,0
-101.236,-8.055,663.725,6.258,3.506,0.928,1
-89.643,-8.048,662.667,7.558,4.912,0.983,0
-84.807,-8.045,664.998,8.126,4.496,0.753,0
-79.557,-8.040,662.039,10.978,7.543,0.863,0
-72.369,-8.034,661.716,9.310,5.903,0.950,0
-64.261,-8.028,660.696,7.094,5.729,0.831,1
-54.483,-8.026,662.363,11.808,7.366,0.941,1
-47.595,-8.022,663.465,10.428,7.127,0.988,0
-40.541,-8.017,662.652,9.696,5.739,0.825,0
-38.912,-8.014,658.083,4.977,2.770,0.906,1
-29.270,-8.010,661.399,5.871,4.306,0.892,1
-23.014,-8.006,660.902,6.396,4.691,0.812,1
-14.739,-7.998,658.357,12.017,9.347,0.757,0
-7.639,-7.990,657.316,10.971,5.770,0.890,0
-1.513,-7.991,660.915,6.518,3.641,0.851,1
7.719,-7.977,658.286,11.999,7.520,0.888,0
14.919,-7.962,656.846,9.254,4.948,0.814,1
18.601,-7.955,654.707,6.864,4.708,0.866,0
26.862,-7.956,657.188,10.727,5.603,0.825,0
41.210,-7.042,653.841,11.207,6.548,0.830,1
56.200,-4.814,656.980,6.217,5.043,0.806,1
59.726,-4.815,657.048,13.154,9.112,0.985,0
67.686,-4.813,651.542,5.772,3.604,0.793,0
76.638,-4.817,654.183,13.010,7.521,0.844,0
80.419,-4.818,653.275,11.332,6.020,0.884,1
89.063,-4.824,655.593,10.991,8.105,0.964,0
94.629,-4.823,652.203,4.564,3.619,0.805,1
102.240,-4.828,653.518,5.900,3.569,0.796,1
111.764,-4.830,649.233,11.492,8.949,0.943,1
117.996,-4.836,652.462,9.343,5.913,0.860,0
127.072,-4.838,649.114,10.111,6.373,0.966,0
137.610,-4.850,652.381,12.258,7.344,0.826,0
277.499,-3.660,643.495,10.668,7.097,0.830,1
293.934,-4.518,640.820,10.078,6.247,0.750,0
300.839,-4.739,641.807,9.694,6.422,0.745,0
313.926,-5.371,641.185,4.718,3.330,0.927,1
321.177,-5.499,641.458,11.557,6.934,0.993,0
333.364,-5.780,640.870,12.381,8.022,0.841,0
342.465,-6.064,637.277,4.996,3.855,0.799,0
349.746,-6.594,638.940,9.147,4.975,0.862,0
353.284,-6.836,635.930,13.483,7.412,0.937,1
362.239,-7.107,638.185,8.362,5.125,0.759,1
370.641,-6.800,637.636,5.899,4.740,0.808,1
378.201,-6.853,634.857,11.543,9.387,0.896,1
385.380,-6.997,636.100,5.116,3.697,0.732,1
389.189,-6.596,634.209,7.447,5.312,0.946,1
396.369,-5.842,633.107,9.268,5.238,0.857,1
464.435,-6.580,629.639,11.370,9.099,0.859,1
482.153,-6.946,632.492,10.589,7.510,0.865,1
486.705,-6.886,628.363,7.996,5.604,0.839,1
502.275,-6.886,627.998,10.530,8.518,0.810,1
511.714,-6.888,627.991,12.067,7.819,0.772,0
514.683,-6.921,630.971,9.174,6.483,0.949,0
522.654,-6.869,625.778,9.035,5.665,0.939,0
536.248,-6.913,630.018,12.045,6.436,0.749,0
545.036,-6.884,624.972,11.807,9.402,0.947,1
552.859,-6.891,625.495,5.970,3.919,0.791,0
560.477,-6.918,629.072,5.348,4.081,0.885,1
565.607,-6.901,625.994,9.439,5.527,0.926,0
571.072,-6.906,626.419,6.113,3.320,0.851,0
580.231,-6.542,626.254,9.267,5.350,0.783,0
586.666,-6.444,625.288,13.270,7.959,0.810,1
590.523,-6.234,623.248,6.639,4.440,0.882,1
599.436,-6.390,625.723,10.821,5.875,0.975,0
613.168,-5.128,621.864,6.296,4.591,0.762,0
621.633,-5.153,623.612,13.395,7.315,0.909,0
630.472,-5.177,622.828,6.752,4.790,0.766,0
635.240,-5.190,619.994,7.387,4.061,0.899,0
639.810,-5.200,623.098,6.922,5.615,0.894,0
648.842,-5.220,621.723,7.909,5.629,0.778,0
653.866,-5.225,623.579,7.229,4.981,0.916,0
663.579,-5.240,618.766,10.957,6.790,0.741,0
672.148,-5.253,622.165,9.882,6.603,0.929,0
674.607,-5.257,620.784,5.549,2.982,0.994,1
686.444,-5.271,617.204,13.429,10.818,0.817,1
692.608,-5.277,618.224,9.324,7.469,0.751,1
697.503,-5.283,616.443,10.243,7.059,0.946,0
703.808,-5.286,619.163,5.807,3.790,0.761,1
713.002,-5.290,618.402,9.050,6.638,0.807,0
721.338,-5.296,617.899,7.923,5.830,0.819,1
725.670,-5.297,615.014,9.514,6.830,0.740,0
732.618,-5.297,618.511,8.944,5.123,0.963,0
-182.953,-8.090,660.971,7.963,4.524,0.884,0
-173.798,-8.087,658.429,10.518,7.821,0.794,1
-168.982,-8.085,662.412,11.846,9.003,0.867,0
-163.747,-8.085,659.546,10.872,8.794,0.926,0
-157.710,-8.083,658.398,7.753,4.722,0.748,0
-148.849,-8.079,661.419,11.424,6.843,0.976,1
-142.780,-8.076,660.613,6.535,4.026,0.984,0
-94.032,-8.049,658.737,4.620,3.571,0.743,0
-84.786,-8.042,656.087,8.092,4.339,0.860,0
-76.836,-8.034,653.975,6.305,3.974,0.990,0
-70.106,-8.029,654.159,13.301,10.329,0.884,1
-62.766,-8.025,655.873,12.069,8.115,0.940,1
-55.574,-8.020,652.498,11.335,8.301,0.962,0
-48.344,-8.018,655.085,5.790,3.349,0.880,1
-38.886,-8.012,654.241,8.443,5.468,0.924,1
-26.688,-8.003,652.812,11.897,6.844,0.991,0
-22.243,-7.999,651.275,12.999,10.470,0.998,1
-14.426,-7.995,654.204,12.416,7.890,0.971,0
-7.407,-7.987,654.289,8.223,6.576,0.756,0
-3.260,-7.982,652.830,8.239,4.541,0.859,0
20.047,-7.953,650.075,5.525,3.552,0.829,0
25.947,-7.953,651.145,9.527,5.070,0.953,1
32.524,-7.953,649.550,8.174,4.869,0.965,0
39.810,-7.286,649.076,9.259,7.169,0.869,0
47.090,-6.015,649.279,6.390,3.447,0.978,1
52.450,-5.076,645.629,4.536,3.128,0.887,1
63.706,-4.808,645.843,7.875,4.753,0.801,1
69.801,-4.809,644.467,8.258,5.408,0.786,1
72.805,-4.812,648.280,9.558,7.410,0.958,0
84.593,-4.816,647.532,13.281,10.524,0.994,1
89.396,-4.816,646.045,10.682,6.477,0.829,1
97.256,-4.819,644.911,9.620,5.732,0.791,0
102.622,-4.821,644.922,10.037,7.355,0.736,1
111.298,-4.824,643.940,10.928,8.098,0.849,1
117.313,-4.826,642.807,7.836,4.749,0.807,1
124.323,-4.833,646.020,5.955,4.602,0.935,1
138.817,-4.840,642.615,7.930,5.829,0.880,1
273.265,-4.101,636.469,10.939,5.775,0.902,0
280.574,-4.347,636.608,7.234,5.592,0.986,0
285.651,-4.535,636.580,10.387,6.910,0.847,1
294.393,-5.074,634.510,5.689,4.392,0.902,1
300.075,-5.124,636.853,12.614,7.222,0.765,1
314.371,-5.466,630.556,13.478,8.456,0.753,1
317.613,-5.476,633.805,10.185,7.067,0.746,0
326.449,-5.567,635.458,13.171,10.263,0.953,0
332.081,-5.713,629.535,6.981,4.134,0.874,1
341.821,-5.997,629.997,11.168,9.069,0.890,0
347.929,-6.435,631.913,9.528,6.124,0.882,1
354.598,-6.842,629.057,5.188,4.188,0.953,0
360.116,-7.284,630.517,13.339,8.589,0.832,0
371.743,-6.824,630.570,5.556,3.808,0.943,1
376.349,-6.639,630.797,9.955,6.575,0.993,0
383.428,-6.646,630.090,8.595,5.148,0.869,0
388.006,-6.400,630.969,7.051,5.164,0.966,1
395.506,-5.508,626.220,9.545,5.578,0.812,1
401.098,-5.165,628.515,12.223,9.198,0.912,0
466.160,-6.681,624.268,13.043,9.118,0.862,0
475.641,-6.821,623.570,11.059,8.386,0.961,1
483.138,-6.852,625.918,6.585,4.236,0.825,1
503.206,-6.831,622.070,8.017,5.191,0.794,1
507.478,-6.861,625.168,5.702,4.556,0.909,1
513.046,-6.847,623.526,11.644,6.193,0.996,0
525.580,-6.846,623.219,12.602,8.953,0.974,1
535.836,-6.824,620.330,5.140,3.043,0.854,1
542.543,-6.831,620.079,13.293,10.494,0.961,0
549.457,-6.839,618.619,8.473,5.408,0.777,1
558.164,-6.871,622.167,11.454,7.437,0.899,0
571.675,-6.870,620.508,11.500,7.182,0.739,0
580.023,-6.456,616.701,8.908,5.917,0.814,0
583.412,-6.141,619.135,9.889,7.769,0.884,0
591.770,-5.565,616.812,11.590,7.950,0.853,1
601.189,-5.423,615.218,9.126,5.362,0.923,1
616.009,-5.135,615.032,10.540,7.415,0.952,0
618.157,-5.142,614.902,10.555,5.859,0.952,0
629.701,-5.175,614.002,5.671,3.874,0.880,0
636.137,-5.192,614.671,13.153,10.586,0.896,0
640.102,-5.202,614.331,8.005,6.043,0.963,0
646.738,-5.218,616.228,11.266,8.633,0.755,0
657.197,-5.234,611.142,10.727,5.614,0.955,0
662.256,-5.239,613.465,5.997,4.872,0.987,1
667.364,-5.246,612.056,10.461,6.093,0.919,0
674.403,-5.257,614.418,7.506,6.059,0.800,0
683.952,-5.270,614.755,11.008,7.260,0.808,0
691.039,-5.277,614.649,12.944,9.767,0.829,0
694.885,-5.283,609.679,11.775,9.348,0.862,1
704.234,-5.291,611.825,10.015,6.378,0.965,0
712.880,-5.295,611.639,4.987,3.452,0.966,0
717.942,-5.298,607.802,9.087,6.530,0.783,0
726.511,-5.299,610.317,8.338,5.175,0.741,1
731.722,-5.299,612.152,4.897,3.679,0.920,1
-185.130,-8.092,656.537,6.942,4.036,0.930,1
-171.021,-8.088,651.618,9.446,5.057,0.764,0
-160.670,-8.085,650.916,5.907,3.148,0.773,1
-154.637,-8.082,651.951,11.169,7.877,0.744,1
-146.943,-8.078,653.860,9.817,7.384,0.917,0
-144.277,-8.077,654.186,9.622,6.563,0.896,0
-79.964,-8.035,649.059,12.227,9.104,0.792,0
-71.749,-8.028,647.960,6.360,3.365,0.898,1
-63.075,-8.022,647.005,5.492,3.910,0.935,1
-56.343,-8.016,645.682,8.786,4.802,0.784,1
-50.754,-8.015,649.314,12.019,7.849,0.752,1
-44.400,-8.011,648.282,12.857,8.161,0.990,0
-36.990,-8.007,647.388,9.024,5.930,0.769,1
-30.182,-8.001,646.399,4.526,2.950,0.872,0
-21.961,-7.996,647.257,10.443,5.522,0.787,1
-16.072,-7.990,645.566,9.784,6.677,0.949,1
-9.378,-7.980,643.657,6.819,5.172,0.940,1
9.553,-7.963,642.551,11.993,6.253,0.880,0
20.583,-7.952,645.539,6.915,4.328,0.933,0
23.185,-7.953,640.666,12.740,10.124,0.820,0
30.289,-7.953,641.189,11.207,7.993,0.933,1
38.038,-7.595,641.971,4.763,3.866,0.800,0
48.513,-5.761,640.898,9.742,7.952,0.997,0
53.291,-4.926,640.405,12.641,6.737,0.768,1
61.618,-4.804,639.784,10.939,8.066,0.994,1
70.591,-4.806,639.405,7.746,5.894,0.901,0
75.192,-4.807,639.085,7.929,5.297,0.910,1
80.878,-4.809,639.734,12.852,8.007,0.806,0
86.783,-4.811,640.492,9.907,6.965,0.966,0
97.973,-4.814,639.422,6.730,4.066,0.981,0
105.538,-4.817,638.439,6.160,3.860,0.755,0
112.619,-4.818,636.788,9.444,6.252,0.751,1
115.117,-4.819,636.362,7.929,5.778,0.838,0
123.216,-4.825,638.586,6.237,4.667,0.751,0
129.615,-4.824,634.416,6.410,4.754,0.848,1
250.487,-3.912,628.536,6.076,4.379,0.841,0
259.038,-4.249,628.258,5.867,3.460,0.864,1
263.620,-4.329,629.353,12.927,7.330,0.958,1
271.978,-4.865,626.291,5.796,3.207,0.739,1
275.520,-4.911,627.367,5.639,3.330,0.826,0
283.353,-5.384,625.286,12.780,8.015,0.974,1
294.373,-5.419,626.601,10.237,6.964,0.905,0
300.273,-5.433,626.846,7.711,6.086,0.875,0
307.330,-5.446,625.240,9.524,6.031,0.866,0
309.759,-5.450,624.477,13.479,7.579,0.743,1
319.399,-5.470,624.662,11.695,9.374,0.804,0
325.287,-5.505,623.933,9.690,6.157,0.847,1
331.757,-5.677,626.702,7.538,5.766,0.749,1
339.163,-5.883,626.044,13.320,8.536,0.784,0
349.033,-6.024,622.779,8.037,5.624,0.926,1
356.343,-6.716,625.373,13.131,7.872,0.767,0
371.432,-6.758,625.514,12.155,8.577,0.800,0
374.398,-6.541,620.229,6.663,4.357,0.908,0
382.853,-6.415,624.846,9.044,4.795,0.964,1
391.040,-5.602,620.822,7.679,4.020,0.787,1
467.788,-6.691,615.083,7.008,5.393,0.784,1
474.205,-6.743,618.128,12.484,6.924,0.775,0
482.642,-6.695,614.013,8.770,7.073,0.827,0
489.678,-6.751,617.116,9.148,6.899,0.993,1
502.501,-6.782,616.818,6.504,3.622,0.916,1
510.675,-6.784,616.764,10.982,7.962,0.839,0
516.472,-6.791,617.462,9.192,6.163,0.779,0
521.351,-6.770,615.076,12.311,8.557,0.879,0
526.860,-6.779,615.804,4.522,3.432,0.739,1
538.034,-6.759,613.103,11.817,7.237,0.761,0
544.562,-6.774,613.230,6.529,5.289,0.824,0
551.663,-6.803,613.955,5.722,3.607,0.975,1
559.490,-6.823,614.708,9.354,5.244,0.895,0
566.893,-6.654,610.456,12.482,7.885,0.887,0
570.980,-6.825,613.472,6.243,3.371,0.731,0
580.433,-6.388,610.565,10.051,5.844,0.945,1
587.604,-5.689,611.852,8.361,4.664,0.951,0
592.325,-5.233,612.820,6.056,4.068,0.923,0
600.579,-5.102,612.154,9.850,7.385,0.740,1
611.909,-5.123,607.209,13.269,8.782,0.925,0
622.445,-5.154,607.108,5.144,3.382,0.960,1
625.623,-5.163,607.205,12.941,7.116,0.847,1
634.523,-5.188,609.362,6.069,4.042,0.812,1
640.681,-5.204,606.381,11.808,7.123,0.980,1
652.492,-5.230,607.854,6.682,4.861,0.775,0
660.870,-5.240,607.901,7.634,3.973,0.762,1
666.282,-5.247,605.778,11.160,7.854,0.980,0
678.791,-5.265,606.131,8.923,4.786,0.875,1
681.115,-5.270,603.151,4.701,3.468,0.988,0
691.400,-5.279,607.295,12.324,6.859,0.779,0
695.377,-5.283,605.166,8.439,6.014,0.904,0
705.109,-5.292,606.970,10.002,5.538,0.775,1
713.572,-5.296,603.980,10.234,7.257,0.841,1
717.168,-5.298,603.213,6.980,3.970,0.853,1
725.218,-5.301,605.045,8.915,6.623,0.973,0
734.815,-5.302,604.035,8.212,6.470,0.853,0
-177.939,-8.092,649.812,6.338,4.773,0.738,1
-171.468,-8.090,647.981,4.948,4.050,0.828,1
-164.129,-8.088,647.145,11.800,6.852,0.796,1
-149.434,-8.082,643.382,5.340,3.292,0.826,1
-63.257,-8.017,639.679,8.542,5.562,0.989,0
-50.965,-8.010,642.092,6.759,4.102,0.924,1
-43.165,-8.002,637.238,6.772,4.261,0.934,1
-39.900,-8.001,638.409,9.895,6.365,0.860,1
-29.245,-7.993,641.259,8.904,7.145,0.910,1
-20.578,-7.985,638.754,4.969,2.954,0.912,1
-14.966,-7.975,635.271,10.186,5.408,0.922,1
-11.259,-7.972,635.944,8.882,7.099,0.930,1
-0.666,-7.965,639.567,10.276,8.327,0.888,0
2.248,-7.959,635.561,7.633,4.088,0.970,0
11.650,-7.959,635.434,5.540,3.016,0.792,1
24.909,-7.953,634.217,8.907,5.257,0.891,1
29.812,-7.953,633.065,6.374,3.977,0.767,1
38.575,-7.501,637.249,10.655,6.263,0.847,1
49.267,-5.625,632.527,10.445,5.872,0.862,1
55.600,-4.798,633.913,5.117,3.250,0.807,1
58.975,-4.799,634.130,12.031,6.837,0.935,1
65.692,-4.802,636.048,5.869,4.018,0.943,0
77.519,-4.805,635.513,8.699,5.190,0.915,1
84.038,-4.804,631.400,5.341,2.950,0.900,1
88.034,-4.805,630.969,13.162,10.203,0.769,1
96.313,-4.807,629.750,5.083,3.672,0.985,0
104.075,-4.809,628.772,9.827,7.171,0.875,0
109.580,-4.812,630.595,5.657,3.964,0.967,1
118.024,-4.814,630.165,4.978,2.779,0.778,0
122.567,-4.817,630.804,10.783,7.699,0.933,1
128.563,-4.817,628.492,8.436,6.255,0.874,1
227.565,-3.546,621.849,12.321,8.766,0.835,1
238.014,-3.764,624.259,6.161,3.208,0.894,1
241.207,-4.075,621.865,7.507,4.664,0.807,1
251.627,-4.484,621.615,5.077,3.952,0.829,0
258.587,-4.602,623.425,10.620,8.590,0.850,0
265.448,-4.764,624.562,5.879,4.486,0.869,0
272.859,-5.228,622.090,6.545,4.648,0.808,0
275.072,-5.245,622.948,9.136,4.944,0.748,1
282.577,-5.378,620.521,11.487,6.052,0.870,1
288.845,-5.400,621.478,4.854,2.762,0.915,1
299.651,-5.427,622.480,9.248,6.944,0.862,0
304.281,-5.437,622.681,6.550,3.562,0.944,0
309.905,-5.446,619.742,12.532,7.940,0.788,0
318.905,-5.461,618.105,11.585,9.490,0.952,0
323.754,-5.473,619.570,8.736,6.125,0.802,1
339.052,-5.799,617.488,12.621,8.851,0.991,0
349.586,-5.968,616.063,13.301,10.521,0.813,1
355.770,-6.112,617.141,6.958,4.484,0.933,0
362.625,-6.340,615.646,6.720,4.789,0.905,0
368.002,-6.425,616.118,12.749,9.651,0.782,0
376.749,-6.340,614.515,12.134,8.867,0.961,0
380.836,-6.067,615.249,5.842,3.132,0.741,0
387.075,-5.631,615.394,11.254,8.980,0.797,0
398.419,-4.773,615.044,13.159,8.102,0.944,1
465.475,-6.606,613.209,4.454,3.290,0.961,1
475.450,-6.641,610.270,8.009,5.169,0.910,1
477.372,-6.650,610.917,11.669,6.954,0.881,1
488.064,-6.642,608.239,5.690,3.764,0.972,1
492.076,-6.666,609.288,8.324,6.701,0.875,1
502.808,-6.698,608.526,7.847,4.799,0.747,0
515.666,-6.701,606.856,12.023,8.402,0.739,1
519.426,-6.707,607.476,10.551,6.570,0.798,0
527.384,-6.687,604.668,11.484,9.393,0.895,0
535.815,-6.723,608.863,6.219,4.783,0.894,1
545.372,-6.723,606.247,9.796,6.126,0.777,1
551.357,-6.728,604.387,9.624,6.331,0.999,1
556.493,-6.772,608.251,8.950,5.375,0.859,1
563.038,-6.290,606.483,5.667,4.235,0.998,1
571.190,-6.122,605.219,11.389,7.378,0.914,1
575.164,-5.893,602.938,13.418,7.294,0.854,1
583.117,-6.118,604.803,9.303,6.555,0.889,1
589.691,-5.485,606.222,9.560,5.344,0.807,0
597.100,-5.075,601.294,9.843,5.650,0.813,1
604.833,-5.100,601.347,4.799,2.946,0.800,1
611.284,-5.121,602.082,6.210,3.264,0.907,1
621.945,-5.152,600.965,5.782,3.708,0.763,1
625.837,-5.164,599.150,7.166,4.582,0.867,0
636.075,-5.192,600.383,12.587,7.113,0.798,0
641.316,-5.206,601.333,7.222,4.470,0.916,0
647.683,-5.222,602.148,5.499,3.900,0.851,1
652.851,-5.231,598.098,11.482,6.616,0.935,0
663.435,-5.246,598.969,12.733,9.487,0.877,1
671.290,-5.256,601.297,12.317,7.897,0.814,1
674.445,-5.260,601.179,5.170,3.357,0.893,0
683.963,-5.276,596.514,11.404,6.133,0.866,0
690.954,-5.282,595.472,13.167,8.781,0.962,0
698.223,-5.287,596.085,9.717,5.474,0.877,0
701.429,-5.289,599.732,6.545,3.677,0.735,0
712.055,-5.296,596.155,11.306,6.413,0.756,1
719.076,-5.299,596.090,10.716,5.700,0.886,1
722.778,-5.301,598.029,12.728,8.336,0.870,1
730.638,-5.303,595.992,7.079,3.804,0.825,0
-182.759,-8.102,640.336,9.563,5.252,0.853,1
-176.304,-8.097,642.115,12.694,8.363,0.877,0
-171.191,-8.098,638.564,13.070,10.324,0.779,1
-67.830,-8.016,631.563,8.553,4.788,0.748,1
-55.915,-8.009,633.931,6.584,4.891,0.779,0
-52.627,-8.006,632.069,8.551,4.928,0.770,0
-42.544,-8.000,634.238,6.770,4.539,0.848,1
-29.745,-7.989,634.423,9.832,5.934,0.839,0
-21.666,-7.978,633.250,11.574,8.766,0.786,1
-19.407,-7.973,629.929,10.560,5.544,0.830,1
-7.599,-7.963,631.932,6.920,5.119,0.996,1
-1.964,-7.954,629.514,12.708,8.226,0.809,0
5.651,-7.955,632.481,4.901,2.964,0.856,0
8.624,-7.952,628.841,5.017,4.096,0.783,1
19.742,-7.952,627.606,4.854,3.388,0.934,0
26.994,-7.953,630.934,9.413,6.070,0.930,1
32.559,-7.954,629.814,7.801,6.202,0.864,1
40.413,-7.178,627.364,11.102,8.783,0.896,0
46.757,-6.064,625.011,11.200,8.482,0.990,0
55.245,-4.793,624.712,11.979,8.160,0.953,0
62.613,-4.794,625.008,12.302,9.074,0.843,1
66.833,-4.797,627.676,5.141,3.749,0.980,1
72.274,-4.796,624.659,10.705,6.017,0.987,1
79.341,-4.800,627.804,10.126,7.625,0.821,0
87.347,-4.803,627.971,7.914,5.709,0.832,0
97.005,-4.804,626.701,6.108,3.533,0.820,1
103.164,-4.804,624.162,5.344,2.837,0.946,0
107.257,-4.805,623.671,8.073,6.320,0.936,0
117.028,-4.807,622.387,13.036,7.095,0.956,1
121.909,-4.811,625.152,4.733,3.238,0.809,1
143.889,-3.896,621.458,7.062,5.241,0.876,0
149.199,-3.484,622.036,12.529,9.504,0.897,0
215.732,-3.482,616.436,6.578,5.257,0.817,1
219.100,-3.662,615.944,11.984,6.668,0.964,1
226.550,-3.708,619.264,6.763,3.589,0.889,0
233.799,-4.299,615.396,9.315,7.144,0.903,1
243.858,-4.787,613.980,9.661,6.753,0.774,0
249.600,-4.744,617.258,9.527,5.478,0.764,1
254.932,-4.996,616.517,5.749,4.587,0.806,0
269.995,-5.323,615.890,9.166,7.509,0.778,0
274.642,-5.337,613.555,7.346,5.804,0.800,1
283.956,-5.371,612.887,10.081,7.889,0.899,0
292.854,-5.400,613.742,13.442,8.657,0.976,1
300.124,-5.419,613.898,8.485,6.111,0.748,1
303.555,-5.424,611.058,9.972,5.464,0.768,1
311.716,-5.413,609.864,8.219,4.500,0.828,0
317.172,-5.429,610.316,9.417,6.651,0.801,0
327.892,-5.546,613.834,9.755,5.855,0.811,1
331.647,-5.560,608.773,6.596,3.812,0.781,1
341.912,-5.819,611.413,11.538,7.680,0.795,1
346.877,-5.897,612.215,7.397,5.066,0.941,0
353.808,-5.904,607.389,4.918,3.740,0.842,1
362.091,-6.045,609.326,11.933,9.217,0.795,1
365.094,-6.104,611.236,12.585,7.193,0.832,1
374.523,-6.186,610.475,5.720,3.012,0.812,1
383.840,-5.327,605.876,10.962,7.402,0.875,0
472.687,-6.597,606.019,11.706,9.226,0.877,0
478.800,-6.599,605.161,10.772,6.305,0.958,1
487.132,-6.579,601.593,7.142,4.200,0.791,0
492.605,-6.609,603.348,8.663,6.604,0.840,0
503.119,-6.609,599.777,8.768,5.950,0.817,1
508.821,-6.614,598.663,12.995,6.992,0.979,0
512.902,-6.651,601.097,11.809,7.404,0.924,0
522.686,-6.638,598.421,7.982,4.162,0.989,1
529.787,-6.658,600.765,5.273,2.961,0.979,1
534.408,-6.669,602.037,10.700,7.236,0.961,0
543.577,-6.663,599.461,6.001,3.665,0.752,1
551.296,-6.705,601.358,8.560,6.216,0.736,1
559.098,-6.614,600.237,9.216,5.799,0.797,1
563.812,-6.142,596.263,12.793,6.661,0.840,0
569.787,-5.592,597.937,12.024,9.363,0.741,1
576.809,-5.290,597.006,10.822,8.482,0.747,0
583.334,-5.188,595.697,8.563,6.764,0.760,1
593.901,-5.075,598.509,5.909,4.152,0.952,1
599.133,-5.082,596.214,7.202,5.199,0.780,1
605.789,-5.103,595.637,11.925,9.710,0.787,0
612.816,-5.125,593.331,8.866,5.099,0.760,1
617.176,-5.138,596.696,5.422,3.300,0.891,1
625.326,-5.162,592.112,6.778,3.973,0.980,0
630.849,-5.178,591.707,6.357,4.983,0.866,0
638.878,-5.199,596.609,12.771,10.090,0.938,1
646.053,-5.218,594.386,8.327,6.100,0.959,0
652.906,-5.232,591.575,7.894,5.497,0.990,1
661.525,-5.247,590.187,11.338,6.868,0.945,0
670.487,-5.258,592.576,7.237,5.086,0.870,0
673.491,-5.262,590.025,8.059,6.185,0.765,1
683.043,-5.276,594.170,9.111,4.955,0.790,0
687.647,-5.280,592.808,7.127,4.862,0.869,0
694.036,-5.284,593.287,10.030,8.142,0.948,1
705.616,-5.292,590.734,5.394,3.337,0.908,1
718.553,-5.299,587.542,13.085,10.446,0.931,1
722.512,-5.301,588.759,10.738,6.276,0.851,1
728.911,-5.303,591.599,5.580,4.223,0.737,0
-186.910,-8.111,632.411,4.678,3.734,0.751,0
-180.221,-8.106,634.915,6.076,4.022,0.909,1
-170.031,-8.102,633.272,7.288,5.785,0.992,1
-166.369,-8.099,635.251,5.409,3.598,0.973,1
-71.373,-7.427,625.619,8.863,4.839,0.849,0
-63.966,-8.011,628.213,11.925,8.955,0.814,1
-57.600,-8.007,628.931,12.616,8.403,0.730,0
-49.042,-8.000,628.548,12.394,9.808,0.858,1
-43.334,-7.992,624.730,8.418,4.725,0.824,0
-35.173,-7.986,625.646,12.711,7.615,0.772,1
-29.391,-7.981,625.874,9.251,7.048,0.842,1
-22.500,-7.969,622.544,6.517,4.008,0.940,0
-15.601,-7.966,624.757,6.138,4.977,0.866,1
-9.521,-7.962,624.217,10.192,8.239,0.832,0
2.278,-7.952,621.048,6.475,4.769,0.954,1
8.820,-7.953,625.095,4.622,3.542,0.837,1
19.683,-7.953,621.606,6.765,3.598,0.938,0
23.705,-7.954,620.920,6.216,4.921,0.771,0
33.966,-7.954,623.773,5.845,4.085,0.807,1
38.673,-7.484,620.053,4.736,3.225,0.801,1
48.176,-5.813,620.492,11.399,5.942,0.778,0
52.328,-5.085,621.541,9.914,6.535,0.800,0
58.067,-4.790,618.643,11.847,8.561,0.853,1
64.081,-4.790,618.392,6.522,3.609,0.787,1
76.131,-4.793,618.545,9.025,6.062,0.905,1
79.008,-4.793,619.248,12.612,10.245,0.753,1
89.295,-4.793,616.024,5.691,3.002,0.750,1
97.260,-4.796,617.320,12.251,9.345,0.954,0
103.488,-4.800,619.163,12.534,10.157,0.855,1
110.004,-4.801,618.331,13.123,9.235,0.877,1
114.715,-4.800,616.025,10.807,6.820,0.946,1
124.664,-4.804,617.080,4.889,2.745,0.749,0
205.090,-3.324,611.730,9.646,5.179,0.902,1
214.715,-4.018,608.665,11.250,8.624,0.770,1
222.508,-4.410,608.158,10.005,7.650,0.823,1
228.818,-4.509,610.251,11.573,8.891,0.846,1
234.283,-4.625,611.503,6.548,4.333,0.830,1
244.175,-5.173,606.960,8.730,6.156,0.875,1
247.931,-5.200,609.252,6.378,4.297,0.930,0
255.825,-5.245,610.679,9.697,5.507,0.909,0
265.340,-5.292,610.857,6.469,3.766,0.918,1
270.644,-5.311,607.676,7.647,5.766,0.951,0
273.874,-5.328,610.073,6.281,4.789,0.953,1
280.755,-5.349,606.818,7.335,5.332,0.842,0
287.931,-5.373,604.223,7.313,5.355,0.970,1
299.716,-5.408,605.529,8.191,6.322,0.982,0
307.068,-5.415,607.580,11.090,8.842,0.757,0
309.197,-5.393,607.965,7.663,5.905,0.777,0
318.093,-5.364,605.462,9.158,5.542,0.835,0
325.633,-5.361,602.569,5.151,4.111,0.962,1
332.008,-5.452,602.049,13.219,10.416,0.905,1
338.780,-5.592,602.688,11.389,6.993,0.831,0
355.388,-5.827,601.750,8.757,5.010,0.818,0
360.660,-5.907,602.423,8.005,4.869,0.952,0
370.214,-6.028,603.581,10.110,5.791,0.890,1
376.807,-5.501,601.618,4.804,3.528,0.819,0
384.116,-5.199,604.070,10.594,7.422,0.751,1
386.599,-4.757,599.497,6.995,4.841,0.972,1
465.583,-6.462,594.321,12.836,9.825,0.840,0
474.552,-6.527,598.639,13.239,10.551,0.864,1
476.425,-6.498,595.306,11.862,8.222,0.934,0
492.788,-6.553,597.142,13.329,9.468,0.768,1
497.771,-6.525,592.197,7.528,4.511,0.985,0
507.890,-6.563,593.835,10.672,7.030,0.771,0
515.702,-6.599,595.297,11.438,8.672,0.898,0
518.311,-6.573,591.258,11.477,8.541,0.798,0
528.889,-6.586,590.640,6.881,5.494,0.794,0
543.420,-6.333,591.189,6.091,4.975,0.891,1
548.404,-6.643,594.664,10.316,8.158,0.804,1
557.948,-6.404,591.385,5.207,2.770,0.857,0
563.075,-6.188,590.133,13.265,9.456,0.772,1
570.089,-5.526,588.481,11.951,7.505,0.799,1
574.600,-5.102,588.024,4.822,3.005,0.999,1
585.364,-5.022,592.576,11.382,8.212,0.944,1
590.411,-5.040,588.314,12.611,8.145,0.831,1
595.191,-5.063,588.430,7.620,4.976,0.925,0
602.877,-5.094,589.789,9.384,4.929,0.782,0
612.458,-5.124,590.379,10.762,7.116,0.768,0
619.963,-5.146,590.009,13.239,8.322,0.999,1
624.255,-5.159,590.058,12.962,10.175,0.942,1
631.811,-5.181,589.275,12.607,7.601,0.891,0
641.067,-5.205,589.324,10.386,7.273,0.913,0
647.335,-5.221,585.045,13.041,7.684,0.847,1
653.915,-5.236,583.282,5.235,3.860,0.918,0
659.438,-5.247,583.541,5.709,3.668,0.909,1
670.706,-5.260,585.919,6.250,4.269,0.784,0
672.419,-5.264,582.269,11.348,6.991,0.807,0
689.737,-5.282,584.868,11.237,6.366,0.815,0
695.988,-5.288,581.413,8.246,4.670,0.897,0
701.251,-5.291,586.101,9.830,6.268,0.841,0
710.935,-5.295,584.315,8.467,4.419,0.746,1
716.284,-5.298,583.012,12.821,7.322,0.895,1
721.180,-5.300,579.823,12.094,6.435,0.993,0
731.549,-5.304,581.409,12.929,8.149,0.945,0
-184.229,-8.114,626.962,5.419,3.522,0.868,0
-180.517,-8.111,628.571,6.291,3.862,0.891,0
-170.080,-8.109,625.587,5.956,4.547,0.944,1
-165.814,-8.106,627.029,12.555,9.904,0.856,0
-64.610,-7.590,621.349,8.069,6.144,0.759,0
-59.299,-7.916,620.598,11.861,7.056,0.889,0
-53.865,-7.998,621.091,12.115,8.224,0.986,0
-42.946,-7.985,619.680,8.190,5.893,0.870,0
-41.178,-7.981,616.976,7.156,5.121,0.849,1
-34.108,-7.974,616.172,8.084,4.824,0.992,1
-23.885,-7.967,618.999,8.743,5.997,0.934,0
-19.670,-7.958,614.914,9.767,6.478,0.772,0
3.432,-7.952,615.699,9.205,6.437,0.770,1
8.785,-7.953,616.600,8.531,5.136,0.994,0
16.786,-7.953,617.556,12.947,7.169,0.936,1
26.602,-7.955,612.634,10.889,6.232,0.807,1
29.213,-7.955,612.268,6.828,4.917,0.736,0
35.801,-7.956,611.933,12.364,7.935,0.809,0
47.215,-5.981,614.644,7.306,4.890,0.862,0
54.404,-4.787,612.763,4.745,3.643,0.964,0
60.453,-4.787,611.834,8.309,6.465,0.734,1
66.192,-4.788,614.504,9.958,8.037,0.741,1
71.680,-4.787,611.812,10.858,7.177,0.845,1
80.651,-4.788,609.094,10.588,8.041,0.979,1
86.538,-4.789,611.401,12.070,6.837,0.740,1
93.037,-4.792,613.385,9.408,5.681,0.889,1
99.499,-4.791,610.075,9.369,6.130,0.790,0
105.451,-4.791,607.416,7.704,5.031,0.863,1
116.593,-4.795,609.973,5.062,2.769,0.946,1
123.057,-4.794,606.561,11.720,6.106,0.986,0
129.282,-4.707,608.135,5.455,4.202,0.927,1
205.307,-3.856,603.222,10.893,6.940,0.783,0
211.512,-4.002,606.655,5.318,3.496,0.923,1
222.113,-4.921,601.213,4.510,2.406,0.853,0
228.522,-5.053,601.733,12.654,8.199,0.973,0
231.919,-5.078,601.551,5.423,4.092,0.868,1
243.568,-5.165,604.583,11.691,8.158,0.871,1
248.457,-5.186,601.124,13.376,9.191,0.800,0
254.912,-5.223,601.758,9.530,5.832,0.956,0
271.772,-5.305,601.849,5.035,3.066,0.989,0
277.180,-5.328,602.046,13.131,10.049,0.975,1
282.686,-5.342,597.637,6.208,3.401,0.932,0
292.100,-5.377,598.749,10.376,6.234,0.772,0
296.878,-5.391,598.294,12.948,10.143,0.991,0
302.897,-5.409,598.396,6.913,5.045,0.908,1
310.066,-5.370,595.823,10.269,7.109,0.990,1
317.379,-5.295,599.271,12.386,8.172,0.969,1
325.804,-5.277,596.307,4.742,3.612,0.851,1
332.115,-5.372,596.116,12.958,10.401,0.829,1
338.180,-5.497,598.281,8.043,4.397,0.895,0
346.883,-5.610,596.417,10.755,6.213,0.845,1
352.423,-5.719,598.016,8.209,4.462,0.930,0
361.857,-5.767,593.489,12.542,7.312,0.760,0
365.648,-5.664,594.467,10.188,7.118,0.988,1
371.343,-5.382,595.142,7.890,4.758,0.886,0
379.472,-4.910,595.181,10.020,5.278,0.756,1
459.038,-6.408,588.938,10.768,8.730,0.851,0
471.686,-6.437,587.815,9.974,6.355,0.753,1
476.057,-6.453,588.825,11.709,9.128,0.832,1
483.327,-6.470,588.918,12.183,9.644,0.938,1
493.832,-6.487,588.198,10.385,5.828,0.767,1
500.608,-6.520,590.410,10.791,8.443,0.891,0
504.147,-6.518,588.752,6.624,4.229,0.903,1
514.318,-6.507,584.188,12.291,7.595,0.914,0
520.719,-6.540,586.083,11.192,5.930,0.936,0
541.046,-6.461,585.265,5.418,4.427,0.941,0
546.175,-5.994,586.938,10.059,6.771,0.765,0
553.181,-5.714,584.794,11.594,8.849,0.853,0
560.544,-5.740,584.714,13.099,10.120,0.955,0
570.959,-5.438,584.177,13.345,8.728,0.910,0
574.409,-5.113,583.585,12.375,8.462,0.926,0
582.549,-4.992,581.535,6.597,5.215,0.948,0
592.209,-5.039,581.362,8.481,5.663,0.834,1
595.288,-5.054,581.381,5.839,4.693,0.790,1
605.948,-5.101,580.498,5.074,3.346,0.752,0
614.392,-5.130,581.955,6.884,5.084,0.978,0
619.346,-5.145,579.625,12.961,6.850,0.996,0
626.598,-5.166,578.215,13.090,7.905,0.894,1
634.270,-5.187,579.459,9.902,6.650,0.829,0
637.029,-5.194,580.306,8.431,6.218,0.945,0
645.636,-5.217,580.894,11.374,7.514,0.858,1
655.926,-5.240,579.351,12.756,7.544,0.830,1
662.302,-5.253,580.839,6.168,4.086,0.986,1
669.004,-5.262,579.940,6.511,4.461,0.791,0
673.328,-5.267,577.642,7.230,4.169,0.766,1
682.446,-5.275,578.191,11.798,6.605,0.882,0
686.756,-5.280,577.080,6.905,5.655,0.871,1
694.733,-5.287,579.194,6.752,5.227,0.897,0
699.988,-5.292,576.357,12.764,7.582,0.957,0
711.416,-5.298,574.630,4.944,2.924,0.909,1
717.557,-5.300,573.084,7.578,4.818,0.809,0
730.611,-5.304,573.547,13.045,8.714,0.798,1
-178.686,-8.117,620.676,8.724,6.865,0.804,1
-172.850,-8.115,620.425,12.111,7.059,0.963,0
-59.166,-7.424,612.966,5.603,3.277,0.774,0
-51.922,-7.716,609.296,11.227,6.913,0.799,0
-47.880,-7.986,614.226,11.762,6.151,0.822,1
-36.322,-7.969,609.199,7.036,4.984,0.895,1
-31.187,-7.966,610.054,11.767,6.838,0.774,0
-26.451,-7.962,610.077,5.824,4.756,0.917,0
-18.823,-7.954,608.226,9.296,5.186,0.778,0
-8.923,-7.953,609.289,5.127,3.390,0.977,0
-3.392,-7.952,611.429,9.799,6.714,0.848,1
8.113,-7.953,610.920,12.488,8.280,0.934,0
14.399,-7.955,607.445,10.082,5.253,0.985,0
24.140,-7.956,608.101,11.457,6.262,0.979,0
32.480,-7.957,608.664,10.374,6.869,0.752,0
37.817,-7.957,608.301,13.463,7.318,0.870,1
42.361,-7.959,604.708,7.811,5.939,0.953,1
53.850,-5.928,605.685,9.504,5.434,0.755,1
56.842,-5.605,604.523,6.807,5.261,0.785,1
67.980,-4.786,605.485,4.526,3.269,0.757,0
72.354,-4.786,603.930,12.823,8.303,0.820,1
80.323,-4.785,602.054,7.087,3.892,0.916,0
87.932,-4.786,602.139,7.214,5.890,0.857,1
94.142,-4.788,604.456,6.622,4.075,0.739,1
100.408,-4.788,603.303,5.640,4.159,0.856,1
110.100,-4.790,603.443,11.226,8.397,0.897,0
123.323,-4.791,602.031,5.931,4.160,0.767,0
198.626,-3.518,600.109,8.814,6.064,0.868,0
206.615,-4.221,597.592,7.714,4.871,0.957,0
219.058,-4.946,598.648,5.823,3.828,0.940,1
224.722,-4.980,594.552,6.289,3.839,0.929,1
233.298,-5.079,598.412,10.984,6.628,0.736,0
239.229,-5.104,593.025,12.726,9.541,0.867,1
268.659,-5.271,591.160,9.903,6.378,0.929,1
277.119,-5.313,594.289,5.381,4.361,0.818,1
280.518,-5.329,595.463,5.248,2.881,0.784,1
288.130,-5.348,591.681,5.025,3.817,0.776,1
294.245,-5.233,590.822,9.557,7.105,0.822,0
304.846,-5.192,589.215,9.002,6.065,0.879,0
311.217,-5.356,594.033,8.605,4.540,0.780,0
315.043,-5.284,592.620,9.780,6.385,0.880,1
323.597,-5.207,593.315,10.031,6.923,0.796,0
331.908,-5.251,589.982,6.507,5.306,0.894,1
336.402,-5.265,587.445,9.759,6.977,0.830,0
346.333,-5.418,587.430,11.463,9.356,0.805,1
358.375,-5.552,587.186,8.536,6.796,0.904,0
369.111,-5.089,589.249,4.682,3.118,0.966,1
370.958,-4.866,587.631,12.508,7.604,0.972,1
382.277,-4.333,589.185,10.233,5.875,0.746,0
456.711,-6.371,584.102,12.468,8.823,0.814,1
466.292,-6.388,582.399,10.604,8.623,0.784,1
478.317,-6.428,583.710,5.473,3.126,0.788,1
487.111,-6.448,583.909,8.209,5.752,0.752,1
492.126,-6.434,579.906,6.967,3.626,0.929,0
499.517,-6.446,579.792,12.532,9.760,0.764,1
504.966,-6.460,579.949,5.019,3.610,0.990,1
518.727,-6.501,581.802,6.381,4.386,0.926,0
525.848,-6.501,579.476,6.361,3.779,0.878,1
534.104,-6.527,580.510,12.878,8.689,0.901,1
554.305,-5.175,575.215,11.241,8.959,0.955,0
559.775,-4.843,575.243,8.395,6.839,0.987,1
570.132,-5.052,577.358,7.069,3.704,0.742,0
576.840,-4.957,576.591,8.186,4.337,0.801,0
585.526,-5.003,578.523,10.639,5.799,0.932,0
589.129,-5.017,576.557,7.051,4.540,0.955,1
597.574,-5.057,574.946,13.038,8.987,0.858,0
606.478,-5.097,574.721,9.123,5.920,0.853,0
611.016,-5.118,574.438,12.517,8.650,0.999,1
620.085,-5.147,573.934,12.587,7.318,0.895,1
622.528,-5.154,572.098,9.904,5.782,0.868,1
634.399,-5.187,572.006,8.714,6.593,0.773,0
639.314,-5.200,572.888,10.385,6.302,0.946,0
648.049,-5.223,572.659,12.082,9.317,0.951,0
650.675,-5.229,574.101,7.736,6.027,0.786,0
661.129,-5.251,570.772,6.454,5.188,0.922,0
668.651,-5.266,569.070,11.535,8.888,0.788,1
671.289,-5.270,570.583,12.739,9.728,0.873,1
680.228,-5.278,569.924,7.877,5.735,0.814,0
688.286,-5.283,570.581,12.825,10.337,0.761,0
697.030,-5.291,570.957,7.589,4.152,0.803,1
702.255,-5.297,566.651,4.519,3.166,0.842,1
709.368,-5.299,567.172,4.964,3.591,0.907,1
713.548,-5.300,570.583,6.773,4.333,0.916,1
722.867,-5.303,569.164,12.435,6.845,0.857,1
728.911,-5.305,566.051,10.999,6.572,0.775,0
-188.162,-8.125,612.076,13.326,7.331,0.973,0
-181.611,-8.124,612.449,10.423,5.704,0.890,1
-60.841,-6.944,607.446,9.252,5.196,0.851,1
-50.830,-7.376,602.883,8.293,6.573,0.733,0
-48.428,-7.621,604.004,6.893,5.117,0.838,0
-41.300,-7.970,604.414,12.521,7.592,0.943,0
-31.828,-7.961,601.799,13.400,10.274,0.854,1
-26.615,-7.960,601.279,4.645,3.052,0.880,1
-17.327,-7.953,601.453,6.633,4.752,0.894,1
-9.309,-7.954,603.113,10.903,7.407,0.845,1
-3.261,-7.953,604.090,12.158,8.727,0.829,1
5.484,-7.955,600.846,5.276,3.613,0.832,0
10.923,-7.956,599.220,7.057,5.459,0.836,1
17.922,-7.957,601.048,10.197,5.862,0.777,0
23.634,-7.957,603.089,7.122,3.779,0.766,0
31.896,-7.959,597.925,11.678,6.742,0.981,0
35.592,-7.959,600.256,5.448,3.211,0.902,1
44.883,-7.960,602.093,10.673,5.651,0.943,0
52.764,-6.863,601.470,8.788,5.073,0.893,0
59.232,-5.865,600.657,9.127,5.411,0.789,0
68.468,-4.785,600.530,10.389,6.845,0.938,0
70.048,-4.785,598.091,13.067,8.897,0.904,0
76.926,-4.784,595.757,4.534,2.825,0.911,1
88.389,-4.784,594.562,4.502,2.784,0.768,0
92.588,-4.785,597.642,13.394,8.647,0.759,0
103.021,-4.784,593.768,9.615,5.059,0.825,0
107.923,-4.785,594.896,10.391,8.389,0.888,0
113.578,-4.786,597.384,12.592,8.614,0.982,1
119.636,-4.787,597.177,5.717,4.052,0.744,0
206.823,-4.494,590.017,8.272,4.706,0.857,1
213.193,-4.867,592.381,6.533,4.380,0.964,0
218.727,-4.870,590.758,5.168,2.779,0.925,0
228.258,-4.902,587.042,7.788,4.122,0.799,1
237.691,-5.059,588.477,9.026,5.332,0.948,0
270.822,-5.274,587.253,10.510,6.466,0.795,1
274.866,-5.286,584.266,7.122,3.818,0.766,1
280.998,-5.317,586.606,10.298,5.983,0.994,1
288.720,-5.318,587.775,11.831,8.575,0.874,1
295.780,-5.025,583.356,9.898,7.206,0.867,1
304.651,-5.087,586.905,10.028,7.572,0.821,1
310.822,-5.029,584.185,12.574,7.516,0.814,1
315.043,-4.973,581.793,8.485,6.178,0.866,0
322.946,-4.996,583.386,10.212,7.470,0.750,1
328.755,-5.081,584.430,7.743,5.479,0.973,0
336.973,-5.146,581.646,8.277,5.894,0.897,0
345.511,-5.237,579.792,8.312,4.879,0.937,1
354.516,-5.391,582.029,13.495,7.033,0.932,1
363.884,-4.905,582.778,9.498,5.580,0.953,0
373.929,-4.234,581.386,12.049,6.972,0.957,1
457.188,-6.313,574.662,13.119,9.494,0.844,1
462.942,-6.349,577.659,6.833,5.043,0.758,0
472.551,-6.357,574.275,10.430,7.218,0.820,1
478.319,-6.377,575.412,7.653,4.556,0.841,1
484.447,-6.392,575.101,6.248,3.852,0.936,0
490.668,-6.394,572.903,9.427,7.152,0.991,0
497.213,-6.403,572.341,6.567,4.118,0.941,0
505.743,-6.192,574.712,7.955,5.162,0.876,0
511.938,-5.442,570.665,8.350,4.367,0.788,0
521.375,-5.802,572.479,8.147,5.066,0.791,0
529.435,-6.070,573.426,11.502,7.248,0.883,1
534.819,-6.161,573.919,12.547,8.897,0.815,0
539.049,-6.198,574.088,12.528,7.360,0.925,0
549.541,-5.605,569.187,11.568,8.622,0.993,1
553.574,-5.233,570.772,4.659,3.197,0.827,0
559.161,-4.831,571.240,5.061,4.111,0.903,0
570.585,-4.906,569.816,7.918,6.257,0.984,0
575.712,-4.941,570.826,5.531,3.717,0.884,1
590.426,-5.020,568.112,7.870,5.576,0.810,0
594.279,-5.038,565.849,5.720,4.168,0.785,0
602.520,-5.078,570.282,4.541,2.804,0.888,1
612.878,-5.124,569.955,11.732,6.922,0.814,0
615.141,-5.130,565.599,9.565,5.996,0.896,1
624.032,-5.158,565.403,6.147,3.547,0.907,1
634.234,-5.187,566.105,11.429,6.115,0.915,0
638.364,-5.198,566.799,5.605,3.597,0.889,0
646.159,-5.218,567.820,8.056,6.570,0.993,1
650.982,-5.229,567.733,7.553,5.267,0.834,0
658.714,-5.246,562.489,5.711,4.560,0.757,0
666.895,-5.263,565.132,6.149,4.355,0.740,0
673.456,-5.274,565.184,13.052,6.889,0.914,0
681.442,-5.285,562.009,6.344,4.600,0.804,0
687.293,-5.290,560.842,8.629,5.264,1.000,1
701.505,-5.298,562.402,4.733,3.498,0.875,1
707.682,-5.301,559.532,10.958,8.238,0.766,1
715.904,-5.304,560.365,10.739,6.048,0.739,0
721.062,-5.306,559.384,5.130,3.347,0.893,0
728.762,-5.306,563.355,4.603,3.742,0.852,1
-183.679,-8.126,605.119,8.156,5.265,0.925,1
-177.292,-8.125,606.647,5.500,3.634,0.926,0
-172.759,-8.126,602.422,12.605,6.971,0.747,1
-166.580,-7.958,606.849,8.879,5.536,0.913,1
-158.714,-7.093,602.862,8.072,4.774,0.940,1
-52.075,-7.063,599.501,11.801,7.209,0.815,0
-46.149,-7.298,597.018,12.179,9.009,0.886,1
-41.665,-7.522,596.235,6.048,3.582,0.799,1
-30.406,-7.956,596.550,9.767,7.285,0.739,0
-26.752,-7.955,596.476,10.596,7.110,0.850,0
-21.179,-7.955,598.121,11.165,8.485,0.857,0
-9.819,-7.953,595.898,6.447,3.437,0.984,1
-6.709,-7.953,596.007,8.701,5.271,0.945,0
3.512,-7.955,596.327,9.450,5.713,0.985,1
6.983,-7.956,592.604,6.562,3.676,0.807,1
16.429,-7.959,591.607,8.467,6.403,0.877,1
21.154,-7.959,595.944,10.884,5.954,0.889,1
28.139,-7.960,592.797,6.458,4.613,0.966,1
39.845,-7.961,595.413,9.164,6.210,0.904,0
53.515,-7.964,591.157,9.723,6.366,0.809,1
58.331,-7.199,593.147,9.908,5.479,0.961,0
63.573,-6.273,592.286,13.322,7.919,0.991,1
72.188,-4.785,591.476,10.024,7.965,0.795,0
77.771,-4.786,588.419,9.085,7.255,0.833,0
85.906,-4.785,591.270,10.529,6.516,0.780,0
92.748,-4.785,592.114,11.877,6.814,0.824,1
98.350,-4.786,589.325,7.509,4.437,0.993,1
114.505,-4.785,591.102,6.628,4.149,0.847,1
119.388,-4.787,588.441,11.110,5.925,0.871,1
204.720,-4.474,582.438,12.037,7.831,0.777,0
210.107,-4.801,583.118,13.357,10.237,0.977,1
216.543,-4.819,581.867,6.557,5.175,0.777,0
227.013,-4.811,580.467,10.476,6.769,0.772,1
276.263,-5.287,581.381,10.287,8.429,0.973,1
280.451,-5.298,577.621,12.365,7.480,0.800,1
286.105,-5.322,577.366,8.820,5.072,0.898,0
294.041,-5.090,579.788,10.108,6.186,0.959,1
304.744,-4.672,577.693,8.756,7.160,0.954,0
314.354,-4.870,579.697,12.818,10.444,0.860,0
325.443,-4.920,579.407,8.426,5.830,0.877,1
328.906,-4.915,576.793,9.579,7.555,0.808,1
339.028,-5.105,578.372,8.278,4.946,0.900,1
343.653,-5.124,575.973,4.585,2.889,0.902,1
349.704,-5.218,575.973,6.069,4.562,0.864,0
357.682,-4.660,574.898,6.868,5.580,0.739,1
366.049,-4.076,573.573,5.503,3.043,0.978,1
370.008,-3.853,573.614,11.019,8.546,0.851,1
450.946,-6.258,569.896,5.012,2.708,0.835,1
456.696,-6.293,571.115,13.393,8.248,0.936,0
463.163,-6.287,566.410,8.467,5.053,0.829,0
472.011,-6.314,566.238,13.044,7.526,0.873,0
482.840,-6.346,566.350,10.425,5.853,0.750,1
490.071,-6.375,568.942,6.654,4.743,0.848,0
500.857,-6.372,564.138,10.459,8.123,0.963,1
506.408,-5.945,565.342,13.117,9.027,0.744,1
514.532,-4.462,563.887,6.429,5.061,0.947,0
520.117,-5.027,568.377,7.255,5.632,0.797,1
523.971,-4.449,564.970,5.676,3.693,0.897,1
532.067,-4.826,565.664,8.316,5.324,0.981,0
538.146,-5.029,566.804,9.696,5.107,0.998,1
546.635,-5.087,564.441,11.269,7.990,0.764,1
556.865,-4.907,561.409,4.511,3.180,0.942,0
559.388,-4.820,565.254,5.628,3.659,0.756,0
568.539,-4.884,565.128,8.909,6.969,0.797,0
577.650,-4.939,561.828,11.986,7.154,0.969,0
580.387,-4.956,562.334,11.747,7.852,0.906,1
589.234,-5.007,559.376,11.561,6.520,0.979,0
598.730,-5.057,559.036,9.799,7.731,0.918,0
602.598,-5.076,562.403,11.302,8.851,0.957,1
609.132,-5.105,559.831,7.740,6.108,0.976,0
618.453,-5.140,560.306,12.950,8.454,0.826,1
622.627,-5.153,560.523,11.050,6.821,0.885,0
632.617,-5.183,560.464,7.737,4.466,0.960,0
636.981,-5.194,561.118,10.057,7.684,0.794,1
644.180,-5.213,559.941,6.743,3.531,0.992,1
652.010,-5.232,560.180,8.584,5.340,0.959,1
661.333,-5.252,557.267,9.477,5.687,0.753,0
665.314,-5.263,554.967,10.858,5.838,0.780,1
672.408,-5.272,558.243,10.165,5.648,0.945,0
678.176,-5.281,557.860,7.308,5.120,0.924,1
685.240,-5.291,555.709,12.153,6.329,0.900,1
694.726,-5.296,558.378,9.418,5.327,0.902,0
700.286,-5.300,555.803,13.080,9.881,0.944,1
710.291,-5.303,555.773,6.497,3.485,0.800,0
713.940,-5.304,554.326,10.484,6.610,0.806,1
721.394,-5.306,556.456,5.007,3.438,0.753,0
727.862,-5.308,555.178,13.199,7.487,0.992,0
-179.004,-8.127,597.355,4.545,2.889,0.817,1
-172.775,-8.127,598.354,5.012,2.676,0.912,0
-153.244,-6.402,597.289,4.142,2.229,0.805,1
-48.241,-6.859,592.736,10.785,8.078,0.967,0
-39.959,-7.230,590.657,5.692,4.521,0.987,1
-35.015,-7.656,592.405,9.266,6.394,0.979,1
-18.457,-7.953,589.737,7.816,5.312,0.738,0
-14.059,-7.954,587.992,4.976,3.033,0.911,1
-2.347,-7.955,588.974,4.857,3.260,0.992,0
3.585,-7.956,589.908,9.146,7.208,0.767,0
9.761,-7.958,589.882,9.064,7.294,0.822,1
15.305,-7.960,588.309,13.211,8.497,0.839,0
21.675,-7.961,588.426,11.834,7.606,0.769,0
28.241,-7.962,585.959,6.671,3.940,0.803,0
35.426,-7.964,584.401,10.244,8.065,0.960,0
44.416,-7.964,587.204,7.649,4.734,0.784,0
48.560,-7.964,587.871,5.340,3.682,0.929,0
60.150,-6.881,583.655,8.861,7.249,0.817,1
64.821,-6.056,585.040,10.924,5.904,0.807,1
71.899,-4.806,584.325,9.176,6.289,0.856,0
76.084,-4.788,583.400,5.215,4.190,0.989,1
86.213,-4.787,585.542,10.533,7.170,0.814,1
90.779,-4.788,584.871,12.578,8.546,0.759,1
101.660,-4.788,583.531,6.854,5.450,0.858,0
107.291,-4.789,580.619,4.623,2.779,0.953,0
111.710,-4.788,583.205,4.939,3.103,0.803,0
119.799,-4.788,583.410,9.117,7.397,0.943,1
214.004,-4.788,577.421,12.003,7.710,0.889,1
228.212,-4.779,574.876,6.906,4.598,0.827,1
231.903,-4.781,575.321,12.144,8.215,0.850,0
237.533,-4.858,576.076,5.077,3.865,0.846,0
279.876,-5.029,572.409,7.410,5.577,0.984,1
286.813,-5.161,573.795,11.611,6.173,0.923,1
295.336,-4.857,568.856,6.713,4.240,0.784,0
303.595,-4.515,568.531,10.335,6.058,0.964,1
311.935,-4.524,570.087,7.140,3.995,0.866,1
317.123,-4.571,569.398,10.391,7.539,0.900,1
323.393,-4.592,567.125,10.564,6.932,0.820,0
332.688,-4.816,570.726,11.506,7.169,0.918,1
337.774,-4.886,570.454,9.493,5.149,0.966,1
345.074,-5.017,571.139,12.663,7.388,0.768,0
350.342,-4.554,567.703,10.683,7.384,0.859,1
366.852,-3.510,567.085,5.009,3.091,0.850,0
436.859,-5.601,563.058,5.380,3.232,0.888,0
440.146,-5.838,563.643,11.066,8.807,0.941,1
446.772,-6.172,560.980,7.028,3.686,0.948,1
456.411,-6.235,563.093,8.859,6.425,0.763,1
460.480,-6.244,561.459,8.820,7.086,0.758,1
467.790,-6.275,561.608,10.403,6.501,0.995,0
484.922,-6.315,558.575,4.632,3.743,0.986,0
491.595,-6.333,559.386,6.880,3.998,0.854,0
498.648,-6.349,559.995,5.423,4.148,0.817,1
507.747,-5.670,558.279,4.584,2.829,0.794,0
512.956,-4.726,557.158,10.678,7.921,0.949,0
521.025,-3.399,559.717,5.006,3.565,0.805,0
524.963,-3.169,557.674,12.273,6.496,0.822,1
535.283,-3.508,558.144,4.692,2.830,0.915,0
538.243,-3.578,556.696,10.218,7.498,0.830,0
548.725,-4.182,554.527,8.679,6.193,0.962,0
552.372,-4.543,558.714,6.082,3.245,0.842,0
558.749,-4.801,558.446,7.141,5.632,0.880,0
567.650,-4.864,558.611,8.661,4.831,0.772,0
575.824,-4.917,555.964,12.849,10.176,0.994,1
583.036,-4.962,555.186,7.972,5.292,0.814,0
587.751,-4.991,554.748,6.588,3.960,0.731,1
595.995,-5.036,552.260,11.854,9.064,0.768,1
605.205,-5.079,551.439,9.174,6.715,0.759,0
611.319,-5.109,552.706,5.747,3.746,0.782,1
617.809,-5.136,551.660,8.246,4.885,0.749,1
623.937,-5.157,550.902,12.201,6.898,0.875,1
631.322,-5.180,554.636,5.320,4.102,0.747,0
638.280,-5.202,552.457,11.456,6.663,0.775,0
646.984,-5.226,550.841,11.975,9.137,0.926,0
649.772,-5.232,551.599,9.667,5.228,0.808,1
656.542,-5.249,549.322,9.497,6.561,0.845,1
666.264,-5.267,552.328,9.923,5.542,0.899,1
672.180,-5.272,552.532,4.827,3.816,0.892,0
678.429,-5.281,551.642,7.571,5.785,0.801,1
687.601,-5.293,547.909,11.408,8.583,0.826,1
694.642,-5.298,550.354,10.221,7.594,0.818,1
700.753,-5.301,550.887,10.636,5.840,0.932,0
707.142,-5.304,546.534,6.006,4.367,0.936,0
715.521,-5.305,546.725,11.303,6.431,0.939,0
721.388,-5.307,546.999,7.685,4.625,0.904,0
730.707,-5.308,547.060,5.930,3.574,0.814,0
-186.879,-8.126,592.841,6.854,5.036,0.881,1
-178.364,-8.126,591.635,5.893,4.324,0.750,0
-172.648,-7.946,589.197,9.485,6.556,0.976,1
-165.841,-7.348,590.218,9.959,5.937,0.896,0
-157.713,-6.671,592.744,6.265,4.681,0.855,0
-47.703,-6.243,583.375,7.649,5.006,0.830,0
-42.485,-6.665,584.734,12.307,6.504,0.835,1
-31.323,-7.349,584.594,13.033,9.346,0.883,0
-23.671,-7.835,584.526,4.959,3.090,0.999,1
-16.910,-7.955,580.685,10.065,8.179,0.746,1
-11.311,-7.956,581.913,7.444,4.661,0.911,1
-3.857,-7.958,580.970,7.318,5.776,0.808,0
1.469,-7.959,578.811,11.035,7.123,0.781,1
8.376,-7.960,582.655,5.440,3.438,0.874,1
15.843,-7.962,581.946,4.977,3.083,0.733,1
23.621,-7.964,576.920,7.229,5.701,0.909,1
29.958,-7.964,580.648,8.513,6.232,0.945,1
38.379,-7.966,577.273,9.514,7.424,0.916,1
42.693,-7.965,581.173,13.326,7.474,0.971,1
49.754,-7.966,577.916,9.597,5.796,0.863,0
59.564,-6.985,576.461,9.205,6.238,0.810,0
66.415,-5.776,576.278,10.494,7.781,0.918,0
70.903,-4.984,577.830,8.674,5.340,0.975,1
80.989,-4.791,577.026,11.333,8.514,0.982,1
86.623,-4.791,576.262,8.347,5.094,0.912,0
90.016,-4.791,576.117,7.578,4.838,0.829,1
98.639,-4.792,575.097,8.083,4.685,0.882,0
104.621,-4.794,573.635,13.150,9.153,0.835,0
112.485,-4.791,576.912,11.294,7.099,0.916,1
118.610,-4.796,572.759,8.435,4.441,0.924,1
141.698,-3.002,571.140,6.843,4.733,0.830,1
191.175,-3.411,571.273,10.887,5.784,0.742,1
211.038,-4.798,568.342,4.205,3.161,0.925,0
219.255,-4.775,568.210,6.215,4.229,0.970,0
225.772,-4.746,568.710,12.885,8.247,0.837,0
232.624,-4.750,569.522,11.576,7.509,0.911,0
240.241,-4.692,568.725,12.197,7.821,0.741,1
280.846,-4.640,567.031,11.578,7.629,0.977,1
285.828,-4.622,566.497,4.989,3.971,0.734,1
293.707,-4.599,565.397,12.130,8.720,0.975,0
300.732,-4.503,563.285,13.096,8.285,0.860,1
307.987,-4.341,564.429,8.901,7.160,0.931,0
313.787,-4.329,561.208,9.713,5.892,0.801,0
323.328,-4.415,560.138,9.180,5.156,0.940,0
331.713,-4.610,563.283,9.155,7.407,0.782,1
337.099,-4.603,560.035,5.290,3.438,0.734,0
346.135,-4.533,563.885,13.247,7.964,0.856,1
350.748,-4.024,561.084,7.866,5.607,0.767,0
358.771,-3.285,558.025,6.629,4.848,0.963,0
429.806,-5.373,554.663,11.704,8.645,0.771,1
436.786,-5.771,558.645,12.277,9.042,0.946,0
441.385,-6.066,554.729,9.163,5.853,0.815,0
450.389,-6.149,556.298,7.815,4.992,0.849,1
454.206,-6.141,552.773,10.470,6.995,0.782,0
460.988,-6.201,555.563,5.644,3.094,0.879,0
471.738,-6.036,556.976,5.819,3.915,0.966,0
474.462,-5.719,555.536,12.825,9.513,0.867,1
483.780,-5.303,553.566,7.498,5.498,0.756,0
488.617,-4.986,551.866,6.553,4.601,0.954,1
497.022,-5.702,554.912,7.216,5.406,0.748,0
503.893,-5.417,553.459,12.475,8.608,0.803,1
512.937,-4.748,553.637,11.289,8.183,0.897,0
520.930,-3.296,553.443,7.951,5.224,0.816,0
524.458,-3.181,552.801,12.622,6.739,0.903,0
530.649,-3.373,552.461,13.280,8.671,0.769,1
538.006,-3.600,551.893,5.796,4.450,0.843,1
547.001,-4.068,549.561,12.609,7.351,0.891,1
556.324,-4.660,548.971,7.261,5.408,0.801,1
567.724,-4.848,548.146,9.724,7.884,0.761,0
573.193,-4.887,548.709,10.710,8.449,0.824,1
582.234,-4.943,545.810,10.783,7.710,0.850,0
590.642,-5.002,550.130,5.735,4.078,0.920,0
596.568,-5.029,545.077,5.343,4.314,0.855,0
600.752,-5.049,544.342,9.829,6.500,0.918,0
611.036,-5.104,548.691,5.249,3.123,0.913,0
618.690,-5.137,548.759,8.464,6.581,0.731,0
624.134,-5.157,547.377,7.489,4.816,0.760,0
631.072,-5.180,545.742,12.948,10.165,0.896,1
639.946,-5.210,545.306,6.112,4.553,0.809,1
647.052,-5.231,544.561,7.984,4.214,0.998,0
653.575,-5.247,542.841,5.392,3.545,0.984,0
660.086,-5.261,544.147,5.049,3.511,0.767,1
666.581,-5.273,545.025,7.798,4.202,0.795,0
673.109,-5.279,544.170,5.478,4.019,0.888,0
685.933,-5.292,544.315,10.880,7.975,0.985,0
692.978,-5.298,540.781,5.829,4.775,0.958,1
706.228,-5.305,542.252,4.686,3.791,0.933,0
713.210,-5.306,540.991,13.414,9.977,0.826,0
719.030,-5.306,542.989,10.593,6.994,0.848,1
731.082,-5.309,541.049,12.966,8.247,0.844,0
-185.091,-8.121,584.736,4.858,3.022,0.762,0
-179.213,-8.120,582.055,6.651,4.812,0.839,0
-173.154,-7.896,585.480,13.260,7.173,0.936,1
-167.421,-7.268,581.500,12.110,7.732,0.741,1
-159.734,-6.604,583.412,5.253,3.532,0.773,0
-106.330,-6.387,577.565,5.894,3.579,0.848,0
-41.064,-6.262,577.479,8.964,5.587,0.844,1
-29.370,-6.943,576.329,5.918,4.593,0.942,1
-17.757,-7.797,577.196,6.631,4.800,0.782,0
-12.644,-7.930,572.710,11.829,8.078,0.948,0
-3.497,-7.960,571.860,8.028,5.772,0.861,0
3.448,-7.961,574.864,8.283,4.722,0.971,1
6.013,-7.962,571.511,11.435,6.708,0.981,0
13.391,-7.963,573.196,11.307,6.248,0.851,0
21.983,-7.965,572.141,8.114,4.931,0.788,1
28.770,-7.966,569.726,6.215,3.794,0.841,0
37.662,-7.967,569.865,9.115,5.556,0.930,1
45.756,-7.967,571.547,7.389,5.788,0.777,0
49.597,-7.967,571.616,9.491,5.039,0.997,1
58.174,-7.236,570.237,12.370,8.958,0.998,0
66.346,-5.796,569.936,12.784,8.631,0.900,1
71.992,-4.797,571.637,11.792,8.633,0.880,0
76.093,-4.796,571.443,8.231,4.380,0.822,1
85.411,-4.797,571.271,6.886,4.455,0.873,1
90.657,-4.801,567.228,10.061,7.490,0.929,1
101.370,-4.802,568.493,7.745,5.288,0.828,0
104.520,-4.801,568.717,7.464,4.851,0.976,0
112.265,-4.807,565.214,10.263,7.350,0.897,1
119.444,-4.810,564.776,5.346,2.944,0.809,1
126.384,-4.542,566.282,10.725,8.210,0.850,1
218.869,-4.786,562.638,10.736,5.751,0.924,1
224.647,-4.750,559.828,9.389,6.085,0.788,0
232.834,-4.696,559.469,6.387,5.112,0.943,1
274.478,-4.273,556.811,4.728,2.689,0.987,1
282.904,-4.168,559.211,7.534,5.062,0.977,0
288.446,-4.011,557.928,10.067,5.488,0.939,1
294.936,-4.026,555.962,5.891,4.351,0.822,0
300.364,-4.043,554.531,7.916,5.180,0.974,1
310.977,-4.142,555.052,10.124,5.584,0.891,1
313.984,-4.195,555.729,5.028,3.309,0.844,0
324.137,-4.342,556.911,11.261,8.027,0.837,1
327.069,-4.300,554.066,8.403,5.913,0.925,0
341.298,-4.381,557.422,10.836,7.959,0.842,0
353.381,-3.460,555.817,7.665,4.333,0.922,1
356.166,-2.957,551.494,9.322,6.706,0.865,0
422.895,-4.894,552.614,5.886,4.284,0.913,1
428.565,-5.396,551.401,6.744,4.534,0.901,0
435.783,-5.955,550.029,8.870,5.414,0.976,1
440.093,-5.978,548.169,11.896,6.654,0.784,1
450.181,-6.074,549.415,7.560,5.000,0.799,0
457.975,-6.134,549.409,11.705,6.779,0.837,1
463.365,-6.140,546.562,12.953,7.337,0.732,1
469.384,-5.879,548.230,5.976,3.325,0.799,0
475.679,-4.506,546.066,9.552,6.335,0.880,0
485.435,-3.744,546.669,4.830,3.059,0.964,0
488.131,-3.376,544.819,5.439,3.672,0.812,0
499.924,-3.991,546.554,13.288,7.678,0.780,1
507.033,-3.750,544.914,7.646,3.980,0.818,0
511.750,-3.700,544.003,10.978,8.469,0.814,0
516.785,-3.612,542.867,11.496,6.467,0.871,1
525.745,-3.270,543.664,9.938,8.007,0.745,1
531.385,-3.442,544.138,7.061,4.458,0.882,0
541.491,-3.803,542.016,7.883,5.373,0.791,0
544.031,-3.937,543.504,10.213,8.350,0.937,0
553.198,-4.474,539.989,4.592,3.301,0.984,1
562.995,-4.798,544.278,4.942,2.975,0.764,1
565.654,-4.811,541.110,8.705,6.480,0.982,1
572.086,-4.870,543.206,9.928,6.045,0.957,1
579.255,-4.915,540.221,13.145,7.964,0.926,0
588.150,-4.974,541.340,10.876,7.680,0.860,0
595.744,-5.017,537.792,6.890,3.790,0.806,0
603.687,-5.057,537.299,6.694,5.155,0.830,1
610.571,-5.091,537.759,7.798,4.286,0.977,0
615.745,-5.115,537.339,13.381,8.570,0.847,0
621.965,-5.142,540.457,5.650,3.708,0.837,1
629.025,-5.173,540.769,6.267,4.316,0.897,1
638.338,-5.205,536.659,8.576,5.376,0.839,0
644.534,-5.227,535.902,9.194,6.345,0.765,1
649.086,-5.239,538.715,10.785,8.353,0.765,0
659.509,-5.262,536.918,7.911,6.420,0.983,1
666.468,-5.278,538.446,9.330,5.679,0.850,0
669.930,-5.282,536.783,4.910,2.594,0.737,0
678.632,-5.288,536.038,12.486,7.500,0.810,1
688.086,-5.294,537.511,10.924,7.281,0.957,0
691.680,-5.297,534.267,7.958,5.251,0.791,0
705.695,-5.306,533.007,4.629,3.610,0.931,0
715.937,-5.307,535.677,7.486,3.974,0.868,1
722.098,-5.308,532.323,12.477,6.682,0.911,0
729.682,-5.308,532.096,12.122,9.108,0.854,0
-185.985,-8.112,575.410,4.716,2.671,0.757,1
-183.415,-8.117,579.657,7.650,4.494,0.945,1
-172.052,-7.627,578.558,6.074,4.558,0.827,0
-35.196,-6.164,570.040,8.419,5.163,0.877,1
-25.622,-6.684,567.558,10.075,7.661,0.880,0
-22.017,-7.058,569.528,12.658,7.626,0.820,0
-15.854,-7.483,568.845,12.535,6.652,0.941,1
-5.226,-7.962,566.975,4.737,3.877,0.852,1
1.492,-7.962,569.707,5.575,3.073,0.858,0
8.698,-7.964,566.945,4.787,2.523,0.920,0
17.069,-7.966,565.381,11.394,6.749,0.890,1
24.466,-7.966,566.262,6.977,5.226,0.993,1
26.398,-7.967,563.751,11.755,6.484,0.805,0
34.278,-7.967,562.523,6.034,4.692,0.912,1
44.900,-7.967,562.906,4.609,2.507,0.921,0
52.105,-7.968,563.177,11.288,8.780,0.993,0
57.451,-7.362,565.799,7.569,5.074,0.947,0
64.200,-6.179,562.006,12.764,8.261,0.990,0
71.487,-4.898,561.445,7.941,6.311,0.983,1
78.188,-4.808,561.511,10.652,6.388,0.824,1
82.770,-4.806,563.271,6.712,4.103,0.984,0
93.260,-4.811,559.255,7.715,6.028,0.944,1
95.965,-4.810,560.827,10.401,7.730,0.759,1
107.711,-4.814,559.995,12.992,6.906,0.877,1
112.255,-4.814,560.207,6.621,4.348,0.838,1
119.194,-4.813,562.098,5.580,2.938,0.730,0
128.324,-4.442,558.259,4.822,2.717,0.939,0
131.186,-4.107,561.444,6.958,4.125,0.969,1
225.158,-4.724,555.050,8.699,6.074,0.974,0
273.597,-4.274,552.036,12.365,8.900,0.967,0
277.752,-4.222,550.265,11.206,9.048,0.889,1
287.064,-4.039,552.045,12.127,8.066,0.944,0
292.137,-3.971,548.139,5.068,4.109,0.993,1
303.901,-3.978,549.897,5.882,3.918,0.870,1
308.275,-4.011,549.963,6.835,3.709,0.900,0
316.937,-4.026,547.925,8.959,6.334,0.855,0
320.287,-4.128,550.372,10.999,6.361,0.807,1
329.317,-4.230,550.449,10.771,8.513,0.948,1
334.673,-4.294,550.337,8.738,4.732,0.798,0
345.212,-3.511,548.810,8.176,4.650,0.991,1
348.542,-3.102,546.248,7.613,5.125,0.803,0
355.885,-2.746,548.378,7.017,4.137,0.904,1
419.470,-4.918,543.047,12.349,9.626,0.773,1
434.414,-5.848,544.146,6.607,4.111,0.826,0
441.518,-5.867,539.865,11.649,7.104,0.819,0
446.947,-5.994,544.267,6.844,5.434,0.883,0
456.915,-5.852,539.293,11.557,7.000,0.828,0
463.348,-6.067,539.969,10.906,7.648,1.000,0
470.713,-5.545,542.241,10.722,8.676,0.829,0
476.302,-4.321,538.907,5.318,3.096,0.921,0
484.950,-2.708,542.106,12.841,6.831,0.789,0
489.112,-2.308,537.543,4.995,4.086,0.743,0
495.450,-2.456,537.838,10.756,6.657,0.945,1
506.225,-2.907,540.922,13.042,7.572,0.743,1
508.814,-2.800,537.315,5.204,3.725,0.998,0
518.357,-3.082,535.241,9.579,7.217,0.746,1
524.038,-3.252,536.595,13.230,8.132,0.951,1
529.144,-3.411,537.179,12.400,9.842,0.778,0
547.886,-4.168,537.802,6.612,3.752,0.934,0
560.567,-4.750,533.746,5.678,3.892,0.929,1
576.404,-4.885,532.187,13.179,7.344,0.779,1
579.085,-4.903,532.853,13.275,9.274,0.887,0
589.057,-4.967,533.049,6.184,3.568,0.966,0
595.612,-5.011,534.621,10.670,6.299,0.778,1
600.935,-5.042,534.794,8.232,5.751,0.842,0
611.177,-5.092,529.893,5.499,4.472,0.854,0
620.321,-5.135,533.611,8.142,6.546,0.752,0
628.855,-5.171,531.181,7.650,5.419,0.825,1
639.083,-5.209,533.580,12.367,8.534,0.920,0
641.047,-5.216,532.576,11.470,8.238,0.790,1
649.145,-5.243,530.717,4.757,2.495,0.977,0
655.114,-5.254,528.849,7.916,4.337,0.791,1
662.352,-5.269,531.487,7.415,5.175,0.772,1
674.357,-5.288,529.213,4.803,3.275,0.839,1
675.966,-5.290,527.693,7.074,5.500,0.948,1
683.592,-5.296,528.896,10.020,6.522,0.902,0
691.747,-5.298,529.655,8.765,5.814,0.861,0
697.076,-5.301,529.420,5.109,2.757,0.961,1
713.479,-5.308,526.525,4.686,2.443,0.792,1
729.965,-5.310,524.233,10.895,6.177,0.870,1
-187.646,-8.095,568.064,6.660,4.627,0.735,1
-179.839,-8.098,568.047,5.001,3.107,0.868,1
-173.369,-7.514,567.833,6.309,3.765,0.814,0
-103.962,-6.758,568.022,6.496,4.670,0.809,1
-22.375,-6.694,563.136,8.091,6.397,0.746,1
-16.217,-7.201,563.610,8.402,4.614,0.883,0
-8.723,-7.643,559.861,10.463,7.562,0.792,1
-0.118,-7.965,561.830,11.871,6.648,0.752,0
15.513,-7.967,558.889,11.366,7.077,0.963,1
22.202,-7.967,558.247,12.493,6.521,0.939,1
29.717,-7.968,556.083,9.570,6.882,0.920,1
36.026,-7.968,556.870,11.418,9.335,0.806,0
43.655,-7.968,554.855,12.383,8.229,0.850,0
57.811,-7.302,555.328,4.526,2.469,0.981,0
62.672,-6.448,556.994,4.927,2.907,0.825,1
69.963,-5.173,554.151,5.152,3.989,0.765,0
76.384,-4.816,555.224,12.519,8.809,0.772,1
84.430,-4.815,556.195,6.461,4.333,0.943,0
93.471,-4.819,553.610,9.478,7.111,0.872,1
98.577,-4.822,552.235,9.321,6.597,0.923,1
105.938,-4.823,552.805,10.855,6.514,0.986,1
110.424,-4.821,555.213,8.756,6.581,0.865,0
116.754,-4.827,552.276,11.078,7.639,0.907,0
124.153,-4.828,552.801,5.219,3.663,0.896,0
134.315,-3.914,553.945,10.996,7.179,0.893,0
145.546,-2.869,549.860,11.037,7.253,0.753,1
251.236,-4.413,544.391,8.368,6.637,0.969,0
258.931,-4.341,544.423,8.476,5.247,0.890,0
263.855,-4.298,544.852,9.298,5.934,0.813,1
274.440,-4.221,547.003,11.150,8.113,0.876,1
287.018,-4.052,545.393,13.013,7.355,0.893,1
295.305,-3.935,543.657,6.489,4.646,0.877,1
298.622,-3.894,541.151,8.568,5.890,0.786,0
305.829,-3.877,544.128,10.255,7.487,0.881,0
313.343,-3.902,543.129,6.886,4.080,0.808,0
319.902,-3.972,544.500,13.298,10.642,0.733,0
331.463,-4.030,541.862,5.315,3.565,0.886,0
337.890,-3.657,542.971,10.633,6.209,0.733,1
345.270,-2.797,537.808,7.844,4.178,0.823,0
410.944,-4.245,539.172,7.834,6.170,0.910,1
421.643,-5.335,533.551,10.613,6.304,0.804,0
424.108,-5.498,536.386,5.017,2.633,0.954,1
431.496,-5.624,535.596,6.772,3.638,0.805,1
442.702,-5.788,534.552,7.943,6.460,0.932,0
455.928,-4.569,534.002,7.049,5.565,0.816,0
464.088,-4.256,532.524,7.538,5.714,0.922,0
465.913,-4.604,533.893,4.949,3.420,0.907,1
477.516,-4.053,533.568,4.551,2.901,0.942,1
481.297,-3.237,532.585,7.069,3.981,0.786,1
495.067,-2.449,533.781,7.208,4.497,0.959,0
501.074,-2.592,529.613,7.826,5.311,0.843,0
508.717,-2.806,530.473,12.572,7.068,0.952,1
517.567,-3.072,530.493,10.644,6.125,0.899,1
525.365,-3.314,530.223,9.248,6.318,0.834,0
538.430,-3.741,529.254,12.876,8.762,0.984,0
546.961,-4.110,531.201,5.459,3.687,0.874,1
551.749,-4.363,531.088,10.847,7.727,0.815,0
557.670,-4.693,529.979,8.330,5.217,0.904,0
574.920,-4.864,525.425,8.174,5.717,0.876,1
583.048,-4.919,526.445,12.984,7.044,0.893,0
585.221,-4.930,524.219,6.147,4.049,0.925,1
595.858,-5.001,526.497,7.445,4.594,0.869,0
599.686,-5.026,527.177,11.293,6.143,0.752,1
609.189,-5.079,523.603,11.220,7.650,0.816,0
612.804,-5.098,524.332,5.277,3.719,0.952,1
621.619,-5.138,522.682,9.205,5.638,0.949,1
628.867,-5.171,525.248,6.969,3.681,0.957,0
635.205,-5.196,523.670,13.458,9.108,0.898,1
641.205,-5.218,522.264,12.806,8.208,0.838,0
651.866,-5.251,522.057,10.868,7.912,0.787,0
656.895,-5.260,523.195,11.442,6.880,0.810,1
664.122,-5.275,519.905,9.109,6.040,0.984,0
669.108,-5.281,522.158,5.341,3.097,0.952,1
676.266,-5.290,523.239,12.648,8.134,0.817,0
686.079,-5.301,519.219,7.506,5.323,0.999,0
690.073,-5.303,518.343,6.763,4.178,0.787,0
700.841,-5.307,517.688,12.838,8.436,0.989,0
704.628,-5.307,522.039,8.944,5.692,0.876,1
711.527,-5.308,518.944,12.247,9.950,0.903,0
717.849,-5.310,517.051,12.115,9.736,0.965,0
727.266,-5.310,516.734,12.361,8.694,0.896,1
-188.256,-8.088,565.174,8.290,4.596,0.883,0
-184.468,-8.085,563.222,7.462,5.791,0.927,0
-172.506,-7.291,561.353,7.407,5.848,0.902,1
-20.343,-6.400,553.318,6.784,4.507,0.881,0
-12.207,-7.006,551.068,12.169,9.952,0.901,0
-7.032,-7.591,554.843,5.179,3.861,0.931,1
-2.388,-7.898,552.045,13.279,9.786,0.919,1
12.075,-7.967,551.902,9.763,5.277,0.775,1
22.513,-7.967,551.393,11.059,7.913,0.779,1
30.575,-7.967,550.548,8.522,6.645,0.855,1
32.238,-7.967,551.996,9.324,7.518,0.737,1
43.237,-7.967,548.537,10.135,6.905,0.848,0
48.557,-7.967,552.286,8.225,4.468,0.873,1
54.214,-7.930,550.821,8.429,5.680,0.839,0
60.669,-6.805,550.654,7.701,6.242,0.896,1
68.231,-5.483,547.913,5.526,3.107,0.990,1
77.853,-4.826,546.489,5.527,4.107,0.886,0
83.943,-4.823,550.904,11.597,9.272,0.742,0
88.143,-4.826,548.685,8.473,5.980,0.821,0
98.022,-4.831,545.754,9.622,7.379,0.872,1
104.412,-4.829,548.085,12.927,8.927,0.801,1
111.673,-4.832,547.812,11.426,8.776,0.847,0
117.491,-4.837,545.251,4.833,3.341,0.821,1
124.730,-4.842,543.411,9.196,6.509,0.828,1
130.269,-4.590,543.756,12.783,6.842,0.828,1
140.819,-3.532,543.714,7.768,5.857,0.819,0
144.315,-3.199,543.269,11.630,9.195,0.746,1
243.770,-4.454,541.398,7.399,5.797,0.996,1
252.070,-4.328,535.913,4.645,3.575,0.873,0
256.422,-4.289,535.728,8.653,4.977,0.819,0
263.829,-4.232,537.337,6.468,4.525,0.858,1
271.537,-4.155,536.128,12.751,9.296,0.876,1
281.589,-4.089,538.292,12.710,6.702,0.868,0
284.788,-4.064,538.666,12.524,9.419,0.777,0
291.601,-3.968,538.412,10.580,5.643,0.775,1
300.294,-3.784,534.564,7.017,4.724,0.926,1
305.955,-3.711,534.866,5.718,4.672,0.853,1
315.619,-3.743,534.524,5.937,4.546,0.780,1
321.023,-3.728,532.162,11.927,7.269,0.894,1
328.913,-3.737,531.699,10.370,6.547,0.760,1
398.982,-3.127,529.449,8.848,6.244,0.823,0
403.557,-3.586,529.827,10.318,5.472,0.953,1
414.664,-4.707,530.299,4.874,3.382,0.750,0
416.903,-4.925,530.400,8.341,5.306,0.731,1
427.754,-5.418,530.572,7.204,5.188,0.804,1
435.262,-5.463,526.895,5.982,3.781,0.897,1
442.964,-5.625,526.543,6.220,3.529,0.735,1
446.893,-5.737,528.771,10.199,5.433,0.816,0
453.527,-5.013,529.357,6.588,4.099,0.882,1
460.473,-3.427,525.566,7.803,5.355,0.940,1
468.854,-3.099,527.563,6.354,4.171,0.872,1
475.523,-2.425,524.052,6.563,5.357,0.792,1
484.199,-2.601,524.069,10.125,8.163,0.932,0
493.707,-2.413,527.507,10.067,5.243,0.871,0
503.830,-2.659,525.899,11.902,6.212,0.875,1
510.552,-2.869,522.422,11.475,6.919,0.952,1
516.379,-3.048,524.665,9.045,7.343,0.913,0
524.842,-3.309,525.902,13.301,7.239,0.985,1
530.483,-3.512,521.659,9.656,5.985,0.841,0
539.598,-3.805,524.349,12.293,7.239,0.795,1
543.286,-3.977,523.621,7.621,4.869,0.981,0
553.277,-4.456,520.667,4.770,3.689,0.752,1
557.457,-4.656,521.130,12.830,8.949,0.799,1
563.779,-4.749,523.550,12.995,8.352,0.832,0
571.217,-4.816,519.914,11.188,7.290,0.920,1
581.519,-4.898,518.462,10.662,5.591,0.863,0
584.589,-4.921,520.807,8.893,5.503,0.898,0
601.629,-5.024,516.176,5.361,3.101,0.876,1
610.706,-5.082,518.093,9.397,5.019,0.858,1
614.502,-5.105,518.860,8.397,6.300,0.788,1
622.325,-5.141,516.270,4.609,3.394,0.908,1
626.534,-5.160,516.056,9.647,7.836,0.919,1
635.576,-5.200,514.981,9.769,5.785,0.792,0
642.755,-5.226,517.011,4.556,3.542,0.799,1
652.601,-5.255,518.502,12.050,7.854,0.919,1
655.440,-5.261,516.775,8.757,6.870,0.986,0
668.423,-5.285,513.570,13.082,8.849,0.790,0
677.885,-5.296,511.858,5.536,3.441,0.833,1
686.938,-5.303,514.609,5.647,4.121,0.993,0
691.902,-5.305,510.984,6.539,4.422,0.800,1
698.132,-5.306,514.661,10.487,6.784,0.773,0
703.642,-5.307,515.511,8.377,6.452,0.798,1
721.842,-5.310,509.539,9.987,6.627,0.885,0
724.707,-5.310,514.588,9.342,7.033,0.767,0
-186.991,-8.045,554.603,8.577,4.870,0.837,1
-181.107,-8.035,558.198,7.366,5.724,0.982,0
-172.810,-7.126,553.207,12.055,9.825,0.777,0
-22.380,-6.025,548.393,4.047,2.712,0.815,1
-15.537,-6.498,544.808,6.553,4.066,0.880,0
-9.456,-7.147,548.211,6.474,3.465,0.794,1
-0.358,-7.959,548.248,11.080,9.012,0.861,0
6.982,-7.967,543.693,6.826,4.265,0.766,1
11.114,-7.967,547.630,7.884,5.138,0.979,0
22.368,-7.967,547.091,6.930,3.654,0.889,0
28.589,-7.967,541.654,5.538,3.957,0.838,0
32.870,-7.967,544.878,9.199,7.079,0.819,0
51.240,-7.966,543.531,5.191,2.862,0.880,0
56.175,-7.588,543.862,10.679,5.628,0.897,1
64.891,-6.069,540.096,12.394,9.624,0.822,1
70.514,-5.089,540.673,12.091,8.932,0.786,0
77.026,-4.831,541.100,11.461,8.571,0.766,1
84.146,-4.833,543.408,10.006,6.489,0.978,0
89.674,-4.834,543.625,6.062,4.513,0.952,0
99.984,-4.837,542.473,6.065,4.935,0.953,1
105.311,-4.843,537.619,7.876,4.921,0.997,1
112.686,-4.842,540.773,6.875,4.575,0.778,1
119.939,-4.847,538.410,8.340,5.389,0.903,1
126.633,-4.848,539.292,13.326,8.464,0.807,0
132.317,-4.516,539.922,11.525,7.052,1.000,0
137.625,-4.015,539.085,5.210,4.161,0.865,0
147.684,-3.014,539.176,6.873,4.906,0.789,1
246.223,-4.367,534.205,5.870,3.716,0.913,0
250.895,-4.323,534.098,11.564,7.913,0.778,0
257.739,-4.261,533.812,6.079,4.930,0.817,0
266.230,-4.170,532.424,11.828,7.010,0.833,1
270.944,-4.135,533.107,8.818,7.061,0.871,1
285.441,-4.018,530.832,7.504,5.325,0.802,1
295.644,-3.788,527.433,8.576,4.860,0.750,0
305.090,-3.587,526.541,7.655,4.290,0.809,1
312.354,-3.661,530.945,7.245,5.098,0.907,1
319.093,-3.600,526.216,11.763,8.416,0.740,1
325.363,-3.609,524.964,12.081,7.808,0.804,1
332.681,-3.102,524.415,8.970,6.251,0.878,1
397.739,-2.982,525.914,6.100,4.652,0.736,1
403.962,-3.559,521.329,8.490,5.876,0.899,1
410.825,-4.291,523.047,7.859,5.224,0.799,0
423.752,-5.076,523.852,4.896,3.871,0.845,1
430.739,-5.180,521.467,8.067,4.456,0.883,0
438.080,-5.392,522.074,8.089,5.355,0.792,0
446.924,-4.958,519.515,6.326,4.581,0.962,0
451.211,-5.347,520.653,10.970,6.722,0.746,1
461.564,-3.101,518.480,8.490,5.404,0.916,1
465.294,-2.288,518.915,6.239,4.880,0.824,1
472.928,-1.844,520.870,6.722,4.548,0.843,0
481.689,-2.081,520.497,6.491,4.481,0.884,1
486.341,-2.193,518.372,11.689,7.846,0.902,0
500.439,-2.579,517.404,8.720,4.740,0.810,1
511.471,-2.921,516.940,12.423,7.422,0.828,1
518.309,-3.139,515.813,6.141,4.231,0.790,1
525.651,-3.369,518.340,13.430,7.451,0.765,1
529.934,-3.535,514.777,9.438,5.494,0.777,1
540.514,-3.879,517.135,7.941,6.226,0.954,1
542.098,-3.964,512.972,11.732,6.618,0.785,1
553.830,-4.467,516.661,4.804,3.607,0.928,1
558.402,-4.672,517.134,13.165,7.511,0.896,1
567.199,-4.758,511.116,4.960,2.859,0.814,0
572.468,-4.820,514.110,10.647,6.787,0.948,0
578.173,-4.872,515.901,13.220,10.538,0.833,0
587.123,-4.926,513.656,8.439,5.505,0.972,0
591.799,-4.953,511.722,10.904,6.377,0.994,1
602.857,-5.024,509.690,13.131,10.355,0.786,1
608.894,-5.064,511.230,7.901,6.303,0.865,1
620.238,-5.130,512.336,6.512,4.664,0.951,0
629.978,-5.176,510.773,7.015,5.267,0.833,0
633.640,-5.191,508.229,7.078,3.982,0.848,1
640.014,-5.218,511.535,12.096,9.147,0.774,1
649.653,-5.253,509.748,6.306,3.925,0.845,1
659.371,-5.273,511.140,6.917,3.728,0.768,1
663.269,-5.283,505.797,13.173,7.498,0.832,1
668.091,-5.291,505.358,12.041,9.338,0.996,1
674.913,-5.297,505.941,12.300,8.804,0.879,1
681.649,-5.303,505.138,8.354,6.737,0.866,1
693.036,-5.307,506.850,5.209,3.173,0.945,0
696.693,-5.309,503.779,10.111,7.639,0.962,1
704.932,-5.309,506.472,8.908,5.812,0.798,0
710.877,-5.310,504.841,8.195,5.701,0.995,1
717.154,-5.309,507.905,6.384,4.995,0.733,1
726.384,-5.310,502.531,9.492,5.466,0.911,0
-191.131,-8.006,549.676,7.369,4.023,0.797,0
-181.000,-7.825,550.602,11.363,7.070,0.908,1
-83.441,-7.066,541.009,8.738,6.496,0.882,1
-12.133,-6.720,542.114,5.074,2.904,0.931,0
-5.905,-7.222,539.695,6.917,5.114,0.976,1
-3.340,-7.446,539.265,12.372,6.544,0.985,1
3.932,-7.967,538.101,8.730,4.929,0.756,1
15.010,-7.967,540.321,6.727,5.397,0.734,0
28.571,-7.967,538.701,12.848,7.494,0.890,1
33.213,-7.966,536.065,11.395,8.326,0.921,1
39.642,-7.966,539.124,12.108,7.919,0.751,0
45.407,-7.965,535.586,4.747,2.929,0.925,1
56.592,-7.516,533.550,9.100,6.259,0.896,1
63.590,-6.299,535.460,12.554,6.619,0.959,1
69.016,-5.352,537.571,5.458,3.496,0.882,1
80.646,-4.840,532.480,10.952,7.715,0.955,0
92.090,-4.846,531.691,9.508,7.191,0.855,1
95.157,-4.843,535.877,8.490,5.915,0.800,0
103.668,-4.846,534.605,9.549,6.663,0.748,0
120.372,-4.851,532.403,8.291,6.091,0.799,1
122.999,-4.853,531.165,4.562,2.585,0.898,0
132.931,-4.819,530.946,13.174,8.077,0.787,0
137.822,-4.249,532.963,10.504,7.389,0.971,1
155.481,-2.723,529.003,10.200,6.319,0.969,0
249.985,-4.269,527.026,4.439,3.622,0.803,1
255.177,-4.225,527.199,11.301,8.746,0.997,1
264.067,-4.141,526.370,8.777,6.352,0.773,1
271.103,-4.043,521.351,6.575,5.334,0.875,1
277.572,-4.023,523.693,10.621,5.814,0.812,0
285.360,-3.979,523.621,7.882,6.433,0.761,0
292.177,-3.837,521.387,9.309,7.478,0.808,1
307.319,-3.529,523.552,12.848,7.458,0.887,0
310.897,-3.479,520.050,10.996,7.701,0.789,1
322.034,-3.499,519.692,12.834,9.466,0.789,1
328.873,-3.355,522.896,13.438,7.873,0.764,0
343.936,-2.030,521.132,4.966,3.992,0.736,1
392.831,-2.337,514.010,5.160,4.215,0.861,0
399.403,-3.023,516.932,13.392,10.212,0.909,1
405.512,-3.569,513.469,11.156,7.266,0.906,1
409.649,-4.011,514.339,12.753,9.564,0.750,0
417.081,-4.474,516.962,6.181,4.782,0.980,1
424.120,-4.610,515.937,7.837,5.884,0.898,1
432.069,-4.787,515.114,13.236,9.254,0.750,0
440.811,-3.977,516.174,8.666,5.678,0.747,0
444.808,-2.832,511.292,6.503,4.183,0.797,0
451.581,-3.045,511.509,13.168,9.764,0.736,1
461.120,-3.153,512.154,10.516,5.557,0.922,0
472.730,-1.793,514.987,9.101,5.004,0.753,0
480.707,-1.968,509.697,4.632,2.938,0.758,1
487.648,-2.187,512.054,6.614,4.539,0.953,1
497.535,-2.508,513.303,5.297,3.531,0.943,0
511.539,-2.937,512.458,4.978,3.202,0.852,1
513.951,-3.024,508.448,9.614,7.523,0.919,1
521.923,-3.282,509.296,7.288,5.222,0.997,0
536.117,-3.794,506.067,8.304,5.840,0.810,0
546.945,-4.179,507.899,5.856,3.610,0.972,1
553.670,-4.449,505.240,5.852,4.456,0.933,1
561.037,-4.672,508.017,12.072,9.792,0.884,1
566.812,-4.741,507.632,4.986,2.599,0.803,0
571.905,-4.791,504.195,8.766,5.755,0.770,0
578.516,-4.861,506.921,12.830,9.071,0.764,1
587.602,-4.918,506.513,4.548,2.780,0.865,1
593.720,-4.954,504.178,10.261,7.569,0.850,1
598.165,-4.982,503.049,7.355,5.201,0.825,1
609.841,-5.010,501.763,7.646,5.359,0.958,0
616.877,-5.103,503.833,7.626,4.980,0.763,1
618.577,-5.115,506.204,10.801,8.117,0.842,0
626.726,-5.160,505.795,11.065,8.087,0.835,1
635.305,-5.198,504.679,13.496,10.148,0.966,0
641.405,-5.082,501.507,10.815,7.752,0.920,0
647.256,-5.174,501.364,7.039,4.339,0.777,1
657.774,-5.273,504.232,12.169,9.748,0.900,0
665.186,-5.291,499.357,12.598,8.264,0.842,1
669.257,-5.293,502.127,10.534,6.269,0.810,0
681.866,-5.305,499.146,4.904,3.165,0.876,1
690.500,-5.307,501.430,11.157,6.294,0.998,1
704.873,-5.309,497.025,11.717,6.806,0.808,1
719.788,-5.309,500.589,9.091,5.751,0.907,0
727.427,-5.309,499.290,11.120,7.356,0.811,1
-188.151,-7.952,542.024,8.985,5.257,0.748,1
-185.472,-7.905,540.698,8.647,6.523,0.938,0
-176.200,-7.050,540.327,3.542,2.713,0.866,0
-97.190,-7.999,537.026,4.848,2.609,0.840,0
-85.699,-7.518,536.049,12.441,8.921,0.949,1
-72.236,-6.759,535.315,6.939,5.072,0.948,1
-65.604,-6.414,533.331,12.030,7.459,0.787,0
-17.697,-6.025,535.011,6.272,4.966,0.959,1
-9.731,-6.655,529.930,11.170,8.442,0.976,1
-1.557,-7.478,533.210,5.601,4.542,0.803,0
4.983,-7.966,530.405,5.046,3.064,0.794,0
11.150,-7.965,530.287,6.704,4.253,0.791,1
17.261,-7.965,528.922,10.156,8.305,0.880,0
27.970,-7.965,530.022,11.581,7.663,0.992,0
32.425,-7.964,527.671,10.851,8.434,0.733,0
40.283,-7.964,531.045,10.037,7.059,0.962,1
46.357,-7.963,527.720,8.141,5.910,0.935,1
54.133,-7.940,526.285,13.293,9.763,0.966,0
59.858,-6.950,529.485,11.868,7.126,0.979,0
70.048,-5.181,527.714,9.214,5.377,0.903,0
76.218,-4.844,526.465,7.934,5.782,0.933,1
84.156,-4.847,526.545,11.572,6.743,0.818,0
92.186,-4.851,525.071,5.784,3.250,0.733,1
98.859,-4.854,524.286,7.586,6.079,0.757,0
102.011,-4.855,523.622,8.771,4.872,0.915,0
109.245,-4.855,525.885,4.672,2.597,0.784,1
118.710,-4.858,523.043,5.031,3.519,0.748,0
125.898,-4.859,523.091,5.150,3.652,0.844,0
133.567,-4.855,525.987,11.323,8.106,0.979,0
139.453,-4.521,524.056,5.318,3.786,0.744,0
144.647,-3.930,525.827,4.679,3.574,0.961,1
155.134,-3.162,521.697,7.556,4.009,0.932,1
157.553,-2.857,523.040,8.892,5.323,0.763,1
243.679,-3.725,517.952,4.052,2.823,0.741,1
254.870,-4.153,517.694,7.623,5.498,0.918,0
264.560,-4.060,515.230,12.083,9.361,0.758,0
271.660,-4.018,517.196,7.788,5.405,0.753,0
277.802,-3.994,518.462,8.995,5.434,0.882,1
284.086,-3.950,516.365,4.832,3.377,0.860,1
289.681,-3.857,514.093,12.888,9.342,0.811,0
297.779,-3.570,513.551,10.835,7.041,0.785,0
321.259,-3.408,514.497,12.154,7.743,0.766,1
326.063,-3.284,514.050,11.751,7.003,0.898,0
334.241,-2.506,512.301,8.401,6.628,0.942,1
339.272,-2.123,513.712,11.658,9.026,0.826,0
397.114,-2.589,507.189,12.808,8.699,0.741,1
401.634,-3.068,508.964,9.019,5.251,0.789,0
411.489,-3.814,508.118,8.710,6.701,0.923,0
420.353,-4.080,509.003,9.368,5.703,0.977,1
433.150,-4.099,507.407,13.246,8.200,0.867,0
440.719,-2.778,506.244,10.385,8.512,0.939,0
444.692,-2.113,506.060,10.295,7.999,0.930,0
451.547,-1.243,504.386,10.127,6.962,0.836,1
458.682,-2.365,508.061,10.889,7.321,0.953,0
468.339,-1.628,508.165,6.662,3.637,0.849,0
472.408,-1.724,506.448,12.536,8.673,0.793,1
482.004,-1.971,505.336,8.895,5.406,0.733,1
488.738,-2.161,502.719,11.448,6.351,0.796,0
501.788,-2.605,501.011,9.499,6.690,0.901,1
510.543,-2.907,504.151,4.963,3.442,0.876,0
518.779,-3.196,504.484,9.581,7.138,0.945,1
521.253,-3.299,500.671,5.024,2.967,0.880,1
532.661,-3.686,503.478,10.737,6.058,0.986,1
537.611,-3.870,501.371,5.005,3.718,0.761,0
546.588,-4.179,499.633,5.119,3.025,0.896,0
553.575,-4.450,502.593,11.299,7.008,0.925,1
555.905,-4.535,501.364,7.912,4.302,0.983,0
562.766,-4.675,501.924,8.380,5.847,0.819,1
572.662,-4.794,500.197,4.567,3.309,0.866,1
588.491,-4.777,496.135,4.611,2.472,0.757,0
594.672,-4.953,499.807,8.895,5.115,0.791,0
600.838,-4.923,499.721,12.499,8.644,0.738,0
607.687,-4.773,498.739,7.406,5.552,0.863,0
614.742,-4.722,498.703,5.086,3.185,0.867,1
618.839,-4.671,498.274,4.950,2.677,0.844,0
627.129,-4.657,498.077,8.564,4.839,0.954,1
634.760,-4.482,495.510,8.989,7.251,0.825,1
642.716,-4.706,496.909,7.089,4.978,0.781,1
646.117,-4.839,497.746,11.968,8.807,0.810,0
658.219,-5.061,496.734,9.024,6.341,0.735,1
660.347,-4.920,494.243,10.041,7.214,0.839,1
670.385,-5.205,492.741,8.088,4.584,0.737,1
679.611,-5.304,495.703,8.658,5.103,0.854,1
681.651,-5.306,493.616,8.375,5.699,0.951,0
696.860,-5.309,493.412,9.559,6.986,0.951,0
707.057,-5.309,490.291,7.856,4.917,0.961,1
712.071,-5.308,492.900,12.833,6.798,0.751,1
717.927,-5.307,490.928,13.010,7.169,0.797,1
723.505,-5.307,490.477,6.102,3.583,0.884,1
-181.611,-7.418,536.775,12.073,7.688,0.856,1
-115.138,-6.928,529.385,8.047,4.964,0.802,0
-108.028,-7.530,528.517,7.550,5.925,0.772,1
-97.540,-7.992,528.304,7.361,5.548,0.818,0
-90.207,-7.957,530.385,12.558,8.790,0.894,0
-88.047,-7.957,528.955,10.574,7.270,0.793,0
-76.864,-7.488,527.995,8.357,5.830,0.899,1
-69.047,-6.843,529.443,5.072,3.602,0.879,0
-66.118,-6.702,526.917,11.789,7.380,0.846,1
-12.826,-6.335,528.232,11.984,9.704,0.746,1
-6.923,-6.806,523.341,12.285,7.144,0.947,1
-2.226,-7.298,526.705,10.851,8.679,0.973,0
6.334,-7.965,526.428,11.154,8.185,0.952,0
9.869,-7.963,522.105,10.107,7.237,0.734,1
18.561,-7.963,521.252,11.313,7.923,0.906,1
26.043,-7.964,525.839,5.572,3.093,0.856,0
35.774,-7.962,522.259,6.785,5.154,0.855,1
42.255,-7.962,519.932,6.780,4.006,0.839,0
49.978,-7.963,524.838,9.464,7.161,0.977,0
60.430,-6.849,522.945,6.573,3.603,0.939,0
81.412,-4.851,518.353,4.784,3.223,0.731,0
89.308,-4.853,520.653,10.158,6.722,0.747,0
96.666,-4.855,520.440,10.786,7.891,0.999,1
105.565,-4.857,518.689,5.269,3.969,0.783,1
110.974,-4.856,516.539,9.995,7.177,0.749,0
118.383,-4.857,519.724,8.787,5.186,0.742,1
132.767,-4.853,520.064,4.975,2.985,0.948,1
137.829,-4.848,518.315,8.525,5.210,0.910,0
146.368,-4.381,514.930,12.112,8.062,0.952,1
153.735,-3.786,513.483,12.337,6.755,0.909,1
158.829,-3.324,513.416,13.092,8.971,0.982,1
167.349,-2.599,512.730,8.019,4.341,0.769,1
250.791,-3.648,512.042,8.722,6.432,0.860,1
254.344,-3.859,512.273,7.854,4.089,0.833,0
263.915,-4.044,511.471,12.838,7.007,0.791,1
270.492,-3.966,507.196,12.016,7.403,0.934,0
276.690,-3.964,511.270,9.008,4.945,0.865,1
283.437,-3.917,507.748,8.276,5.740,0.976,1
293.349,-3.708,511.025,11.085,6.550,0.805,1
298.698,-3.502,509.490,9.820,6.902,0.842,1
304.867,-3.266,505.779,8.144,6.008,0.849,0
310.383,-3.278,507.895,12.649,9.920,0.811,1
320.042,-3.270,506.461,9.067,5.573,0.920,0
329.252,-2.812,507.647,5.256,3.484,0.801,0
336.092,-2.134,505.462,8.883,4.854,0.789,0
342.738,-1.439,502.925,9.480,6.267,0.884,0
396.202,-2.322,500.859,7.403,5.333,0.892,1
404.494,-3.015,500.096,4.699,2.865,0.933,1
412.007,-3.354,501.609,12.549,7.390,0.892,0
416.040,-3.276,502.063,8.891,5.387,0.833,0
425.354,-3.489,502.012,9.357,7.078,0.878,1
431.921,-2.866,498.259,6.716,3.646,0.862,1
438.375,-2.953,499.671,5.597,4.303,0.813,0
447.219,-1.536,502.263,12.711,7.477,0.767,1
452.239,-1.118,500.234,7.936,4.648,0.946,1
459.940,-1.317,498.839,9.102,5.289,0.965,1
467.265,-1.519,499.246,5.876,3.249,0.837,0
475.364,-1.778,499.129,8.613,4.668,0.757,0
479.284,-1.879,497.397,9.546,6.140,0.779,1
487.782,-2.045,494.762,12.220,8.885,0.832,0
492.045,-2.119,494.542,10.130,6.598,0.845,1
502.535,-2.633,497.007,5.559,4.124,0.860,0
505.992,-2.733,496.454,5.811,4.238,0.783,1
524.128,-3.370,494.200,4.921,3.161,0.942,1
529.241,-3.596,497.665,11.068,6.920,0.934,0
537.229,-3.897,493.528,9.908,5.644,0.964,1
544.411,-4.131,492.975,9.185,6.115,0.984,0
553.361,-4.426,495.370,5.680,3.099,0.908,0
558.923,-4.610,493.791,6.813,4.812,0.855,0
565.677,-4.694,492.139,10.674,7.834,0.755,0
568.806,-4.736,492.791,11.456,9.385,0.867,1
581.184,-4.536,492.091,12.800,9.897,0.887,1
587.403,-4.536,493.140,6.890,3.780,1.000,0
591.095,-4.289,490.837,9.399,6.025,0.931,0
596.952,-4.170,490.306,11.453,8.863,0.784,0
607.378,-3.881,488.151,5.290,2.992,0.922,0
615.739,-3.950,489.650,11.494,9.016,0.803,0
619.890,-4.051,491.014,10.059,5.515,0.899,0
629.539,-3.984,490.163,9.845,7.372,0.776,0
636.217,-3.835,487.822,13.480,8.551,0.853,1
640.391,-4.083,490.116,12.989,7.875,0.763,1
645.917,-4.262,491.100,9.199,6.090,0.747,0
654.569,-4.237,488.338,11.267,7.807,0.788,0
662.905,-4.624,489.461,8.006,5.460,0.958,1
671.544,-4.945,488.660,9.001,6.882,0.932,1
673.852,-5.021,488.208,11.622,7.803,0.841,0
682.368,-5.309,486.497,5.376,2.969,0.798,1
711.468,-5.307,483.241,6.539,3.707,0.952,0
715.513,-5.306,483.515,9.737,5.971,0.776,1
727.850,-5.306,486.106,13.319,7.924,0.910,1
-184.448,-7.339,527.145,10.891,8.026,0.832,1
-121.223,-6.521,523.905,12.421,9.314,0.864,0
-112.336,-7.209,526.363,5.856,3.635,0.741,0
-108.179,-7.600,523.541,12.057,6.282,0.885,1
-99.919,-7.964,521.918,5.412,3.257,0.935,1
-92.489,-7.955,521.093,10.088,5.947,0.836,0
-87.703,-7.954,522.749,6.439,3.399,0.994,1
-79.613,-7.890,523.400,4.705,3.010,0.749,0
-69.696,-7.087,523.475,4.796,3.881,0.732,0
-11.024,-6.336,517.390,5.400,3.761,0.802,1
-4.735,-6.953,519.262,13.022,9.591,0.809,0
12.254,-7.962,514.903,5.481,4.315,0.949,0
17.097,-7.963,519.467,7.232,5.468,0.836,0
27.031,-7.962,515.742,6.617,4.330,0.894,1
35.302,-7.961,514.059,13.134,9.896,0.927,0
42.121,-7.961,514.519,8.671,4.628,0.869,0
45.134,-7.962,517.499,6.822,5.388,0.742,0
53.956,-7.961,512.630,6.429,5.120,0.868,1
58.748,-7.961,516.033,11.626,7.766,0.913,0
65.552,-7.295,514.299,5.513,3.004,0.986,1
74.192,-5.762,514.524,11.169,8.744,0.740,0
89.102,-4.856,512.554,8.190,6.553,0.779,0
97.921,-4.855,513.977,11.707,7.626,0.905,0
103.014,-4.856,510.224,5.197,3.694,0.847,1
111.711,-4.855,513.881,5.951,4.062,0.795,1
114.270,-4.853,511.617,9.951,7.519,0.833,1
126.252,-4.851,511.534,5.839,3.575,0.839,1
132.811,-4.837,510.225,12.894,9.462,0.776,1
135.081,-4.831,508.168,12.245,6.476,0.955,0
144.535,-4.822,509.256,8.025,6.431,0.803,0
153.048,-4.189,508.104,10.373,6.226,0.846,0
158.421,-3.807,506.521,7.454,3.939,0.970,0
166.136,-2.910,509.732,11.965,6.486,0.807,1
261.586,-3.394,500.546,8.507,6.543,0.928,1
273.100,-3.935,503.115,10.951,7.116,0.906,0
275.860,-3.917,500.884,11.060,7.622,0.858,0
282.828,-3.892,501.888,10.241,8.310,0.828,0
290.800,-3.724,500.195,8.238,6.465,0.995,1
299.047,-3.453,503.202,13.060,7.452,0.800,1
303.690,-3.237,500.560,7.865,5.260,0.934,1
310.613,-3.188,502.512,9.801,5.726,0.732,0
319.142,-3.128,498.461,12.229,7.727,0.798,0
327.349,-2.783,499.326,9.453,6.824,0.824,0
334.405,-2.171,501.184,8.055,4.709,0.968,1
396.902,-2.120,495.479,8.203,4.743,1.000,1
418.463,-2.354,495.216,12.413,8.224,0.968,0
426.880,-1.783,493.638,8.274,6.004,0.892,1
440.584,-2.090,493.308,6.296,5.084,0.931,0
443.676,-1.921,492.057,12.091,7.836,0.903,1
450.222,-0.928,491.255,7.342,4.221,0.858,1
459.078,-1.173,489.448,8.523,4.630,0.785,0
467.475,-1.435,490.916,11.278,7.425,0.872,0
470.938,-1.427,489.962,11.123,7.711,0.848,0
482.229,-1.729,492.228,9.303,7.295,0.947,1
489.852,-1.650,489.800,6.221,3.279,0.950,1
494.181,-1.759,489.755,12.429,8.481,0.737,1
498.479,-1.706,487.580,13.192,7.314,0.870,1
510.864,-2.334,489.186,9.950,5.291,0.860,0
516.523,-2.661,490.005,6.273,4.015,0.814,0
519.382,-2.493,486.245,8.440,6.186,0.879,0
527.354,-2.889,486.299,4.828,3.104,0.774,0
535.127,-3.253,486.110,11.390,6.900,0.792,0
540.960,-3.710,488.351,13.359,8.282,0.936,0
548.717,-3.771,484.942,5.772,4.240,0.931,1
559.734,-4.142,486.062,8.146,6.600,0.849,0
564.864,-4.038,484.668,10.167,6.261,0.958,1
571.088,-4.165,486.444,5.527,3.008,0.933,0
578.436,-3.738,482.489,7.888,5.968,0.955,0
587.806,-3.957,486.475,10.749,6.933,0.945,1
590.734,-3.967,487.044,7.364,5.576,0.789,1
599.658,-3.832,486.669,4.626,3.680,0.831,0
606.063,-3.627,484.983,10.207,8.352,0.753,1
613.433,-3.618,485.563,6.111,4.286,0.960,0
629.380,-3.522,484.804,6.781,4.148,0.749,0
718.204,-5.302,474.570,7.279,4.102,0.920,1
725.490,-5.302,475.108,8.823,5.485,0.743,0
-192.507,-7.819,519.522,5.834,3.776,0.995,0
-121.429,-6.628,517.486,8.005,6.033,0.752,0
-115.867,-7.113,515.780,9.845,6.499,0.895,0
-102.047,-7.970,516.034,11.628,8.285,0.807,1
-94.043,-7.961,514.900,8.572,6.752,0.988,1
-87.122,-7.954,517.412,6.863,3.786,0.908,0
-78.245,-7.915,517.750,12.366,6.737,0.919,1
-74.248,-7.612,515.949,6.076,3.372,0.813,0
-65.828,-6.889,517.195,10.571,6.362,0.739,1
-61.031,-6.556,512.221,6.110,4.741,0.752,1
-4.124,-6.925,512.686,11.994,8.488,0.983,0
2.961,-7.595,512.842,6.566,4.630,0.762,0
9.945,-7.961,508.596,11.769,7.127,0.830,0
16.719,-7.961,511.066,10.665,8.638,0.942,0
27.344,-7.960,506.886,6.352,5.006,0.814,1
34.657,-7.960,506.753,10.649,5.812,0.973,1
41.016,-7.961,509.172,13.232,10.651,0.820,1
52.637,-7.960,506.171,4.658,3.710,0.778,1
71.741,-7.726,505.612,12.013,7.420,0.979,1
79.459,-5.963,508.118,8.776,5.614,0.975,0
89.806,-4.858,508.556,8.890,6.276,0.964,0
97.497,-4.857,507.786,4.928,4.010,0.924,0
99.630,-4.857,502.844,4.641,3.215,0.841,1
108.114,-4.857,506.814,12.018,7.347,0.738,0
114.572,-4.853,505.307,10.066,5.277,0.795,1
124.132,-4.843,502.792,11.005,6.778,0.838,1
131.176,-4.831,502.855,7.619,4.424,0.745,1
136.036,-4.822,502.946,11.913,7.966,0.900,1
146.312,-4.782,500.083,7.339,5.659,0.931,0
152.625,-4.623,502.003,13.183,8.742,0.882,1
156.898,-4.215,502.414,6.803,3.561,0.764,0
165.415,-3.614,500.384,5.423,4.404,0.931,0
174.074,-2.726,502.844,9.165,6.453,0.990,0
264.196,-3.244,496.171,5.462,3.460,0.861,1
272.195,-3.644,494.496,6.544,3.470,0.760,1
276.708,-3.895,495.282,6.249,4.412,0.907,0
286.776,-3.853,493.568,12.919,10.054,0.970,1
291.279,-3.683,494.320,11.651,6.515,0.967,1
300.143,-3.224,491.705,12.017,7.615,0.994,0
303.779,-3.134,494.560,8.213,6.127,0.867,1
309.178,-2.993,491.028,5.880,4.287,0.975,0
320.519,-3.014,492.054,9.152,6.389,0.978,1
324.103,-2.954,491.241,12.629,7.453,0.974,0
333.578,-2.020,491.378,6.667,4.828,0.949,0
339.260,-1.506,492.732,5.112,3.247,0.977,0
388.491,-1.147,489.987,12.713,6.672,0.756,0
395.547,-1.592,489.579,8.184,4.770,0.731,0
403.437,-2.148,490.052,8.724,5.231,0.842,1
408.919,-1.943,486.464,8.600,6.076,0.797,0
418.289,-1.620,488.110,9.715,7.336,0.800,1
422.789,-1.288,488.330,8.059,6.296,0.871,0
433.545,-0.744,487.839,9.680,5.195,0.930,0
437.810,-0.882,487.898,6.787,3.910,0.795,1
445.385,-0.890,486.862,8.048,6.233,0.820,0
454.443,-0.945,484.420,8.334,6.199,0.919,1
461.168,-1.172,487.248,8.053,6.342,0.922,1
465.930,-1.109,486.591,9.596,6.453,0.760,1
470.782,-0.670,481.594,9.569,5.021,0.743,0
482.506,-1.080,484.868,4.703,2.712,0.737,0
487.512,-1.234,485.616,7.285,3.882,0.796,0
505.565,-1.690,484.191,11.952,7.434,0.790,1
516.442,-1.905,480.758,11.962,8.841,0.905,0
524.023,-2.184,479.599,7.850,5.738,0.915,1
531.084,-2.836,483.389,6.811,4.493,0.964,0
533.005,-2.492,478.004,7.217,4.799,0.825,0
544.382,-3.097,478.989,10.644,8.618,0.895,1
552.142,-3.394,479.079,9.712,6.199,0.910,0
555.597,-3.285,476.857,9.826,7.609,0.815,1
561.426,-3.371,477.170,12.369,7.752,0.926,0
571.819,-3.702,481.254,6.723,4.097,0.988,1
575.309,-3.248,476.466,11.141,6.035,0.785,0
584.374,-3.298,478.317,5.142,2.983,0.738,0
714.692,-5.302,470.682,6.275,4.414,0.881,0
725.558,-5.299,467.939,5.596,4.560,0.979,0
-126.236,-6.422,508.694,12.210,9.581,0.817,0
-120.675,-6.884,507.966,7.475,4.446,0.896,1
-115.581,-7.200,512.560,6.864,5.069,0.792,0
-105.694,-7.929,511.964,5.561,3.854,0.766,1
-100.866,-7.951,511.732,7.085,5.768,0.843,1
-88.775,-7.960,507.566,12.993,7.976,0.808,0
-78.967,-7.958,510.338,8.053,6.230,0.851,0
-72.810,-7.595,507.726,5.587,4.230,0.828,0
-66.686,-7.063,509.440,6.809,5.321,0.998,0
-59.905,-6.499,509.022,11.223,6.641,0.848,1
-9.754,-6.255,502.352,9.516,5.788,0.916,1
-3.991,-6.817,503.281,13.122,9.137,0.876,0
1.445,-7.341,503.656,12.320,8.751,0.894,0
20.429,-7.960,504.761,6.239,4.400,0.981,0
22.793,-7.960,504.668,10.906,7.501,0.810,1
31.412,-7.960,499.576,9.453,5.037,0.787,1
46.952,-7.960,499.337,9.485,6.371,0.864,0
61.181,-7.960,502.419,6.732,4.870,0.925,1
69.350,-7.960,500.269,12.549,8.225,0.794,1
73.879,-7.636,498.746,8.054,5.689,0.982,1
79.171,-6.722,498.966,9.230,6.943,0.857,1
88.296,-5.150,498.121,12.139,9.329,0.824,0
93.480,-4.853,496.192,12.352,7.606,0.925,0
100.828,-4.853,499.839,6.445,4.523,0.833,1
110.717,-4.840,495.078,6.677,5.066,0.873,0
116.430,-4.836,498.178,12.632,7.524,0.784,1
124.605,-4.821,494.738,10.109,7.955,0.818,1
131.279,-4.804,495.288,7.219,4.218,0.961,0
136.249,-4.790,495.733,6.018,3.291,0.787,0
145.106,-4.778,497.662,4.793,3.670,0.795,0
155.517,-4.716,494.994,8.634,5.347,0.743,0
166.280,-3.774,496.991,5.277,3.132,0.946,0
172.321,-3.548,493.185,6.227,4.666,0.842,0
176.868,-3.330,491.164,5.621,4.151,0.848,0
183.633,-2.502,495.848,5.910,4.159,0.879,1
265.090,-2.988,491.536,5.182,3.050,0.918,1
277.830,-3.682,488.855,5.754,4.590,0.852,1
282.686,-3.838,485.521,7.472,4.246,0.746,1
290.267,-3.755,485.073,11.773,6.344,0.747,0
305.189,-2.986,488.780,7.543,5.265,0.998,0
313.114,-2.854,483.886,10.342,6.070,0.956,0
319.906,-2.902,485.681,9.851,7.217,0.980,1
326.791,-2.583,482.765,10.864,6.629,0.995,1
330.216,-2.258,484.868,12.421,7.489,0.949,0
341.228,-1.081,481.827,11.108,8.886,0.829,0
396.925,-0.645,478.920,6.501,5.155,0.873,0
404.437,-0.915,479.454,11.355,7.518,0.865,0
409.572,-1.385,482.337,7.962,5.388,0.927,1
418.240,-1.350,482.455,11.136,8.009,0.892,1
423.099,-0.894,477.558,12.084,9.564,0.775,0
429.366,-0.465,482.036,6.115,3.207,0.817,1
436.459,-0.335,478.538,7.779,5.550,0.940,1
442.032,-0.364,476.758,6.196,4.370,0.765,0
453.309,-0.245,476.516,6.712,5.361,0.841,1
477.779,-0.282,476.799,10.673,7.030,0.861,1
541.129,-2.304,471.078,6.202,3.620,0.871,1
548.581,-2.905,474.640,5.468,3.594,0.740,0
558.453,-3.009,473.258,7.200,4.239,0.944,0
563.679,-3.035,473.255,8.954,4.821,0.998,0
715.719,-5.299,464.904,5.079,3.925,0.737,1
724.763,-5.296,465.062,7.273,4.945,0.883,1
-189.998,-7.327,508.456,8.803,7.007,0.929,0
-130.514,-6.203,502.913,5.547,2.923,0.890,0
-120.909,-6.994,502.068,11.040,8.323,0.891,0
-116.620,-7.353,501.457,6.591,5.375,0.995,1
-110.500,-7.803,503.288,5.415,4.160,0.847,1
-86.160,-7.961,501.699,13.498,7.197,0.798,1
-77.744,-7.961,500.494,12.214,8.723,0.796,0
-71.704,-7.551,503.048,8.993,5.321,0.779,0
-67.777,-7.232,502.049,4.625,2.676,0.773,0
-10.083,-6.135,496.422,5.902,3.913,0.797,0
-0.587,-7.025,494.991,11.093,5.807,0.966,1
1.404,-7.263,498.204,10.645,5.564,0.878,0
9.724,-7.960,496.321,9.387,7.067,0.871,1
18.065,-7.960,495.262,4.865,2.885,0.790,1
22.677,-7.960,497.401,8.105,5.353,0.911,0
30.811,-7.961,494.394,5.235,3.566,0.917,1
37.173,-7.960,496.805,9.942,5.537,0.997,1
43.911,-7.961,493.737,10.799,7.968,0.958,1
51.147,-7.961,492.274,11.412,8.162,0.973,0
57.219,-7.961,492.027,9.368,7.338,0.903,0
68.690,-7.961,491.763,6.653,5.111,0.955,1
73.634,-7.678,495.026,5.585,3.296,0.982,0
81.162,-6.377,494.921,11.178,8.578,0.864,1
89.596,-4.924,493.686,12.477,9.456,0.808,1
93.685,-4.849,489.304,6.707,4.183,0.797,1
103.976,-4.844,492.973,12.589,6.586,0.748,0
109.922,-4.838,492.050,8.253,6.688,0.736,0
117.032,-4.821,489.821,4.977,2.807,0.964,1
123.019,-4.815,491.916,4.812,3.288,0.792,1
127.858,-4.802,490.383,12.497,9.074,0.896,0
138.807,-4.764,490.503,11.827,7.666,0.820,1
145.831,-4.732,487.714,11.924,7.156,0.897,0
149.673,-4.720,489.747,6.287,3.983,0.803,1
154.899,-4.695,490.333,8.696,6.707,0.906,0
166.597,-4.479,485.943,7.027,4.513,0.959,0
170.496,-4.248,484.693,10.975,7.464,0.982,0
178.289,-3.664,484.655,6.996,4.926,0.872,0
183.249,-3.256,485.499,7.276,4.535,0.816,0
190.284,-2.904,483.440,8.807,6.384,0.885,1
275.788,-3.012,479.349,12.309,9.346,0.927,1
283.300,-3.799,483.622,7.709,6.109,0.818,1
289.569,-3.806,480.182,6.776,5.160,0.758,0
299.067,-3.478,481.419,11.494,7.125,0.747,1
306.924,-3.272,476.828,12.918,7.808,0.997,0
310.683,-2.834,480.314,13.312,8.357,0.899,0
315.677,-2.665,476.694,7.213,5.161,0.928,0
324.139,-2.718,478.732,11.541,8.911,0.755,0
332.982,-1.920,480.369,8.684,6.255,0.963,1
336.608,-1.505,477.713,10.140,6.295,0.835,0
344.908,-0.659,479.724,7.257,4.807,0.747,0
396.803,-0.442,477.009,7.295,4.270,0.912,1
401.199,-0.011,472.622,7.944,4.331,0.821,1
406.397,0.073,471.748,4.514,3.180,0.942,1
414.790,0.182,471.890,11.574,6.950,0.780,1
421.743,-0.672,474.624,7.702,5.760,0.934,0
439.046,0.163,470.339,13.366,10.198,0.904,1
444.835,0.256,469.924,12.283,7.385,0.864,1
448.815,0.274,470.181,8.924,5.361,0.869,0
460.583,0.304,470.869,5.468,3.769,0.745,1
464.047,0.383,470.149,4.547,2.593,0.824,1
473.824,0.322,470.514,7.800,4.353,0.835,1
714.705,-5.294,455.172,8.766,5.707,0.945,1
722.586,-5.290,453.853,4.589,2.708,0.780,1
-122.074,-7.093,494.075,8.333,4.954,0.944,1
-115.252,-7.551,497.682,5.227,3.267,0.732,0
-107.325,-7.868,495.922,9.628,5.365,0.888,0
-96.386,-7.929,493.200,10.406,7.624,0.766,0
-80.299,-7.961,493.365,5.797,4.707,0.913,0
-74.204,-7.864,492.777,5.907,3.290,0.868,1
-67.442,-7.300,492.907,4.547,2.411,0.895,1
-58.550,-6.539,494.861,6.761,4.251,0.928,1
-7.866,-6.237,489.484,12.489,8.317,0.854,0
-3.114,-6.667,487.577,9.690,6.758,0.885,1
9.392,-7.890,488.099,8.175,5.691,0.970,1
17.284,-7.961,491.464,6.300,5.140,0.742,0
25.835,-7.961,490.337,5.034,3.270,0.937,0
31.458,-7.961,488.333,13.378,8.968,0.797,0
38.896,-7.961,487.211,4.622,2.504,0.921,1
44.274,-7.961,484.826,8.161,6.118,0.811,1
51.868,-7.961,484.891,10.114,7.992,0.870,0
59.048,-7.961,488.822,9.953,6.782,0.857,0
64.888,-7.961,484.546,5.275,3.756,0.864,0
73.175,-7.758,487.735,12.725,7.906,0.963,1
78.678,-6.807,486.462,10.498,6.921,0.751,1
87.771,-5.234,484.730,9.902,7.319,0.948,1
94.235,-4.845,485.131,9.313,5.504,0.805,1
99.256,-4.835,482.937,5.624,4.279,0.886,0
109.471,-4.824,483.659,9.569,6.857,0.845,1
119.859,-4.800,483.711,10.549,6.321,0.746,1
131.429,-4.753,481.391,13.222,9.845,0.940,1
133.928,-4.746,481.831,4.911,3.407,0.820,0
144.075,-4.710,481.721,12.333,6.518,0.906,1
158.501,-4.643,483.684,8.649,6.688,0.874,1
166.288,-4.566,479.469,6.435,3.566,0.972,1
173.705,-4.376,478.777,8.660,4.685,0.755,1
176.570,-3.937,482.363,8.213,6.464,0.904,0
183.659,-3.574,480.017,11.875,7.265,0.928,1
280.437,-3.038,471.958,9.534,7.547,0.982,1
291.924,-3.774,471.502,13.206,9.800,0.945,1
299.057,-3.779,474.057,7.529,5.028,0.899,1
306.338,-3.579,471.194,7.477,5.380,0.968,0
310.023,-3.384,469.608,11.130,6.513,0.834,0
316.069,-2.875,471.028,10.737,7.914,0.781,0
325.067,-2.477,469.831,4.631,3.015,0.778,0
334.009,-1.718,468.957,9.330,6.730,0.852,1
336.660,-1.430,468.920,6.661,3.567,0.777,0
347.659,-0.204,468.069,7.898,5.080,0.795,0
401.441,0.692,466.185,4.573,3.345,0.977,0
417.803,0.605,467.506,6.087,4.567,0.793,0
424.099,0.515,467.662,12.712,6.655,0.823,0
427.057,0.680,464.467,4.775,3.883,0.859,1
437.329,0.724,463.433,6.217,3.415,0.844,0
444.918,0.479,467.308,11.922,6.923,0.938,0
449.110,0.581,466.701,8.394,5.153,0.751,1
459.866,0.802,465.276,8.471,5.232,0.786,0
708.414,-5.282,447.536,6.950,4.975,0.865,0
722.169,-5.288,449.967,12.343,7.482,0.772,0
-191.596,-7.251,495.243,6.257,4.470,0.841,1
-187.735,-6.913,494.966,7.499,5.562,0.840,1
-129.103,-6.607,490.676,7.671,5.015,0.788,1
-120.525,-7.322,489.972,5.133,3.088,0.857,1
-117.715,-7.551,489.999,12.611,6.741,0.798,1
-102.409,-7.890,489.086,11.322,8.798,0.865,1
-96.438,-7.926,490.112,10.991,6.074,0.868,0
-85.852,-7.960,488.404,6.110,4.775,0.989,1
-79.156,-7.960,485.466,7.980,6.355,0.887,0
-75.042,-7.960,488.450,11.909,8.786,0.824,0
-69.548,-7.533,487.593,4.917,3.965,0.801,0
-62.305,-6.961,484.819,4.910,3.892,0.959,1
-6.813,-6.190,480.713,12.751,9.295,0.832,0
0.480,-6.929,482.252,4.606,3.407,0.932,0
11.219,-7.961,484.451,13.450,9.622,0.836,1
18.334,-7.961,482.677,4.826,3.565,0.988,1
21.782,-7.962,480.478,11.211,9.045,0.788,0
31.499,-7.962,479.549,4.814,2.965,0.954,0
35.421,-7.961,483.518,6.177,4.667,0.812,1
45.410,-7.962,483.115,9.109,6.107,0.840,1
52.659,-7.962,482.584,13.208,8.544,0.885,0
61.087,-7.963,478.426,11.485,7.809,0.992,1
71.929,-7.963,478.456,10.910,6.729,0.780,0
87.160,-5.329,476.778,6.602,4.333,0.948,1
91.026,-4.835,476.301,5.106,4.029,0.799,0
98.783,-4.822,478.123,8.192,4.880,0.820,1
106.425,-4.818,479.072,6.125,4.908,0.869,0
113.497,-4.784,474.568,4.714,3.544,0.900,1
120.110,-4.769,476.619,7.394,5.455,0.895,1
129.141,-4.731,474.051,8.412,5.153,0.809,0
138.413,-4.692,474.892,10.723,6.590,0.947,1
143.248,-4.664,472.833,9.151,5.557,0.941,0
152.233,-4.630,476.537,5.618,3.973,0.792,0
159.218,-4.570,473.159,9.237,6.805,0.746,0
162.808,-4.552,473.455,10.161,5.967,0.996,1
169.640,-4.497,472.764,8.616,6.615,0.739,0
177.899,-4.420,470.117,8.417,6.471,0.825,0
185.588,-4.021,470.416,9.876,5.319,0.907,1
281.103,-2.867,465.990,7.818,4.138,0.983,1
287.831,-3.528,468.611,12.481,9.724,0.814,0
295.298,-3.761,468.579,10.804,5.727,0.918,0
312.779,-3.187,465.324,6.301,3.775,0.877,0
318.596,-2.697,462.837,5.746,4.667,0.829,0
331.373,-2.003,463.821,5.016,3.058,0.734,0
336.631,-1.423,465.646,5.974,3.192,0.904,0
409.386,1.140,461.308,9.077,5.192,0.836,1
414.086,1.428,456.797,9.673,7.810,0.987,0
421.084,1.261,457.712,12.354,8.173,0.930,1
430.814,1.264,456.291,9.547,7.028,0.754,0
434.152,1.034,459.217,11.871,6.680,0.785,0
720.769,-5.274,444.413,6.336,4.215,0.823,0
-190.377,-7.063,487.214,11.262,7.326,0.980,0
-188.279,-6.894,488.772,7.911,4.934,0.901,1
-129.513,-6.718,485.035,7.239,3.894,0.880,1
-125.125,-7.112,484.091,5.030,3.666,0.818,0
-116.465,-7.786,485.231,7.213,4.656,0.870,0
-109.613,-7.904,480.966,10.295,7.644,0.774,1
-104.304,-7.876,484.570,11.408,6.701,0.969,1
-95.857,-7.926,482.584,8.229,5.413,0.991,0
-83.448,-7.960,481.845,10.204,6.003,0.925,1
-75.825,-7.960,481.100,5.949,3.943,0.983,0
-68.267,-7.511,480.333,4.885,2.974,0.985,1
-60.433,-6.864,479.638,4.943,3.662,0.737,0
-3.794,-6.371,474.191,9.762,6.515,0.918,1
1.141,-6.857,474.236,5.103,3.834,0.917,1
11.719,-7.953,477.623,6.032,3.160,0.958,0
21.640,-7.962,475.207,11.615,9.158,0.923,0
27.964,-7.963,473.447,12.812,9.057,0.924,1
36.860,-7.963,473.309,7.210,3.983,0.958,1
42.421,-7.963,472.677,6.669,5.456,0.838,1
49.033,-7.963,474.726,4.879,3.355,0.897,1
56.176,-7.964,471.799,7.730,4.178,0.832,1
63.511,-7.964,474.549,6.592,4.123,0.823,0
72.176,-7.933,473.346,8.768,5.702,0.949,1
81.037,-6.388,473.170,12.614,7.750,0.900,1
86.082,-5.509,469.944,5.077,2.794,0.909,1
97.887,-4.813,470.515,4.580,3.133,0.915,1
108.374,-4.798,472.242,9.989,8.154,0.858,0
112.232,-4.771,467.804,7.484,5.004,0.767,1
122.755,-4.730,467.527,10.615,6.816,0.813,1
126.951,-4.713,467.650,9.013,5.465,0.863,1
137.955,-4.658,467.160,6.407,4.252,0.876,1
141.171,-4.657,470.038,8.578,5.010,0.815,0
155.876,-4.542,465.380,7.076,5.205,0.767,1
161.374,-4.522,467.419,8.025,5.062,0.735,1
171.303,-4.419,463.467,5.917,3.334,0.840,1
174.593,-4.410,465.440,8.929,6.341,0.897,1
182.445,-4.329,462.767,13.093,8.535,0.875,1
191.410,-3.772,467.788,5.340,3.617,0.914,1
281.862,-2.668,457.312,8.522,6.488,0.892,0
290.093,-3.485,460.607,7.686,4.375,0.732,0
293.974,-3.729,457.992,8.378,6.776,0.897,1
303.448,-3.732,460.036,12.359,8.392,0.761,0
315.378,-2.820,457.735,10.168,8.290,0.884,1
324.886,-2.172,458.425,7.919,6.298,0.798,0
332.412,-1.925,456.409,12.797,7.411,0.948,0
338.701,-1.231,454.330,12.863,9.404,0.897,0
343.799,-0.630,456.463,5.931,4.841,0.936,1
426.276,1.452,454.064,7.225,5.270,0.745,1
626.708,-3.291,438.901,4.802,3.680,0.919,1
629.324,-3.305,439.411,7.731,4.538,0.929,0
703.444,-5.244,434.837,8.939,5.821,0.747,1
716.028,-5.246,434.560,8.379,6.264,0.887,1
723.427,-5.244,433.432,11.394,6.483,0.965,0
-190.729,-7.047,479.459,6.365,3.365,0.906,0
-134.744,-6.430,479.059,5.859,3.363,0.777,1
-131.342,-6.824,474.965,6.503,3.456,0.837,1
-124.341,-7.474,473.442,11.412,6.950,0.749,0
-114.950,-7.942,477.795,10.629,8.313,0.859,1
-107.398,-7.979,472.397,11.341,6.187,0.895,1
-104.506,-7.936,475.999,4.909,2.653,0.990,1
-95.445,-7.929,475.765,6.944,4.267,0.797,1
-86.088,-7.961,474.554,12.438,9.934,0.915,1
-78.936,-7.961,474.495,7.258,5.290,0.942,1
-72.951,-7.961,475.237,13.078,9.881,0.743,1
-66.907,-7.515,470.826,6.555,3.619,0.946,1
-58.707,-6.784,474.095,9.528,5.614,0.999,0
-53.224,-6.363,470.416,5.904,4.712,0.950,1
-2.772,-6.338,466.466,5.698,3.067,0.932,1
3.848,-7.029,468.747,7.558,5.278,0.945,0
7.837,-7.459,470.870,10.640,8.673,0.961,0
14.586,-7.962,467.941,4.587,2.510,0.738,1
24.862,-7.963,466.448,13.487,7.922,0.820,1
32.327,-7.963,469.635,5.256,4.296,0.975,1
34.916,-7.964,466.607,9.514,6.436,0.911,0
41.974,-7.964,465.779,11.516,8.744,0.971,0
50.807,-7.965,466.339,13.228,9.731,0.847,0
59.935,-7.965,467.639,7.830,5.159,0.950,1
62.368,-7.965,463.598,13.431,10.808,0.877,1
74.583,-7.964,462.346,9.625,6.037,0.747,0
76.679,-7.485,466.069,8.342,5.446,0.830,1
86.557,-6.358,462.651,6.952,4.603,0.839,1
92.727,-5.051,463.880,5.027,3.905,0.891,1
101.907,-4.786,464.502,12.137,7.570,0.881,1
107.147,-4.764,461.835,7.753,4.890,0.808,0
127.740,-4.689,464.007,10.979,7.275,0.768,0
135.183,-4.635,461.447,9.098,6.100,0.856,0
140.362,-4.590,458.244,9.705,5.329,0.950,0
146.714,-4.584,463.005,12.700,7.003,0.762,0
156.284,-4.509,460.963,4.844,3.118,0.905,0
164.220,-4.435,458.076,7.858,4.568,0.931,0
167.576,-4.420,459.898,12.239,9.671,0.916,0
179.183,-4.315,457.644,12.811,9.083,1.000,1
181.111,-4.296,457.087,7.837,4.133,0.800,0
188.974,-4.258,460.841,5.176,3.967,0.983,1
290.297,-3.361,454.283,6.497,4.060,0.862,1
295.006,-3.712,453.226,10.168,7.625,0.789,1
301.000,-3.703,450.616,4.986,2.675,0.804,1
308.610,-3.459,453.478,4.695,3.753,0.815,0
314.467,-2.892,452.617,13.040,8.237,0.743,0
325.545,-1.939,449.939,9.969,6.551,0.795,1
330.347,-1.801,447.865,6.758,4.499,0.789,0
343.692,-0.679,451.721,8.791,4.681,0.977,1
611.534,-3.114,436.094,8.505,4.825,0.957,1
614.475,-3.423,433.760,10.778,6.089,0.993,1
622.118,-3.602,434.317,10.585,6.582,0.799,1
630.021,-3.956,431.028,11.866,7.647,0.888,0
636.531,-3.427,434.028,7.522,4.584,0.942,0
700.376,-5.148,427.374,7.968,5.008,0.960,1
714.812,-5.224,429.200,5.614,3.828,0.937,1
723.023,-5.215,426.468,9.093,5.488,0.872,0
-196.313,-7.511,471.257,6.607,3.568,0.990,1
-135.369,-6.573,470.428,7.655,4.488,0.863,1
-130.698,-7.053,467.986,5.698,3.353,0.848,1
-121.796,-7.773,470.713,9.519,5.468,0.957,1
-114.718,-8.050,467.497,7.648,5.182,0.818,0
-110.882,-8.017,469.180,5.094,2.785,0.770,0
-103.257,-8.006,465.633,10.648,7.331,0.942,1
-96.448,-7.983,466.188,10.052,7.101,0.991,0
-89.946,-7.961,465.090,7.272,4.538,0.908,1
-81.091,-7.961,465.025,10.765,6.137,0.873,1
-75.493,-7.961,467.107,5.751,3.486,0.754,1
-69.203,-7.754,467.405,10.076,5.403,0.745,1
-58.456,-6.849,467.038,12.632,7.931,0.797,0
-54.296,-6.549,463.143,11.178,7.450,0.979,0
-4.597,-6.076,461.785,9.789,5.877,0.944,0
8.896,-7.417,462.255,11.692,6.666,0.892,1
13.361,-7.802,458.924,11.679,6.459,0.853,0
20.767,-7.964,462.053,8.866,7.201,0.973,0
29.099,-7.965,462.621,12.433,7.825,0.745,0
38.840,-7.965,461.368,13.281,9.660,0.755,0
45.009,-7.965,461.655,10.864,7.839,0.976,0
51.172,-7.966,459.159,8.970,4.941,0.773,1
55.088,-7.966,460.287,7.259,4.541,0.749,1
63.282,-7.965,455.759,11.726,8.012,0.902,1
72.738,-7.965,456.960,8.270,5.202,0.921,1
77.016,-7.964,460.103,7.219,5.902,0.818,0
86.128,-7.864,454.425,6.854,5.410,0.748,0
95.379,-5.636,457.771,7.552,3.976,0.923,1
97.570,-5.607,455.667,5.650,3.398,0.812,0
108.413,-4.730,454.741,11.154,7.310,0.740,0
111.881,-4.716,455.264,7.744,5.759,0.830,0
123.371,-4.660,454.679,10.316,7.134,0.835,0
127.015,-4.655,456.604,7.576,6.193,0.998,1
134.018,-4.590,452.163,10.983,5.784,0.972,0
140.429,-4.568,454.979,8.522,4.504,0.731,0
154.364,-4.474,453.980,5.762,3.143,0.828,1
163.541,-4.385,450.270,8.572,5.795,0.999,1
169.462,-4.369,454.793,11.447,8.257,0.954,0
177.794,-4.281,451.919,10.905,6.409,0.735,1
191.375,-4.161,451.076,4.263,3.045,0.790,0
290.651,-3.285,446.998,6.126,4.891,0.893,0
296.807,-3.681,444.956,7.520,4.975,0.858,1
301.716,-3.672,442.708,9.121,6.190,0.927,1
311.061,-3.101,446.046,7.272,5.027,0.970,0
317.398,-2.360,441.415,7.475,4.959,0.984,1
320.867,-2.074,443.143,7.147,4.132,0.832,1
332.213,-1.707,445.642,8.331,6.747,0.998,0
338.846,-1.338,445.270,4.740,2.779,0.866,1
341.703,-1.049,443.017,7.714,5.668,0.988,1
351.636,0.072,441.093,12.569,8.538,0.924,1
496.192,-0.002,432.421,5.912,3.873,0.776,0
582.040,-2.769,431.215,6.058,4.563,0.849,1
595.774,-3.184,430.670,4.517,3.425,0.917,1
602.547,-3.779,426.262,11.405,8.514,0.899,0
609.479,-4.073,425.255,4.709,2.671,0.942,0
616.616,-4.345,424.689,8.944,6.459,0.814,0
625.049,-4.291,427.438,11.161,6.930,0.864,0
630.433,-3.755,424.689,7.392,5.407,0.841,1
712.979,-5.195,423.536,12.594,8.080,0.924,1
718.988,-5.194,422.914,11.402,6.968,0.960,0
-195.431,-7.446,464.274,12.620,10.124,0.750,0
-138.211,-6.473,462.441,9.232,7.066,0.862,1
-131.103,-7.083,464.774,6.665,3.820,0.850,0
-124.995,-7.749,459.896,6.405,3.713,0.982,1
-118.084,-8.139,463.604,5.860,4.732,0.817,1
-112.652,-8.122,463.720,7.176,3.998,0.841,0
-105.081,-8.142,458.770,13.298,7.022,0.770,0
-88.017,-7.962,460.711,8.382,5.862,0.979,0
-82.996,-7.962,462.083,6.060,3.898,0.845,1
-73.341,-7.962,460.864,8.549,7.006,0.759,0
-63.065,-7.320,461.222,7.022,4.014,0.942,1
-53.926,-6.624,455.877,8.155,5.744,0.857,0
0.137,-6.437,455.526,9.449,6.742,0.991,1
17.512,-7.966,455.227,13.298,8.555,0.856,1
22.764,-7.967,453.980,7.321,5.501,0.981,0
30.383,-7.968,451.467,7.244,4.993,0.843,0
38.576,-7.968,452.220,11.807,7.009,0.980,1
45.048,-7.967,453.436,5.960,4.065,0.866,0
52.485,-7.965,449.390,12.588,8.209,0.964,1
59.181,-7.966,453.669,8.931,5.840,0.910,0
69.391,-7.965,453.416,13.177,9.528,0.818,1
76.411,-7.963,450.279,11.443,6.391,0.808,1
83.805,-7.961,450.510,11.597,8.998,0.730,1
90.153,-7.924,449.437,5.319,3.510,0.953,1
101.011,-5.891,450.468,12.981,6.913,0.982,1
106.205,-5.017,449.348,6.588,4.644,0.878,0
115.388,-4.658,446.898,10.630,8.147,0.930,1
117.499,-4.651,447.349,13.470,8.031,0.874,1
127.296,-4.612,449.003,6.393,4.282,0.958,1
132.923,-4.560,446.152,5.279,3.312,0.763,0
138.629,-4.546,449.176,6.631,4.347,0.912,1
149.847,-4.449,445.900,10.305,5.629,0.746,0
163.802,-4.352,446.133,13.377,7.564,0.739,1
166.945,-4.311,444.247,10.047,5.358,0.847,0
175.895,-4.237,444.212,4.511,3.076,0.867,0
184.703,-4.056,442.350,10.784,7.790,0.855,0
282.528,-2.445,440.886,13.127,9.347,0.744,0
285.997,-2.733,436.165,10.330,6.561,0.984,1
296.647,-3.650,437.466,10.780,6.618,0.844,0
301.804,-3.654,438.352,5.208,3.355,0.955,0
309.979,-3.179,439.656,9.175,6.640,0.987,0
316.684,-2.357,436.287,9.410,7.525,0.995,1
321.909,-1.718,434.080,5.152,3.859,0.911,0
329.126,-1.545,438.112,13.344,7.256,0.908,1
338.094,-1.255,433.122,6.536,3.828,0.738,0
345.771,-0.891,432.831,10.845,8.866,0.854,1
353.559,0.070,433.904,7.880,5.143,0.945,1
357.493,0.529,434.111,8.566,4.877,0.880,1
484.907,0.623,424.729,4.893,3.917,0.990,1
489.657,0.306,426.533,5.240,3.895,0.908,1
496.858,-0.539,426.476,6.324,3.785,0.749,1
504.985,-1.235,428.965,12.304,9.846,0.770,0
511.627,-2.183,423.724,6.742,4.914,0.757,0
517.015,-2.209,425.403,10.407,5.859,0.803,0
526.641,-2.195,427.459,5.300,2.770,0.732,0
530.313,-2.551,424.280,7.891,6.015,0.922,1
542.079,-2.728,423.471,4.509,3.447,0.949,0
547.717,-2.861,422.695,4.931,3.394,0.935,1
550.745,-2.916,422.553,5.569,4.237,0.895,0
563.135,-2.932,424.623,12.829,7.203,0.931,1
566.167,-3.446,419.977,12.497,7.947,0.867,1
576.638,-3.728,419.564,7.454,4.900,0.954,0
580.638,-3.749,420.391,8.532,5.073,0.927,1
590.851,-3.681,423.931,4.540,2.499,0.822,1
595.039,-4.003,421.682,10.590,5.720,0.833,1
603.436,-4.571,418.058,6.067,3.617,0.969,1
610.597,-4.783,418.044,7.605,5.738,0.981,0
615.922,-4.663,418.604,12.505,6.551,0.820,1
625.924,-3.910,418.727,7.067,4.030,0.799,1
630.739,-3.520,418.647,8.019,5.249,0.868,0
716.357,-5.156,415.905,5.991,3.741,0.789,0
-192.307,-7.224,457.936,6.288,3.606,0.757,1
-139.916,-6.382,456.443,9.345,4.871,0.762,1
-129.391,-7.428,453.186,8.412,5.865,0.828,0
-120.245,-8.263,456.082,9.738,5.677,0.812,0
-111.289,-8.343,452.629,11.669,6.192,0.773,1
-105.860,-8.289,452.536,9.334,5.829,0.856,1
-97.424,-8.090,452.411,5.540,3.038,0.857,0
-92.079,-7.969,454.733,5.801,3.480,0.942,0
-84.854,-7.962,453.144,5.178,2.810,0.957,1
-77.451,-7.963,450.243,12.682,9.234,0.745,1
-59.114,-7.129,451.538,10.298,7.135,0.824,1
-57.144,-6.999,449.195,7.617,5.261,0.892,0
3.675,-6.677,449.079,11.646,8.380,0.799,0
6.055,-6.903,448.495,8.218,5.601,0.980,0
16.118,-7.842,445.166,8.792,6.579,0.968,1
23.214,-7.961,446.960,5.621,2.932,0.972,1
31.360,-7.956,444.737,8.568,5.118,0.773,0
33.376,-7.960,446.395,9.019,6.209,0.955,1
40.502,-7.948,443.695,10.647,7.568,0.783,1
47.138,-7.944,443.321,11.685,6.714,0.809,1
58.837,-7.949,446.575,10.437,6.543,0.766,1
69.600,-7.926,442.377,10.671,6.809,0.801,0
76.362,-7.934,446.054,10.214,7.127,0.980,1
84.094,-7.901,441.941,12.805,10.142,0.804,0
89.388,-7.890,440.709,6.411,3.890,0.967,0
97.153,-6.446,441.197,8.947,5.662,0.781,1
108.000,-4.518,443.428,10.109,6.968,0.969,0
110.937,-4.584,443.803,6.544,3.801,0.792,1
120.837,-4.611,443.385,10.610,6.088,0.813,1
128.993,-4.541,439.142,5.440,3.461,0.766,0
132.993,-4.528,441.263,6.446,4.782,0.741,0
140.895,-4.478,440.907,7.583,4.825,0.745,0
152.415,-4.377,438.363,9.446,6.695,0.889,0
159.951,-4.309,436.638,13.176,8.622,0.805,0
166.864,-4.257,436.958,11.628,8.733,0.857,1
175.635,-4.203,439.626,5.840,4.370,0.994,1
184.438,-4.036,438.767,5.700,3.134,0.862,1
285.975,-2.720,433.474,11.724,6.512,0.766,0
294.661,-3.571,431.720,11.840,6.313,0.959,1
303.444,-3.616,430.001,12.701,9.303,0.922,1
307.227,-3.439,429.136,7.110,3.847,0.991,1
318.366,-2.138,432.482,9.145,5.607,0.768,1
321.514,-1.732,431.014,11.817,8.615,0.845,1
327.398,-1.380,431.198,5.545,3.266,0.974,1
335.849,-1.196,429.526,9.364,5.937,0.860,0
343.083,-1.017,427.301,4.931,2.810,0.970,0
349.871,-0.541,429.879,11.101,8.123,0.923,0
356.714,0.156,428.127,4.550,2.754,0.992,1
364.964,1.162,429.360,9.616,5.188,0.929,0
475.925,1.056,420.413,11.622,7.144,0.967,0
483.678,0.371,419.363,8.521,6.565,0.769,0
497.570,-1.122,420.029,11.845,6.174,0.867,0
508.985,-2.368,420.620,4.532,2.422,0.824,1
517.129,-2.792,419.698,9.427,7.425,0.790,1
524.437,-2.836,420.702,12.393,10.043,0.974,1
533.036,-3.420,415.716,11.478,6.148,0.828,1
538.960,-3.076,419.678,6.405,4.943,0.976,0
545.368,-3.584,415.105,8.092,5.390,0.961,1
554.315,-3.530,416.823,10.491,6.103,0.787,1
562.777,-3.690,416.706,10.006,6.922,0.865,1
566.304,-3.985,414.391,13.461,10.978,0.968,0
572.607,-3.884,416.914,4.974,3.054,0.806,0
579.394,-4.387,413.289,8.829,4.724,0.733,0
587.527,-4.578,413.416,12.115,6.854,0.982,1
596.260,-4.726,414.277,6.901,4.434,0.859,1
599.856,-4.663,416.015,9.014,7.318,0.891,1
607.505,-4.767,415.703,12.532,10.006,0.869,0
616.402,-4.361,413.576,9.202,6.139,0.850,0
620.577,-4.134,414.799,11.997,9.650,0.834,0
712.895,-5.099,409.383,4.481,3.630,0.931,1
-196.443,-7.604,453.113,13.350,10.369,0.872,0
-185.625,-6.764,448.945,9.181,7.158,0.864,0
-135.037,-6.860,446.854,6.766,3.746,0.855,0
-115.923,-8.343,446.635,5.778,3.936,0.765,1
-108.680,-8.381,448.826,7.505,6.039,0.985,1
-101.646,-8.298,445.765,13.432,7.015,0.786,1
-95.302,-8.168,444.174,12.055,8.181,0.956,1
-87.822,-7.975,446.956,6.604,3.473,0.912,0
-83.977,-7.963,447.639,11.253,8.506,0.745,0
-77.357,-7.964,445.962,4.977,3.849,0.862,1
-69.540,-7.965,443.196,5.105,3.712,0.887,1
-60.753,-7.375,444.481,4.578,2.779,0.992,1
-53.078,-6.712,445.541,12.865,7.741,0.843,0
-48.277,-6.351,442.640,6.491,3.669,0.831,0
0.267,-6.231,442.656,5.612,3.882,0.749,0
10.272,-7.216,442.396,12.114,8.261,0.787,1
13.323,-7.478,440.209,7.416,5.955,0.740,0
29.243,-7.946,440.945,4.870,3.761,0.986,0
36.967,-7.946,441.175,5.866,3.631,0.816,0
40.464,-7.938,439.788,8.993,5.753,0.981,1
51.044,-7.916,435.800,7.272,4.211,0.784,1
56.973,-7.927,440.116,4.988,3.247,0.929,0
62.985,-7.911,438.625,5.512,3.145,0.738,1
70.302,-7.890,435.441,12.958,7.351,0.960,1
78.351,-7.870,434.773,13.175,10.024,0.896,0
83.329,-7.858,435.015,10.296,7.661,0.752,1
88.884,-7.870,437.976,12.541,8.706,0.768,0
95.751,-6.682,434.779,6.575,5.198,0.784,1
103.298,-5.143,433.313,4.854,3.029,0.786,0
111.190,-4.350,435.690,10.203,5.683,0.922,1
119.653,-4.391,431.756,8.294,6.668,0.986,1
127.291,-4.528,435.119,9.694,7.116,0.862,0
131.551,-4.484,432.391,12.608,8.119,0.865,1
142.672,-4.419,433.493,8.097,6.340,0.808,0
149.324,-4.380,435.122,8.614,5.585,0.902,1
155.380,-4.149,429.670,13.098,7.799,0.960,1
161.785,-4.267,432.651,10.202,7.501,0.794,1
169.060,-4.201,432.043,10.891,6.361,0.977,0
175.467,-4.008,428.836,5.129,3.683,0.922,0
180.696,-3.978,428.974,7.072,5.485,0.781,1
280.932,-2.180,427.429,8.897,5.319,0.831,1
285.128,-2.593,425.250,10.810,6.067,0.746,0
301.090,-3.569,422.072,7.141,3.721,0.744,1
306.479,-3.502,422.106,10.339,6.897,0.856,0
324.934,-1.256,424.713,11.417,6.883,0.992,1
330.371,-1.073,421.243,5.948,3.620,0.926,0
333.689,-1.073,423.484,13.427,10.692,0.956,0
343.510,-0.781,418.561,7.694,5.200,0.777,1
350.706,-0.662,418.532,7.812,5.482,0.753,0
356.470,-0.482,418.007,6.582,5.064,0.768,0
363.132,0.280,418.821,12.803,6.707,0.790,0
369.871,1.199,421.944,8.210,5.978,0.826,1
375.649,1.452,418.049,11.310,8.577,0.960,1
459.729,1.772,415.413,7.843,6.036,0.989,1
466.035,1.121,412.117,13.487,8.215,0.763,0
476.597,0.340,411.109,12.070,6.364,0.927,0
483.647,-0.153,411.519,12.719,7.285,0.812,1
488.804,-0.404,414.318,8.159,5.712,0.899,1
498.162,-1.521,414.275,5.591,4.364,0.825,0
501.404,-2.194,411.656,8.382,4.587,0.861,0
512.733,-3.201,413.306,6.880,5.085,0.922,1
518.075,-3.247,411.704,10.408,7.469,0.991,0
525.543,-3.683,412.328,10.771,7.207,0.921,0
533.475,-3.717,412.745,5.902,3.741,0.766,0
536.991,-3.466,408.347,5.263,4.027,0.868,1
543.185,-3.679,408.030,12.328,9.796,0.916,1
554.041,-3.988,408.427,6.390,4.061,0.750,1
559.024,-4.242,410.137,9.846,7.411,0.894,1
564.543,-4.373,408.961,7.660,5.306,0.962,1
574.074,-4.338,405.613,12.071,7.927,0.795,0
580.219,-4.568,408.217,9.734,5.116,0.936,1
597.577,-4.742,409.421,12.060,8.232,0.932,1
598.970,-4.636,404.607,13.065,8.291,0.739,0
607.649,-4.365,404.533,5.850,4.272,0.971,1
617.933,-3.721,403.923,13.067,10.212,0.975,1
623.957,-3.318,403.536,10.545,6.181,0.774,1
629.633,-2.947,403.852,4.959,2.919,0.752,0
690.524,-4.517,399.868,5.727,3.148,0.857,0
-197.658,-7.829,442.525,7.500,5.819,0.942,1
-189.118,-7.102,445.094,8.852,6.127,0.986,1
-132.782,-6.912,439.508,8.605,5.318,0.945,0
-126.365,-7.436,438.610,6.239,4.438,0.954,0
-116.489,-8.309,442.110,10.377,8.004,0.991,1
-112.997,-8.301,439.297,5.881,3.108,0.965,0
-105.122,-8.317,440.739,12.319,7.259,0.975,0
-99.398,-8.297,440.499,8.084,6.059,0.807,0
-91.315,-8.167,437.173,5.014,3.604,0.892,0
-85.328,-8.076,437.023,6.444,3.562,0.919,1
-78.608,-7.989,436.961,7.186,5.732,0.780,0
-69.253,-7.968,435.581,8.166,6.500,0.964,0
-60.500,-7.460,437.488,5.159,3.735,0.891,0
-53.644,-6.855,439.214,7.793,4.688,0.948,1
-48.462,-6.452,436.915,5.595,3.260,0.939,1
4.757,-6.516,433.834,7.071,5.186,0.755,0
13.050,-7.288,431.795,6.605,4.584,0.944,1
23.296,-7.914,429.936,10.114,6.894,0.864,0
26.512,-7.934,432.026,10.736,5.923,0.842,0
37.558,-7.919,431.768,6.170,4.544,0.731,0
42.134,-7.914,431.779,4.777,3.402,0.900,1
49.672,-7.875,429.699,12.141,7.446,0.810,1
57.156,-7.842,428.905,5.534,4.343,0.985,0
65.453,-7.882,431.913,9.952,7.193,0.998,1
68.525,-7.792,427.193,12.225,9.252,0.816,1
77.345,-7.815,431.769,12.581,9.807,0.955,0
85.848,-7.149,428.378,11.652,6.482,0.802,1
92.020,-6.767,426.584,12.046,6.471,0.970,0
96.642,-6.468,426.811,13.186,9.381,0.903,1
112.019,-4.125,424.787,6.115,4.491,0.923,1
116.468,-4.259,429.383,5.204,3.605,0.932,0
126.262,-4.299,425.377,9.495,5.305,0.994,1
134.337,-4.035,426.602,6.836,4.192,0.775,0
138.576,-4.094,427.690,5.180,3.844,0.960,1
145.083,-4.003,426.963,13.258,7.462,0.961,0
156.428,-3.755,424.187,10.652,5.611,0.896,1
163.270,-3.765,424.621,10.032,7.874,0.992,0
168.332,-3.944,425.986,8.133,5.565,0.807,0
177.459,-3.886,426.435,12.019,9.479,0.875,1
181.913,-3.839,425.711,13.377,7.452,0.784,0
275.620,-1.613,420.921,11.306,7.278,0.994,1
279.157,-1.977,417.686,10.822,6.210,0.943,0
284.884,-2.566,417.784,12.413,7.645,0.784,0
291.635,-3.259,419.460,12.050,6.871,0.942,1
301.218,-3.526,415.009,11.734,6.161,0.992,0
305.730,-3.552,419.165,4.723,3.030,0.788,1
313.046,-2.543,415.505,9.692,5.346,0.896,0
321.880,-1.333,417.031,12.600,8.055,0.922,0
334.363,-0.885,416.573,11.608,8.633,0.896,0
340.694,-0.689,412.722,4.925,3.236,0.821,0
351.834,-0.488,411.152,12.534,8.440,0.796,1
354.315,-0.526,415.593,5.280,3.648,0.989,0
369.045,0.406,413.177,11.518,6.715,0.907,1
377.246,0.807,409.716,8.227,4.990,0.935,0
382.015,1.203,409.908,13.367,8.608,0.761,0
396.968,2.622,413.965,7.878,4.513,0.908,1
439.989,2.089,408.347,9.071,5.309,0.978,1
452.382,1.544,408.204,6.150,4.302,0.931,1
460.604,1.201,409.266,11.096,8.732,0.749,1
469.946,0.403,406.242,5.262,4.260,0.880,0
474.585,0.005,404.856,10.053,6.627,0.912,0
482.238,-0.253,408.510,8.166,6.367,0.733,0
490.208,-0.618,406.150,11.073,7.101,0.770,1
497.646,-0.507,402.927,9.179,6.210,0.994,0
503.665,-1.403,404.489,6.142,4.020,0.989,0
511.223,-2.066,406.587,5.706,3.087,0.939,0
515.063,-1.940,404.435,4.720,2.540,0.774,1
522.564,-2.091,402.738,9.552,6.128,0.908,0
533.595,-2.877,404.308,12.982,9.464,0.895,0
538.454,-3.064,404.880,8.256,4.421,0.765,1
544.038,-2.769,400.423,7.511,4.748,0.815,0
551.967,-3.335,401.317,8.652,6.611,0.935,1
561.366,-3.562,400.497,4.885,2.979,0.767,0
568.119,-4.026,401.783,7.857,4.471,0.999,0
572.406,-4.237,403.608,4.578,2.429,0.765,0
581.919,-4.242,399.382,4.782,2.981,0.989,1
588.107,-4.411,399.908,12.447,9.654,0.872,0
593.964,-4.476,399.564,11.269,9.208,0.803,1
606.692,-4.153,400.431,5.663,3.990,0.970,1
616.758,-3.450,398.120,5.170,2.702,0.836,1
624.880,-3.077,400.191,6.006,4.687,0.922,1
721.044,-4.993,394.647,10.840,5.758,0.934,0
-195.987,-7.778,437.193,6.172,4.454,0.826,1
-187.399,-7.127,435.499,6.577,4.359,0.896,0
-126.247,-7.181,433.267,5.643,3.469,0.827,0
-117.168,-7.872,433.492,10.215,8.011,0.968,0
-112.482,-8.090,431.639,6.059,3.985,0.834,1
-102.329,-8.252,432.692,13.056,10.654,0.912,1
-95.129,-8.239,434.236,4.806,2.829,0.842,1
-93.117,-8.214,430.965,12.249,9.914,0.866,1
-82.530,-8.106,431.138,13.435,8.024,0.978,1
-75.893,-8.001,433.418,9.910,8.092,0.795,1
-72.196,-7.965,428.685,7.459,5.408,0.974,0
-64.000,-7.889,428.196,10.365,6.837,0.846,1
-58.542,-7.422,428.478,8.949,7.018,0.953,1
-0.121,-5.944,429.031,7.151,4.092,0.759,1
6.427,-6.555,427.694,6.841,4.042,0.892,0
12.376,-7.094,426.008,12.148,6.929,0.841,1
22.677,-7.880,426.671,6.997,5.276,0.788,1
27.080,-7.841,423.651,9.551,6.734,0.983,1
35.016,-7.833,423.662,12.367,7.641,0.766,0
40.737,-7.804,422.916,7.008,5.605,0.826,1
51.225,-7.823,426.084,12.637,10.095,0.865,0
57.527,-7.777,424.459,8.044,6.340,0.954,1
62.520,-7.697,420.697,10.075,7.241,0.907,0
78.692,-6.554,423.579,8.931,6.019,0.926,0
85.528,-5.549,419.946,8.728,6.313,0.851,0
91.754,-5.892,421.953,11.201,7.067,0.929,1
97.362,-5.889,422.385,12.095,9.281,0.958,0
103.317,-5.100,419.813,5.483,3.768,0.956,1
112.349,-4.104,417.821,7.169,5.040,0.735,0
115.919,-4.070,417.938,11.791,7.932,0.741,0
132.189,-3.732,417.537,8.184,6.651,0.947,0
140.544,-3.246,416.702,9.696,5.496,0.798,1
144.441,-3.291,417.997,4.828,3.194,0.849,1
160.031,-3.315,418.320,4.804,2.952,0.947,0
164.969,-3.230,416.562,10.516,7.809,0.822,0
175.638,-3.565,418.749,9.971,7.369,0.913,0
183.616,-3.400,415.518,10.709,8.458,0.851,0
189.919,-3.420,415.462,9.492,5.212,0.882,1
225.990,-2.101,414.766,10.638,8.213,0.738,1
278.288,-1.920,410.289,8.741,5.707,0.914,0
287.361,-2.834,412.996,8.963,6.926,0.907,1
295.851,-3.479,408.808,6.678,4.358,0.812,0
301.663,-3.489,409.774,6.915,5.219,0.734,0
306.493,-3.471,406.770,5.715,4.023,0.857,1
315.808,-3.096,406.920,12.128,7.668,0.883,1
321.908,-1.785,410.326,6.757,5.282,0.902,1
330.814,-0.808,409.261,12.958,9.928,0.946,0
333.401,-0.768,409.570,10.445,7.523,0.744,1
340.091,-0.657,409.946,6.566,3.779,0.794,1
351.319,-0.443,406.971,5.109,3.787,0.830,1
355.270,-0.399,408.585,12.694,8.043,0.819,1
364.365,-0.251,407.079,11.631,8.391,0.853,0
371.227,0.173,408.389,10.861,7.329,0.746,0
374.991,0.057,403.955,10.684,6.830,0.758,1
385.793,0.757,403.251,5.251,3.410,0.846,0
388.744,1.267,406.178,7.099,5.233,0.956,1
399.610,1.812,406.026,8.406,6.346,0.874,1
405.019,1.944,405.484,5.892,3.609,0.903,1
411.309,1.515,400.703,13.203,7.752,0.829,0
433.634,1.454,400.635,8.262,6.260,0.790,1
439.428,1.362,401.231,6.063,4.270,0.884,0
446.220,1.107,400.990,12.259,6.825,0.943,0
455.143,0.870,402.394,7.268,4.869,0.857,0
459.308,0.353,398.847,6.959,5.204,0.928,0
474.805,-0.212,402.212,11.750,8.774,0.841,1
481.267,-0.458,398.668,9.413,7.554,0.949,0
486.997,-0.584,400.688,12.899,8.762,0.976,1
494.798,-0.390,397.329,6.134,4.617,0.961,0
504.904,-0.288,396.288,10.564,8.098,0.883,1
507.500,-0.854,399.389,12.742,9.835,0.859,0
522.792,-1.643,399.804,5.897,3.995,0.889,0
528.856,-1.371,394.804,5.725,3.546,0.979,0
540.636,-2.017,395.838,9.107,6.961,0.802,0
542.913,-2.332,397.464,5.234,4.253,0.810,1
553.039,-2.725,395.829,8.508,6.460,0.906,0
560.159,-3.095,392.393,7.468,4.441,0.884,0
568.432,-3.534,393.259,10.846,6.733,0.791,0
571.754,-3.730,395.359,4.796,3.488,0.753,1
581.513,-4.078,394.018,9.446,5.742,0.908,1
586.433,-4.186,392.649,9.305,5.594,0.919,1
594.375,-4.204,393.649,9.593,6.994,0.821,1
601.036,-4.049,394.885,10.255,5.554,0.752,1
605.575,-3.585,391.124,5.460,3.768,0.942,0
614.823,-3.111,390.990,13.104,10.389,0.753,0
619.414,-2.867,391.096,5.089,3.446,0.919,0
705.529,-4.866,384.312,10.679,8.126,0.914,1
715.225,-4.892,384.186,7.485,3.992,0.787,1
718.639,-4.906,384.700,9.959,6.451,0.898,1
-190.989,-7.521,430.051,11.953,6.575,0.768,0
-182.846,-6.840,432.016,9.612,7.681,0.924,1
-118.380,-7.315,425.341,12.826,7.895,0.965,0
-105.186,-8.167,424.362,13.004,7.221,0.741,1
-97.176,-8.206,422.591,8.440,5.281,0.765,0
-93.110,-8.197,424.334,5.646,4.587,0.996,1
-87.211,-8.147,422.588,8.197,4.273,0.966,1
-75.131,-7.994,423.912,6.348,3.700,0.956,1
-71.685,-7.955,425.142,8.402,6.863,0.960,1
-63.765,-7.925,424.082,7.532,5.217,0.789,0
-55.381,-7.215,423.648,13.255,7.160,0.863,0
-47.288,-6.506,425.170,5.520,3.145,0.741,0
-42.852,-6.184,420.037,5.782,3.518,0.938,0
0.430,-5.812,420.322,5.398,3.325,0.952,0
5.709,-6.226,416.769,7.408,4.285,0.806,1
15.047,-7.193,419.904,12.238,9.988,0.983,1
22.923,-7.813,419.262,8.642,6.269,0.867,0
28.053,-7.797,419.288,4.500,3.690,0.987,1
34.717,-7.793,420.014,7.862,4.471,0.816,0
42.107,-7.767,420.132,12.415,7.007,0.786,0
50.542,-7.687,416.095,6.708,3.904,0.755,0
52.776,-7.692,416.955,10.220,6.278,0.767,0
63.363,-7.641,417.057,6.251,3.870,0.825,1
67.676,-7.584,414.618,11.924,8.406,0.841,1
75.354,-6.964,413.474,9.330,5.695,0.754,0
84.263,-5.453,416.372,11.640,9.053,0.829,1
91.176,-4.906,416.711,12.131,6.971,0.743,0
98.183,-4.285,413.706,11.860,9.212,0.822,0
106.592,-4.217,414.311,9.810,7.099,0.835,0
111.999,-4.103,415.915,4.617,2.465,0.753,1
115.928,-4.058,412.834,8.740,7.126,0.931,0
131.901,-3.640,413.074,10.641,6.402,0.972,0
138.830,-3.262,410.514,11.234,8.734,0.820,1
144.263,-2.980,408.936,4.767,2.577,0.903,0
151.007,-2.976,408.623,9.698,5.112,0.807,1
162.225,-2.992,410.060,7.193,5.146,0.850,1
165.980,-2.990,407.680,7.518,4.277,0.833,0
173.157,-3.168,412.466,6.578,3.882,0.783,1
178.254,-3.161,407.245,9.379,5.183,0.768,1
187.574,-3.261,409.175,6.236,4.388,0.831,0
276.821,-1.857,402.094,11.024,8.625,0.854,1
287.870,-2.955,402.025,9.237,5.680,0.922,1
292.245,-3.394,402.148,9.807,5.661,0.987,0
302.158,-3.435,402.061,6.764,4.075,0.919,0
308.813,-3.449,403.280,12.922,9.163,0.960,0
315.115,-3.460,404.056,8.338,5.331,0.845,0
318.893,-3.442,400.992,10.720,6.483,0.904,0
325.873,-2.281,402.106,13.132,8.700,0.865,1
333.572,-0.997,402.106,9.902,7.407,0.921,1
341.681,-0.525,403.159,10.676,8.301,0.991,0
349.126,-0.332,397.354,11.638,7.887,0.967,0
358.594,-0.240,400.416,13.430,7.200,0.740,0
367.963,-0.117,399.771,8.457,6.526,0.756,0
377.533,0.031,397.175,10.882,7.672,0.847,1
383.338,0.073,397.064,9.506,6.049,0.889,1
393.284,0.441,396.810,6.946,5.595,0.740,0
398.898,0.618,396.221,8.749,5.388,0.896,0
404.777,0.779,395.879,11.093,8.687,0.821,1
413.574,1.172,397.605,7.755,6.117,0.880,0
417.917,0.704,393.385,9.679,5.330,0.949,1
426.928,0.750,393.805,12.484,6.706,0.789,0
430.275,1.046,396.686,7.177,5.499,0.858,0
436.871,0.561,393.340,9.097,5.422,0.733,1
445.885,0.495,394.906,5.000,3.323,0.741,1
454.850,0.262,395.737,6.453,4.911,0.818,0
462.809,-0.084,395.888,11.879,6.600,0.790,0
464.820,0.065,391.706,5.182,2.821,0.906,1
472.963,-0.189,394.009,12.138,9.225,0.748,1
481.114,-0.328,393.879,9.676,5.550,0.892,1
486.350,-0.387,393.119,4.655,2.628,0.767,1
496.700,-0.304,388.954,5.714,4.320,0.832,1
516.506,-0.729,388.410,7.815,4.071,0.800,1
523.304,-1.043,388.296,6.704,5.376,0.898,1
534.968,-1.668,387.039,6.471,4.272,0.821,1
545.912,-2.295,391.576,4.854,3.641,0.841,0
549.640,-2.482,386.998,12.204,7.093,0.867,0
555.701,-2.824,386.113,10.667,8.394,0.990,1
572.160,-3.693,389.314,12.792,8.445,0.965,0
576.902,-3.712,386.885,10.391,8.489,0.885,1
587.635,-3.775,386.958,5.131,2.896,0.995,0
594.578,-3.386,383.501,4.899,2.613,0.940,0
600.945,-3.441,386.434,9.168,7.106,0.923,0
695.694,-4.785,378.050,4.108,3.035,0.838,0
703.060,-4.820,379.537,8.745,6.304,0.808,0
711.732,-4.825,376.877,7.060,5.432,0.917,1
719.304,-4.860,378.909,12.463,8.187,0.903,0
-195.316,-7.992,424.347,10.035,7.481,0.876,1
-188.432,-7.511,422.332,5.241,3.687,0.850,0
-182.985,-7.013,425.258,8.596,5.318,0.743,0
-114.212,-7.113,416.661,5.410,3.374,0.985,0
-104.253,-7.866,417.740,7.848,5.784,0.975,0
-99.954,-8.102,416.429,10.413,6.050,0.988,1
-91.166,-8.175,418.059,9.412,7.702,0.832,0
-85.474,-8.106,415.187,7.980,4.275,0.934,1
-78.846,-8.024,415.614,8.272,6.720,0.891,0
-73.480,-7.955,415.300,7.758,4.414,0.954,0
-62.854,-7.925,414.337,11.413,9.250,0.860,0
-56.854,-7.406,418.028,7.661,5.292,0.735,1
6.558,-6.238,414.291,12.501,9.040,0.917,1
11.069,-6.524,409.827,9.362,6.737,0.876,0
21.507,-7.609,413.879,5.809,3.669,0.870,1
25.366,-7.681,410.400,12.928,8.145,0.888,0
32.616,-7.715,413.032,5.478,3.128,0.952,0
41.454,-7.641,411.785,7.341,4.902,0.951,1
50.264,-7.618,412.302,7.217,3.925,0.859,0
54.177,-7.575,412.184,12.026,8.230,0.833,1
67.995,-7.129,411.142,12.967,9.813,0.789,1
75.825,-6.420,407.272,6.054,4.652,0.999,0
84.965,-5.264,406.830,7.473,5.210,0.763,0
88.830,-4.600,409.933,12.577,6.792,0.975,1
97.586,-4.279,407.573,5.181,3.634,0.958,1
103.190,-4.190,405.926,5.387,4.191,0.758,0
110.053,-4.097,405.660,9.073,4.883,0.913,0
119.713,-4.003,404.702,12.651,8.601,0.816,1
127.513,-3.862,403.877,11.002,6.741,0.773,0
130.597,-3.709,405.982,6.515,3.685,0.953,1
136.239,-3.410,406.616,11.075,5.810,0.954,0
145.389,-2.988,401.835,4.553,2.682,0.815,0
154.010,-2.975,404.600,5.143,3.488,0.995,1
161.946,-2.985,404.232,9.461,7.605,0.982,1
165.533,-2.986,404.727,12.676,9.835,0.856,0
173.713,-2.985,401.274,9.159,6.108,0.757,0
182.471,-3.097,401.571,5.209,4.026,0.756,0
281.380,-2.367,397.117,6.910,4.328,0.756,0
290.628,-3.276,397.101,12.888,9.016,0.889,0
298.285,-3.401,398.232,6.267,4.588,0.991,1
305.320,-3.374,393.155,13.258,10.132,0.829,1
312.256,-3.393,394.909,13.494,7.443,0.850,0
320.356,-3.383,392.003,4.864,3.654,0.760,0
325.549,-3.119,392.134,9.300,6.778,0.743,1
335.047,-1.536,393.385,7.099,4.719,0.874,0
341.097,-0.513,392.246,11.744,7.286,0.867,0
355.546,-0.211,394.623,11.270,6.241,0.978,1
364.784,-0.079,390.110,5.698,3.001,0.995,1
367.368,-0.064,392.976,10.541,8.513,0.979,0
376.991,0.062,389.117,4.991,2.974,0.894,1
383.035,0.084,390.487,7.585,4.339,0.857,1
390.643,0.130,389.506,8.900,6.375,0.889,1
398.221,0.160,392.079,8.272,6.122,0.767,0
401.803,0.214,392.018,12.323,9.344,0.790,0
409.836,0.160,388.438,12.237,7.498,0.978,1
416.965,0.287,388.867,12.141,8.168,0.838,0
426.167,0.476,391.422,7.239,4.494,0.827,0
433.602,0.535,386.414,9.175,6.071,0.878,1
439.088,0.490,387.225,7.912,4.705,0.776,1
443.495,0.497,386.697,7.606,5.478,0.960,1
454.111,0.278,389.615,6.518,4.828,0.763,1
458.441,0.249,389.495,8.626,6.722,0.967,1
469.549,0.168,388.619,12.029,7.597,0.752,0
476.745,0.113,386.784,6.843,4.033,0.797,0
489.197,-0.057,385.022,5.633,4.244,0.748,1
496.591,-0.271,385.042,7.403,5.183,0.975,0
501.655,-0.201,385.505,5.620,3.944,0.808,0
507.991,-0.325,382.455,10.675,7.869,0.757,0
516.121,-0.578,381.429,11.766,7.760,0.894,0
522.490,-0.984,384.527,5.411,4.432,0.742,1
532.818,-1.542,385.040,7.473,4.801,0.878,0
539.651,-1.766,382.620,11.040,6.616,0.852,1
545.613,-2.230,384.476,4.986,4.036,0.819,1
551.538,-2.396,383.020,5.716,3.492,0.765,1
555.564,-2.464,381.523,9.981,5.920,0.840,1
566.437,-3.047,382.802,7.345,5.034,0.754,0
571.906,-3.113,381.489,6.309,3.574,0.842,0
577.435,-2.890,377.654,4.789,3.516,0.964,1
587.796,-2.886,376.930,5.443,3.513,0.960,0
595.701,-3.008,379.209,4.683,2.494,0.736,1
693.140,-4.751,373.396,13.109,9.584,0.852,1
697.555,-4.764,373.302,8.910,5.974,0.748,1
706.135,-4.772,370.378,7.024,3.663,1.000,0
709.664,-4.795,372.715,4.817,2.970,0.944,1
-195.103,-8.120,418.860,9.646,6.196,0.852,1
-190.350,-7.905,414.016,7.198,4.423,0.915,1
-183.364,-7.262,417.529,10.209,8.281,0.830,0
-112.719,-7.112,414.783,7.644,5.170,0.766,0
-104.534,-7.586,412.817,7.041,4.397,0.916,1
-90.288,-8.155,409.859,9.402,6.080,0.758,0
-84.315,-8.070,411.627,13.456,8.606,0.917,1
-81.065,-8.009,409.105,10.258,5.892,0.953,0
-70.304,-7.881,407.926,4.858,3.831,0.748,0
-61.710,-7.888,411.764,10.959,5.816,0.863,1
-55.081,-7.348,408.650,5.695,4.548,0.963,0
-51.790,-7.051,410.188,7.970,5.593,0.797,1
-42.508,-6.258,409.655,13.052,8.308,0.749,1
9.950,-6.223,403.702,8.286,6.619,0.740,0
17.471,-6.905,404.181,6.858,5.583,0.990,1
25.831,-7.606,406.980,13.209,7.516,0.850,1
32.656,-7.494,402.805,12.210,8.897,0.802,0
42.622,-7.460,404.824,12.997,8.380,0.847,0
47.555,-7.346,401.862,7.656,4.159,0.905,0
56.842,-6.977,403.337,6.614,4.452,0.828,0
62.158,-6.180,400.084,8.926,6.950,0.840,0
66.214,-5.962,403.563,6.602,4.955,0.890,1
74.732,-5.398,400.531,9.576,6.493,0.799,0
81.393,-5.235,400.457,5.273,4.002,0.921,1
88.530,-4.616,399.508,6.165,4.877,0.787,1
95.707,-4.284,401.108,9.484,5.011,0.805,1
103.521,-4.174,401.488,7.282,3.904,0.846,0
111.512,-4.069,400.093,13.357,7.381,0.974,1
116.201,-4.026,400.666,5.089,3.711,0.797,0
124.318,-3.938,396.239,12.287,7.789,0.744,1
130.281,-3.703,396.331,8.988,7.307,0.834,0
137.903,-3.315,397.951,11.187,6.755,0.976,0
144.353,-3.023,395.054,11.651,7.137,0.972,1
150.464,-2.985,399.782,7.471,3.951,0.922,0
158.263,-2.976,399.216,10.566,6.688,0.869,1
166.431,-2.976,395.432,5.690,3.846,0.868,0
174.639,-2.979,395.144,8.264,5.135,0.749,1
182.990,-2.981,393.445,5.125,2.909,0.980,1
223.440,-1.573,392.191,7.696,4.552,0.836,1
286.791,-2.982,390.361,5.688,3.654,0.806,0
293.124,-3.316,387.506,7.704,4.599,0.799,1
296.271,-3.318,387.012,13.138,8.669,0.915,0
304.115,-3.355,390.673,8.089,5.364,0.985,0
313.371,-3.365,390.309,12.534,8.010,0.932,0
319.964,-3.351,387.168,13.184,8.122,0.850,0
326.543,-2.923,388.391,5.040,4.027,0.949,0
336.308,-1.270,388.983,11.587,8.909,0.767,0
339.574,-0.691,386.245,12.882,8.009,0.749,1
349.296,-0.230,387.199,12.239,8.223,0.777,0
360.165,-0.085,386.806,11.055,8.468,0.830,1
369.429,-0.018,386.880,10.325,8.452,0.942,1
376.380,0.074,383.812,6.700,3.552,0.826,1
385.759,0.114,384.613,10.633,5.584,0.822,1
389.549,0.132,382.935,9.931,8.061,0.822,0
403.597,0.161,384.687,7.960,4.629,0.744,0
412.152,0.160,382.431,7.136,5.628,0.995,1
422.970,0.543,379.730,4.922,3.744,0.738,1
429.842,0.779,381.404,4.894,2.579,0.850,1
441.653,0.755,381.453,12.005,9.318,0.990,0
447.527,0.745,381.395,13.254,8.967,0.735,0
453.026,0.820,379.224,7.829,4.557,0.833,1
461.276,0.621,382.002,9.972,5.633,0.799,1
468.142,0.613,381.011,10.671,5.715,0.956,1
473.946,0.654,377.667,7.917,6.026,0.814,1
480.981,0.574,375.988,7.026,3.675,0.792,0
489.635,0.602,375.225,11.844,6.386,0.732,1
493.751,0.255,378.509,10.840,7.932,0.835,1
499.749,0.404,376.111,8.731,5.025,0.890,1
515.411,-0.306,378.979,6.084,3.395,0.950,1
520.939,-0.522,378.908,12.236,7.044,0.947,0
532.416,-0.583,373.746,6.548,4.093,0.790,0
534.401,-0.620,373.095,8.146,4.753,0.943,0
545.544,-1.306,374.067,12.707,8.804,0.915,1
553.402,-1.541,372.051,5.988,4.111,0.973,0
558.693,-1.865,372.860,13.090,10.472,0.843,1
563.923,-2.149,373.606,9.752,5.649,0.815,1
569.643,-2.203,371.965,12.738,6.731,0.870,1
586.435,-2.683,374.659,13.423,10.643,0.994,1
681.695,-4.665,365.190,5.854,4.131,0.792,0
689.804,-4.713,368.699,10.493,7.987,0.802,0
699.654,-4.741,368.238,12.089,6.669,0.855,1
706.550,-4.762,368.400,5.351,3.650,0.867,1
709.803,-4.741,363.211,13.411,9.456,0.965,1
718.114,-4.791,367.789,8.990,4.983,0.747,0
-196.769,-8.389,411.894,8.381,4.435,0.734,1
-189.778,-7.921,412.185,9.874,7.714,0.914,0
-182.551,-7.522,408.097,5.562,3.363,0.987,1
-178.680,-7.217,408.580,5.394,4.394,0.733,0
-104.839,-7.229,406.284,10.241,7.852,0.916,1
-102.134,-7.240,402.240,12.749,8.046,0.777,0
-93.005,-7.928,401.792,5.160,3.244,0.889,1
-86.568,-8.079,403.215,11.533,6.890,0.866,0
-81.378,-7.982,404.104,10.740,8.312,0.901,0
-71.982,-7.851,403.551,11.428,8.643,0.845,1
-64.479,-7.803,399.857,5.591,3.609,0.910,0
-59.751,-7.790,399.757,8.022,4.897,0.872,1
-49.920,-6.956,401.287,9.578,5.516,0.845,1
-43.307,-6.371,403.724,9.216,6.290,0.953,1
9.384,-5.905,395.960,9.875,7.732,0.956,0
20.023,-6.940,399.616,11.851,6.653,0.845,0
23.548,-7.193,398.597,11.021,6.882,0.897,1
30.892,-7.371,396.026,13.313,8.660,0.809,1
41.387,-7.310,397.303,13.259,7.551,0.742,0
48.379,-7.158,395.506,13.166,10.794,0.986,1
52.884,-6.847,393.006,8.160,5.911,0.960,0
61.393,-6.189,396.709,6.779,4.294,0.956,0
66.542,-5.471,393.576,8.477,5.798,0.902,0
76.890,-4.644,395.581,13.260,8.413,0.978,1
83.349,-4.513,396.089,7.640,5.517,0.998,0
90.152,-4.340,394.002,11.285,7.362,0.850,1
93.798,-4.286,392.781,11.578,6.739,0.959,1
104.996,-4.128,393.112,8.572,5.257,0.813,1
111.152,-4.052,391.659,7.196,5.751,0.862,0
114.816,-4.015,391.017,10.843,8.388,0.762,0
123.154,-3.945,394.324,5.450,3.146,0.930,0
132.115,-3.716,393.379,6.071,3.289,0.946,0
139.158,-3.398,392.322,7.765,5.631,0.812,0
146.775,-3.031,392.460,9.095,7.336,0.824,0
154.127,-2.998,388.248,7.756,5.732,0.986,0
158.324,-2.993,387.913,5.581,3.853,0.943,1
166.163,-2.978,390.758,12.225,8.887,0.992,1
173.006,-2.978,391.709,5.952,4.550,0.882,0
182.315,-2.979,389.915,6.595,4.206,0.925,0
220.888,-1.449,385.382,7.742,5.331,0.843,0
275.705,-2.007,385.679,9.119,5.409,0.734,0
287.117,-3.192,379.849,5.947,3.725,0.865,1
292.429,-3.277,382.586,7.476,5.671,0.948,0
297.832,-3.263,379.402,10.763,5.807,0.933,1
303.745,-3.293,381.940,7.868,4.913,0.824,0
321.199,-3.311,380.666,11.782,9.363,0.774,0
328.902,-2.454,378.929,10.800,5.902,0.830,1
332.889,-1.779,381.215,11.175,6.161,0.961,0
338.978,-0.724,380.873,11.759,8.023,0.802,0
345.040,-0.194,381.160,8.614,6.582,0.918,0
361.254,0.044,376.718,11.646,7.294,0.993,1
366.267,0.010,380.467,5.284,2.882,0.916,0
373.049,0.151,376.153,9.741,5.698,0.948,1
381.807,0.246,374.897,12.558,8.643,0.744,1
388.304,0.233,375.767,4.711,2.662,0.912,1
395.698,0.193,377.381,11.919,7.225,0.884,0
403.393,0.329,374.077,12.794,8.425,0.953,1
422.025,0.502,372.685,12.588,9.543,0.980,1
433.120,0.928,374.853,5.073,4.061,0.734,0
439.814,0.919,374.119,11.321,9.044,0.794,1
447.865,0.907,375.772,13.264,7.291,0.790,0
450.850,1.098,371.301,12.813,9.912,0.915,1
459.050,1.219,370.258,4.777,3.002,0.864,0
464.367,0.808,374.608,13.383,8.748,0.792,0
474.207,0.776,374.132,6.033,3.259,0.930,1
482.107,1.177,369.493,10.751,7.856,0.794,0
487.574,1.246,368.508,5.304,3.283,0.829,1
494.482,0.997,370.640,9.611,7.137,0.800,0
509.131,1.079,367.119,10.029,7.444,0.869,0
516.833,0.831,366.967,10.185,5.591,0.810,1
523.374,0.193,370.447,9.459,5.335,0.850,0
527.135,0.353,366.854,5.400,3.752,0.866,0
535.414,-0.257,368.504,12.168,9.626,0.983,1
552.086,-1.098,367.744,6.917,4.396,0.814,0
556.935,-1.431,368.767,12.503,8.316,0.953,1
566.089,-1.635,366.678,9.337,5.232,0.933,0
569.574,-1.958,369.201,8.576,5.647,0.914,0
690.104,-4.653,358.006,12.106,6.543,0.757,1
698.848,-4.681,357.866,12.796,10.035,0.858,0
701.334,-4.688,357.676,7.389,5.246,0.979,0
717.095,-4.733,357.545,9.313,7.018,0.797,1
-196.116,-8.378,401.498,9.185,7.507,0.842,1
-191.903,-8.372,403.168,5.222,4.041,0.982,0
-182.308,-7.675,403.606,11.616,7.876,0.871,1
-168.311,-6.778,400.152,11.842,7.522,0.812,1
-105.549,-6.864,399.736,6.175,4.932,0.927,1
-90.571,-7.937,397.220,8.055,6.494,0.872,1
-85.908,-8.057,396.783,10.439,6.596,0.912,0
-79.553,-7.979,393.592,13.179,8.303,0.838,0
-72.854,-7.816,397.714,11.702,8.529,0.748,1
-65.672,-7.785,397.243,9.527,6.556,0.851,0
-57.142,-7.618,394.141,11.475,8.597,0.882,0
-51.245,-7.096,396.328,7.762,5.122,0.788,0
-41.678,-6.275,391.638,11.414,5.971,0.955,0
-38.378,-5.984,394.182,6.820,4.483,0.992,1
12.074,-5.899,390.420,8.145,4.717,0.923,0
17.707,-6.343,390.213,5.986,3.494,0.773,0
24.400,-6.925,391.384,10.170,6.687,0.822,1
30.895,-7.097,388.556,7.164,5.788,0.772,1
40.291,-6.707,388.167,4.888,3.430,0.814,1
47.419,-6.487,389.095,5.647,4.235,0.911,1
52.306,-6.374,388.496,11.328,7.021,0.970,0
61.097,-6.181,390.740,11.563,6.158,0.899,1
69.681,-5.018,386.728,6.634,4.560,0.862,0
76.669,-4.607,385.744,9.957,7.715,0.808,0
83.429,-4.462,385.198,10.730,7.729,0.965,0
86.905,-4.380,384.043,10.144,6.093,0.740,1
96.499,-4.221,383.774,9.579,6.953,0.969,0
104.460,-4.121,387.248,6.372,3.663,0.890,1
111.072,-4.035,384.908,8.850,6.197,0.830,0
115.264,-3.999,386.427,7.867,5.875,0.850,0
124.721,-3.904,384.272,7.104,4.660,0.902,1
132.477,-3.838,382.195,5.969,3.821,0.964,1
138.030,-3.799,383.291,8.863,5.342,0.880,1
144.086,-3.481,384.222,10.512,7.569,0.826,1
152.622,-3.101,384.968,12.874,8.408,0.758,1
159.638,-2.998,383.927,11.069,8.934,0.780,0
167.008,-2.987,384.464,6.306,4.231,0.917,0
173.494,-2.983,381.303,8.820,6.941,0.784,1
177.821,-2.978,381.855,11.575,6.999,0.936,1
214.699,-1.518,378.645,10.925,7.212,0.774,0
278.008,-2.492,373.675,5.887,4.161,0.897,0
282.801,-2.834,377.730,11.542,7.396,0.962,1
290.911,-3.223,375.158,11.800,8.415,0.986,0
299.258,-3.253,377.494,6.509,4.207,0.969,1
306.208,-3.248,374.306,6.127,3.249,0.796,1
312.873,-3.267,375.850,6.972,3.742,0.846,0
321.474,-3.260,372.360,12.073,9.482,0.912,1
328.039,-2.380,371.611,9.158,6.329,0.955,1
347.489,0.168,371.342,8.940,5.638,0.895,0
356.239,0.195,372.420,8.909,6.204,0.871,1
362.657,0.244,372.259,7.936,5.404,0.787,0
370.031,0.393,369.423,11.444,7.542,0.841,1
376.326,0.348,371.725,5.580,3.441,0.852,0
380.995,0.391,371.145,8.755,5.268,0.933,1
389.047,0.502,368.856,12.864,6.883,0.874,1
396.705,0.505,369.403,10.483,7.096,0.811,0
405.346,0.557,368.535,12.646,7.338,0.931,1
407.707,0.648,366.318,6.895,3.724,0.815,1
419.863,0.612,367.272,6.876,4.523,0.778,1
422.038,0.503,370.574,8.220,6.437,0.978,1
432.739,1.238,366.302,11.691,6.623,0.803,1
439.846,1.160,369.115,5.144,2.687,0.821,1
446.467,1.482,366.642,13.348,7.814,0.944,0
454.059,1.672,365.222,5.076,2.821,0.827,0
459.173,1.833,363.588,7.415,5.696,0.748,1
464.573,1.871,363.086,12.709,6.783,0.754,1
473.311,1.562,365.806,8.562,6.619,0.988,1
480.437,1.481,366.314,10.431,5.811,0.863,0
484.541,1.422,366.779,4.823,3.829,0.889,1
492.569,1.434,366.204,6.126,3.677,0.760,1
501.416,1.451,365.027,6.050,4.428,0.836,1
507.002,1.380,364.644,6.979,4.468,0.849,0
516.285,1.056,364.940,10.832,7.500,0.824,1
673.345,-4.577,352.005,11.252,7.800,0.804,0
688.315,-4.636,355.386,10.316,8.009,0.751,1
698.638,-4.647,350.792,11.320,7.248,0.878,0
703.403,-4.655,349.293,6.299,4.293,0.927,1
712.571,-4.702,353.470,12.878,9.900,0.745,0
719.257,-4.711,351.411,12.957,8.517,0.893,0
-191.779,-8.365,396.248,13.219,7.599,0.916,0
-184.124,-8.072,397.170,9.558,7.499,0.898,0
-178.539,-7.643,397.532,4.833,2.982,0.994,1
-168.104,-6.975,395.128,8.206,5.857,0.839,1
-163.416,-6.765,392.068,9.216,6.199,0.900,0
-93.861,-7.394,389.765,9.763,6.125,0.806,1
-89.220,-7.766,389.367,8.656,5.035,0.846,1
-81.958,-8.083,390.341,12.304,8.865,0.752,1
-70.902,-7.903,387.654,8.561,6.868,0.932,1
-66.300,-7.691,390.511,6.221,5.084,0.902,0
-59.878,-7.620,387.030,7.057,5.116,0.829,1
-52.785,-7.257,389.863,5.238,3.117,0.959,1
-43.465,-6.444,386.340,7.419,4.136,0.937,0
12.204,-5.609,384.113,9.413,7.339,0.965,1
17.838,-5.985,383.194,11.394,6.444,0.903,1
27.195,-6.749,384.422,12.305,8.083,0.893,1
38.519,-6.661,383.053,5.338,3.222,0.859,0
47.602,-5.873,381.306,4.846,3.899,0.931,1
59.828,-5.684,383.928,10.944,8.427,0.750,0
68.728,-5.120,381.978,9.018,5.324,0.810,0
74.731,-4.615,379.565,9.250,6.074,0.806,1
79.331,-4.534,382.386,5.768,3.903,0.753,1
90.300,-4.290,379.408,9.162,6.224,0.904,1
92.631,-4.261,379.989,9.052,5.624,0.937,1
104.933,-4.088,377.898,8.925,5.534,0.967,1
108.039,-4.047,378.202,12.545,8.942,0.939,1
118.546,-3.942,376.581,7.301,5.963,0.863,0
131.334,-3.830,376.435,9.567,5.711,0.990,1
135.090,-3.804,376.992,5.761,3.789,0.836,0
142.573,-3.752,378.304,9.677,7.831,0.872,0
153.263,-3.371,373.961,5.358,3.838,0.901,1
157.425,-3.194,377.078,6.499,3.847,0.805,0
166.266,-3.002,376.425,4.735,3.326,0.961,0
169.956,-3.004,372.624,8.672,5.450,0.980,1
180.711,-2.985,373.775,11.661,9.188,0.827,0
209.547,-1.631,374.433,9.886,6.645,0.974,0
277.801,-2.646,367.564,6.494,4.375,0.745,0
281.097,-2.961,366.916,10.137,7.570,0.785,0
289.174,-3.182,368.389,6.273,4.934,0.894,1
298.339,-3.207,369.925,10.306,7.957,0.966,1
305.172,-3.209,368.070,9.731,6.391,0.915,0
311.367,-3.198,364.355,8.157,6.487,0.744,0
319.575,-3.236,368.782,6.934,5.277,0.809,1
327.130,-2.551,366.902,6.085,3.182,0.877,1
333.681,-1.124,366.606,10.548,6.059,0.867,1
345.772,0.482,365.031,11.273,7.570,0.931,0
356.501,0.557,364.218,13.073,6.840,0.846,1
358.257,0.584,363.973,11.911,6.242,0.999,1
367.674,0.535,365.912,11.651,8.249,0.878,0
376.158,0.682,363.178,5.781,4.483,0.909,0
380.580,0.744,362.105,6.322,4.476,0.800,1
388.488,0.803,361.130,10.059,8.035,0.784,0
396.354,0.798,361.806,8.421,5.049,0.870,0
412.006,0.780,363.078,6.614,3.465,0.909,0
414.794,1.085,359.730,11.261,8.871,0.802,0
423.062,1.486,359.411,13.419,8.418,0.924,1
431.914,1.664,361.108,5.719,4.620,0.853,0
438.346,1.768,361.880,12.662,10.240,0.920,1
451.523,2.018,361.273,8.627,4.909,0.945,0
459.938,2.191,359.691,4.943,3.350,0.800,0
463.181,2.044,361.242,6.128,4.749,0.989,1
470.292,2.155,359.716,9.655,6.820,0.808,0
707.969,-4.639,342.972,5.617,3.244,0.817,1
715.525,-4.666,343.810,12.121,9.115,0.764,0
-196.355,-8.343,386.762,5.196,4.145,0.873,1
-193.576,-8.336,387.479,11.344,8.349,0.767,0
-185.687,-8.308,385.699,6.831,4.861,0.834,0
-177.451,-8.101,385.495,12.086,6.290,0.892,0
-169.389,-7.304,389.917,8.946,5.182,0.825,0
-163.050,-6.982,386.644,12.253,6.826,0.861,0
-87.495,-7.729,383.398,12.315,8.192,0.815,0
-78.980,-8.120,380.276,10.562,7.177,0.906,1
-72.052,-8.094,379.354,5.085,2.852,0.816,0
-68.220,-7.961,379.072,11.734,7.610,0.998,0
-61.390,-7.637,383.241,9.734,7.415,0.971,0
-49.847,-7.024,380.324,12.941,7.303,0.944,0
-45.282,-6.612,380.574,8.067,4.371,0.759,0
-38.047,-5.958,380.883,13.143,7.785,0.878,1
38.085,-6.431,374.844,11.738,9.612,0.968,0
45.969,-5.881,377.907,9.899,5.209,0.911,1
54.295,-5.222,376.748,6.187,4.529,0.992,0
68.781,-4.744,372.941,8.230,5.976,0.751,0
73.707,-4.611,373.707,8.209,6.150,0.828,1
78.978,-4.508,374.676,5.017,3.923,0.989,0
88.941,-4.291,371.352,6.010,4.048,0.865,0
95.888,-4.192,371.447,10.534,5.585,0.869,1
101.094,-4.128,373.772,11.541,9.197,0.953,1
109.158,-4.018,371.480,13.065,9.783,0.906,1
115.560,-3.949,369.450,11.713,8.325,0.737,1
125.159,-3.858,369.731,6.078,4.214,0.801,0
131.703,-3.808,371.320,11.069,8.570,0.801,0
134.301,-3.778,368.531,13.049,7.302,0.934,1
142.415,-3.729,371.688,11.243,8.713,0.886,1
152.828,-3.396,370.776,8.085,5.391,0.732,1
158.053,-3.182,370.945,7.603,5.239,0.830,0
163.217,-3.020,370.366,12.737,8.106,0.798,1
169.165,-3.013,368.797,9.034,5.430,0.998,0
179.041,-2.995,370.061,11.054,8.020,0.878,0
183.496,-2.830,365.230,6.426,3.832,0.832,0
277.521,-2.811,361.717,9.829,5.896,0.827,0
281.768,-3.134,362.849,8.433,4.736,0.794,0
290.780,-3.141,360.589,13.397,9.739,0.882,0
300.009,-3.152,359.677,6.993,4.325,0.852,0
304.483,-3.177,362.714,13.132,8.144,0.849,1
311.122,-3.161,357.326,7.653,5.170,0.755,0
320.123,-3.186,359.948,8.264,6.516,0.789,1
326.957,-2.553,360.724,6.709,4.137,0.975,0
334.410,-0.941,356.197,12.941,10.257,0.936,0
337.996,-0.151,360.894,11.746,8.921,0.890,1
347.067,0.724,355.816,6.045,3.995,0.751,1
352.052,0.742,356.922,8.402,4.952,0.904,0
362.555,0.772,357.100,4.605,3.131,0.822,0
364.932,0.782,358.306,9.987,6.182,0.970,0
373.462,0.788,353.886,5.369,3.802,0.792,1
380.446,0.813,355.485,12.172,9.360,0.879,0
387.371,0.834,356.010,10.598,5.892,0.993,1
395.738,0.850,353.809,6.892,4.107,0.866,0
403.193,0.877,356.407,5.756,3.316,0.890,0
410.458,1.154,355.884,9.935,6.403,0.894,0
418.541,1.779,353.214,10.822,8.181,0.993,0
428.613,2.398,351.100,11.500,6.709,0.951,0
436.579,2.616,351.712,10.835,6.916,0.868,0
449.606,2.605,354.629,7.807,5.908,0.913,1
709.492,-4.631,339.719,6.325,4.190,0.745,0
717.157,-4.650,338.493,5.727,3.501,0.741,0
-199.754,-8.343,384.360,13.145,10.169,0.949,1
-191.376,-8.307,379.860,6.989,4.426,0.976,1
-184.966,-8.296,383.144,5.302,3.670,0.868,1
-176.615,-8.256,379.033,12.695,9.492,0.801,1
-173.212,-8.121,378.378,6.156,3.687,0.838,1
-163.038,-7.182,382.298,10.069,5.896,0.772,1
-158.446,-6.894,381.067,6.421,4.847,0.918,0
-150.975,-6.414,379.295,6.475,4.268,0.974,0
-87.347,-7.508,374.008,11.240,9.020,0.946,1
-71.767,-8.103,374.596,12.876,10.544,0.818,0
-64.749,-7.829,376.629,11.843,8.982,0.804,1
-57.010,-7.458,371.770,12.726,6.769,0.929,0
-44.020,-6.517,372.072,10.300,5.822,0.815,1
-40.360,-6.177,373.255,10.179,8.157,0.914,1
54.029,-5.146,368.176,4.135,2.373,0.796,0
78.945,-4.470,365.127,9.681,7.830,0.950,1
85.113,-4.356,366.700,11.842,9.344,0.960,1
95.287,-4.174,363.166,12.863,9.215,0.734,1
99.702,-4.129,367.221,8.093,5.412,0.773,0
107.246,-4.020,364.480,6.743,4.453,0.788,1
113.961,-3.952,364.707,7.073,5.674,0.989,1
123.384,-3.852,361.808,12.303,7.306,0.898,0
136.815,-3.741,362.958,5.135,3.568,0.964,1
143.195,-3.685,361.726,11.534,8.862,0.749,0
149.977,-3.469,361.456,8.427,5.553,0.789,0
158.743,-3.168,364.196,8.758,5.275,0.762,0
162.984,-3.039,361.255,11.261,7.050,0.808,0
173.941,-3.024,359.752,10.275,7.048,0.797,0
177.228,-3.015,361.567,12.206,9.171,0.963,1
201.332,-1.404,359.622,8.219,5.035,0.931,0
204.868,-1.254,361.252,4.670,3.093,0.941,0
269.771,-2.407,354.847,8.742,5.471,0.833,0
278.736,-3.079,352.231,12.740,8.683,0.772,0
283.313,-3.102,355.071,7.164,5.833,0.948,1
290.450,-3.112,353.803,12.046,7.509,0.751,0
294.557,-3.110,351.579,7.818,5.149,0.758,1
311.623,-3.151,354.535,7.020,3.895,0.990,0
316.381,-3.150,352.606,8.398,5.385,0.947,1
326.860,-2.560,352.032,4.974,2.621,0.870,0
329.438,-2.023,353.128,12.805,6.826,0.788,0
336.890,-0.409,354.123,7.136,4.070,0.941,0
347.544,0.712,352.175,8.408,5.923,0.758,0
354.796,0.724,349.675,10.360,5.798,0.804,0
362.423,0.741,348.585,6.295,4.669,0.731,0
369.515,0.768,350.571,5.151,3.837,0.731,1
373.841,0.770,347.881,6.626,3.484,0.853,1
379.686,0.797,351.363,8.173,5.270,0.807,1
388.742,0.813,347.236,12.703,10.183,0.997,1
393.806,0.834,349.484,8.359,6.301,0.775,0
404.342,1.508,345.826,12.281,6.757,0.877,1
411.162,1.717,348.753,5.517,4.227,0.864,0
416.879,2.246,345.983,7.407,5.447,0.829,1
423.669,2.355,349.021,11.803,6.188,0.991,1
430.043,2.639,348.878,6.660,4.036,0.797,1
708.216,-4.593,328.966,6.759,4.065,0.869,0
716.015,-4.614,329.808,6.751,4.091,0.883,1
-200.846,-8.315,374.987,9.809,5.369,0.892,1
-190.333,-8.292,376.879,10.489,7.523,0.976,0
-186.866,-8.272,375.372,6.718,4.982,0.994,0
-176.464,-8.229,373.069,11.327,7.534,0.818,1
-171.785,-8.198,374.428,11.536,7.099,0.836,1
-166.126,-7.805,373.709,12.962,8.955,0.910,0
-159.336,-7.337,372.632,5.335,3.718,0.937,1
-152.430,-6.828,372.109,9.703,7.048,0.903,1
-77.913,-8.113,369.270,6.430,3.986,0.810,1
-73.966,-8.112,368.343,6.013,4.486,0.750,0
-67.634,-7.876,368.973,9.754,6.270,0.832,0
-58.668,-7.400,365.289,5.989,4.396,0.923,0
-44.724,-6.624,365.060,7.103,5.273,0.750,0
63.824,-4.534,357.917,8.918,4.666,0.799,1
75.176,-4.520,360.256,6.742,4.220,0.952,0
81.992,-4.324,356.986,12.053,9.342,0.964,0
85.681,-4.317,360.193,6.927,5.388,0.897,1
95.695,-4.150,357.001,9.257,5.317,0.958,1
101.645,-4.073,357.446,6.352,3.889,0.968,0
106.808,-4.010,359.095,9.599,6.713,0.765,0
114.472,-3.928,357.887,7.617,4.519,0.937,0
122.740,-3.842,356.137,5.861,4.169,0.784,1
129.807,-3.776,357.065,6.045,4.918,0.901,1
134.729,-3.723,354.492,9.381,7.644,0.778,0
140.275,-3.678,354.658,6.853,4.570,0.793,1
149.296,-3.496,357.461,12.931,7.017,0.791,0
159.716,-3.140,355.053,10.531,7.632,0.893,0
166.092,-3.052,354.655,10.074,6.741,0.892,1
171.644,-3.039,355.734,6.856,4.778,0.974,0
274.753,-3.048,346.424,9.959,7.962,0.990,1
283.163,-3.072,347.865,7.149,4.249,0.772,1
288.898,-3.082,347.149,5.941,4.087,0.843,1
299.153,-3.104,348.232,8.228,5.143,0.888,0
306.519,-3.108,346.077,5.833,4.654,0.973,1
310.783,-3.115,346.078,8.519,6.254,0.856,0
320.047,-3.130,346.046,12.754,8.032,0.832,0
326.601,-2.592,346.570,9.902,6.036,0.732,1
332.046,-1.438,343.647,9.731,6.157,0.839,0
341.119,0.479,345.551,7.396,4.411,0.739,0
343.227,0.680,346.836,12.115,9.749,0.817,1
354.336,0.689,340.829,13.362,7.780,1.000,1
358.475,0.709,342.656,10.144,7.994,0.969,0
368.369,0.745,344.956,7.542,4.072,0.782,0
371.601,0.748,343.284,5.498,3.430,0.940,0
379.212,0.774,344.886,7.647,5.550,0.842,0
388.825,0.791,340.565,6.013,3.854,0.836,0
395.489,1.237,340.732,7.753,4.370,0.974,1
403.850,1.931,338.856,12.403,6.927,0.734,0
417.704,2.615,341.594,5.180,3.637,0.944,1
716.478,-4.595,323.467,10.623,8.413,0.730,1
-187.952,-8.231,366.982,11.214,7.054,0.885,0
-177.326,-8.190,365.601,10.840,8.849,0.978,1
-171.387,-8.188,367.754,6.480,4.087,0.802,1
-163.522,-7.908,366.505,6.327,3.705,0.762,0
-155.892,-7.261,367.768,10.371,5.716,0.868,1
-149.630,-6.819,365.939,8.051,4.550,0.893,1
-144.710,-6.411,366.214,10.202,6.000,0.836,0
-82.628,-7.703,360.459,7.736,4.344,0.764,0
-71.337,-8.060,359.454,11.461,7.150,0.807,0
-66.592,-7.814,360.244,9.505,7.585,0.733,1
-58.934,-7.401,360.325,11.153,8.968,0.792,0
-51.222,-7.122,360.263,5.971,3.500,0.980,0
-41.674,-6.376,360.120,5.873,4.337,0.746,1
-33.294,-5.574,361.205,7.238,5.649,0.784,1
73.594,-3.962,352.140,10.550,8.048,0.888,0
79.019,-3.803,350.728,9.297,6.167,0.881,0
87.771,-4.017,353.556,11.969,7.045,0.789,1
90.990,-3.884,352.002,4.566,2.831,0.750,0
100.480,-3.740,349.870,10.704,5.942,0.888,0
109.325,-3.945,351.325,6.831,5.413,0.783,0
115.313,-3.762,348.232,12.364,8.130,0.951,0
119.816,-3.852,349.577,5.136,3.842,0.788,0
126.645,-3.782,348.363,8.784,5.920,0.745,0
133.322,-3.721,351.122,7.748,6.291,0.755,0
144.575,-3.614,351.119,7.387,3.897,0.831,1
150.113,-3.458,349.519,12.373,7.377,0.990,1
154.579,-3.327,347.220,7.709,4.868,0.753,0
164.400,-3.081,346.928,8.054,4.528,0.967,0
171.751,-2.825,347.950,8.867,6.537,0.961,1
273.752,-3.034,343.430,12.451,9.147,0.893,1
280.109,-3.043,342.370,12.160,7.577,0.855,0
302.149,-3.069,337.300,6.613,3.576,0.782,1
313.023,-2.593,339.474,11.611,8.949,0.793,1
318.357,-2.049,336.727,9.054,6.921,0.866,0
324.635,-2.490,338.884,11.431,6.592,0.824,1
337.940,-0.204,339.990,7.602,4.580,0.930,1
347.061,0.651,336.898,6.377,4.591,0.896,1
349.715,0.668,339.047,4.527,3.254,0.946,0
361.612,0.692,336.281,11.315,7.614,0.814,0
368.297,0.703,333.880,6.934,4.166,0.902,1
374.753,0.724,334.682,8.310,4.572,0.996,0
379.229,0.747,337.454,12.414,9.352,0.733,0
385.028,0.766,337.416,4.826,2.999,0.801,1
718.121,-4.571,313.885,4.985,2.784,0.771,0
-202.709,-8.275,359.705,9.231,7.419,0.978,1
-190.992,-8.226,363.099,5.158,3.760,0.817,1
-187.493,-8.198,360.164,11.706,7.040,0.965,1
-181.426,-8.178,361.420,10.463,7.564,0.851,1
-174.619,-8.165,362.035,6.281,3.544,0.926,1
-166.418,-8.134,359.895,7.002,4.147,0.865,1
-157.147,-7.561,361.313,6.736,4.057,0.977,0
-81.849,-7.724,354.863,11.511,8.553,0.878,1
-76.172,-8.098,354.331,8.469,6.348,0.770,0
-70.255,-7.972,352.127,6.940,5.064,0.965,0
-59.376,-7.280,352.053,9.346,5.263,0.827,1
-50.677,-6.991,353.476,9.473,5.763,0.975,1
-44.542,-6.784,349.776,5.189,3.364,0.731,0
-41.743,-6.510,350.421,6.523,3.425,0.836,0
73.687,-3.262,343.947,7.771,5.013,0.969,0
79.069,-3.329,345.265,5.626,4.341,0.782,1
86.266,-3.394,346.327,8.711,5.728,0.849,1
93.422,-3.124,343.125,4.512,2.579,0.815,0
97.669,-3.182,343.568,9.771,5.771,0.934,0
106.338,-3.076,341.490,7.302,5.466,0.978,1
114.069,-3.393,344.112,7.215,4.778,0.840,1
118.573,-3.407,343.436,9.410,5.491,0.799,1
125.762,-3.465,342.541,6.700,4.626,0.747,1
137.420,-3.654,342.126,9.931,6.465,0.871,1
141.401,-3.614,342.580,10.769,7.284,0.913,1
148.436,-3.483,338.627,10.784,8.548,0.923,1
154.412,-3.317,339.861,4.714,3.161,0.821,1
162.670,-3.100,342.451,6.243,4.852,0.990,0
172.468,-2.542,342.315,4.602,3.617,0.968,0
275.215,-3.010,334.022,12.322,6.829,0.884,1
279.730,-3.014,332.690,10.931,8.590,0.941,1
305.095,-3.058,331.614,4.750,3.308,0.987,1
315.383,-1.500,334.019,9.622,7.800,0.772,1
324.784,-1.083,331.891,12.443,8.554,0.817,0
331.786,-1.162,332.423,12.103,7.407,0.745,0
337.814,-0.268,332.093,10.216,8.060,0.999,0
343.798,0.617,332.083,12.352,6.759,0.921,0
352.625,0.644,331.554,7.895,6.173,0.925,0
360.503,0.662,330.359,7.446,4.579,0.930,1
-198.782,-8.503,355.708,12.864,7.909,0.779,0
-192.346,-8.450,351.743,7.677,4.863,0.993,0
-188.965,-8.269,355.051,8.402,4.970,0.798,1
-181.463,-8.287,351.299,4.655,3.742,0.839,1
-174.697,-8.154,353.058,13.038,9.898,0.950,0
-166.407,-8.106,352.964,9.742,5.885,0.839,0
-158.571,-7.835,352.888,12.027,8.956,0.968,0
-149.579,-7.073,350.103,7.091,4.349,0.994,0
-74.605,-8.088,346.970,6.749,5.471,0.923,0
-69.428,-7.905,346.579,12.794,7.010,0.850,1
-62.226,-7.395,345.691,4.930,2.610,0.920,0
-54.080,-6.883,345.935,12.898,10.090,0.939,0
-48.603,-6.854,346.794,7.872,5.713,0.745,0
-42.075,-6.619,346.037,11.143,6.272,0.782,0
-33.064,-5.783,345.703,9.823,5.315,0.877,0
-25.362,-5.139,342.713,6.348,3.346,0.783,1
-21.620,-4.793,342.916,5.345,4.283,0.745,1
84.938,-2.657,337.777,5.214,4.044,0.840,0
91.688,-2.531,336.309,8.767,6.509,0.908,1
101.272,-2.625,336.762,5.302,3.735,0.831,0
107.964,-2.731,337.252,11.658,9.099,0.978,1
111.892,-2.876,338.406,6.506,4.700,0.839,0
118.884,-2.714,335.338,6.479,3.842,0.883,1
127.738,-2.707,333.268,8.676,6.181,0.991,1
132.934,-3.016,335.421,11.048,7.264,0.800,0
139.697,-2.934,332.446,13.351,8.901,0.951,1
149.361,-3.463,335.822,5.102,3.049,0.876,0
158.052,-3.227,331.213,7.843,5.981,0.815,1
162.842,-2.919,335.012,6.542,5.272,0.924,0
170.852,-2.302,333.737,6.228,3.504,0.784,1
276.642,-2.994,325.644,8.222,4.619,0.883,1
283.043,-3.007,327.404,6.661,4.423,0.789,0
300.337,-3.036,326.995,10.056,5.753,0.930,0
311.443,-1.975,326.741,7.572,3.979,0.976,1
315.059,-1.259,325.022,7.074,4.987,0.807,0
324.162,0.133,325.836,4.917,2.783,0.838,1
336.039,0.499,324.248,8.405,5.919,0.930,1
-199.600,-8.991,347.678,8.695,5.862,0.977,0
-194.388,-8.942,345.333,6.051,4.699,0.945,1
-186.239,-8.342,348.649,9.106,7.094,0.765,1
-179.168,-8.306,348.175,6.283,4.838,0.766,0
-175.112,-8.252,346.240,11.837,7.304,0.745,1
-167.096,-8.084,347.132,6.087,4.314,0.923,1
-157.720,-7.741,344.739,9.918,5.572,0.756,1
-154.465,-7.419,341.968,8.059,6.260,0.733,1
-87.950,-7.138,343.245,4.382,2.866,0.851,1
-72.328,-8.080,341.273,8.940,6.918,0.928,0
-68.990,-7.820,337.398,5.141,3.291,0.934,0
-55.764,-6.889,339.163,6.488,4.718,0.943,0
-44.605,-6.648,336.791,7.171,5.686,0.768,0
-42.760,-6.637,336.998,7.405,5.392,0.930,0
-33.953,-6.093,336.541,9.073,6.672,0.969,0
-27.367,-5.441,338.444,12.155,8.161,0.851,1
-21.870,-4.968,337.798,7.272,4.742,0.887,0
97.205,-2.233,332.531,4.964,3.139,0.993,1
113.837,-2.260,330.916,10.606,8.696,0.801,0
118.275,-2.125,328.651,5.193,2.860,0.839,0
128.988,-2.426,329.815,10.618,7.811,0.927,0
135.366,-2.424,328.003,13.189,10.505,0.803,0
140.033,-2.668,329.301,5.774,3.454,0.855,0
145.991,-2.502,325.371,7.516,4.525,0.946,0
164.978,-2.356,325.473,6.457,3.584,0.743,0
169.512,-2.116,327.089,11.973,8.734,0.829,0
173.878,-1.637,323.035,11.642,7.226,0.860,0
274.316,-2.778,321.251,6.915,5.077,0.947,0
304.308,-2.503,317.326,4.456,2.608,0.994,0
-201.962,-9.437,342.705,7.751,5.485,0.882,0
-191.966,-9.115,339.948,5.001,3.994,0.774,1
-189.059,-8.991,339.409,7.893,5.696,0.875,1
-182.729,-8.672,339.297,10.076,6.196,0.991,1
-174.129,-8.433,337.025,6.884,5.212,0.773,0
-167.860,-8.351,335.594,9.023,7.372,0.733,1
-158.503,-7.707,339.857,10.470,6.676,0.745,1
-95.555,-6.479,333.928,8.196,5.109,0.991,0
-87.336,-7.270,331.289,12.853,7.672,0.795,0
-82.512,-7.693,332.642,10.689,5.983,0.821,1
-76.103,-8.071,334.705,13.414,10.296,0.935,0
-69.229,-7.833,332.482,12.853,8.284,0.973,0
-60.209,-7.104,332.658,6.680,5.194,0.961,1
-53.665,-6.626,330.309,8.124,4.311,0.997,0
-48.154,-6.632,334.097,8.116,6.063,0.859,1
-41.606,-6.518,330.507,9.174,5.335,0.809,0
-34.403,-6.409,327.894,12.072,7.510,0.737,0
-28.254,-5.822,329.253,6.966,4.628,0.976,0
-20.151,-5.201,327.270,11.606,8.729,0.994,1
-12.808,-4.583,327.380,10.199,6.602,0.862,1
141.832,-2.132,322.400,11.083,5.999,0.751,0
145.529,-2.010,319.668,6.831,5.043,0.927,1
155.890,-2.142,318.500,4.868,2.834,0.905,1
161.309,-2.185,318.646,5.389,4.386,0.971,1
168.101,-1.771,317.797,11.485,8.431,0.827,0
-202.409,-9.814,335.249,8.917,7.133,0.999,1
-180.774,-8.956,331.109,5.214,3.409,0.842,1
-172.608,-8.560,332.757,10.606,6.428,0.872,1
-160.906,-7.740,328.941,6.829,4.717,0.911,1
-89.345,-7.186,324.874,9.225,7.421,0.991,0
-83.265,-7.684,328.514,4.694,3.347,0.911,1
-77.471,-8.056,325.115,6.756,4.424,0.996,1
-67.903,-7.709,324.429,10.253,6.751,0.985,0
-62.408,-7.229,322.783,9.758,6.840,0.912,1
-53.899,-6.577,326.957,6.643,3.887,0.998,0
-48.084,-6.464,322.691,5.762,3.751,0.848,1
-40.833,-6.406,323.649,5.327,3.527,0.893,0
-36.205,-6.341,321.662,8.882,4.679,0.970,0
-28.915,-6.184,321.466,4.865,3.986,0.950,0
-19.778,-5.419,321.601,6.592,5.390,0.890,1
-10.833,-4.598,323.675,4.559,3.065,0.867,0
156.701,-1.620,312.025,5.619,3.414,0.920,1
-204.277,-10.177,327.211,12.047,7.753,0.903,0
-193.079,-9.724,327.209,12.057,6.315,0.920,0
-190.323,-9.566,327.903,10.214,5.420,0.810,1
-98.846,-6.464,318.791,10.214,6.153,0.881,1
-89.584,-7.258,320.874,6.308,3.638,0.822,1
-84.636,-7.775,318.307,9.926,7.839,0.785,1
-74.116,-8.056,317.308,6.664,3.542,0.755,0
-68.186,-7.685,317.957,8.947,5.003,0.850,1
-59.812,-6.913,315.238,12.273,8.076,0.973,0
-52.834,-6.459,318.865,11.689,8.012,0.944,1
-45.917,-6.372,316.012,9.029,6.136,0.782,1
-38.814,-6.299,315.394,6.629,4.370,0.921,0
-33.350,-6.259,316.729,5.027,3.968,0.918,1
-26.325,-6.183,316.243,8.450,5.164,0.801,0
-20.667,-5.913,313.225,8.882,5.426,0.807,0
-5.874,-4.614,316.342,4.149,2.456,0.792,0
-193.331,-10.091,318.229,9.750,6.547,0.987,1
-187.132,-9.719,320.661,10.305,7.077,0.903,1
-184.379,-9.788,315.876,11.510,8.587,0.981,1
-105.304,-6.177,311.156,6.184,5.004,0.884,1
-96.969,-6.929,310.646,5.676,3.044,0.796,0
-83.356,-8.013,314.269,10.803,5.892,0.794,0
-77.236,-8.056,313.175,9.877,7.089,0.865,1
-68.084,-7.675,313.365,6.531,3.625,0.863,0
-63.695,-7.248,308.494,7.990,6.328,0.829,1
-53.430,-6.390,313.107,6.646,4.764,0.911,1
-46.179,-6.298,310.013,7.556,5.500,0.948,0
-40.771,-6.276,311.485,4.556,2.971,0.998,1
-32.737,-6.161,308.105,8.776,5.819,0.742,1
-29.874,-6.115,306.535,6.103,4.770,0.835,0
-22.425,-6.057,308.373,4.528,3.481,0.747,0
-13.124,-5.550,309.634,8.312,6.033,0.759,0
-5.548,-5.261,305.640,8.697,5.499,0.739,1
293.925,-1.611,289.562,5.918,3.638,0.749,0
299.373,-1.605,293.225,7.974,5.707,0.979,1
-201.972,-10.455,313.710,5.975,4.770,0.812,0
-195.904,-10.382,310.009,12.966,9.792,0.855,1
-189.541,-10.086,308.640,10.669,6.088,0.939,1
-183.436,-9.542,310.288,9.561,6.183,0.771,1
-97.887,-7.174,303.742,11.491,8.894,0.733,0
-88.448,-7.831,306.977,6.855,5.619,0.843,1
-84.764,-8.089,303.179,8.734,5.306,0.808,0
-76.151,-8.077,302.655,12.121,7.082,0.780,1
-70.905,-8.069,302.535,12.634,8.780,0.815,1
-61.445,-7.123,305.063,5.272,3.304,0.871,1
-53.716,-6.326,305.448,7.729,4.190,0.735,0
-49.297,-6.260,301.006,6.017,3.461,0.847,0
-34.615,-6.115,300.731,9.696,6.163,0.895,1
-28.608,-6.083,304.436,10.004,6.917,0.794,1
-18.921,-5.948,300.177,11.506,8.484,0.865,1
-16.188,-5.944,303.380,12.440,9.999,0.917,0
-7.981,-5.812,298.919,11.515,6.333,0.781,1
284.958,-1.623,282.441,10.977,7.798,0.994,1
298.962,-1.594,283.266,8.497,6.775,0.749,0
-194.290,-10.325,304.173,7.593,4.874,0.930,1
-105.336,-6.785,300.058,10.409,8.303,0.823,1
-98.833,-7.443,297.604,10.850,7.260,0.805,0
-88.948,-8.103,300.277,6.251,5.032,0.999,0
-86.338,-8.141,296.185,9.324,6.418,0.804,0
-77.655,-8.094,298.617,9.238,5.982,0.769,1
-73.044,-8.085,299.281,8.824,6.145,0.898,0
-65.939,-8.073,298.934,9.106,5.931,0.797,1
-57.025,-7.368,298.259,10.782,7.736,0.814,1
-49.729,-6.963,294.427,7.781,4.206,0.748,0
-43.197,-6.148,296.536,5.145,2.878,0.782,0
-32.810,-6.073,297.856,7.757,4.899,0.993,1
-27.477,-6.008,296.642,5.610,2.961,0.957,1
-23.515,-5.973,297.410,11.404,8.792,0.730,0
-15.257,-5.883,297.126,9.172,6.306,0.924,0
-5.859,-5.768,296.452,7.255,3.894,0.796,1
-2.596,-5.700,292.631,7.079,4.394,0.779,0
285.193,-1.619,278.707,9.253,6.771,0.804,0
-203.324,-10.722,300.833,9.317,7.307,0.806,1
-198.817,-10.528,299.756,6.223,3.974,0.990,1
-114.138,-6.449,295.797,12.460,7.011,0.763,1
-108.514,-6.945,294.257,4.811,2.911,0.947,0
-98.541,-7.878,291.138,8.071,5.790,0.772,0
-91.260,-8.206,290.679,12.158,6.909,0.797,1
-84.629,-8.181,289.599,4.564,3.598,0.973,0
-68.599,-8.101,292.671,9.612,5.824,0.735,0
-65.121,-8.102,290.578,11.280,6.719,0.923,0
-55.505,-8.094,288.142,10.076,6.203,0.784,1
-47.448,-7.306,287.184,8.502,5.469,0.823,1
-33.701,-5.967,287.345,8.928,6.119,0.932,1
-29.956,-5.927,287.319,9.492,6.977,0.863,0
-22.915,-5.907,290.106,6.498,3.600,0.790,1
-16.100,-5.793,285.920,12.812,7.568,0.874,1
-6.045,-5.687,285.928,12.663,8.635,0.937,0
-0.840,-5.631,286.366,6.525,3.456,0.858,1
6.777,-5.522,287.192,5.972,3.784,0.824,1
66.368,-3.742,281.422,7.939,5.219,0.850,0
115.221,-1.802,278.187,7.684,5.482,0.822,0
-115.037,-7.108,286.874,10.146,5.940,0.993,0
-108.492,-7.537,286.359,6.158,4.610,0.771,0
-97.232,-8.350,283.296,11.852,8.585,0.921,0
-93.454,-8.316,283.101,11.029,7.768,0.890,0
-86.355,-8.242,283.777,9.607,7.158,0.824,1
-70.078,-7.908,281.459,4.611,3.779,0.917,1
-62.454,-7.822,285.845,9.016,6.916,0.905,1
-59.158,-7.407,282.758,12.276,8.392,0.925,0
-49.800,-7.337,283.050,11.495,8.610,0.862,0
-46.254,-6.893,280.484,12.159,7.393,0.844,1
-34.810,-5.654,279.600,7.397,4.115,1.000,0
-28.844,-5.626,281.737,9.051,7.351,0.853,1
-24.156,-5.407,278.458,8.986,6.836,0.742,1
-15.688,-5.385,277.797,6.615,3.846,0.921,0
-10.216,-5.595,278.403,9.270,5.448,0.788,1
-0.576,-5.560,277.776,8.321,6.127,0.999,1
8.114,-5.455,278.214,11.607,6.148,0.794,0
14.422,-5.356,277.251,8.918,5.646,0.976,1
21.598,-5.244,279.189,11.801,7.176,0.757,1
34.918,-5.015,279.044,7.878,4.372,0.749,1
38.240,-4.957,279.925,7.123,4.376,0.990,1
45.605,-4.798,277.154,7.487,3.991,0.811,1
56.426,-4.502,277.464,11.760,7.794,0.853,0
60.873,-4.477,273.883,7.955,4.324,0.810,1
70.111,-4.029,277.072,10.664,7.775,0.805,1
74.335,-4.164,273.885,9.494,6.033,0.903,0
117.682,-1.937,274.987,8.380,5.373,0.833,1
125.763,-1.789,271.874,4.672,3.312,0.871,0
-128.462,-7.209,279.221,10.448,5.479,0.993,0
-121.052,-7.368,280.579,10.665,8.276,0.849,1
-114.816,-7.703,280.115,12.513,7.795,0.786,0
-104.131,-8.232,281.015,6.165,4.028,0.883,1
-98.334,-8.449,277.029,5.113,3.120,0.943,1
-92.750,-8.400,275.982,8.531,6.192,0.801,0
-86.101,-8.300,279.035,11.545,7.657,0.891,1
-77.845,-8.265,275.941,12.998,9.681,0.834,1
-71.271,-8.100,279.099,9.631,6.185,0.766,0
-64.193,-7.104,277.223,9.473,6.774,0.996,0
-57.910,-6.418,275.301,10.413,8.361,0.796,0
-48.830,-6.626,277.848,13.203,10.716,0.805,1
-46.486,-6.360,276.257,9.462,6.067,0.906,0
-35.347,-5.431,273.924,7.012,3.916,0.988,0
-27.629,-5.270,273.964,11.946,8.402,0.850,1
-25.272,-5.144,272.110,11.756,6.606,0.977,0
-18.509,-5.221,275.994,8.415,6.538,0.886,0
-11.637,-5.281,273.251,6.716,4.160,0.952,0
0.785,-5.498,272.145,11.832,7.184,0.916,0
5.322,-5.457,274.090,7.750,5.967,0.972,0
11.839,-5.343,269.993,6.878,5.100,0.788,0
19.365,-5.254,272.719,6.946,4.399,0.795,0
23.547,-5.182,272.739,7.019,4.962,0.858,1
42.081,-4.841,271.708,8.838,6.986,0.855,1
44.309,-4.736,269.026,9.286,6.657,0.799,0
60.757,-4.465,270.286,9.386,7.451,0.851,1
67.783,-4.120,266.224,5.232,3.050,0.844,0
73.202,-4.005,266.006,8.234,5.548,0.841,1
82.645,-3.846,266.123,6.733,4.909,0.888,1
88.132,-3.684,264.906,10.683,5.609,0.873,0
125.841,-2.276,266.394,8.918,6.155,0.752,1
131.678,-2.302,263.375,10.983,6.682,0.788,0
-134.768,-7.809,271.307,5.412,3.613,0.985,1
-127.947,-8.002,271.130,9.215,6.201,0.840,1
-122.788,-8.180,271.041,8.257,5.189,0.789,1
-114.609,-8.451,271.659,12.643,7.898,0.958,0
-109.171,-8.656,272.345,12.447,7.029,0.913,0
-98.587,-8.568,271.454,13.442,9.357,0.925,1
-92.533,-8.448,269.592,5.661,3.957,0.957,1
-86.814,-8.420,270.013,11.885,7.741,0.913,1
-80.408,-8.348,271.190,5.788,3.180,0.926,1
-72.568,-8.272,271.981,7.747,5.725,0.872,1
-66.347,-7.485,266.761,11.472,7.677,0.964,0
-56.369,-6.058,266.032,11.268,5.871,0.865,0
-49.491,-5.609,268.070,10.899,8.937,0.840,0
-46.118,-5.594,270.541,8.899,7.284,0.924,1
-36.580,-5.308,266.513,12.301,7.562,0.893,1
-29.617,-5.163,265.722,12.964,9.887,0.829,1
-24.217,-5.044,267.358,5.351,3.142,0.912,0
-16.090,-4.882,266.014,11.074,6.150,0.982,1
-7.185,-5.042,265.537,9.019,5.092,0.886,1
-3.330,-5.310,268.492,10.688,8.441,0.912,1
6.431,-5.298,267.889,6.217,3.312,0.755,0
12.562,-5.070,265.057,11.441,6.103,0.897,1
16.664,-5.108,266.737,6.283,4.529,0.969,0
23.873,-4.768,262.730,10.444,7.899,0.780,1
32.169,-4.674,263.686,7.425,3.865,0.842,0
39.870,-4.391,261.155,5.180,3.997,0.829,1
44.350,-4.284,260.831,5.433,4.390,0.766,1
55.719,-4.070,260.986,6.564,4.961,0.847,0
59.303,-4.119,263.120,6.793,5.384,0.939,1
69.982,-3.676,258.842,4.887,2.843,0.821,0
73.101,-3.728,260.856,11.978,8.091,0.872,1
83.571,-3.492,259.642,11.947,6.394,0.965,0
89.869,-3.298,258.106,6.442,5.241,0.775,1
124.086,-2.194,257.669,7.045,4.505,0.802,0
-135.918,-8.232,266.831,10.902,8.567,0.834,1
-128.269,-8.403,266.907,10.633,8.096,0.883,1
-123.909,-8.791,264.147,8.461,4.612,0.891,0
-115.897,-8.742,267.790,12.146,9.575,0.980,0
-105.525,-8.555,262.438,6.764,4.449,0.813,0
-103.270,-8.187,263.871,6.526,3.792,0.965,0
-93.964,-7.753,263.063,8.757,5.860,0.984,0
-86.356,-7.821,264.901,5.562,3.146,0.875,1
-80.370,-7.324,261.302,13.426,8.839,0.915,0
-73.071,-7.159,260.469,7.608,4.551,0.911,1
-67.484,-7.285,262.420,12.421,9.166,0.939,0
-59.293,-6.488,261.524,8.073,6.586,0.737,1
-51.019,-5.669,258.667,7.266,5.451,0.828,0
-43.090,-5.481,260.957,11.181,6.432,0.820,0
-36.270,-5.322,260.013,6.629,3.984,0.874,1
-29.223,-5.172,260.678,8.329,6.239,0.838,0
-25.029,-5.086,260.032,8.776,6.301,0.809,0
-14.352,-4.867,260.486,8.940,5.472,0.845,1
-7.110,-4.744,256.231,9.381,6.127,0.944,0
-0.015,-5.005,259.939,10.946,7.310,0.999,0
4.620,-4.736,256.049,4.537,3.671,0.905,0
8.553,-4.725,257.269,9.216,4.900,0.784,0
17.326,-4.732,259.849,13.164,7.263,0.993,0
25.010,-4.566,259.355,7.376,5.175,0.828,1
30.805,-4.340,257.152,6.006,3.656,0.977,1
38.802,-4.254,258.259,7.587,5.720,0.964,0
45.243,-3.887,253.888,8.143,5.687,0.941,0
51.347,-3.886,256.085,7.983,4.206,0.763,1
61.709,-3.439,252.235,7.731,4.675,0.792,0
65.547,-3.541,254.768,11.191,6.768,0.872,0
76.694,-3.384,255.562,7.435,4.109,0.945,1
79.554,-2.873,251.975,4.595,3.191,0.901,1
85.627,-3.289,256.451,6.954,5.273,0.777,0
102.091,-2.219,251.993,4.614,2.900,0.909,0
-147.967,-9.022,257.716,8.832,7.220,0.965,0
-143.341,-9.055,257.695,12.408,9.232,0.788,0
-137.624,-8.678,262.023,5.073,3.012,0.855,0
-131.449,-9.374,256.183,11.230,8.298,0.942,1
-119.639,-9.338,257.973,8.158,4.482,0.731,0
-116.157,-9.245,257.424,11.966,7.600,0.857,0
-108.233,-9.014,258.572,7.076,4.212,0.758,1
-100.947,-7.944,259.159,5.730,3.330,0.882,0
-91.796,-6.894,255.604,6.859,3.739,0.867,0
-88.270,-6.650,253.953,10.337,6.037,0.998,0
-80.563,-6.687,255.568,12.259,10.026,0.972,0
-72.131,-6.443,254.547,8.806,6.382,0.794,1
-66.507,-6.475,255.808,12.550,8.175,0.967,1
-56.642,-6.115,254.558,7.202,5.828,0.802,1
-52.825,-5.726,251.993,4.840,2.678,0.770,1
-44.638,-5.534,254.193,6.398,4.610,0.772,1
-40.691,-5.442,255.103,8.110,4.874,0.756,0
-30.659,-5.221,254.925,11.478,6.373,0.862,1
-26.550,-5.144,252.089,4.760,3.375,0.863,1
-15.820,-4.927,250.598,9.645,5.271,0.824,0
-7.805,-4.779,249.183,11.427,8.416,0.772,0
-4.522,-4.714,250.184,10.746,6.130,0.799,0
5.167,-4.537,249.075,13.439,9.655,0.893,0
12.549,-4.405,249.615,4.841,3.481,0.987,1
17.646,-4.311,251.400,6.135,4.567,0.745,0
23.374,-4.235,252.602,8.064,4.998,0.882,0
33.953,-3.891,248.682,8.661,5.116,0.853,0
41.418,-3.861,250.976,8.341,6.203,0.819,1
44.625,-3.610,248.981,5.024,2.920,0.903,0
52.635,-3.575,250.949,8.285,4.808,0.787,0
61.645,-3.146,249.389,7.461,3.971,0.919,0
64.181,-2.711,245.934,8.349,5.585,0.805,0
72.000,-2.772,248.835,4.518,3.330,0.863,0
81.243,-2.424,248.182,5.655,4.505,0.998,1
88.192,-1.852,244.711,4.812,2.855,0.852,1
96.967,-1.451,243.323,10.843,7.689,0.784,1
102.723,-1.742,247.625,10.533,6.626,0.812,1
-149.095,-9.671,252.267,11.220,5.888,0.865,1
-142.305,-9.846,250.788,13.233,7.577,0.891,1
-139.002,-9.867,250.593,13.396,7.774,0.915,0
-128.153,-9.760,252.925,13.189,8.961,0.797,1
-123.318,-9.572,254.054,11.717,6.473,0.900,0
-116.187,-9.369,253.330,8.597,4.831,0.810,0
-110.599,-8.985,250.087,9.123,7.452,0.946,0
-101.904,-8.243,251.785,6.291,4.657,0.803,1
-95.427,-7.285,247.442,8.861,5.270,0.970,1
-85.867,-6.395,248.359,5.104,4.134,0.790,0
-79.021,-6.267,250.949,5.054,3.215,0.760,0
-72.447,-6.152,247.885,9.377,6.141,0.943,0
-64.714,-5.993,246.724,7.865,4.938,0.936,0
-50.185,-5.679,247.873,7.408,5.945,0.979,1
-37.383,-5.383,248.970,5.737,3.581,0.773,1
-30.492,-5.243,247.295,12.983,9.865,0.758,1
-21.992,-5.078,243.386,10.739,7.541,0.854,0
-17.006,-4.960,247.618,6.040,4.916,0.986,1
-9.247,-4.756,243.858,9.171,7.172,0.961,1
-2.216,-4.551,244.222,4.737,2.747,0.820,1
5.417,-4.226,243.389,5.319,3.253,0.912,1
7.861,-4.289,244.875,8.241,4.573,0.787,1
23.832,-3.806,244.777,12.849,9.002,0.833,1
33.930,-3.435,244.007,6.594,4.119,0.757,0
38.055,-3.355,244.439,10.887,7.205,0.874,1
46.492,-2.971,243.134,10.892,6.821,0.798,1
53.826,-2.488,240.651,11.384,9.164,0.865,0
62.261,-2.447,242.831,6.722,4.024,0.893,1
63.966,-2.233,241.262,10.535,6.284,0.753,1
76.029,-1.553,238.387,8.929,4.882,0.969,0
82.905,-1.637,241.184,6.730,3.764,0.816,1
88.080,-1.546,241.778,8.090,5.666,0.732,1
96.773,-0.717,236.303,6.085,4.861,0.977,0
103.183,-0.621,237.091,4.895,2.789,0.756,0
-743.071,-15.368,277.274,11.857,8.344,0.983,0
-666.369,-12.861,277.211,4.328,2.553,0.847,0
-654.621,-12.455,276.010,8.809,4.685,0.813,0
-648.570,-12.114,273.461,7.908,4.880,0.742,0
-642.340,-12.211,275.086,10.050,7.217,0.759,0
-610.034,-12.295,272.397,11.334,7.084,0.805,0
-603.096,-12.485,271.905,5.482,4.073,0.997,0
-591.243,-13.080,272.202,7.679,5.064,0.999,0
-520.660,-14.383,268.004,6.403,4.031,0.850,1
-505.496,-14.366,263.927,5.222,3.772,0.893,0
-500.213,-14.361,265.026,6.420,4.636,0.971,0
-494.428,-14.352,263.598,13.105,9.718,0.997,1
-486.068,-14.356,266.496,11.475,6.355,0.895,1
-481.292,-14.349,266.302,7.133,5.261,0.995,0
-466.276,-14.316,262.197,12.642,9.491,0.973,0
-455.969,-14.309,263.741,12.887,8.721,0.872,0
-445.265,-14.274,261.868,7.247,4.989,0.998,1
-437.769,-14.257,262.765,12.579,10.119,0.976,1
-400.239,-14.141,261.106,10.818,6.465,0.844,0
-397.707,-14.122,261.045,4.790,3.486,0.933,0
-387.857,-14.098,259.395,12.354,6.503,0.983,0
-380.620,-13.670,257.219,9.935,7.722,0.984,0
-375.098,-12.637,258.249,6.547,4.220,0.967,1
-365.103,-11.361,256.408,11.409,7.638,0.802,0
-358.593,-11.253,257.381,6.568,5.173,0.761,0
-355.737,-11.255,258.381,4.889,3.941,0.775,1
-346.316,-11.256,256.744,8.107,5.391,0.949,0
-337.957,-11.259,258.267,6.994,5.470,0.911,0
-331.285,-11.259,255.522,9.207,6.636,0.907,0
-326.751,-11.260,255.919,13.193,10.123,0.803,1
-320.047,-11.259,253.721,8.654,6.345,0.982,1
-312.816,-11.260,254.562,4.633,3.046,0.776,1
-291.262,-11.259,252.673,9.182,5.557,0.868,1
-276.850,-11.259,252.295,8.021,5.400,0.830,0
-267.576,-11.259,254.552,6.834,4.471,0.734,0
-262.320,-11.259,253.983,11.202,8.800,0.956,1
-252.927,-11.259,252.506,12.943,8.600,0.859,0
-250.187,-11.258,253.369,5.852,3.393,0.971,0
-242.432,-11.246,248.881,9.621,7.877,0.747,1
-232.582,-11.249,249.523,12.726,9.374,0.899,1
-149.215,-10.327,243.239,8.504,4.616,0.923,1
-143.300,-10.242,247.852,8.992,7.078,0.868,0
-135.767,-9.129,244.626,12.234,9.229,0.818,1
-129.769,-8.943,245.186,8.050,5.649,0.878,1
-123.826,-8.987,247.070,9.298,7.053,0.810,1
-117.019,-8.391,243.963,5.189,3.594,0.832,0
-107.151,-7.918,242.617,6.320,3.595,0.754,1
-103.474,-8.294,246.003,7.412,5.731,0.847,1
-94.506,-7.157,242.443,8.735,4.983,0.972,1
-82.922,-6.348,243.789,8.107,4.389,0.854,0
-75.546,-6.219,239.260,10.725,8.056,0.793,1
-67.078,-6.050,241.518,5.498,2.884,0.868,1
-57.377,-5.852,238.709,10.989,8.867,0.814,0
-53.306,-5.761,240.638,11.070,8.644,0.951,1
-41.145,-5.488,239.439,5.557,4.382,0.892,0
-30.251,-5.169,240.108,4.748,3.476,0.953,1
-27.333,-5.074,240.232,5.799,3.629,0.789,0
-19.893,-4.838,240.594,11.690,7.729,0.856,0
-8.592,-4.239,238.466,8.967,6.318,0.760,1
-4.175,-4.018,237.723,5.002,2.998,0.842,0
3.782,-3.735,237.547,10.798,7.724,0.786,0
17.580,-3.136,235.782,13.255,8.566,0.955,1
23.778,-3.178,238.208,12.348,9.852,0.939,0
28.722,-2.690,234.662,9.863,7.457,0.909,1
35.662,-2.382,233.769,8.984,6.548,0.892,1
46.911,-2.262,236.183,7.379,4.614,0.763,0
54.657,-1.633,232.523,4.728,3.407,0.939,0
56.882,-1.589,232.794,10.713,7.756,0.743,0
68.588,-1.538,236.017,11.650,7.452,0.966,0
-737.799,-15.371,271.125,7.005,4.551,0.767,0
-731.332,-15.332,272.232,8.767,4.835,0.895,1
-721.586,-15.067,270.424,8.456,4.860,0.888,1
-719.824,-14.978,270.705,7.099,3.937,0.925,1
-520.841,-14.372,258.600,9.537,7.427,0.877,1
-515.213,-14.367,261.955,8.291,5.971,0.740,1
-506.123,-14.361,261.818,5.769,3.045,0.889,0
-497.948,-14.341,257.320,6.535,4.996,0.774,0
-493.309,-14.331,255.954,9.665,6.894,0.776,0
-487.764,-14.333,258.766,8.834,4.627,0.850,0
-477.361,-14.323,259.344,11.264,6.416,0.784,1
-470.722,-14.313,259.140,4.539,3.072,0.782,0
-468.447,-14.296,254.547,4.927,3.125,0.889,0
-460.643,-14.286,253.869,4.708,3.670,0.919,1
-450.822,-14.279,254.956,4.624,2.605,0.750,1
-444.021,-14.258,258.419,10.346,8.369,0.878,0
-435.940,-14.207,254.788,5.254,4.275,0.744,1
-408.277,-14.124,254.746,9.072,5.153,0.853,0
-399.848,-14.100,253.833,9.498,6.176,0.983,0
-396.185,-14.082,253.402,4.762,2.984,0.842,1
-386.530,-14.067,250.228,6.145,3.561,0.866,1
-382.254,-14.070,253.343,7.976,5.047,0.805,0
-367.102,-12.329,252.184,9.711,7.216,0.962,1
-358.859,-11.245,250.792,4.825,2.819,0.951,0
-354.586,-11.241,249.016,11.943,7.694,0.960,1
-344.281,-11.241,247.472,9.974,5.457,0.990,1
-342.250,-11.245,248.989,4.939,3.984,0.744,1
-335.454,-11.248,249.565,5.920,3.125,0.771,1
-324.579,-11.254,250.616,6.016,3.976,0.802,1
-318.327,-11.244,246.696,12.916,9.077,0.895,0
-304.054,-11.241,245.494,11.437,8.851,0.780,0
-299.233,-11.242,245.945,7.601,4.617,0.933,0
-291.501,-11.242,245.878,6.922,5.177,0.793,1
-283.208,-11.239,245.444,8.655,6.664,0.786,1
-277.672,-11.242,246.570,10.113,8.244,0.927,0
-272.014,-11.235,244.084,12.114,6.318,0.784,0
-261.822,-11.227,243.565,7.248,3.930,0.797,0
-253.613,-11.229,244.360,10.180,6.123,0.873,1
-250.445,-11.236,246.443,4.621,3.757,0.966,0
-242.891,-11.219,243.386,7.266,3.831,0.775,1
-232.771,-11.223,244.013,11.290,5.974,0.873,0
-225.766,-11.216,243.513,10.731,8.669,0.883,1
-151.055,-10.135,240.623,9.851,7.566,0.917,1
-145.401,-10.620,240.597,11.036,8.065,0.874,0
-135.815,-9.140,238.201,10.875,8.509,0.805,1
-128.944,-7.891,237.828,8.742,5.061,0.826,0
-120.656,-7.861,239.449,4.596,2.418,0.871,0
-113.543,-7.551,238.415,6.510,4.149,0.989,0
-106.358,-7.219,237.350,9.346,6.175,0.884,0
-103.777,-6.725,233.595,5.786,3.064,0.748,0
-93.900,-6.721,235.176,10.176,6.319,0.925,1
-90.521,-6.570,238.348,10.641,5.559,0.906,0
-82.550,-6.161,233.732,8.851,5.440,0.896,0
-65.990,-5.629,232.613,10.634,5.934,0.738,0
-57.434,-5.508,233.978,6.436,4.546,0.806,0
-55.598,-5.555,235.099,12.930,8.035,0.847,0
-46.551,-4.881,230.783,13.203,7.812,0.747,0
-37.988,-4.783,232.912,9.740,6.956,0.781,0
-32.016,-4.409,231.108,12.767,10.399,0.959,0
-24.965,-4.208,231.682,10.280,6.812,0.971,1
-20.506,-4.223,233.611,11.744,7.976,0.751,1
-9.090,-3.731,232.730,12.492,10.129,0.786,1
-6.886,-3.713,233.388,13.264,7.252,0.916,0
2.768,-2.933,228.533,7.707,5.365,0.774,0
9.108,-2.988,231.365,11.370,6.489,0.792,0
15.656,-2.731,230.834,5.550,3.075,0.902,0
37.123,-1.970,230.045,9.443,5.844,0.936,1
-746.646,-15.397,267.561,6.228,4.020,0.755,0
-740.984,-15.395,264.901,10.760,6.632,0.767,0
-734.263,-15.380,264.765,11.813,8.046,0.936,0
-726.581,-14.877,263.020,8.650,5.982,0.970,1
-563.720,-13.627,253.156,9.405,7.147,0.869,1
-521.325,-14.363,251.403,5.638,3.981,0.938,1
-513.842,-14.356,253.807,11.705,9.540,0.803,0
-501.638,-14.339,253.781,10.039,5.488,0.892,1
-495.850,-14.326,251.780,8.576,5.695,0.736,0
-488.525,-14.312,250.728,7.171,4.255,0.976,0
-477.738,-14.292,249.778,10.622,6.755,0.925,1
-470.643,-14.276,248.212,7.499,4.527,0.917,0
-468.236,-14.289,252.253,9.168,5.285,0.881,1
-460.929,-14.254,248.369,6.185,3.702,0.739,0
-452.625,-14.231,246.437,11.197,6.630,0.821,1
-436.957,-14.174,246.113,6.480,4.572,0.998,1
-432.597,-14.167,248.943,5.799,3.845,0.909,0
-426.425,-14.149,248.488,10.876,8.653,0.753,1
-419.160,-14.116,246.183,9.177,7.155,0.938,0
-412.550,-14.099,247.671,9.216,6.625,0.916,0
-404.213,-14.083,244.276,9.336,6.894,0.911,0
-393.513,-14.070,247.804,12.862,7.906,0.869,0
-386.945,-14.062,243.917,9.982,6.250,0.849,0
-383.900,-14.059,243.085,11.277,6.612,0.873,1
-372.416,-13.175,244.473,11.825,9.603,0.990,0
-368.309,-12.527,242.942,6.216,4.001,0.867,1
-360.780,-11.353,244.697,9.451,5.642,0.973,1
-353.657,-11.227,242.585,7.283,4.330,0.794,1
-344.239,-11.235,245.112,9.062,5.097,0.952,0
-339.563,-11.225,240.880,7.576,5.193,0.984,1
-335.855,-11.229,242.464,12.975,10.388,0.834,0
-325.907,-11.236,244.135,13.179,9.340,0.734,1
-317.245,-11.226,240.417,11.030,8.130,0.900,1
-311.417,-11.229,241.589,6.934,5.029,0.794,0
-304.986,-11.228,240.898,10.848,8.769,0.927,0
-300.108,-11.226,240.435,7.316,5.680,0.858,1
-293.965,-11.224,239.679,9.113,6.945,0.884,0
-286.248,-11.222,239.078,11.950,7.323,0.983,1
-279.588,-11.217,238.005,6.760,3.810,0.923,0
-269.644,-11.209,235.983,10.510,6.369,0.949,0
-264.943,-11.220,240.526,12.324,6.995,0.732,0
-254.270,-11.212,239.898,12.395,8.936,0.774,1
-247.262,-11.197,236.972,10.366,7.855,0.781,1
-240.814,-11.188,236.022,10.881,8.129,0.861,1
-234.740,-11.194,237.993,9.184,6.862,0.749,0
-152.186,-9.440,229.749,12.281,7.954,0.949,1
-142.918,-10.017,230.520,6.338,4.984,0.894,1
-135.308,-9.147,229.300,5.728,3.741,0.882,1
-128.585,-7.279,229.089,8.133,5.504,0.732,0
-126.116,-7.260,233.330,8.656,4.947,0.832,1
-116.701,-6.869,230.003,6.256,4.784,0.790,0
-108.722,-6.377,227.243,10.226,7.267,0.747,0
-104.777,-6.498,230.365,10.323,8.033,0.827,0
-97.718,-6.068,227.600,12.629,9.619,0.850,0
-87.629,-5.777,227.483,10.948,6.444,0.776,1
-73.785,-5.488,228.542,6.210,4.853,0.879,0
-65.541,-4.926,224.710,12.742,9.252,0.942,0
-61.480,-5.239,229.653,7.572,5.672,0.776,1
-56.412,-4.684,225.119,13.428,8.014,0.853,0
-47.244,-4.280,223.941,11.439,9.150,0.955,1
-39.657,-3.937,223.009,6.745,3.913,0.917,1
-30.640,-3.736,224.284,13.355,10.487,0.980,1
-27.318,-3.587,223.946,9.452,5.564,0.905,0
-18.277,-3.311,224.510,10.040,5.511,0.959,1
-738.165,-15.312,256.369,8.119,5.168,0.777,0
-731.604,-14.938,258.417,7.325,4.009,0.904,0
-722.183,-14.117,256.154,8.995,6.244,0.807,0
-561.839,-13.478,247.815,12.275,7.466,0.902,0
-557.921,-13.935,249.722,6.849,4.232,0.896,0
-551.099,-14.371,247.032,8.450,5.952,0.897,1
-545.394,-14.374,248.411,11.031,7.486,0.800,1
-519.907,-14.336,244.104,9.845,6.043,0.764,1
-514.082,-14.342,248.345,5.970,3.655,0.913,0
-509.517,-14.326,245.511,8.204,4.515,0.819,1
-499.380,-14.316,246.044,12.519,9.384,0.832,1
-495.652,-14.311,246.155,10.716,8.777,0.846,0
-482.116,-14.280,243.861,11.495,6.274,0.736,0
-472.498,-14.251,241.268,5.655,4.031,0.930,1
-466.170,-14.255,245.688,5.489,3.766,0.976,0
-459.146,-14.206,241.093,8.480,6.434,0.976,1
-453.321,-14.211,243.571,11.290,7.130,0.811,1
-444.848,-14.163,239.321,11.144,6.628,0.903,1
-436.177,-14.135,239.040,9.855,6.523,0.766,1
-428.633,-14.116,240.159,13.181,7.600,0.778,0
-423.051,-14.111,240.485,7.112,3.934,0.864,1
-416.886,-14.090,238.850,6.938,4.524,0.732,0
-412.673,-14.084,241.335,7.235,4.344,0.878,0
-401.455,-14.069,237.799,7.403,5.579,0.806,1
-395.771,-14.060,236.659,6.148,3.428,0.895,0
-389.769,-14.059,239.949,5.751,3.239,0.965,1
-384.443,-14.053,236.623,4.796,2.676,0.813,0
-376.190,-13.764,237.755,12.787,9.059,0.998,0
-362.339,-11.584,238.588,13.170,10.099,0.888,1
-355.503,-11.215,237.188,10.372,8.457,0.979,1
-349.672,-11.211,235.292,10.845,8.770,0.871,1
-339.824,-11.203,233.072,6.931,4.422,0.765,1
-333.586,-11.210,234.711,10.697,8.013,0.860,0
-324.260,-11.202,232.983,7.545,4.391,0.794,0
-318.211,-11.213,235.626,7.979,5.541,0.864,0
-310.096,-11.203,233.099,11.492,9.302,0.913,0
-307.055,-11.203,233.066,8.364,5.490,0.953,0
-293.144,-11.204,233.395,6.266,4.847,0.995,1
-283.115,-11.204,233.706,12.803,9.245,0.766,0
-275.922,-11.181,231.353,9.412,7.577,0.956,0
-269.060,-11.167,230.017,10.650,6.140,0.906,0
-262.210,-11.179,231.824,13.044,7.930,0.811,1
-258.566,-11.187,233.148,5.457,3.963,0.946,1
-248.548,-11.171,232.757,9.634,6.481,0.949,0
-240.839,-11.142,230.896,11.969,6.837,0.744,1
-234.817,-11.142,231.282,10.410,6.436,0.854,1
-153.616,-8.807,224.183,12.994,8.027,0.864,0
-144.344,-9.436,226.683,7.212,5.795,0.963,1
-135.174,-7.262,224.209,5.160,3.961,0.741,0
-125.707,-6.691,223.092,13.409,10.601,0.917,0
-117.821,-6.484,224.486,12.808,6.674,0.933,1
-109.324,-6.011,222.354,9.467,7.723,0.753,1
-102.469,-5.984,224.818,8.750,6.848,0.778,0
-86.383,-5.424,223.656,11.406,8.455,0.924,0
-80.994,-5.084,221.359,13.347,9.683,0.805,1
-72.373,-4.651,219.251,8.717,5.241,0.796,1
-69.233,-4.656,220.390,10.120,6.909,0.754,0
-63.623,-4.449,219.993,7.572,5.904,0.907,0
-747.564,-15.438,250.083,11.342,8.079,0.866,1
-738.429,-15.147,253.057,11.052,7.229,0.820,0
-732.412,-14.652,252.639,6.463,3.697,0.904,1
-726.575,-14.091,250.681,7.791,5.331,0.890,1
-563.387,-12.922,239.933,6.305,4.697,0.751,0
-556.601,-13.533,239.783,12.650,9.081,0.760,0
-552.136,-14.013,241.303,13.200,7.657,0.941,0
-545.143,-14.353,240.564,11.185,7.702,0.922,1
-520.958,-14.314,237.328,5.724,4.011,0.828,0
-515.292,-14.302,236.011,8.612,5.119,0.923,0
-508.762,-14.307,239.773,7.565,5.005,0.737,0
-501.576,-14.295,239.020,8.621,4.968,0.829,1
-493.515,-14.274,234.723,10.707,7.168,0.830,1
-488.230,-14.270,235.151,7.779,6.001,0.970,1
-482.240,-14.255,234.262,8.953,6.932,0.966,0
-472.614,-14.229,234.137,11.196,6.274,0.965,1
-466.733,-14.219,235.875,8.231,6.740,0.856,0
-457.043,-14.170,234.344,11.249,7.013,0.925,1
-444.887,-14.144,236.700,6.792,4.240,0.834,0
-439.652,-14.113,234.408,4.660,2.573,0.904,0
-432.536,-14.090,233.972,12.822,8.000,0.895,0
-422.847,-14.077,233.861,6.827,4.101,0.971,0
-417.670,-14.077,235.080,7.498,4.770,0.787,1
-407.942,-14.064,234.096,5.853,3.256,0.946,1
-403.927,-14.054,230.133,12.454,6.612,0.952,1
-395.028,-14.022,229.510,4.833,3.784,0.737,0
-385.208,-13.972,231.326,12.038,7.495,0.937,0
-374.614,-13.500,231.062,7.799,4.689,0.932,0
-370.507,-12.842,228.705,7.553,5.120,0.876,1
-363.244,-11.713,232.450,10.414,6.151,0.916,1
-354.740,-11.193,231.324,7.024,5.679,0.746,1
-347.216,-11.178,228.676,5.947,3.320,0.771,1
-340.492,-11.163,226.023,9.675,5.515,0.823,0
-336.247,-11.188,230.468,6.210,4.585,0.898,0
-327.490,-11.163,225.996,5.457,2.965,0.835,1
-321.369,-11.172,227.570,7.278,5.288,0.920,0
-314.516,-11.166,226.499,8.091,5.147,0.787,0
-308.249,-11.173,227.827,5.121,3.193,0.861,1
-301.706,-11.150,224.501,6.608,4.307,0.791,1
-290.618,-11.170,228.413,4.948,3.706,0.988,1
-285.319,-11.127,223.191,8.803,6.272,0.788,0
-277.882,-11.136,226.468,7.565,4.866,0.788,1
-270.788,-11.139,227.051,11.094,8.778,0.937,1
-263.352,-11.089,221.598,6.742,4.467,0.836,0
-256.471,-11.126,226.097,10.115,6.036,0.804,0
-250.695,-11.081,221.890,10.830,6.510,0.894,0
-242.502,-11.063,224.321,4.758,2.489,0.964,1
-233.375,-11.067,225.388,12.233,7.058,0.769,0
-226.552,-11.023,224.021,4.932,3.783,0.818,0
-143.006,-8.305,219.988,5.267,3.805,0.884,1
-139.630,-7.443,219.982,11.318,6.707,0.733,1
-130.062,-6.488,217.942,7.234,3.855,0.841,0
-126.664,-6.097,214.869,10.336,7.418,0.753,1
-119.148,-5.733,214.104,10.071,7.770,0.731,1
-110.820,-5.600,216.419,13.054,8.888,0.931,0
-105.971,-5.278,214.459,6.527,4.594,0.825,0
-98.213,-5.174,216.350,8.082,5.289,0.791,0
-90.617,-4.932,216.160,4.643,3.092,0.945,1
-84.194,-4.649,215.041,8.132,4.246,0.909,1
-745.997,-15.386,245.373,11.047,8.769,0.846,1
-731.310,-13.989,241.969,11.378,9.149,0.961,1
-724.283,-13.553,244.405,11.985,7.045,0.736,0
-564.902,-12.499,234.115,4.620,3.347,0.788,1
-558.978,-12.932,231.640,6.407,4.441,0.766,1
-552.733,-13.627,234.468,10.025,5.641,0.800,1
-546.353,-14.087,231.849,13.441,8.272,0.909,1
-538.807,-14.324,231.208,7.373,3.892,0.913,1
-531.507,-14.318,233.208,8.663,5.205,0.812,1
-514.971,-14.292,232.985,6.617,4.562,0.946,1
-509.226,-14.278,230.409,8.280,6.252,0.904,1
-502.838,-14.267,230.651,5.844,3.261,0.924,0
-494.768,-14.254,230.724,13.077,10.684,0.822,0
-486.137,-14.228,227.442,12.173,8.503,0.968,1
-483.539,-14.235,230.036,10.170,5.336,0.776,0
-474.725,-14.219,231.504,8.484,6.296,0.969,1
-465.926,-14.178,228.329,5.523,3.644,0.919,1
-458.430,-14.156,228.629,9.675,6.363,0.834,0
-452.107,-14.119,226.053,6.196,4.642,0.947,1
-448.502,-14.113,227.199,5.500,3.762,0.741,1
-440.114,-14.098,226.145,6.747,4.428,0.862,1
-432.895,-14.081,227.749,5.664,3.253,0.782,1
-428.058,-14.072,224.949,9.511,7.189,0.796,0
-419.534,-14.067,226.534,13.287,7.243,0.751,0
-408.651,-14.050,223.806,12.774,9.163,0.984,1
-402.947,-14.042,223.754,4.540,3.579,0.851,1
-397.349,-14.038,223.118,9.745,6.855,0.742,1
-388.518,-13.830,224.660,11.343,8.620,0.871,1
-384.415,-13.804,225.597,7.837,5.044,0.871,1
-376.099,-13.455,222.432,9.210,5.482,0.946,1
-371.911,-12.894,222.232,12.523,9.498,0.816,0
-361.541,-11.411,224.642,8.751,4.640,0.878,1
-356.082,-11.155,222.913,12.222,7.891,0.831,1
-348.073,-11.156,224.681,8.844,7.052,0.988,0
-343.704,-11.129,219.963,7.745,4.594,0.952,0
-332.855,-11.152,224.099,4.544,2.638,0.818,0
-329.913,-11.124,219.009,7.903,6.418,0.789,1
-321.392,-11.147,223.174,11.990,7.765,0.945,0
-312.500,-11.117,217.804,12.332,7.767,0.948,0
-307.179,-11.134,220.782,11.610,8.575,0.839,0
-299.616,-11.125,220.600,6.451,3.451,0.947,1
-294.301,-11.103,217.802,13.060,9.674,0.937,0
-283.705,-11.095,219.114,11.866,6.260,0.795,1
-280.733,-11.083,218.576,12.021,8.123,0.768,0
-271.262,-11.042,216.207,6.705,5.124,0.883,0
-263.078,-11.030,215.600,7.881,6.447,0.749,0
-259.156,-11.058,218.227,10.173,5.403,0.924,0
-242.229,-11.009,218.050,7.767,5.973,0.924,1
-236.364,-10.944,214.922,10.137,8.156,0.869,0
-141.359,-6.555,210.658,8.939,5.120,0.743,1
-131.088,-6.112,212.560,12.599,7.173,0.804,1
-124.627,-5.770,211.714,10.608,7.418,0.919,0
-755.041,-15.458,239.108,9.425,6.867,0.923,0
-749.432,-15.371,238.000,11.283,7.736,0.896,1
-742.709,-14.722,236.616,9.809,7.193,0.863,1
-732.679,-13.942,238.621,11.362,7.630,0.881,1
-555.636,-13.065,227.612,5.556,3.573,0.773,0
-548.825,-13.713,228.477,4.918,3.295,0.919,0
-542.777,-14.249,228.302,8.425,4.530,0.759,1
-536.208,-14.304,225.701,13.019,8.143,0.790,0
-522.350,-14.279,223.365,5.081,4.111,0.876,1
-518.343,-14.280,226.376,13.016,7.124,0.799,0
-511.156,-14.263,224.278,13.026,9.273,0.736,0
-503.843,-14.259,226.286,6.903,5.361,0.963,1
-498.071,-14.223,221.209,11.500,6.259,0.738,1
-487.368,-14.202,222.645,11.724,8.152,0.866,1
-479.745,-14.166,219.946,10.104,6.062,0.880,0
-472.636,-14.159,222.560,9.172,4.905,0.951,1
-466.316,-14.143,222.420,5.474,3.959,0.992,1
-461.680,-14.135,222.493,4.592,2.697,0.890,1
-450.899,-14.103,223.101,4.995,3.379,0.868,1
-448.644,-14.094,221.937,9.801,6.001,0.843,1
-439.709,-14.072,217.815,4.785,2.794,0.962,0
-434.474,-14.071,218.680,12.662,8.606,0.787,0
-424.729,-14.064,220.997,4.877,3.942,0.800,0
-419.678,-14.057,218.128,9.252,5.657,0.754,0
-413.804,-14.054,220.165,7.828,5.365,0.961,0
-400.425,-14.031,216.810,11.492,7.279,0.852,1
-387.835,-13.799,218.523,8.790,4.766,0.739,0
-384.394,-13.704,219.127,6.137,3.666,0.945,0
-374.458,-13.158,215.148,5.219,3.455,0.777,0
-366.931,-12.081,217.035,6.736,4.122,0.901,1
-364.288,-11.877,214.608,12.944,7.678,0.815,0
-358.389,-11.133,217.114,4.667,2.762,0.992,1
-349.306,-11.113,215.194,5.670,3.174,0.858,1
-338.977,-11.112,216.897,12.637,7.614,0.895,1
-332.091,-11.111,216.689,11.409,7.294,0.870,1
-328.226,-11.102,215.460,4.629,3.071,0.990,0
-320.604,-11.097,214.823,6.606,3.838,0.869,0
-311.693,-11.098,214.972,6.066,3.444,0.980,1
-305.821,-11.083,213.289,13.220,9.671,0.873,1
-301.635,-11.039,210.340,12.077,7.929,0.974,0
-294.085,-11.056,212.882,10.386,6.990,0.784,1
-284.077,-11.020,210.769,5.145,2.825,0.843,1
-276.452,-11.027,213.287,6.647,4.634,0.962,0
-269.834,-10.999,212.352,11.461,7.451,0.959,1
-265.535,-10.936,208.738,11.234,7.899,0.891,0
-255.981,-10.984,212.727,10.342,7.635,0.948,0
-249.302,-10.926,210.322,9.973,5.521,0.990,1
-242.353,-10.848,208.283,12.278,6.547,0.800,1
-238.696,-10.889,211.368,5.169,3.232,0.765,1
-749.495,-15.200,233.242,8.922,6.637,0.781,0
-738.891,-14.076,228.565,7.842,5.974,0.868,0
-678.256,-13.203,224.097,6.907,5.628,0.771,0
-664.168,-13.064,223.421,5.192,3.225,0.735,1
-647.927,-12.509,227.459,8.511,6.772,0.834,1
-643.799,-12.817,223.811,9.606,7.645,0.829,1
-633.788,-12.692,225.474,12.247,7.568,0.932,0
-628.911,-13.011,222.040,13.399,10.892,0.762,1
-620.994,-12.928,223.011,9.643,5.100,0.780,1
-551.665,-13.184,221.925,5.276,3.248,0.824,0
-542.851,-13.912,220.490,13.104,10.272,0.870,0
-540.329,-14.006,217.281,6.158,4.439,0.906,1
-531.386,-14.268,215.956,10.565,5.706,0.897,1
-518.173,-14.254,215.995,10.323,6.627,0.778,0
-507.238,-14.231,215.051,10.122,7.313,0.732,1
-501.213,-14.221,216.445,12.885,6.994,0.980,0
-497.167,-14.210,217.861,5.168,2.906,0.877,1
-490.334,-14.175,214.916,9.591,7.124,0.835,0
-484.438,-14.154,214.195,10.419,7.402,0.843,1
-473.286,-14.121,214.774,11.223,9.047,0.792,0
-467.929,-14.103,214.617,6.215,4.350,0.748,1
-460.629,-14.092,215.152,6.893,4.901,0.878,0
-456.005,-14.081,212.459,12.893,9.097,0.888,0
-445.569,-14.065,211.348,8.472,5.695,0.894,1
-439.016,-14.059,210.939,6.183,3.797,0.810,0
-434.875,-14.056,211.552,5.786,3.565,0.907,0
-426.479,-13.975,212.405,13.484,10.534,0.855,0
-417.473,-13.982,212.909,7.517,5.362,0.800,0
-411.100,-13.969,213.390,5.329,3.508,0.882,0
-405.121,-13.936,212.580,7.402,4.407,0.995,0
-400.581,-13.856,210.091,7.180,5.736,0.790,1
-391.813,-13.792,208.481,10.229,5.759,0.950,0
-383.658,-13.656,210.091,10.526,5.586,0.736,0
-376.712,-13.491,209.063,12.239,6.704,0.908,0
-371.417,-13.344,210.519,10.075,6.692,0.911,0
-361.982,-11.954,211.600,10.931,5.812,0.831,1
-357.031,-11.534,209.742,7.357,5.475,0.980,0
-347.483,-11.089,209.643,6.443,5.207,0.850,1
-344.654,-11.072,206.612,12.036,8.283,0.842,1
-334.815,-11.034,205.895,10.464,5.891,0.789,0
-318.411,-11.018,205.631,6.732,4.147,0.891,0
-315.092,-11.012,204.954,8.766,4.783,0.736,1
-306.963,-11.033,207.340,9.992,6.052,0.892,0
-300.442,-10.970,202.867,11.254,7.670,0.848,0
-287.372,-10.957,205.194,6.474,3.971,0.777,1
-277.764,-10.958,206.159,8.928,6.852,0.829,0
-272.387,-10.907,202.485,5.712,4.539,0.998,1
-266.804,-10.907,205.140,9.166,6.660,0.768,1
-256.561,-10.855,204.884,11.174,5.912,0.743,1
-250.232,-10.822,203.582,6.381,3.419,0.997,0
-246.330,-10.756,201.235,10.380,7.242,0.856,1
125.947,-2.185,181.207,6.367,4.397,0.925,1
138.528,-2.410,179.376,9.932,5.775,0.776,0
144.755,-2.296,180.743,5.759,3.385,0.789,0
153.010,-2.359,178.983,7.434,5.934,0.789,0
-757.286,-15.471,227.118,4.854,3.901,0.771,0
-745.755,-14.486,221.438,4.972,3.753,0.755,1
-679.455,-13.504,221.086,6.057,4.677,0.788,0
-669.609,-13.541,219.500,12.485,7.921,0.888,0
-663.709,-13.382,219.947,8.927,5.382,0.997,1
-657.768,-13.524,217.272,6.202,3.946,0.949,0
-652.085,-13.476,216.982,11.691,7.414,0.775,0
-645.324,-13.153,220.090,8.552,5.988,0.952,0
-634.487,-13.216,219.405,13.208,9.015,0.859,1
-627.494,-13.485,216.561,13.347,8.540,0.902,0
-615.297,-13.219,216.811,9.904,7.314,0.934,1
-610.843,-12.937,216.472,8.764,5.113,0.946,1
-551.862,-12.725,211.155,6.266,3.692,0.748,1
-542.813,-13.573,212.126,9.970,5.401,0.924,1
-537.954,-13.945,210.638,4.222,3.325,0.881,0
-533.376,-14.258,213.069,8.178,5.181,0.838,0
-515.985,-14.219,210.328,11.624,7.441,0.937,0
-508.822,-14.208,210.451,9.937,6.975,0.944,1
-496.459,-14.171,208.656,13.025,7.668,0.788,0
-489.424,-14.146,208.989,11.931,9.255,0.909,0
-481.107,-14.134,210.538,12.448,8.394,0.787,1
-477.368,-14.110,205.899,6.923,4.489,0.904,1
-468.343,-14.089,208.225,7.729,4.728,0.857,1
-460.883,-14.083,207.799,8.960,5.581,0.905,1
-452.257,-14.068,206.761,12.582,9.557,0.807,0
-447.610,-14.063,207.976,9.971,7.760,0.861,1
-439.101,-14.056,208.395,11.707,8.097,0.870,0
-435.743,-14.050,205.756,9.419,5.448,0.868,1
-425.066,-13.897,207.183,6.045,4.169,0.765,1
-419.764,-13.862,207.556,10.167,6.373,0.846,1
-414.153,-13.843,206.846,8.507,6.940,0.947,0
-406.414,-13.709,203.714,11.436,6.388,0.820,0
-395.597,-13.711,205.418,9.935,7.479,0.945,0
-393.616,-13.719,205.856,7.159,4.483,0.740,1
-386.914,-13.662,204.420,6.444,3.523,0.982,0
-378.005,-13.466,201.619,6.379,4.672,0.796,1
-370.128,-13.452,201.304,8.430,6.395,0.861,1
-361.288,-12.757,204.577,9.721,6.899,0.819,1
-359.045,-12.686,202.797,10.186,7.636,0.886,1
-350.489,-11.761,201.140,4.858,3.111,0.969,0
-342.421,-11.052,202.216,5.109,3.504,0.820,0
-335.782,-11.027,203.045,9.531,6.530,0.966,1
-329.604,-10.995,202.077,8.610,6.038,0.955,1
-322.231,-10.943,197.138,12.986,9.345,0.759,1
-316.508,-10.946,197.403,8.044,5.637,0.958,1
-306.093,-10.953,198.022,5.216,4.270,0.882,0
-301.737,-10.948,199.681,6.435,4.706,0.756,1
-294.395,-10.869,195.743,11.676,6.248,0.782,1
-287.819,-10.842,195.935,12.487,7.331,0.803,1
-281.332,-10.858,197.566,13.002,6.877,0.951,0
-272.414,-10.869,198.959,9.603,5.775,0.940,1
-264.731,-10.793,196.388,13.147,6.882,0.787,0
-256.347,-10.701,194.175,9.469,6.773,0.801,1
-249.866,-10.687,196.198,11.446,6.957,0.824,1
-242.949,-10.563,192.890,10.571,6.377,0.870,0
-235.926,-10.595,196.428,10.501,6.775,0.994,0
126.378,-2.669,175.645,5.082,3.457,0.899,0
134.957,-2.568,175.558,5.855,4.184,0.833,1
-747.418,-14.493,215.528,13.302,7.377,0.990,1
-742.187,-13.961,213.937,12.862,9.407,0.841,1
-685.817,-14.164,210.544,12.711,10.095,0.819,1
-678.531,-14.072,215.498,6.833,4.705,0.977,1
-670.006,-14.229,212.619,6.180,3.264,0.969,1
-662.765,-13.888,214.380,6.848,3.959,0.740,1
-657.171,-14.273,208.985,11.004,6.390,0.869,0
-648.048,-14.072,209.931,12.397,9.265,0.738,1
-642.982,-13.863,211.993,5.455,3.811,0.765,1
-636.733,-13.817,212.453,5.182,3.648,0.968,0
-627.160,-14.137,209.029,10.982,6.683,0.919,0
-624.823,-13.900,211.870,7.738,4.951,0.856,0
-614.102,-13.473,209.275,6.923,5.380,0.791,1
-606.942,-12.936,208.752,9.882,7.822,0.771,1
-551.164,-12.617,207.150,9.569,7.189,0.937,1
-544.006,-13.119,204.151,5.582,4.253,0.873,0
-523.103,-14.215,204.279,9.087,7.017,0.955,0
-510.323,-14.185,205.928,11.535,8.102,0.806,0
-501.255,-14.135,200.140,7.157,5.000,0.998,1
-499.418,-14.130,199.898,11.434,8.665,0.873,1
-492.036,-14.118,201.048,11.523,6.948,0.748,1
-485.336,-14.092,199.441,11.227,8.928,0.945,0
-477.902,-14.086,200.172,6.989,4.486,0.899,0
-453.483,-14.056,198.188,6.379,4.900,0.823,1
-448.006,-14.055,200.826,4.513,2.795,0.788,0
-438.332,-14.047,201.841,9.429,6.822,0.782,1
-431.349,-14.025,200.155,8.946,5.689,0.975,0
-425.977,-13.897,197.144,9.983,7.615,0.758,0
-421.354,-13.805,199.197,12.783,8.844,0.836,1
-411.196,-13.612,195.975,13.008,7.512,0.739,0
-406.319,-13.588,198.395,8.934,5.379,0.918,0
-398.273,-13.537,199.097,8.464,5.515,0.899,0
-391.523,-13.477,195.318,9.199,5.086,0.982,0
-383.576,-13.481,198.566,5.448,4.143,0.939,1
-378.151,-13.444,194.496,6.255,4.888,0.993,1
-371.388,-12.872,193.763,9.319,5.989,0.955,0
-365.571,-12.771,193.081,5.712,4.285,0.921,1
-359.168,-13.079,195.578,5.238,2.885,0.760,0
-351.315,-12.141,192.780,8.749,6.967,0.921,1
-343.448,-11.170,195.734,9.601,6.867,0.872,1
-327.671,-10.946,195.227,8.862,5.151,0.770,0
-324.399,-10.931,195.212,7.889,5.013,0.764,1
-313.555,-10.861,190.122,5.952,3.144,0.927,1
-307.906,-10.906,193.946,11.993,8.742,0.793,0
-303.011,-10.878,193.365,5.901,3.205,0.848,1
-296.600,-10.851,193.747,5.005,3.541,0.842,1
-285.111,-10.730,188.703,13.483,7.176,0.766,0
-270.798,-10.711,189.483,6.418,5.208,0.877,0
-266.111,-10.642,187.160,12.763,10.033,0.943,1
-260.169,-10.616,188.082,11.374,8.704,0.824,1
-252.529,-10.598,189.760,10.198,6.207,0.940,0
-244.059,-10.515,190.462,7.469,4.362,0.759,1
-237.900,-10.412,187.805,4.807,3.224,0.881,0
-229.743,-10.388,190.144,11.987,6.388,0.870,0
-749.123,-14.581,212.090,6.352,4.546,0.982,0
-740.377,-13.648,206.929,6.346,3.366,0.892,0
-685.778,-14.422,203.513,7.516,5.496,0.763,1
-676.285,-15.157,204.677,9.622,5.793,0.781,0
-671.365,-14.924,206.348,13.245,8.232,0.856,1
-665.516,-14.692,206.357,7.602,5.940,0.985,1
-656.098,-14.339,204.406,9.354,6.873,0.804,0
-650.994,-14.179,204.840,8.311,6.356,0.900,0
-641.718,-14.191,202.042,7.316,3.944,0.811,1
-637.036,-14.256,203.844,11.733,6.898,0.900,1
-620.881,-14.167,204.387,5.833,3.306,0.948,1
-615.667,-13.896,199.954,5.426,4.346,0.862,0
-608.852,-13.352,200.003,8.672,5.735,0.776,1
-600.208,-12.646,200.595,7.612,4.170,0.847,0
-544.949,-12.661,196.576,5.808,3.533,0.748,1
-540.174,-13.191,198.816,5.266,4.252,0.968,1
-512.956,-14.158,197.536,5.406,3.731,0.745,0
-503.686,-14.126,196.857,5.456,3.025,0.898,0
-496.422,-14.106,194.490,12.412,10.129,0.925,1
-488.535,-14.091,196.940,7.799,6.278,0.993,0
-485.094,-14.079,193.857,5.888,4.226,0.994,0
-467.873,-14.061,195.450,8.918,6.937,0.836,0
-459.826,-14.043,193.420,12.159,8.171,0.889,0
-455.663,-14.043,194.222,8.011,4.504,0.745,0
-447.337,-13.984,195.102,8.144,5.830,0.783,0
-441.433,-13.886,191.591,9.497,7.342,0.925,1
-425.043,-13.795,189.942,8.629,5.639,0.979,0
-419.250,-13.717,193.428,11.361,7.065,0.900,0
-410.887,-13.554,189.077,5.268,2.969,0.759,1
-407.738,-13.570,192.193,8.571,6.668,0.811,1
-398.411,-13.477,187.899,10.163,6.646,0.827,1
-392.939,-13.462,190.026,6.051,3.432,0.952,0
-384.930,-13.446,188.594,5.543,2.905,0.791,0
-380.700,-13.437,189.032,10.054,7.540,0.973,0
-370.919,-12.478,186.742,9.767,6.899,0.898,0
-365.953,-11.811,185.402,12.540,7.539,0.739,0
-358.254,-11.651,185.122,13.395,8.103,0.817,0
-349.830,-11.635,186.454,12.116,6.575,0.910,0
-343.965,-11.016,186.815,10.619,6.988,0.948,0
-335.467,-10.855,187.695,9.322,5.416,0.942,1
-328.492,-10.892,188.490,11.187,6.460,0.749,0
-322.060,-10.856,187.443,8.849,6.135,0.741,0
-317.286,-10.816,184.413,9.413,7.587,0.831,0
-308.376,-10.825,186.989,11.795,6.929,0.938,0
-300.251,-10.766,185.379,5.219,3.557,0.814,0
-293.813,-10.732,186.203,12.455,8.714,0.972,0
-288.280,-10.681,184.378,12.444,9.338,0.947,1
-274.776,-10.616,183.465,5.837,4.674,0.732,0
-257.636,-10.460,180.010,8.130,4.323,0.926,1
-251.994,-10.444,181.351,10.458,6.550,0.860,0
-247.537,-10.368,180.081,12.850,8.444,0.991,1
-240.748,-10.307,181.155,11.968,6.686,0.952,0
-230.551,-10.226,182.668,12.756,7.777,0.973,1
-754.807,-14.970,203.170,12.531,8.709,0.954,0
-748.379,-14.356,203.277,9.361,4.992,0.968,1
-744.814,-13.980,200.917,13.314,10.027,0.964,0
-692.728,-13.940,198.711,6.859,3.623,0.939,1
-685.747,-14.471,201.957,4.755,3.873,0.801,0
-679.527,-15.030,201.669,11.678,7.386,0.922,1
-673.774,-15.101,199.840,7.190,4.270,0.830,1
-664.267,-14.766,196.972,4.896,3.209,0.916,0
-653.999,-14.350,196.964,10.304,5.426,0.942,0
-643.706,-14.157,195.711,6.875,5.156,0.979,0
-637.509,-14.248,196.396,7.939,5.064,0.979,0
-628.629,-14.355,196.535,12.330,7.625,0.859,0
-623.095,-14.338,195.271,12.680,8.378,0.842,0
-614.747,-14.019,193.202,6.095,4.060,0.958,0
-609.093,-13.551,193.827,12.660,9.484,0.738,0
-599.753,-12.735,196.325,5.429,3.820,0.997,1
-597.215,-12.670,191.808,10.744,6.573,0.892,1
-509.627,-14.113,186.818,6.228,3.900,0.783,0
-503.336,-14.091,186.192,12.367,9.442,0.765,0
-499.049,-14.097,188.816,6.029,4.129,0.849,1
-489.694,-14.084,190.656,5.880,4.330,0.926,0
-482.790,-14.065,185.898,9.417,5.897,0.813,0
-476.677,-14.064,188.355,5.587,3.926,0.817,0
-468.884,-14.055,188.940,13.444,8.418,0.818,1
-464.498,-14.039,185.546,13.147,7.503,0.777,1
-453.368,-14.011,185.850,10.194,6.745,0.919,1
-450.546,-14.004,184.247,8.618,6.604,0.797,0
-443.517,-13.864,185.657,12.966,7.197,0.832,1
-432.341,-13.684,183.882,7.807,4.993,0.947,1
-429.763,-13.651,183.088,6.166,3.455,0.830,0
-418.856,-13.640,185.833,5.727,4.050,0.897,1
-414.497,-13.516,182.594,9.295,5.050,0.804,1
-408.193,-13.480,181.676,4.968,3.768,0.787,0
-397.700,-13.441,180.788,5.164,4.075,0.892,1
-395.467,-13.434,181.429,10.683,8.370,0.781,1
-386.870,-13.426,181.958,8.936,6.688,0.889,0
-376.154,-13.165,181.001,7.388,5.009,0.858,0
-369.060,-12.216,180.924,7.557,4.288,0.889,0
-365.608,-11.758,182.649,11.042,5.806,0.838,1
-354.885,-11.127,181.812,6.293,3.438,0.907,0
-351.900,-11.072,181.912,4.798,3.392,0.845,0
-345.036,-10.699,180.319,7.834,4.366,0.769,1
-338.396,-10.667,181.576,10.984,7.688,0.845,0
-330.697,-10.623,177.760,11.178,6.448,0.787,0
-323.666,-10.634,175.976,8.448,6.469,0.984,0
-316.600,-10.745,177.902,9.315,5.296,0.734,1
-307.052,-10.729,178.843,12.556,7.498,0.813,0
-303.857,-10.691,177.604,8.893,5.232,0.996,0
-295.008,-10.596,175.450,8.403,4.913,0.985,0
-281.788,-10.558,178.005,11.944,8.236,0.741,1
-274.122,-10.499,176.408,9.409,6.112,0.841,0
-264.526,-10.363,173.111,6.615,4.413,0.904,0
-259.460,-10.309,172.532,12.381,9.339,0.734,1
-250.205,-10.332,176.955,7.658,5.541,0.845,0
-238.514,-10.132,174.129,4.951,3.787,0.751,1
-234.395,-10.087,174.312,9.014,5.535,0.942,0
-208.471,-9.642,170.595,4.796,3.201,0.822,0
-191.795,-9.006,170.259,5.786,4.572,0.939,0
-754.838,-14.858,194.720,9.624,7.089,0.739,1
-749.372,-14.327,193.804,7.497,4.435,0.991,1
-743.058,-13.775,198.006,6.203,3.906,0.901,0
-690.910,-14.239,192.800,6.424,3.715,0.962,1
-680.793,-15.136,192.593,11.351,8.984,0.988,0
-673.647,-15.450,188.767,12.088,9.582,0.946,0
-664.243,-14.879,193.180,5.006,2.818,0.970,1
-660.125,-14.682,190.062,12.086,7.614,0.884,1
-654.211,-14.365,193.204,6.391,4.858,0.788,1
-645.917,-14.136,190.062,6.552,3.929,0.954,0
-638.655,-14.206,190.859,5.007,3.578,0.963,1
-633.059,-14.271,187.659,5.728,4.079,0.912,1
-622.252,-14.310,187.678,9.346,5.947,0.974,1
-613.978,-14.137,187.235,5.474,3.813,0.869,1
-608.896,-13.692,188.623,12.402,6.663,0.829,0
-603.539,-13.345,186.174,10.959,8.020,0.868,0
-597.196,-12.799,187.629,5.943,4.054,0.754,0
-510.276,-14.091,181.629,7.624,5.882,0.907,1
-505.024,-14.082,182.148,12.338,9.433,0.886,1
-495.026,-14.077,183.616,10.448,8.157,0.783,0
-492.670,-14.066,180.996,12.071,6.277,0.733,0
-486.132,-14.059,180.149,8.243,4.924,0.852,0
-476.962,-14.047,179.597,7.139,4.063,0.817,0
-467.593,-14.010,177.325,11.198,7.068,0.950,1
-461.151,-13.953,177.130,6.927,5.275,0.891,0
-458.306,-14.012,179.938,12.046,8.595,0.848,1
-447.198,-13.877,176.088,9.514,5.304,0.922,1
-442.063,-13.807,179.426,10.848,8.480,0.893,1
-434.546,-13.608,175.220,10.166,5.893,0.859,1
-426.891,-13.542,175.148,8.580,6.662,0.978,1
-422.228,-13.529,179.728,9.168,7.210,0.884,1
-411.392,-13.460,174.356,6.709,3.694,0.988,1
-406.430,-13.453,176.145,12.891,10.551,0.828,1
-400.535,-13.437,176.568,8.514,6.869,0.756,1
-395.533,-13.423,176.852,6.933,5.254,0.747,1
-387.525,-13.411,173.010,13.357,7.082,0.768,0
-381.510,-13.404,172.686,5.371,3.638,0.972,1
-372.715,-12.685,174.028,12.239,8.404,0.990,0
-364.103,-11.536,175.424,12.891,8.532,0.995,0
-352.268,-10.772,171.122,7.631,5.415,0.832,0
-341.423,-10.536,174.271,7.369,4.938,0.953,1
-337.389,-10.434,174.166,10.380,7.661,0.887,1
-331.452,-10.469,174.390,9.887,7.120,0.761,1
-322.671,-10.555,173.561,8.772,6.737,0.840,0
-315.475,-10.579,169.884,11.270,6.551,0.885,0
-309.951,-10.654,173.127,5.900,3.813,0.925,0
-303.576,-10.547,167.914,12.404,8.313,0.882,1
-293.619,-10.476,168.391,13.185,7.899,0.972,1
-290.522,-10.505,171.580,10.563,6.810,0.882,0
-281.343,-10.432,170.744,9.206,4.815,0.868,0
-271.554,-10.317,166.878,6.715,4.279,0.879,1
-268.924,-10.344,169.329,7.434,5.749,0.923,0
-257.526,-10.254,170.680,12.966,9.373,0.865,1
-250.942,-10.112,166.532,4.547,2.585,0.919,0
-244.930,-10.071,167.841,8.915,4.778,0.775,0
-236.661,-9.975,167.861,12.354,7.706,0.760,0
-230.415,-9.894,167.836,9.643,7.462,0.990,0
-226.670,-9.855,168.375,7.502,3.927,0.901,1
-220.411,-9.660,163.268,6.563,5.085,0.858,1
-762.121,-15.449,186.761,8.132,5.185,0.973,0
-754.317,-14.744,188.973,5.356,3.964,0.939,0
-749.012,-14.243,188.757,6.485,5.311,0.757,0
-695.234,-14.011,184.783,5.582,3.179,0.794,1
-687.953,-14.600,187.623,5.206,2.910,0.879,0
-678.149,-15.496,183.053,5.357,2.928,0.796,0
-673.471,-15.494,185.756,9.609,6.108,0.798,0
-664.075,-15.215,183.759,6.884,3.744,0.930,0
-660.918,-14.876,186.444,9.117,6.490,0.806,0
-653.241,-14.351,184.923,8.116,6.218,0.951,1
-646.121,-14.143,184.585,8.702,5.587,0.764,0
-638.572,-14.206,183.184,11.514,9.396,0.808,1
-630.670,-14.285,183.170,4.952,3.783,0.946,0
-622.584,-14.274,179.740,8.545,6.907,0.958,1
-619.631,-14.272,179.671,9.588,6.222,0.899,0
-610.932,-14.047,182.461,10.555,7.430,0.958,0
-602.208,-13.396,181.409,10.373,8.483,0.792,0
-593.673,-12.720,181.484,4.569,2.406,0.863,0
-507.432,-14.073,176.084,8.849,6.838,0.789,0
-496.380,-14.059,176.907,7.836,6.122,0.930,1
-491.428,-14.048,173.242,6.275,5.107,0.885,0
-486.235,-14.045,173.707,6.922,4.488,0.794,1
-475.310,-13.962,171.305,4.992,3.427,0.819,0
-464.381,-13.915,173.424,11.249,6.997,0.896,0
-458.759,-13.783,170.090,11.245,8.066,0.941,1
-451.513,-13.813,172.638,13.022,9.859,0.863,1
-442.957,-13.675,168.739,12.933,7.556,0.981,1
-436.343,-13.621,171.570,12.024,7.674,0.832,0
-427.787,-13.500,169.296,11.778,9.380,0.774,1
-421.279,-13.490,169.245,6.418,3.477,0.834,0
-416.153,-13.463,170.130,12.161,9.191,0.926,0
-407.893,-13.448,172.179,5.633,4.085,0.829,0
-400.301,-13.428,171.615,6.872,4.408,0.811,1
-392.746,-13.404,166.049,12.322,7.626,0.738,0
-387.459,-13.405,168.746,5.774,3.948,0.828,1
-371.882,-12.563,166.589,6.592,4.842,0.755,0
-367.010,-11.900,165.493,4.805,3.414,0.862,0
-357.393,-10.898,168.926,9.321,6.270,0.896,0
-346.906,-10.614,165.484,13.360,7.498,0.731,0
-337.182,-10.383,166.718,10.400,7.764,0.806,1
-328.224,-10.135,162.918,10.183,6.925,0.896,0
-322.680,-10.066,162.200,8.764,5.765,0.971,0
-316.763,-10.391,166.276,5.863,4.725,0.736,1
-311.503,-10.546,166.785,5.402,4.091,0.942,1
-303.360,-10.476,163.213,12.713,9.677,0.788,0
-294.638,-10.433,164.953,12.806,6.977,0.767,1
-287.623,-10.362,163.691,10.602,5.869,0.739,1
-283.802,-10.286,160.048,11.718,7.003,0.755,0
-272.674,-10.220,160.363,11.182,8.598,0.829,1
-268.296,-10.200,161.668,10.398,7.522,0.998,0
-257.940,-10.062,160.117,12.334,9.695,0.936,1
-252.469,-10.037,162.412,10.615,7.913,0.834,1
-245.987,-9.886,158.666,9.407,5.233,0.946,0
-240.292,-9.810,158.178,6.779,5.093,0.752,1
-230.935,-9.679,156.919,8.352,4.441,0.815,1
-219.347,-9.578,159.731,5.792,4.001,0.759,1
-762.134,-15.395,182.282,6.661,3.976,0.891,1
-754.680,-14.694,181.159,6.383,5.015,0.754,0
-751.043,-14.369,182.479,9.240,5.755,0.906,1
-694.427,-14.195,176.117,13.138,7.971,0.799,0
-687.771,-14.718,180.483,10.201,7.413,0.911,0
-680.077,-15.418,177.529,11.447,6.851,0.960,1
-674.151,-15.499,179.877,5.705,3.313,0.824,1
-667.652,-15.497,177.129,11.140,8.978,0.909,0
-661.842,-15.495,174.291,9.984,5.610,0.878,1
-651.582,-14.663,176.592,9.678,7.088,0.798,0
-643.525,-14.168,177.432,12.714,9.499,0.963,1
-636.442,-14.219,173.103,5.280,4.183,0.906,1
-630.798,-14.268,175.692,11.123,5.813,0.758,1
-623.825,-14.268,174.845,5.597,3.426,0.920,0
-616.766,-14.260,172.185,8.947,4.911,0.872,1
-611.526,-14.260,175.039,6.263,4.761,0.905,1
-605.990,-13.943,174.027,6.593,5.202,0.801,1
-598.843,-13.314,175.952,10.794,6.088,0.775,1
-588.166,-12.578,172.505,8.555,4.855,0.860,1
-490.871,-14.032,166.018,12.612,6.712,0.924,0
-483.773,-14.014,168.540,11.680,9.092,0.937,1
-476.216,-13.945,167.485,11.652,8.039,0.807,1
-470.502,-13.888,163.975,8.711,6.196,0.961,0
-463.136,-13.791,163.348,7.235,4.323,0.851,0
-454.835,-13.642,162.911,10.842,8.641,0.824,1
-447.920,-13.587,164.031,9.540,4.977,0.770,0
-441.865,-13.506,162.045,12.821,8.222,0.900,1
-433.724,-13.518,165.712,8.128,6.331,0.971,1
-429.841,-13.477,165.788,9.925,6.108,0.959,0
-422.440,-13.436,161.021,10.286,8.248,0.985,0
-416.256,-13.431,162.497,10.188,7.463,0.986,0
-405.212,-13.410,159.978,12.190,9.330,0.863,1
-399.664,-13.403,160.872,5.044,3.310,0.816,0
-385.700,-13.393,162.331,6.988,3.662,0.842,1
-380.081,-13.141,159.833,9.930,6.961,0.872,0
-374.907,-12.870,158.105,7.202,4.205,0.761,0
-365.800,-11.729,160.878,10.691,6.212,0.943,0
-358.980,-10.914,158.986,11.180,8.963,0.987,0
-352.485,-10.747,157.289,13.220,8.859,0.756,1
-346.822,-10.600,161.135,5.485,3.139,0.873,0
-337.745,-10.358,159.914,7.047,4.771,0.786,1
-328.339,-10.121,159.570,11.792,8.348,0.919,0
-326.263,-10.068,159.553,10.478,7.256,0.953,0
-319.237,-9.919,157.962,10.914,5.731,0.827,1
-311.392,-10.074,157.179,4.765,2.846,0.913,0
-303.757,-10.124,154.111,8.238,6.117,0.934,1
-294.983,-10.357,158.417,12.365,7.908,0.841,1
-286.606,-10.258,155.303,9.893,7.233,0.774,1
-280.216,-10.176,152.905,9.061,7.023,0.951,0
-273.468,-10.189,157.586,7.817,4.118,0.732,0
-269.329,-10.127,155.155,11.999,6.490,0.805,1
-261.883,-10.044,156.018,10.067,8.099,0.811,1
-251.583,-9.922,155.656,9.486,6.398,0.877,0
-249.828,-9.826,151.317,12.523,10.039,0.936,0
-242.417,-9.743,153.764,7.884,5.056,0.834,0
-234.930,-9.669,154.358,10.016,7.869,0.730,0
-210.374,-9.232,149.148,10.956,7.366,0.855,1
-206.594,-9.187,150.976,10.798,6.038,0.868,0
-199.569,-9.019,148.997,6.499,4.440,0.977,0
-755.799,-14.742,176.410,13.490,7.091,0.787,0
-752.691,-14.418,172.680,12.092,8.407,0.912,1
-696.892,-14.005,173.702,6.631,4.142,0.943,0
-687.391,-14.854,170.542,12.064,9.436,0.900,1
-681.532,-15.380,168.545,11.485,6.580,0.960,0
-673.979,-15.491,170.292,7.086,3.781,0.968,1
-665.474,-15.489,167.672,12.076,7.333,0.824,0
-661.148,-15.490,168.761,12.365,6.629,0.927,1
-655.285,-15.491,168.761,10.642,8.440,0.887,0
-648.531,-15.031,168.596,9.435,6.904,0.834,0
-633.043,-14.237,165.932,11.822,8.664,0.882,0
-624.293,-14.261,168.942,5.562,3.300,0.903,0
-619.828,-14.258,169.577,8.114,6.449,0.977,0
-612.828,-14.252,168.167,11.147,6.920,0.945,1
-596.076,-13.433,166.288,9.633,5.436,0.825,0
-590.585,-12.914,168.248,5.394,3.823,0.991,0
-581.521,-12.306,162.778,8.331,5.790,0.957,1
-511.819,-13.233,158.908,7.169,4.592,0.877,0
-497.073,-14.039,162.740,6.079,3.255,0.999,1
-483.088,-13.984,161.518,12.772,9.855,0.909,1
-465.911,-13.746,156.426,9.977,5.792,0.981,1
-458.839,-13.679,158.046,9.496,6.520,0.839,1
-444.745,-13.515,159.443,6.181,3.748,0.881,1
-437.605,-13.468,155.964,7.020,5.494,0.825,0
-427.387,-13.429,153.804,5.536,3.552,0.867,1
-419.286,-13.425,157.653,10.108,6.110,0.757,1
-415.904,-13.417,156.271,6.694,4.849,0.767,0
-409.294,-13.410,155.973,12.682,7.934,0.856,1
-401.124,-13.400,156.793,7.345,4.262,0.753,0
-393.768,-13.138,155.763,10.046,6.773,0.888,1
-384.726,-12.559,154.715,4.556,2.995,0.940,0
-381.410,-12.617,155.244,6.249,3.653,0.783,0
-372.777,-12.422,154.615,4.977,2.648,0.737,0
-368.987,-11.939,151.162,5.225,2.744,0.888,0
-361.270,-11.101,153.412,6.002,4.111,0.893,1
-354.846,-10.803,153.861,12.548,9.123,0.859,1
-342.789,-10.493,153.924,13.371,10.520,0.775,0
-341.160,-10.447,149.577,8.762,6.025,0.916,0
-331.078,-10.154,152.459,8.465,4.884,0.753,1
-322.173,-9.923,151.101,10.488,7.320,0.781,0
-319.793,-9.865,151.558,7.654,5.243,0.807,1
-308.795,-9.828,151.595,5.653,3.651,0.947,1
-303.096,-10.029,151.950,13.419,10.653,0.851,1
-293.765,-10.068,146.301,9.002,5.736,0.751,1
-288.090,-10.228,150.932,7.165,5.828,0.852,0
-281.961,-10.152,148.845,4.580,2.940,0.946,0
-277.891,-10.088,146.223,11.431,6.916,0.734,1
-269.218,-10.041,148.517,10.622,7.882,0.743,1
-256.233,-9.868,148.507,4.887,2.675,0.939,0
-247.713,-9.728,147.199,12.314,8.841,0.884,0
-240.454,-9.572,145.126,12.771,7.202,0.768,0
-235.514,-9.547,148.123,7.749,5.796,0.904,0
-227.901,-9.418,145.786,6.688,4.881,0.804,0
-221.223,-9.304,143.522,13.321,7.152,0.860,1
-210.187,-9.121,142.279,10.658,7.984,0.917,1
-207.723,-9.108,145.127,6.115,4.214,0.762,1
-200.479,-8.947,144.405,7.479,4.177,0.788,1
-755.364,-14.624,168.990,10.357,5.723,0.919,0
-749.604,-14.080,166.942,12.673,8.837,0.822,1
-695.037,-14.240,162.642,12.195,6.610,0.984,1
-686.002,-15.024,164.942,12.066,7.405,0.907,1
-681.896,-15.401,162.710,7.809,4.142,0.910,0
-676.769,-15.486,165.935,9.246,6.919,0.747,1
-666.226,-15.485,162.833,12.491,9.094,0.841,1
-658.847,-15.487,164.311,6.387,3.573,0.956,1
-653.680,-15.488,164.672,5.116,2.927,0.801,0
-637.422,-14.640,163.645,9.237,6.942,0.915,1
-633.382,-14.483,159.081,6.325,4.853,0.933,0
-617.364,-14.242,160.205,5.922,4.684,0.954,1
-610.414,-14.241,162.674,8.630,6.008,0.946,0
-605.156,-14.227,160.496,5.328,3.707,0.895,0
-594.771,-13.605,158.913,12.576,7.486,0.741,1
-589.876,-13.167,159.666,8.545,6.828,0.819,1
-581.619,-12.549,156.187,12.535,7.565,0.864,0
-476.805,-13.711,149.726,6.540,4.361,0.787,0
-473.628,-13.765,154.310,5.107,3.598,0.818,1
-467.079,-13.709,154.215,11.037,7.466,0.925,0
-459.982,-13.640,152.194,8.848,6.733,0.769,0
-451.449,-13.502,150.066,7.748,5.218,0.847,0
-434.879,-13.434,147.708,5.326,4.103,0.917,1
-429.287,-13.419,148.752,5.142,3.081,0.768,0
-420.928,-13.416,150.663,11.481,8.071,0.854,0
-414.380,-13.407,151.234,11.277,7.445,0.802,0
-410.916,-13.395,146.400,9.069,6.564,0.920,0
-401.048,-13.386,145.713,6.409,4.611,0.996,0
-396.543,-13.385,148.576,5.177,3.481,0.974,0
-388.902,-12.573,146.473,12.540,10.009,0.784,1
-378.875,-11.429,144.362,7.803,5.054,0.838,1
-372.015,-11.716,148.595,9.762,6.360,0.941,1
-367.604,-11.436,147.045,13.007,8.627,0.953,0
-358.645,-10.872,143.019,13.135,8.256,0.763,0
-354.222,-10.770,143.927,11.272,7.556,0.940,0
-342.841,-10.493,147.024,6.653,4.627,0.859,1
-340.023,-10.412,145.484,5.125,2.855,0.846,0
-324.948,-9.962,144.436,5.666,4.587,0.908,1
-320.086,-9.838,144.705,9.276,5.791,0.986,0
-308.125,-9.537,145.570,7.516,4.464,0.924,0
-301.497,-9.596,143.259,8.595,6.087,0.781,0
-298.273,-9.575,141.155,12.757,8.213,0.910,1
-291.753,-9.988,143.591,4.665,3.032,0.848,1
-273.492,-9.974,141.429,5.389,2.997,0.746,0
-271.238,-9.924,139.958,8.811,4.653,0.844,0
-262.707,-9.834,140.354,10.471,7.290,0.935,0
-246.188,-9.582,137.517,7.351,5.616,0.806,0
-240.362,-9.501,138.976,9.460,5.590,0.873,0
-236.030,-9.416,137.951,12.132,9.155,0.845,0
-219.009,-9.148,135.153,7.654,5.633,0.756,1
-210.138,-9.092,139.427,7.387,4.524,0.822,1
-207.207,-9.018,137.903,13.247,9.009,0.758,1
-201.279,-8.861,134.229,10.865,8.762,0.869,0
-193.974,-8.721,134.297,10.908,5.818,0.930,0
-748.952,-13.953,159.480,13.252,9.767,0.908,1
-702.681,-13.577,158.659,5.431,3.367,0.940,1
-693.470,-14.415,157.705,4.837,3.061,0.823,0
-689.122,-14.817,155.615,7.012,4.384,0.977,1
-682.932,-15.341,159.176,13.388,9.297,0.951,0
-677.140,-15.488,154.658,9.728,6.229,0.759,0
-665.418,-15.489,154.824,5.731,3.271,0.752,0
-660.087,-15.486,156.034,9.811,7.459,0.868,0
-651.563,-15.487,155.627,10.987,7.376,0.960,1
-647.767,-15.472,154.722,11.265,9.101,0.853,0
-639.055,-14.860,152.074,13.278,7.849,0.747,0
-634.980,-14.580,152.037,6.133,4.722,0.809,0
-624.749,-14.230,152.251,11.524,7.049,0.923,1
-619.173,-14.217,150.616,12.569,7.498,0.857,0
-613.494,-14.221,153.933,6.387,4.520,0.774,0
-604.745,-14.192,150.306,9.575,6.264,0.840,0
-597.658,-14.175,149.566,10.545,7.256,0.889,0
-582.903,-12.912,149.981,6.216,4.987,0.891,1
-477.183,-13.647,145.700,5.361,4.252,0.804,0
-458.303,-13.501,145.265,11.855,8.293,0.877,1
-449.990,-13.456,146.595,10.113,8.083,0.952,0
-436.769,-13.417,143.444,10.432,7.804,0.850,1
-430.081,-13.404,141.813,10.640,6.473,0.769,0
-424.207,-13.405,144.893,5.863,3.294,0.960,0
-413.915,-13.383,142.379,5.580,4.228,0.899,0
-409.641,-13.374,143.829,5.340,2.811,0.927,1
-403.915,-13.263,142.697,10.403,8.156,0.781,1
-392.515,-12.978,140.487,7.560,5.877,0.797,1
-385.995,-12.238,137.622,10.086,6.499,0.998,0
-383.421,-11.946,142.820,13.213,10.111,0.958,1
-373.658,-11.228,139.415,6.959,4.487,0.771,1
-365.181,-11.032,140.794,6.837,4.911,0.880,0
-357.809,-10.844,140.690,12.908,8.175,0.775,1
-355.245,-10.765,136.086,9.962,7.387,0.931,1
-347.471,-10.579,139.990,5.064,3.157,0.813,1
-336.438,-10.257,134.707,8.472,4.654,0.802,1
-330.424,-10.106,139.240,11.285,7.346,0.932,1
-323.064,-9.871,135.163,7.469,5.405,0.907,1
-317.474,-9.729,138.453,10.598,6.804,0.733,0
-313.819,-9.608,134.366,6.373,3.788,0.875,0
-306.164,-9.413,134.462,6.091,4.815,0.838,1
-275.546,-9.823,132.992,12.892,8.278,0.962,1
-267.774,-9.738,132.411,8.881,6.591,0.811,1
-262.451,-9.733,134.928,7.046,5.207,0.742,0
-257.202,-9.605,131.331,5.193,3.915,0.731,0
-248.893,-9.531,132.909,6.611,4.725,0.772,0
-240.429,-9.417,131.396,8.752,5.312,0.814,0
-233.799,-9.303,130.717,10.047,6.775,0.986,1
-229.510,-9.225,129.719,10.081,6.271,0.760,1
-218.061,-9.077,131.237,10.147,7.879,0.888,1
-214.411,-9.049,132.281,5.318,2.997,0.889,0
-205.812,-8.878,129.316,8.459,6.259,0.950,0
-201.339,-8.826,130.611,6.885,3.697,0.838,1
-191.581,-8.632,129.584,6.899,3.673,0.760,0
-753.568,-14.344,155.483,8.743,4.942,0.835,1
-687.218,-15.033,151.028,8.483,5.629,0.801,0
-679.355,-15.492,151.811,10.482,7.393,0.738,0
-673.707,-15.494,148.841,12.723,9.461,0.736,0
-667.782,-15.494,147.243,10.549,6.070,0.827,0
-660.365,-15.493,147.316,9.864,7.818,0.771,1
-656.274,-15.490,148.860,5.214,2.934,0.839,0
-645.812,-15.337,145.933,6.506,3.459,0.851,0
-641.965,-15.066,146.065,5.225,3.553,0.847,1
-632.821,-14.426,148.253,7.145,5.656,0.748,1
-626.686,-14.223,145.789,10.881,8.527,0.841,0
-620.768,-14.214,147.357,9.926,7.005,0.940,0
-609.234,-14.194,147.123,5.813,4.610,0.834,1
-602.451,-14.174,145.615,7.878,5.791,0.754,0
-600.067,-14.170,146.542,6.634,4.124,0.842,1
-592.945,-14.095,144.644,5.939,3.156,0.964,0
-584.318,-13.244,145.741,12.729,9.124,0.845,0
-579.626,-12.829,145.149,13.461,9.745,0.963,1
-571.723,-12.180,143.401,5.953,3.666,0.751,1
-473.263,-13.548,138.757,4.422,2.511,0.835,0
-460.570,-13.467,136.525,11.333,6.252,0.841,1
-415.077,-13.379,135.847,9.648,6.394,0.762,0
-402.439,-12.557,135.184,5.063,3.751,0.993,1
-393.848,-12.105,130.883,8.806,5.572,0.958,0
-377.152,-11.306,132.171,7.383,5.917,0.928,1
-367.380,-11.082,129.672,5.513,3.942,0.883,0
-361.812,-10.954,132.096,5.318,4.358,0.883,0
-355.332,-10.768,128.974,7.056,4.392,0.857,1
-343.936,-10.440,131.903,5.109,3.137,0.792,0
-309.097,-9.455,129.751,4.199,3.292,0.845,1
-302.354,-9.270,126.594,6.583,3.499,0.891,1
-294.832,-9.101,127.485,12.178,6.499,0.821,1
-287.761,-9.103,128.369,9.059,7.337,0.999,0
-274.201,-9.540,127.041,9.428,7.333,0.934,1
-270.933,-9.583,125.809,7.407,4.078,0.794,1
-262.440,-9.553,126.012,11.709,6.610,0.793,1
-253.673,-9.441,125.719,12.890,10.451,0.999,0
-246.290,-9.381,125.648,11.575,7.775,0.917,1
-241.075,-9.355,127.409,5.678,4.376,0.843,0
-235.166,-9.266,125.714,12.511,6.978,0.772,0
-217.888,-9.002,125.945,5.191,4.213,0.747,0
-211.579,-8.870,121.831,7.693,4.509,0.871,0
-206.166,-8.800,122.726,13.094,8.636,0.737,0
-200.845,-8.706,120.920,8.553,4.926,0.854,1
-190.899,-8.583,120.193,8.705,4.984,0.874,0
-752.311,-14.196,149.305,10.063,5.284,0.936,0
-700.630,-13.862,143.716,7.564,5.074,0.862,0
-694.733,-14.423,143.089,11.974,8.839,0.943,1
-690.377,-14.841,142.212,10.892,8.259,0.804,0
-683.399,-15.506,141.156,12.804,8.326,0.798,0
-675.888,-15.519,140.990,4.621,2.982,0.767,0
-668.645,-15.508,142.380,11.225,7.051,0.791,1
-661.742,-15.495,144.114,12.548,9.928,0.796,1
-655.380,-15.512,140.643,11.793,7.282,0.917,0
-646.027,-15.350,143.269,5.120,3.021,0.764,1
-638.481,-14.819,142.964,7.290,5.214,0.849,0
-626.639,-14.213,142.329,12.769,9.499,0.790,1
-619.100,-14.198,142.129,5.312,2.994,0.909,1
-614.697,-14.179,139.436,11.039,7.022,0.863,0
-607.404,-14.170,140.957,9.823,5.196,0.890,0
-599.931,-14.135,136.572,5.194,4.103,0.773,1
-592.862,-14.115,135.394,13.243,10.284,0.835,0
-586.172,-14.006,134.759,10.536,6.718,0.896,1
-579.050,-13.131,138.562,12.264,7.293,0.807,1
-568.123,-12.420,134.075,9.882,7.009,0.850,1
-565.179,-12.037,136.229,5.891,3.956,0.953,0
-473.189,-13.512,132.052,5.807,3.724,0.957,1
-466.058,-13.458,133.063,5.130,3.020,0.902,1
-457.041,-13.425,129.656,10.999,7.337,0.861,1
-451.632,-13.414,130.960,9.940,7.793,0.902,1
-444.808,-13.394,128.087,10.704,6.662,0.944,1
-435.571,-13.387,128.948,10.289,6.850,0.899,0
-426.309,-13.376,129.090,7.686,5.911,0.799,1
-414.360,-13.366,129.334,12.561,6.619,0.997,1
-409.528,-12.950,129.149,12.700,7.852,0.855,1
-384.204,-11.549,127.051,6.941,5.366,0.864,1
-373.151,-11.208,124.507,5.898,3.161,0.762,1
-369.736,-11.126,123.218,8.543,4.803,0.806,0
-363.251,-10.976,122.913,10.935,6.163,0.876,1
-353.634,-10.707,122.981,12.942,10.251,0.827,0
-346.387,-10.489,125.109,8.242,4.360,1.000,1
-341.398,-10.325,121.766,5.038,3.780,0.937,0
-335.397,-10.152,122.867,12.699,9.360,0.824,0
-326.080,-9.890,122.058,10.780,8.691,0.932,1
-316.414,-9.633,124.231,5.557,4.156,0.845,0
-311.608,-9.470,120.172,5.494,3.322,0.785,0
-307.730,-9.360,119.995,7.900,5.944,0.910,1
-292.566,-9.023,123.608,5.387,3.870,0.774,0
-286.254,-8.873,121.908,7.386,5.374,0.752,0
-279.671,-8.937,121.032,8.834,6.607,0.840,0
-270.199,-9.340,121.572,8.620,6.597,0.958,1
-264.654,-9.255,121.629,11.353,6.684,0.793,0
-254.696,-8.837,117.340,12.706,9.102,0.813,1
-251.525,-9.066,120.509,7.419,5.479,0.941,1
-242.388,-9.263,118.126,8.137,5.466,0.770,0
-233.026,-9.151,117.210,12.092,7.443,0.840,0
-229.840,-9.114,118.457,8.666,6.706,0.987,1
-220.593,-8.943,115.791,5.448,2.991,0.948,1
-211.317,-8.804,115.651,5.303,2.857,0.987,0
-206.599,-8.729,114.638,11.009,6.009,0.790,0
-201.913,-8.654,113.669,7.526,5.951,0.767,0
-191.279,-8.527,112.531,12.440,9.568,0.760,0
-751.070,-14.062,139.560,6.536,3.724,0.851,1
-697.623,-14.189,139.400,4.898,3.047,0.936,1
-678.378,-15.569,133.188,5.888,4.557,0.868,1
-670.268,-15.543,136.605,10.871,7.991,0.903,1
-661.420,-15.546,135.298,5.410,3.584,0.741,0
-655.364,-15.546,134.692,8.421,5.791,0.902,1
-648.734,-15.556,132.457,5.653,3.614,0.784,1
-640.608,-14.950,136.118,8.999,5.053,0.858,1
-636.392,-14.639,132.204,7.446,5.431,0.820,0
-626.079,-14.189,135.556,6.713,5.244,0.829,0
-619.707,-14.169,134.312,7.085,5.546,0.785,0
-612.945,-14.147,132.141,7.373,4.809,0.829,1
-606.581,-14.136,132.755,7.531,5.192,0.804,1
-597.581,-14.102,129.087,12.248,7.481,0.850,0
-590.440,-14.085,128.084,9.244,7.121,0.839,1
-582.742,-13.983,129.541,6.860,4.125,0.845,0
-579.412,-13.639,130.257,6.817,5.525,0.891,1
-465.945,-13.417,124.814,10.993,8.278,0.788,0
-461.847,-13.406,123.150,4.767,3.760,0.955,1
-453.532,-13.391,122.716,11.494,7.735,0.952,1
-442.830,-13.376,121.642,11.841,8.731,0.884,0
-436.102,-13.366,120.367,10.285,7.205,0.834,0
-430.963,-13.359,119.451,10.040,7.885,0.987,1
-425.353,-13.355,120.154,11.633,6.532,0.787,1
-416.780,-13.355,123.569,9.137,7.393,0.851,0
-409.140,-12.916,121.810,4.969,3.545,0.942,1
-401.820,-12.245,117.758,7.147,4.679,0.792,0
-395.339,-11.686,120.078,10.131,7.914,0.976,0
-386.908,-11.504,118.872,9.775,6.143,0.830,1
-380.609,-11.376,120.679,10.244,8.203,0.780,0
-374.549,-11.232,116.284,6.651,3.791,0.783,0
-366.539,-11.033,117.109,10.704,8.716,0.947,0
-360.680,-10.902,118.203,5.338,3.637,0.994,0
-353.244,-10.673,115.147,7.055,4.551,0.944,0
-345.866,-10.455,118.224,9.120,4.857,0.949,1
-340.150,-10.270,115.313,10.838,7.967,0.754,1
-331.098,-9.988,115.899,7.924,5.465,0.850,1
-324.754,-9.821,117.148,8.079,4.707,0.764,0
-310.887,-9.419,115.449,5.180,3.327,0.958,1
-303.024,-9.188,111.682,5.046,3.672,0.866,1
-296.663,-9.042,111.903,11.783,7.392,0.884,0
-289.334,-8.890,114.518,13.276,6.989,0.760,1
-282.555,-8.741,112.255,9.188,6.495,0.847,0
-278.415,-8.666,112.735,8.854,6.416,0.925,1
-269.992,-8.749,112.248,5.109,3.783,0.772,0
-264.391,-8.650,112.424,10.393,7.053,0.744,0
-258.973,-8.439,110.793,7.977,5.900,0.746,1
-250.584,-8.320,109.666,5.123,2.774,0.847,0
-243.401,-8.747,110.333,10.582,8.195,0.855,1
-233.879,-9.083,109.322,7.077,5.706,0.876,0
-230.185,-9.011,107.885,5.351,3.392,0.745,1
-219.635,-8.845,107.338,13.051,9.373,0.820,1
-206.636,-8.662,107.738,13.380,10.326,0.947,0
-199.513,-8.566,108.078,6.850,5.599,0.782,1
-191.958,-8.491,108.033,5.356,4.213,0.912,0
-185.405,-8.436,108.469,8.844,6.472,0.792,0
-181.154,-8.405,109.629,4.826,2.717,0.975,0
-174.023,-8.286,107.317,7.871,4.396,0.969,1
384.199,-0.814,75.802,7.154,5.290,0.885,0
-782.250,-15.637,133.825,5.668,3.382,0.998,0
-775.003,-15.619,135.498,6.427,4.914,0.864,1
-767.628,-15.552,133.134,12.289,9.022,0.923,1
-695.965,-14.448,131.997,7.715,4.079,0.810,0
-690.739,-15.001,128.671,12.680,8.716,0.984,1
-683.639,-15.615,126.735,11.103,6.078,0.783,1
-676.735,-15.595,128.984,5.294,2.809,0.968,0
-670.696,-15.611,125.886,6.858,5.351,0.904,1
-663.258,-15.589,128.529,10.147,5.962,0.808,1
-654.036,-15.585,127.925,6.959,4.937,0.747,0
-647.070,-15.517,125.471,4.854,3.463,0.913,1
-640.356,-14.986,125.615,13.448,8.670,0.992,1
-633.076,-14.410,125.518,10.714,6.529,0.985,1
-627.077,-14.159,125.495,12.295,9.742,0.752,0
-622.863,-14.144,124.175,8.131,6.221,0.982,0
-615.058,-14.129,125.887,6.503,5.263,0.732,0
-605.163,-14.100,122.597,11.786,7.252,0.743,0
-597.556,-14.090,126.104,7.502,4.170,0.953,1
-593.999,-14.074,122.215,11.135,7.785,0.892,0
-582.909,-14.062,123.557,9.286,4.933,0.896,0
-562.615,-12.735,121.001,4.901,3.416,0.740,0
-558.702,-12.400,121.368,4.918,3.587,0.759,1
-463.868,-13.391,116.379,4.410,2.702,0.846,0
-460.569,-13.385,115.784,9.045,7.080,0.762,1
-439.508,-13.353,113.455,10.456,6.917,0.777,0
-432.535,-13.351,115.622,12.279,9.500,0.824,1
-427.180,-13.341,113.626,7.651,4.421,0.973,1
-415.801,-13.323,111.258,10.227,6.681,0.758,1
-411.082,-13.074,115.500,5.636,3.715,0.849,0
-405.313,-12.565,115.933,9.450,5.295,0.975,0
-393.978,-11.668,112.938,12.394,8.403,0.996,1
-387.681,-11.533,109.857,6.874,4.244,0.909,0
-380.770,-11.378,109.748,4.747,2.568,0.749,0
-377.432,-11.305,109.549,7.938,6.290,0.862,0
-367.734,-11.055,113.693,5.027,4.111,0.928,0
-361.438,-10.900,112.167,12.760,7.093,0.842,0
-356.201,-10.743,109.528,5.752,4.336,0.769,1
-349.727,-10.545,108.460,5.082,3.921,0.895,0
-340.361,-10.260,108.689,10.069,6.737,0.773,1
-331.623,-9.976,107.228,7.486,5.976,0.899,1
-325.905,-9.806,110.043,13.050,9.351,0.839,0
-321.433,-9.657,106.372,5.656,3.526,0.882,1
-307.534,-9.287,109.808,13.114,9.152,0.801,1
-297.967,-9.050,108.524,7.603,5.866,0.907,0
-284.656,-8.740,106.265,5.532,3.181,0.786,0
-278.680,-8.614,104.496,8.913,5.041,0.891,0
-270.027,-8.456,105.295,6.098,4.644,0.869,1
-266.237,-8.411,108.143,7.445,4.765,0.761,0
-257.422,-8.214,106.430,6.989,5.368,0.886,0
-248.663,-7.973,102.308,13.237,10.511,0.813,0
-240.906,-8.585,106.652,8.738,6.266,0.877,0
-236.989,-8.550,103.997,4.922,2.565,0.896,1
-228.758,-8.957,102.654,11.549,6.333,0.779,0
-221.622,-8.849,101.046,7.427,3.905,0.940,0
-213.788,-8.743,103.319,12.524,7.284,0.937,1
-204.979,-8.629,104.670,11.190,7.739,0.976,1
-199.460,-8.538,99.850,11.906,9.640,0.860,1
-195.096,-8.489,103.608,11.872,6.627,0.899,1
-188.644,-8.398,100.421,10.239,7.674,0.945,0
-182.057,-8.344,101.011,11.685,9.048,0.802,0
-172.512,-8.223,97.620,9.200,5.529,0.972,0
383.770,-0.875,69.728,7.667,5.960,0.997,0
-775.558,-15.696,125.795,9.545,5.284,0.765,1
-765.584,-15.376,124.308,10.427,6.911,0.847,0
-759.383,-14.825,126.481,9.036,5.802,0.752,1
-702.767,-13.955,121.817,5.456,3.199,0.751,0
-695.675,-14.673,119.998,4.504,3.379,0.834,0
-690.466,-15.114,123.496,12.517,9.435,0.767,0
-683.513,-15.636,124.226,4.802,3.580,0.755,0
-677.262,-15.657,121.375,6.408,4.985,0.780,0
-665.265,-15.639,122.244,4.877,3.211,0.955,0
-654.510,-15.637,121.489,7.130,5.406,0.837,0
-648.908,-15.625,122.357,7.576,5.358,0.962,1
-641.905,-15.113,116.905,8.830,5.735,0.843,0
-632.217,-14.323,120.768,13.169,7.438,0.859,0
-627.683,-14.127,116.473,4.643,2.786,0.759,1
-620.755,-14.126,120.273,9.685,5.475,0.960,0
-612.192,-14.091,116.040,12.667,7.696,0.977,0
-607.718,-14.098,119.850,4.767,3.074,0.996,0
-601.922,-14.082,116.970,10.269,8.162,0.751,0
-594.507,-14.067,117.303,7.680,5.728,0.923,1
-573.702,-13.872,116.555,4.654,3.617,0.882,1
-566.336,-13.394,113.645,13.376,10.369,0.763,0
-558.533,-12.724,114.337,12.881,7.606,0.939,0
-454.671,-13.355,107.940,12.788,7.131,0.988,0
-447.963,-13.340,105.857,12.448,6.690,0.786,1
-439.951,-13.339,107.857,12.655,6.869,0.963,1
-432.644,-13.329,106.751,5.046,3.976,0.761,0
-426.603,-13.170,105.926,13.391,10.483,0.980,1
-418.394,-13.321,109.191,9.065,5.177,0.739,1
-412.522,-13.051,104.780,11.087,8.737,0.804,0
-402.996,-12.341,106.304,7.092,5.768,0.864,0
-391.585,-11.622,103.534,12.984,7.640,0.912,0
-384.701,-11.469,106.279,12.782,8.394,0.875,1
-373.842,-11.194,102.583,5.784,4.486,0.876,1
-366.330,-10.992,102.110,9.404,5.754,0.745,0
-359.776,-10.829,104.038,7.966,5.505,0.883,1
-355.891,-10.707,105.138,4.582,2.596,0.802,0
-347.327,-10.445,104.634,6.430,5.128,0.734,1
-342.969,-10.307,103.835,5.928,4.845,0.895,1
-336.922,-10.098,101.245,12.799,9.029,0.783,1
-325.181,-9.721,100.462,12.472,10.111,0.764,0
-319.198,-9.576,103.643,10.771,6.490,0.940,1
-312.286,-9.367,101.376,7.928,4.225,0.816,0
-308.225,-9.241,99.644,9.711,7.839,0.741,1
-299.209,-9.018,99.004,9.331,5.052,0.802,0
-292.151,-8.872,101.580,13.104,10.310,0.948,0
-286.805,-8.738,99.310,10.942,8.419,0.958,1
-279.297,-8.603,101.507,9.677,7.581,0.874,0
-273.765,-8.485,99.840,4.608,2.510,0.797,1
-264.739,-8.307,100.798,6.334,4.268,0.900,1
-258.491,-8.180,100.695,5.885,3.961,0.795,0
-252.207,-8.012,96.060,5.631,3.260,0.992,1
-238.018,-7.716,95.427,8.591,6.723,0.736,0
-227.542,-8.421,95.807,11.978,7.983,0.812,0
-223.174,-8.857,97.484,4.792,2.586,0.761,1
-215.933,-8.741,96.660,12.316,8.414,0.850,0
-206.047,-8.615,96.178,11.048,7.404,0.784,1
-199.754,-8.524,94.083,7.780,6.333,0.860,1
-191.898,-8.408,92.048,10.520,6.931,0.825,0
-184.713,-8.307,92.189,9.406,6.103,0.876,0
-180.557,-8.280,94.886,7.483,5.190,0.746,0
-174.527,-8.207,93.384,13.387,7.377,0.865,0
385.777,-1.254,62.577,6.031,4.834,0.899,1
-775.030,-15.768,118.935,5.124,3.311,0.761,0
-766.948,-15.509,117.107,5.031,3.709,0.992,1
-760.547,-14.943,120.150,7.367,4.509,0.859,0
-695.519,-14.749,116.718,8.032,5.893,0.828,1
-682.732,-15.746,112.278,8.868,5.775,0.973,1
-672.425,-15.699,116.246,10.017,6.503,0.747,1
-662.637,-15.725,112.440,7.612,6.081,0.958,1
-657.113,-15.696,115.079,8.271,5.230,0.907,1
-648.920,-15.691,114.918,4.885,3.863,0.990,0
-642.679,-15.200,115.104,5.763,4.379,0.812,1
-633.692,-14.418,110.274,13.156,9.400,0.996,0
-629.314,-14.111,111.406,11.769,6.580,0.840,1
-622.680,-14.091,109.460,6.834,4.171,0.907,0
-616.927,-14.079,109.123,9.182,5.057,0.925,1
-606.079,-14.066,109.948,5.636,3.846,0.964,0
-600.849,-14.054,107.881,11.034,7.958,0.946,1
-592.494,-14.054,112.599,11.133,7.645,0.851,1
-579.130,-14.022,108.235,10.782,8.726,0.874,1
-571.754,-14.002,109.981,9.740,7.913,0.837,0
-564.611,-13.493,108.028,11.961,9.589,0.830,0
-557.494,-12.996,105.846,7.953,6.203,0.820,0
-446.011,-13.327,102.373,5.665,3.589,0.919,0
-432.152,-13.309,100.668,6.505,5.303,0.997,0
-427.689,-12.985,98.066,7.359,4.270,0.824,1
-418.687,-12.820,101.401,6.622,4.523,0.868,1
-410.250,-12.472,97.490,10.944,6.618,0.996,0
-404.867,-12.487,98.596,12.071,7.797,0.758,1
-397.481,-11.854,99.182,7.897,4.294,0.806,0
-391.079,-11.611,98.678,7.560,3.934,0.777,0
-385.338,-11.481,99.838,10.921,6.550,0.753,0
-375.676,-11.246,95.024,10.815,5.635,0.761,0
-370.537,-11.093,94.619,11.531,6.833,0.922,0
-360.681,-10.820,95.974,8.674,5.106,0.971,1
-356.042,-10.665,95.014,7.030,5.360,0.959,1
-349.024,-10.424,93.818,5.885,3.094,0.907,0
-341.535,-10.205,96.266,5.181,2.954,0.975,1
-334.599,-9.973,94.461,11.332,7.472,0.960,1
-327.217,-9.733,93.451,4.834,2.792,0.857,1
-322.070,-9.602,96.558,6.257,3.755,0.840,0
-315.831,-9.420,94.987,6.508,3.490,0.764,1
-307.834,-9.203,95.466,5.055,4.123,0.810,0
-301.759,-9.028,91.562,7.594,6.220,0.991,0
-294.584,-8.859,90.813,11.943,6.884,0.884,1
-286.874,-8.705,93.870,12.600,8.450,0.768,1
-279.904,-8.536,89.682,8.194,6.045,0.993,1
-266.117,-8.279,93.163,5.206,3.198,0.973,0
-258.855,-8.107,91.248,12.778,8.448,0.868,1
-248.573,-7.851,90.017,13.473,10.754,0.867,1
-243.597,-7.728,91.969,12.012,9.437,0.996,0
-238.059,-7.509,86.979,9.898,5.198,0.768,0
-232.258,-7.634,90.841,12.906,8.093,0.738,0
-224.964,-8.192,91.273,11.817,7.638,0.768,0
-217.633,-8.143,86.228,10.150,6.354,0.950,0
-211.483,-8.154,86.455,8.362,6.637,0.978,0
-201.967,-8.206,87.664,8.580,5.411,0.939,0
-195.856,-7.756,85.359,9.634,6.394,0.874,1
-189.988,-8.323,89.683,8.679,6.716,0.835,1
-172.754,-8.147,86.996,4.517,2.928,0.989,0
393.558,-1.558,56.599,6.060,3.227,0.905,1
-783.758,-15.834,113.465,11.485,6.147,0.942,0
-777.226,-15.858,110.680,8.936,7.305,0.948,0
-770.122,-15.806,111.045,6.196,4.776,0.928,1
-762.803,-15.166,111.605,4.639,2.877,0.973,1
-706.574,-13.890,106.995,6.019,3.744,0.873,0
-696.068,-14.823,110.222,10.954,8.608,0.859,0
-689.529,-15.492,108.181,13.131,7.083,0.975,1
-685.703,-15.792,107.749,5.394,3.647,0.788,1
-676.433,-15.822,104.908,8.466,5.572,0.838,0
-671.647,-15.760,109.592,10.732,6.271,0.981,0
-664.263,-15.802,105.452,12.152,9.000,0.974,1
-656.760,-15.806,104.523,11.952,8.126,0.855,1
-650.098,-15.750,108.295,11.875,7.295,0.946,1
-643.828,-15.725,104.556,8.331,4.531,0.732,0
-635.604,-14.613,108.014,12.155,9.887,0.862,0
-626.744,-14.213,103.527,11.453,7.030,0.996,1
-623.329,-14.085,107.077,12.638,10.117,0.971,0
-611.625,-14.059,105.122,12.599,7.032,0.920,1
-609.833,-14.055,106.034,10.405,8.201,0.901,1
-593.293,-14.011,100.183,9.344,5.941,0.737,1
-581.641,-13.978,101.315,8.984,5.061,0.762,0
-572.858,-13.936,100.424,13.056,10.123,0.941,0
-564.076,-13.754,100.537,5.660,3.654,0.825,1
-559.597,-13.326,101.987,7.844,6.335,0.935,1
-439.142,-13.293,93.169,8.126,5.637,0.955,1
-430.227,-13.160,94.649,4.645,2.625,0.743,1
-423.981,-12.700,94.232,10.142,7.472,0.902,0
-415.971,-12.311,94.691,8.960,5.756,0.888,1
-413.062,-11.955,90.163,5.166,3.681,0.830,1
-404.969,-12.037,92.625,11.209,5.870,0.843,0
-396.496,-11.769,90.619,10.616,6.547,0.939,1
-391.855,-11.630,92.999,12.916,8.835,0.779,0
-378.556,-11.327,92.108,10.300,6.511,0.942,0
-363.819,-10.888,87.572,12.433,9.114,0.790,1
-357.293,-10.684,89.641,11.844,6.463,0.950,1
-346.128,-10.298,87.612,5.750,3.154,0.781,0
-334.532,-9.912,86.693,13.298,8.366,0.975,1
-329.759,-9.765,87.099,11.281,7.169,0.925,0
-322.369,-9.548,88.474,8.081,4.286,0.855,1
-316.195,-9.372,87.526,10.320,7.391,0.865,0
-307.391,-9.126,86.715,8.036,4.396,0.869,1
-297.456,-8.885,85.777,12.356,8.517,0.748,0
-293.118,-8.808,88.488,10.014,8.202,0.836,0
-284.332,-8.605,87.188,12.751,7.974,0.962,1
-279.763,-8.513,87.220,10.888,6.989,0.804,0
-273.905,-8.370,84.289,7.152,4.165,0.888,1
-263.566,-8.118,82.321,8.731,5.585,0.859,0
-258.391,-8.045,86.145,10.415,5.752,0.970,0
-252.119,-7.861,81.749,11.153,7.995,0.951,0
-244.480,-7.615,81.077,5.924,4.488,0.969,1
-237.196,-7.456,84.964,11.603,8.838,0.901,0
-231.029,-7.195,80.287,13.069,8.289,0.958,0
-225.638,-7.204,83.155,7.186,4.564,0.761,0
-214.682,-7.373,79.238,9.462,7.103,0.911,1
-206.388,-7.417,81.699,9.962,6.949,0.828,0
-204.920,-7.105,79.630,7.219,4.309,0.904,0
-192.408,-7.272,82.772,6.978,5.667,0.914,1
-173.032,-7.749,80.680,6.640,3.526,0.990,0
-781.564,-15.916,106.533,12.437,10.081,0.989,1
-773.550,-15.906,106.579,12.697,8.931,0.755,1
-768.034,-15.648,106.218,8.009,4.981,0.893,1
-764.140,-15.326,103.626,7.699,6.125,0.844,1
-700.892,-14.500,103.890,10.025,7.191,0.918,0
-694.215,-15.190,101.364,5.381,3.769,0.836,0
-683.806,-15.884,101.195,11.813,6.673,0.822,0
-675.843,-15.850,102.819,8.081,5.310,0.841,0
-672.242,-15.866,101.425,6.222,3.893,0.836,0
-662.048,-15.878,99.743,5.578,3.852,0.940,1
-653.968,-15.870,99.554,5.054,4.131,0.817,1
-651.075,-15.843,101.351,8.227,4.560,0.850,1
-645.148,-15.855,99.949,6.305,3.819,0.732,0
-637.312,-15.848,97.611,6.740,5.524,0.987,0
-626.223,-14.783,97.490,9.733,6.705,0.871,0
-620.959,-14.107,98.544,8.698,4.755,0.816,0
-616.421,-14.054,98.269,6.640,5.342,0.909,0
-609.383,-14.037,98.078,7.045,5.292,0.886,0
-599.077,-13.999,95.400,13.430,8.476,0.821,1
-593.475,-13.995,96.193,9.462,7.540,0.853,1
-584.215,-13.938,93.196,6.272,4.554,0.962,1
-580.709,-13.946,97.208,4.951,3.005,0.762,0
-574.223,-13.895,93.228,11.630,9.345,0.745,0
-564.998,-13.826,94.107,10.964,8.927,0.918,0
-557.019,-13.563,91.293,4.731,2.754,0.815,1
-552.460,-13.027,95.294,5.252,3.863,0.927,1
-540.188,-12.132,94.400,7.085,5.100,0.874,0
-446.028,-13.013,85.361,12.785,8.977,0.832,0
-440.866,-13.275,89.857,8.793,6.993,1.000,1
-430.347,-13.075,87.185,7.391,3.955,0.933,1
-427.228,-12.927,88.224,11.050,8.535,0.985,0
-421.603,-12.515,87.397,8.076,6.565,0.804,1
-411.361,-11.927,83.494,9.950,6.164,0.911,0
-406.390,-11.864,83.399,10.030,7.137,0.822,1
-395.503,-11.716,86.775,12.392,7.546,0.928,1
-390.016,-11.588,84.921,11.392,7.397,0.882,1
-382.765,-11.422,83.638,12.970,9.557,0.819,1
-376.976,-11.282,84.060,10.971,5.973,0.752,0
-371.005,-11.098,83.863,6.325,4.439,0.949,1
-365.214,-10.923,81.877,10.620,7.249,0.909,0
-356.382,-10.632,82.609,12.604,6.962,0.920,0
-350.354,-10.421,83.950,12.742,6.672,0.960,1
-341.072,-10.100,82.255,6.437,4.609,0.849,1
-337.903,-10.001,83.699,11.928,8.885,0.784,0
-326.257,-9.606,80.375,6.128,4.408,0.830,1
-318.889,-9.375,78.182,13.261,8.401,0.850,1
-315.817,-9.305,80.452,9.841,7.949,0.911,1
-308.316,-9.100,80.461,12.497,7.335,0.894,1
-300.910,-8.921,80.522,7.724,5.179,0.983,1
-292.706,-8.724,79.298,7.632,5.079,0.826,0
-286.299,-8.582,79.344,6.976,5.710,0.806,0
-278.472,-8.422,79.256,11.615,7.884,0.771,0
-274.151,-8.308,76.091,8.470,6.335,0.891,0
-264.896,-8.097,75.865,12.390,8.333,0.906,0
-261.040,-8.010,76.718,8.769,5.389,0.918,0
-253.972,-7.861,78.165,6.550,4.051,0.915,0
-247.304,-7.629,74.307,13.252,10.007,0.964,1
-236.751,-7.320,75.957,11.025,8.242,0.780,0
-229.931,-7.077,74.538,8.882,6.297,0.774,0
-222.343,-6.773,72.089,6.425,4.223,0.929,1
-216.096,-6.715,73.460,8.385,6.650,0.954,0
-207.082,-6.785,76.490,11.022,8.328,0.786,1
-204.603,-6.488,74.718,9.510,6.401,0.977,1
-194.855,-6.235,74.858,10.786,7.309,0.762,1
-186.421,-5.850,74.177,7.314,4.082,0.794,1
-180.095,-5.317,71.338,11.014,6.898,0.811,0
-781.104,-15.987,102.181,9.026,5.494,0.753,1
-775.691,-16.008,100.598,7.320,4.535,0.952,0
-767.652,-15.666,99.335,5.696,3.897,0.737,1
-691.014,-15.680,93.468,5.205,4.264,0.783,1
-684.673,-15.971,95.191,10.005,7.462,0.824,1
-676.290,-16.008,91.791,7.895,4.414,0.765,1
-670.076,-16.004,91.399,6.851,5.497,0.979,0
-663.602,-15.994,91.443,10.352,6.071,0.989,1
-655.377,-15.963,92.862,8.374,5.361,0.942,0
-652.215,-15.980,91.362,5.055,3.406,0.930,1
-642.965,-15.943,93.129,5.062,3.281,0.928,0
-634.392,-15.999,88.797,5.002,3.016,0.991,0
-621.986,-14.992,91.078,4.791,3.069,0.812,0
-613.876,-14.141,90.866,9.588,5.486,0.991,1
-608.518,-14.020,91.480,5.289,3.558,0.984,0
-599.499,-13.990,90.728,13.208,8.800,0.974,1
-596.442,-13.958,87.221,9.849,7.608,0.801,0
-589.515,-13.906,85.815,5.270,4.211,0.837,1
-582.499,-13.916,89.995,10.517,8.478,0.897,0
-575.672,-13.835,85.495,4.820,3.755,0.831,0
-568.100,-13.802,88.446,12.733,8.161,0.885,0
-553.310,-13.521,85.408,7.244,4.162,0.898,0
-544.893,-12.877,85.842,10.905,5.805,0.999,1
-538.075,-12.363,86.908,4.767,3.769,0.953,0
-447.419,-13.092,81.915,4.703,3.462,0.872,1
-434.643,-12.637,80.756,5.553,3.899,0.980,1
-425.708,-12.411,77.827,12.013,7.565,0.891,0
-420.188,-12.283,76.225,12.885,7.836,0.743,0
-405.866,-11.859,80.811,8.146,5.700,0.890,0
-399.157,-11.778,76.229,5.357,4.042,0.838,1
-394.140,-11.690,79.763,10.761,5.758,0.759,0
-376.862,-11.277,75.318,6.518,4.213,0.861,0
-368.528,-11.020,77.413,10.808,7.471,0.945,0
-365.969,-10.940,77.766,8.337,5.788,0.944,0
-355.941,-10.606,74.828,12.730,7.343,0.929,1
-350.459,-10.397,72.471,7.066,4.466,0.781,0
-340.450,-10.047,76.072,13.382,8.155,0.952,1
-335.703,-9.865,71.698,8.517,5.218,0.896,0
-326.482,-9.577,75.326,9.453,7.378,0.789,1
-323.837,-9.474,72.561,6.588,4.907,0.918,1
-315.953,-9.235,70.399,6.274,4.405,0.982,1
-305.073,-8.961,73.888,7.043,5.718,0.862,1
-300.031,-8.814,69.754,12.424,6.924,0.906,0
-292.280,-8.658,72.445,9.051,7.343,0.932,0
-286.449,-8.528,72.360,9.437,5.264,0.935,1
-277.079,-8.332,71.798,10.819,7.829,0.852,0
-270.231,-8.173,69.704,12.559,9.274,0.974,1
-264.533,-8.010,68.281,10.127,5.404,0.993,0
-258.256,-7.863,68.826,10.222,5.889,0.846,1
-249.525,-7.622,68.311,12.120,8.956,0.971,0
-244.174,-7.486,70.620,8.508,4.928,0.888,0
-236.493,-7.219,68.794,6.687,5.167,0.804,0
-230.825,-7.037,68.830,5.227,3.948,0.910,1
-222.957,-6.742,67.518,8.928,4.702,0.866,1
-214.280,-6.432,67.160,13.486,7.055,0.946,1
-209.068,-6.277,68.887,12.130,7.724,0.935,0
-204.334,-6.120,69.134,7.600,4.306,0.895,1
-197.201,-5.828,64.638,13.007,7.657,0.815,0
-183.584,-5.394,67.961,11.212,8.969,0.882,1
-787.631,-16.137,93.904,12.364,8.598,0.971,0
-784.928,-16.115,94.964,13.204,7.079,0.871,0
-774.136,-16.118,93.898,12.580,7.654,0.991,1
-771.071,-16.059,91.129,9.744,6.343,0.929,1
-693.544,-15.546,89.475,8.607,5.940,0.800,1
-685.063,-16.149,85.518,10.527,7.039,0.885,1
-678.280,-16.153,84.860,8.325,5.460,0.791,1
-664.924,-16.078,87.268,6.409,3.483,0.975,1
-658.782,-16.134,84.364,12.601,7.277,0.817,0
-652.223,-16.106,85.216,8.068,4.241,0.748,1
-638.673,-16.101,84.503,6.841,4.207,0.851,0
-629.558,-16.017,85.032,4.876,2.995,0.915,1
-622.631,-15.160,81.455,7.926,5.994,0.991,1
-616.350,-14.460,83.163,6.527,5.279,0.744,0
-607.149,-13.955,80.989,5.773,3.792,0.903,1
-600.945,-13.954,84.616,13.251,7.926,0.955,1
-585.591,-13.829,79.676,12.326,6.991,0.965,0
-580.843,-13.796,79.265,11.310,9.229,0.794,1
-565.488,-13.676,80.213,12.603,9.799,0.742,0
-557.458,-13.586,78.203,8.174,5.543,0.766,1
-552.840,-13.575,80.269,7.561,4.291,0.975,0
-545.170,-13.268,76.745,10.401,7.363,0.767,1
-538.213,-12.780,76.778,10.067,7.848,0.967,0
-532.428,-12.354,76.823,4.742,3.545,0.785,0
-445.174,-12.915,74.845,10.581,7.715,0.981,0
-443.588,-12.797,70.574,6.741,4.361,0.832,0
-433.425,-12.121,71.047,11.463,8.695,0.960,0
-425.976,-12.057,72.707,9.288,5.657,0.849,1
-421.375,-12.183,74.729,7.934,6.020,0.941,1
-410.964,-11.932,72.043,9.430,5.759,0.797,0
-407.041,-11.886,70.355,7.800,4.716,0.838,0
-400.090,-11.793,73.399,9.163,6.271,0.758,1
-390.234,-11.604,69.938,8.099,5.396,0.868,0
-377.304,-11.287,69.032,11.301,7.248,0.758,1
-371.069,-11.080,68.638,7.654,5.753,0.956,1
-366.575,-10.956,71.528,12.975,10.554,0.738,0
-358.483,-10.673,67.514,4.795,3.693,0.777,1
-348.344,-10.282,66.609,7.623,4.634,0.955,0
-334.145,-9.757,64.643,4.726,3.795,0.748,0
-331.702,-9.683,65.703,7.966,5.202,0.754,0
-319.299,-9.302,67.189,7.913,6.298,0.745,0
-314.829,-9.146,63.617,10.603,8.274,0.813,1
-308.058,-8.995,68.449,7.470,4.892,0.851,1
-303.672,-8.867,66.111,7.243,5.095,0.944,0
-296.198,-8.708,67.361,7.842,5.603,0.957,1
-284.674,-8.414,62.924,11.386,7.755,0.797,1
-282.893,-8.380,63.796,5.178,3.870,0.987,0
-271.930,-8.140,62.639,13.443,9.566,0.950,0
-263.481,-7.940,64.550,7.276,4.363,0.927,1
-257.128,-7.773,63.803,6.477,4.279,0.904,0
-253.440,-7.698,64.994,12.717,7.379,0.941,1
-243.533,-7.345,62.045,12.176,9.399,0.846,1
-238.815,-7.174,60.565,4.586,2.419,0.840,0
-231.130,-6.956,62.494,6.940,4.687,0.954,1
-225.419,-6.783,63.548,7.109,4.353,0.740,1
-216.643,-6.435,60.526,8.441,4.478,0.981,1
-208.937,-6.149,58.101,8.332,5.087,0.754,1
-202.799,-5.936,57.281,8.452,4.998,0.875,0
-194.588,-5.699,61.420,10.644,8.570,0.964,0
-189.522,-5.499,59.642,9.286,5.921,0.973,0
-183.816,-5.300,59.750,12.652,8.382,0.951,0
-790.122,-16.321,84.989,9.105,7.170,0.756,0
-782.743,-16.238,88.147,9.365,6.819,0.934,1
-761.638,-15.306,85.718,5.723,3.831,0.770,0
-695.052,-15.636,81.360,6.610,3.465,0.930,1
-686.961,-16.286,79.685,6.869,5.162,0.978,0
-681.403,-16.290,79.089,5.766,4.101,0.908,1
-672.817,-16.212,81.874,5.593,4.352,0.758,1
-666.495,-16.316,76.840,10.396,7.851,0.788,0
-655.815,-16.287,77.360,9.815,5.604,0.770,1
-649.416,-16.320,75.492,8.724,6.419,0.791,1
-643.390,-16.206,80.151,10.452,6.458,0.822,0
-637.855,-16.206,79.760,5.883,4.186,0.759,1
-628.754,-16.049,78.706,13.387,9.790,0.997,1
-620.481,-14.987,76.165,8.710,5.860,0.973,0
-618.227,-14.674,76.519,5.766,4.516,0.971,0
-607.224,-13.925,75.162,8.619,6.739,0.741,0
-601.409,-13.895,75.294,9.286,4.946,0.797,1
-593.476,-13.853,74.479,4.636,2.740,0.787,0
-588.079,-13.788,71.847,11.852,7.729,0.805,1
-580.369,-13.748,74.296,11.347,6.629,0.840,0
-573.612,-13.685,73.268,11.981,9.644,0.892,1
-560.321,-13.536,72.075,7.351,5.777,0.776,1
-552.372,-13.462,71.463,7.229,5.065,0.951,0
-546.570,-13.408,70.691,13.399,7.107,0.844,0
-537.395,-12.871,69.743,6.266,5.110,0.987,1
-533.360,-12.537,70.782,8.849,6.891,0.800,1
-434.135,-12.165,64.942,8.717,6.234,0.788,1
-429.836,-12.020,63.943,7.815,6.250,0.860,1
-412.456,-11.965,62.986,5.153,4.142,0.937,1
-405.771,-11.885,62.764,6.250,4.371,0.933,1
-397.595,-11.775,65.974,5.876,3.962,0.822,1
-392.258,-11.668,61.129,5.897,3.343,0.799,0
-383.520,-11.444,63.819,8.725,6.057,0.913,1
-377.390,-11.290,63.009,9.818,7.710,0.956,0
-369.316,-10.998,59.477,8.684,4.604,0.949,0
-362.442,-10.785,63.287,9.706,6.121,0.898,1
-355.221,-10.524,63.226,11.604,7.819,0.935,0
-350.967,-10.342,60.089,4.658,2.527,0.746,1
-342.483,-10.019,60.102,10.168,6.827,0.863,0
-334.047,-9.718,59.333,5.602,3.657,0.764,0
-331.609,-9.635,59.712,6.407,3.435,0.756,0
-323.878,-9.362,58.115,7.845,4.266,0.746,1
-316.571,-9.169,60.196,13.129,9.785,0.854,1
-299.353,-8.722,60.228,12.921,8.734,0.791,0
-296.963,-8.645,57.267,7.155,3.996,0.955,0
-290.348,-8.481,55.046,8.216,6.327,0.935,1
-280.933,-8.289,57.476,10.287,6.369,0.796,1
-272.529,-8.087,55.706,8.859,4.844,0.984,1
-264.224,-7.874,55.536,11.186,7.584,0.766,1
-259.793,-7.770,57.292,5.994,3.971,0.903,0
-250.854,-7.530,57.406,11.700,8.532,0.916,1
-244.447,-7.300,55.996,6.204,5.058,0.866,1
-236.137,-6.973,51.877,4.853,3.822,0.854,1
-232.433,-6.886,54.616,7.263,5.140,0.988,0
-226.560,-6.654,51.397,12.200,8.545,0.791,0
-217.382,-6.406,55.853,8.026,4.779,0.976,1
-211.892,-6.186,52.790,9.383,6.657,0.979,1
-204.888,-5.961,53.472,9.416,5.417,0.957,1
-195.483,-5.656,54.637,4.810,3.561,0.854,0
-790.960,-16.462,78.717,4.715,3.351,0.968,0
-782.337,-16.498,76.601,7.792,6.137,0.773,0
-777.143,-16.425,79.499,11.019,7.642,0.965,1
-754.974,-14.917,74.424,7.189,5.802,0.991,0
-695.941,-15.780,74.001,9.255,7.275,0.877,1
-686.928,-16.490,70.729,13.023,9.904,0.853,1
-679.413,-16.371,75.412,13.465,7.260,0.747,1
-673.616,-16.396,73.843,9.529,6.221,0.843,1
-666.056,-16.367,74.555,8.470,4.821,0.830,0
-660.953,-16.421,71.843,6.744,4.786,0.897,0
-649.464,-16.412,71.432,7.913,4.244,0.846,0
-643.755,-16.415,70.993,6.547,4.306,0.995,0
-639.100,-16.443,69.579,8.495,4.733,0.995,1
-628.223,-16.145,68.936,10.236,5.581,0.931,1
-623.237,-15.412,67.115,8.385,5.479,0.931,1
-614.507,-14.266,71.330,7.998,6.531,0.928,0
-608.802,-13.901,70.427,10.847,6.910,0.983,0
-600.592,-13.845,69.138,9.077,6.451,0.906,0
-594.039,-13.777,65.779,13.232,9.602,0.788,1
-588.499,-13.633,64.913,4.628,2.735,0.824,1
-580.973,-13.671,69.574,5.716,3.397,0.819,1
-566.487,-13.470,64.546,11.098,7.734,0.984,0
-558.629,-13.451,68.119,4.903,2.869,0.848,1
-554.602,-13.398,65.503,5.171,3.033,0.843,0
-548.472,-13.365,64.766,6.809,4.104,0.933,1
-540.089,-13.129,65.777,7.267,5.032,0.949,1
-530.464,-12.358,63.546,12.001,6.329,0.966,1
-527.648,-12.133,62.020,6.202,4.380,0.902,0
-446.404,-12.959,58.603,9.145,6.562,0.913,1
-444.158,-12.813,58.221,10.536,7.550,0.859,0
-426.067,-12.013,59.025,9.426,6.885,0.998,1
-421.346,-12.006,56.176,4.290,2.285,0.819,0
-413.548,-11.985,57.608,7.916,5.681,0.751,1
-405.135,-11.882,59.426,10.529,8.450,0.746,1
-398.199,-11.801,57.212,9.319,5.863,0.790,0
-392.061,-11.675,55.267,6.406,4.604,0.897,1
-383.924,-11.461,56.490,4.723,2.982,0.950,1
-380.689,-11.378,56.057,13.085,9.771,0.815,1
-363.485,-10.524,52.343,10.203,6.587,0.934,0
-356.687,-10.546,56.589,12.561,9.546,0.872,1
-348.033,-10.197,54.126,12.948,9.417,0.760,0
-343.357,-10.020,55.053,10.049,8.153,0.796,0
-336.369,-9.737,50.953,7.671,4.263,0.886,1
-328.584,-9.480,52.623,8.147,5.813,0.941,1
-324.270,-9.315,51.101,7.695,6.123,0.980,0
-316.997,-9.120,52.453,9.829,6.498,0.807,1
-307.969,-8.837,49.459,8.528,5.743,0.990,1
-303.536,-8.746,52.072,10.628,8.549,0.973,1
-292.473,-8.497,51.486,4.911,3.037,0.811,1
-288.113,-8.373,48.298,4.966,3.053,0.899,1
-281.170,-8.219,49.571,10.339,6.281,0.801,1
-269.106,-7.922,47.626,5.068,3.217,0.937,0
-257.182,-7.633,51.394,7.811,4.238,0.878,0
-255.133,-7.507,45.900,6.284,5.141,0.934,1
-247.641,-7.320,49.112,11.135,8.396,0.941,1
-238.171,-6.979,46.906,7.061,5.542,0.885,0
-231.819,-6.809,49.982,5.450,3.042,0.889,1
-218.518,-6.362,49.104,9.059,5.539,0.833,0
-210.277,-6.042,44.797,12.943,8.602,0.869,1
175.834,-0.363,23.485,8.535,5.591,0.782,0
181.179,-0.550,23.069,13.091,10.704,0.836,0
-790.460,-16.560,74.283,4.659,2.767,0.921,0
-783.317,-16.585,72.734,9.624,6.672,0.761,0
-777.666,-16.598,71.766,8.639,7.003,0.991,0
-772.951,-16.590,69.424,9.585,5.659,0.982,1
-763.528,-15.755,69.960,12.698,7.334,0.844,1
-756.576,-15.092,72.722,4.907,3.571,0.747,0
-683.849,-16.579,66.571,8.351,5.035,0.974,0
-680.682,-16.555,67.547,4.922,3.873,0.733,0
-672.903,-16.647,63.100,8.450,6.707,0.882,0
-667.700,-16.631,63.420,4.854,3.861,0.824,0
-661.068,-16.583,65.163,5.699,4.074,0.845,1
-651.077,-16.650,61.882,6.260,3.958,0.761,1
-646.883,-16.632,62.340,5.597,4.191,0.930,0
-635.888,-16.545,65.284,8.759,4.906,0.953,0
-630.346,-16.660,60.357,7.725,5.307,0.765,1
-622.320,-15.342,61.252,6.658,4.632,0.967,0
-619.419,-14.878,64.916,9.341,6.110,0.837,1
-612.480,-13.917,62.199,5.895,4.141,0.974,1
-604.080,-13.788,61.145,9.144,6.402,0.799,1
-593.425,-13.705,59.964,11.859,9.668,0.742,1
-591.328,-13.660,60.689,6.096,4.746,0.963,0
-573.794,-13.377,60.078,9.751,6.560,0.857,1
-560.792,-13.348,60.822,11.014,8.983,0.898,0
-556.282,-13.293,59.363,10.982,7.236,0.825,0
-544.453,-13.220,55.525,13.298,9.894,0.742,1
-541.752,-13.240,57.479,11.965,6.836,0.850,1
-533.223,-12.599,59.194,12.294,9.188,0.751,0
-394.431,-11.274,50.200,9.857,5.443,0.870,0
-386.929,-10.928,48.985,7.261,4.963,0.963,0
-379.569,-10.544,47.588,11.771,9.184,0.891,1
-373.437,-10.276,47.081,9.159,6.887,0.855,1
-366.845,-10.374,50.026,6.877,5.189,0.996,0
-358.707,-9.878,47.779,9.902,7.930,0.784,1
-345.246,-9.743,49.531,13.212,10.730,0.833,0
-336.331,-9.100,45.126,13.280,9.519,0.779,1
-331.037,-9.405,48.410,6.118,3.895,0.756,1
-318.806,-9.122,46.660,6.369,5.091,0.837,0
-310.934,-8.888,45.141,6.550,4.925,0.805,1
-294.671,-8.499,46.181,10.237,7.631,0.802,1
-289.748,-8.350,41.452,13.193,9.625,0.781,0
-281.063,-8.173,45.211,12.919,9.542,0.859,0
-272.922,-7.971,43.757,11.467,6.719,0.803,0
-267.096,-7.788,40.742,13.225,9.415,0.769,1
-259.401,-7.569,41.367,7.029,5.720,0.945,0
-255.924,-7.464,40.938,9.025,5.365,0.737,0
-245.397,-7.176,43.636,8.834,5.313,0.840,0
-237.779,-6.891,40.815,9.285,7.606,0.771,0
-227.741,-6.587,42.624,12.142,8.257,0.981,0
-136.823,-3.451,33.197,9.824,7.469,0.772,1
-120.333,-3.461,32.557,11.644,7.337,0.771,0
321.814,-8.024,9.388,10.744,6.052,0.958,0
328.071,-8.591,6.039,10.836,6.476,0.755,0
335.680,-7.431,6.079,9.320,7.131,0.833,0
-790.231,-16.697,66.916,7.025,4.232,0.897,0
-784.870,-16.746,63.872,8.611,4.538,0.846,0
-769.334,-16.342,65.382,9.749,5.759,0.937,1
-761.544,-15.695,63.436,6.330,4.525,0.985,1
-758.426,-15.424,63.429,9.419,7.253,0.777,0
-692.075,-16.598,58.300,5.114,3.543,0.899,1
-688.666,-16.704,61.310,13.043,10.463,0.834,0
-679.766,-16.730,59.712,10.095,5.980,0.911,1
-674.982,-16.818,55.647,11.023,8.444,0.969,1
-666.445,-16.786,56.734,4.722,3.074,0.877,0
-656.248,-16.726,58.983,11.086,7.797,0.750,0
-653.121,-16.803,55.635,9.629,5.705,0.733,0
-647.681,-16.817,54.862,9.501,5.402,0.751,0
-637.168,-16.828,53.947,11.304,8.394,0.741,0
-631.783,-16.820,54.059,9.038,6.981,0.757,0
-626.321,-16.136,56.510,10.173,7.106,0.888,0
-618.665,-14.835,56.901,9.707,7.590,0.731,1
-608.223,-13.761,54.366,6.971,4.601,0.766,1
-586.967,-13.469,50.979,5.091,3.259,0.976,1
-579.683,-13.302,52.950,12.828,8.851,0.863,0
-575.429,-13.204,51.564,6.097,4.760,0.739,1
-567.906,-13.208,53.499,6.567,4.153,0.991,1
-559.554,-13.192,51.405,11.350,7.807,0.897,0
-555.652,-13.181,48.876,6.104,4.937,0.881,1
-548.203,-13.185,50.437,10.872,8.832,0.813,0
-539.832,-13.144,51.179,4.503,2.344,0.895,1
-532.608,-12.547,48.930,4.730,3.798,0.783,1
-374.782,-9.639,40.563,4.551,3.093,0.952,1
-367.090,-9.202,39.178,13.400,8.240,0.910,1
-359.567,-9.174,41.231,8.132,6.519,0.872,0
-350.995,-8.888,40.785,11.443,9.301,0.798,1
-346.985,-8.960,42.257,6.038,4.865,0.786,1
-331.726,-8.376,38.988,4.810,3.861,0.877,0
-323.401,-8.145,37.151,9.452,7.696,0.973,1
-319.071,-8.369,39.245,9.102,5.498,0.767,1
-309.388,-8.220,37.295,6.271,4.676,0.997,0
-303.441,-8.302,37.572,7.057,5.769,0.911,1
-295.913,-8.465,38.597,10.446,8.015,0.965,1
-290.279,-8.178,34.717,5.152,2.932,0.813,1
-280.841,-8.110,38.558,11.306,6.708,0.932,0
-272.289,-7.886,36.953,6.213,4.265,0.990,1
-269.089,-7.767,33.758,13.401,7.894,0.994,0
-262.877,-7.603,35.325,8.601,5.167,0.736,1
-252.432,-7.294,35.066,9.739,7.052,0.921,0
-247.389,-7.106,32.912,10.590,8.438,0.824,0
-237.417,-6.765,31.567,6.894,5.461,0.734,0
-235.331,-6.725,33.974,12.898,7.984,0.864,0
-162.005,-3.525,26.648,10.279,6.425,0.787,1
-154.311,-3.461,27.906,11.451,6.629,0.977,1
-151.169,-3.454,30.679,8.057,5.766,0.879,1
-139.350,-3.444,27.066,10.128,7.390,0.839,1
-137.712,-3.447,27.012,10.019,7.374,0.751,0
-120.705,-3.464,29.550,5.162,3.292,0.868,1
-116.238,-3.460,25.511,5.324,3.467,0.868,0
319.055,-10.581,0.131,8.950,6.526,0.763,1
328.753,-8.950,2.051,11.514,7.129,0.988,1
330.602,-8.425,2.202,11.894,6.713,0.852,0
338.165,-6.824,0.515,12.932,7.815,0.891,0
-784.243,-16.809,60.030,10.472,7.023,0.999,0
-769.353,-16.461,56.347,9.975,6.077,0.793,0
-762.197,-15.865,54.632,9.415,4.929,0.901,0
-687.866,-16.868,51.998,5.536,2.931,0.893,1
-674.936,-16.873,48.640,9.703,6.068,0.848,1
-665.852,-16.868,48.647,7.423,4.473,0.860,0
-661.725,-16.864,49.778,4.862,3.350,0.974,0
-654.308,-16.868,47.579,7.099,4.458,0.763,1
-647.561,-16.854,50.314,7.542,5.998,0.765,0
-640.194,-16.852,49.890,7.902,5.339,0.766,0
-633.228,-16.845,49.712,5.899,3.137,0.946,1
-625.224,-15.818,49.218,11.573,7.879,0.784,1
-620.377,-14.885,46.414,13.423,8.240,0.735,0
-604.356,-13.547,48.222,12.713,7.517,0.998,0
-599.251,-13.427,45.577,4.620,3.225,0.927,1
-590.576,-13.460,47.605,11.309,5.984,0.770,0
-583.439,-13.339,43.789,6.136,4.259,0.982,1
-577.173,-13.211,48.021,10.917,5.985,0.823,0
-567.704,-13.163,43.715,5.754,3.668,0.904,0
-560.342,-13.153,42.303,8.335,4.605,0.772,0
-552.026,-13.157,42.967,8.564,4.802,0.847,0
-548.147,-13.164,44.039,10.415,5.602,0.804,0
-539.734,-13.115,45.245,8.993,5.714,0.821,0
-533.378,-12.597,45.671,10.251,6.874,0.949,0
-367.864,-8.684,34.186,4.752,3.626,0.806,0
-350.946,-8.213,34.876,13.473,9.049,0.866,0
-342.989,-7.971,34.165,5.817,3.786,0.817,0
-336.058,-7.586,31.494,9.811,5.740,0.782,1
-330.631,-7.827,34.009,12.042,7.189,0.817,0
-317.386,-7.536,31.119,4.555,3.178,0.909,1
-307.700,-7.385,28.772,10.042,7.021,0.935,1
-301.141,-7.478,28.933,8.279,4.744,0.978,1
-297.809,-7.869,32.501,5.573,2.983,0.956,1
-290.414,-7.854,31.381,5.722,4.252,0.845,0
-279.746,-7.660,28.020,6.909,5.585,0.923,0
-275.760,-7.708,28.083,13.096,8.230,0.964,0
-267.945,-7.674,28.928,9.311,6.391,0.962,1
-232.695,-6.523,23.935,4.747,2.685,0.788,1
-226.455,-6.335,24.433,11.457,6.522,0.916,0
-221.071,-6.167,24.436,12.155,8.513,0.781,0
-212.623,-5.901,25.241,12.530,9.245,0.766,0
-202.797,-5.554,23.201,12.003,6.607,0.737,1
-184.900,-4.871,23.621,7.042,5.189,0.960,0
-175.826,-4.398,20.438,9.900,7.758,0.910,0
-172.044,-4.218,23.249,5.067,3.283,0.752,1
-163.051,-3.612,25.075,12.314,6.635,0.909,0
-158.304,-3.511,23.549,11.922,7.208,0.956,1
-146.922,-3.438,21.569,6.898,5.394,0.805,0
-139.806,-3.437,18.790,5.180,3.372,0.799,1
-134.779,-3.448,19.640,10.167,6.012,0.970,0
-128.549,-3.460,19.213,10.442,6.028,0.768,0
-120.054,-3.462,20.501,9.873,7.581,0.891,1
319.794,-10.909,-3.836,6.117,3.445,0.992,0
326.622,-9.333,-3.542,9.129,6.638,0.973,0
330.970,-8.267,-6.221,10.607,8.487,0.815,0
337.561,-6.787,-7.692,7.641,4.667,0.893,1
-778.730,-16.906,51.853,6.428,4.734,0.994,0
-771.205,-16.666,47.593,8.475,4.566,0.806,0
-764.144,-16.062,49.769,8.365,6.185,0.842,0
-756.826,-15.451,46.617,8.147,6.027,0.826,0
-685.173,-16.887,44.277,6.688,4.973,0.921,0
-673.840,-16.886,44.572,6.933,3.810,0.942,1
-669.431,-16.892,41.838,10.451,7.977,0.854,1
-659.694,-16.886,43.359,5.791,3.114,0.814,1
-651.188,-16.885,43.094,6.031,3.157,0.848,1
-643.781,-16.881,43.609,9.626,6.156,0.990,1
-640.717,-16.895,40.126,7.390,3.941,0.829,0
-632.718,-16.898,39.382,6.101,3.469,0.763,0
-626.596,-16.156,40.831,5.537,3.233,0.919,0
-615.247,-13.893,43.323,5.280,3.297,0.742,1
-610.695,-13.153,38.571,8.213,5.494,0.745,1
-603.264,-13.310,41.981,4.634,3.722,0.868,1
-588.013,-13.237,40.499,10.423,7.542,0.976,1
-584.718,-13.244,40.592,6.672,5.125,0.935,1
-574.894,-13.133,39.705,11.839,6.433,0.753,0
-567.996,-13.145,40.747,9.916,6.468,0.977,1
-563.261,-13.143,39.810,8.465,6.015,0.759,1
-557.804,-13.122,35.618,12.568,10.216,0.902,1
-549.660,-13.128,35.954,11.591,7.568,0.889,1
-540.580,-13.070,34.039,8.523,5.361,0.791,1
-535.572,-12.689,35.783,6.640,5.439,0.826,0
-529.343,-12.217,38.694,6.232,4.460,0.999,0
-317.534,-6.947,25.366,4.716,2.499,0.983,1
-308.862,-6.770,22.662,5.932,4.087,0.886,0
-306.152,-7.095,25.653,12.074,9.234,0.853,1
-293.650,-7.081,23.818,9.393,5.413,0.753,1
-289.668,-6.893,21.321,8.327,5.853,0.928,0
-281.851,-7.303,24.584,7.971,5.027,0.801,1
-275.079,-6.858,19.235,5.238,3.417,0.732,0
-224.775,-6.198,17.107,4.994,2.683,0.853,1
-221.482,-6.086,16.190,7.834,4.886,0.847,0
-214.993,-5.902,17.980,9.031,7.351,0.735,1
-205.819,-5.605,18.624,10.875,8.049,0.876,0
-200.709,-5.395,15.096,5.617,3.918,0.773,0
-193.344,-5.148,17.782,5.886,3.286,0.989,1
-185.498,-4.842,18.976,4.486,2.398,0.757,0
-177.486,-4.460,15.031,12.046,8.850,0.902,1
-170.998,-4.092,14.259,7.415,5.892,0.981,1
-166.499,-3.831,14.205,11.286,6.794,0.771,0
-158.581,-3.539,13.496,12.174,6.545,0.788,1
-150.881,-3.480,17.292,10.668,6.962,0.932,0
-144.196,-3.429,15.985,12.385,8.382,0.787,0
-135.200,-3.444,13.938,6.407,3.389,0.748,1
-129.604,-3.455,14.320,11.476,9.229,0.968,1
-56.551,-1.651,8.292,11.207,7.491,0.964,1
-52.846,-1.801,11.396,6.296,3.468,0.988,0
317.402,-11.336,-10.814,11.771,6.872,0.825,1
325.328,-9.407,-13.812,11.830,7.181,0.797,1
332.355,-7.864,-10.221,11.939,8.807,0.953,1
-792.104,-16.902,42.317,8.384,4.777,0.762,1
-777.281,-16.903,43.902,7.339,5.897,0.994,0
-770.492,-16.605,45.569,5.250,3.064,0.950,0
-764.906,-16.126,42.155,12.158,6.803,0.822,1
-758.901,-15.623,42.541,5.389,3.457,0.964,0
-671.604,-16.902,38.768,8.751,5.212,0.766,0
-668.330,-16.899,39.592,7.616,4.712,0.749,0
-659.630,-16.907,36.959,12.490,8.826,0.733,0
-655.785,-16.898,35.491,12.244,7.653,0.902,0
-649.159,-16.844,33.193,7.598,5.110,0.877,0
-640.545,-16.906,37.346,10.309,6.837,0.936,1
-635.042,-16.899,35.449,5.672,4.435,0.755,0
-627.322,-16.330,37.459,12.693,8.548,0.746,0
-617.984,-14.313,33.585,12.618,8.438,0.732,1
-613.892,-13.435,33.823,11.888,8.061,0.956,1
-605.831,-13.026,31.654,5.801,3.453,0.847,1
-599.178,-13.038,31.265,8.797,6.007,0.747,0
-587.654,-13.078,33.771,13.472,8.960,0.989,0
-583.166,-13.067,31.183,13.336,9.949,0.744,0
-574.045,-13.087,32.177,7.611,4.545,0.806,0
-571.357,-13.071,29.269,6.845,4.846,0.958,1
-561.041,-13.078,28.773,13.075,10.514,0.829,1
-556.863,-13.091,30.296,4.890,3.830,0.909,0
-550.473,-13.099,30.320,8.977,5.696,0.754,1
-541.941,-13.104,30.275,7.071,5.329,0.741,0
-535.336,-12.555,28.513,12.213,6.770,0.815,0
-525.821,-11.815,29.934,11.757,8.527,0.971,0
-232.587,-6.354,12.450,11.612,7.557,0.780,1
-228.609,-6.263,12.020,7.995,6.227,0.787,0
-221.830,-6.054,12.103,8.753,7.162,0.875,1
-214.727,-5.846,13.662,12.806,8.223,0.914,0
-204.016,-5.430,8.664,5.299,3.547,0.951,0
-201.130,-5.356,10.525,10.536,7.556,0.964,1
-194.709,-5.104,9.552,12.302,8.085,0.858,0
-184.639,-4.670,8.016,10.381,7.285,0.928,0
-178.629,-4.444,9.809,4.761,3.196,0.822,1
-170.344,-4.050,7.167,7.785,4.962,0.940,1
-161.650,-3.576,9.378,7.532,5.431,0.780,1
-157.435,-3.543,5.412,13.048,7.602,0.831,1
-152.415,-3.489,8.801,12.527,6.837,0.793,0
-145.300,-3.436,8.716,5.874,3.981,0.929,1
-134.344,-3.442,6.936,4.938,3.595,0.860,0
-82.663,-2.276,5.705,4.684,3.063,0.935,0
-73.240,-1.715,2.963,9.141,7.193,0.898,0
173.266,-2.178,-8.198,4.608,3.733,0.746,1
285.788,-16.010,-18.930,4.385,3.541,0.960,1
306.282,-13.351,-16.579,7.517,5.619,0.929,1
309.456,-12.536,-20.228,10.108,8.285,0.869,0
317.587,-10.920,-18.958,9.659,6.335,0.940,0
323.076,-9.819,-16.671,4.760,2.487,0.964,1
-792.881,-16.899,37.394,8.146,5.714,0.831,1
-787.286,-16.878,34.854,7.555,4.483,0.865,1
-779.872,-16.899,36.702,13.107,9.984,0.879,0
-770.800,-16.546,33.666,6.037,4.416,0.939,0
-764.861,-16.065,34.927,7.596,5.953,0.840,0
-759.446,-15.601,33.852,10.426,8.524,0.868,0
-657.910,-16.762,29.804,12.456,9.258,0.944,0
-653.076,-16.711,27.669,12.293,9.744,0.851,0
-644.584,-16.710,27.742,12.004,8.978,0.757,0
-639.148,-16.776,30.554,10.115,7.178,0.920,1
-634.943,-16.763,30.004,11.893,9.485,0.810,1
-625.230,-15.825,30.120,12.440,7.534,0.989,1
-618.490,-14.377,27.593,13.423,9.783,0.811,1
-611.977,-12.961,24.715,5.063,3.737,0.814,1
-605.883,-12.974,24.677,5.507,3.014,0.915,0
-597.123,-13.020,28.172,13.355,7.551,0.753,1
-583.859,-13.038,27.205,4.834,3.501,0.820,0
-574.370,-13.037,25.195,9.919,6.018,0.948,0
-571.693,-13.018,21.791,6.711,3.943,0.986,0
-564.498,-13.054,25.376,13.019,8.016,0.766,1
-555.532,-13.062,25.197,12.300,7.161,0.872,0
-548.270,-13.075,25.596,10.281,6.835,0.900,1
-535.901,-12.500,23.630,11.574,6.599,0.737,1
-528.576,-11.855,20.861,6.702,5.233,0.836,1
-241.485,-5.967,8.315,7.916,5.360,0.924,1
-234.267,-5.719,5.630,11.404,9.127,0.860,0
-229.686,-5.462,2.884,10.129,5.337,0.996,0
-221.112,-5.649,5.126,10.064,6.191,0.796,0
-214.290,-5.656,5.512,5.856,4.629,0.981,0
-203.813,-5.374,4.350,10.537,6.614,0.928,1
-198.643,-5.222,6.106,8.017,4.497,0.888,0
-193.777,-4.992,3.338,8.697,5.023,0.878,1
-184.790,-4.591,0.973,6.356,4.206,0.773,1
-180.190,-4.433,3.603,4.796,3.289,0.986,1
-163.504,-3.678,2.777,11.287,7.230,0.866,1
-159.347,-3.570,0.232,5.077,3.888,0.913,0
-144.545,-3.429,-0.210,6.373,5.009,0.885,1
170.578,-2.187,-16.017,12.531,6.665,0.842,1
177.205,-4.256,-20.313,8.161,5.115,0.888,0
269.953,-17.092,-21.601,10.242,5.727,0.943,0
274.222,-16.978,-26.040,7.249,4.016,0.864,0
292.226,-15.160,-26.105,12.897,7.310,0.956,0
296.575,-14.681,-23.286,9.326,6.542,0.868,1
310.749,-11.952,-27.308,11.192,7.489,0.840,1
315.931,-10.997,-24.703,9.924,7.581,0.757,1
-792.095,-16.771,28.729,12.931,8.382,0.754,1
-788.153,-16.833,32.342,11.054,5.866,0.921,0
-778.155,-16.817,31.376,11.878,9.302,0.805,0
-774.249,-16.750,28.111,7.113,4.295,0.874,0
-765.888,-16.094,30.538,8.782,7.139,0.759,1
-757.168,-15.366,30.419,7.552,4.819,0.921,0
-667.825,-16.589,22.073,11.546,8.231,0.888,0
-659.033,-16.610,23.227,12.033,6.585,0.947,0
-655.704,-16.568,21.527,7.935,4.697,0.789,1
-646.095,-16.605,23.305,10.084,5.638,0.967,1
-641.853,-16.521,19.955,11.466,6.837,0.839,1
-632.100,-16.483,18.745,13.122,10.456,0.804,1
-625.797,-15.728,21.742,8.824,5.995,1.000,0
-619.902,-14.523,20.109,9.385,5.282,0.804,0
-612.594,-13.041,18.480,9.112,6.673,0.924,0
-604.635,-12.944,20.260,12.027,7.702,0.821,0
-596.713,-12.969,21.266,7.355,5.908,0.975,1
-588.982,-12.949,15.778,9.892,7.753,0.773,0
-585.764,-12.955,15.847,5.504,3.074,0.854,1
-579.070,-12.994,20.098,6.434,4.418,0.872,0
-567.759,-12.992,16.803,5.670,4.075,0.819,0
-563.588,-13.000,17.083,6.187,3.899,0.939,0
-554.683,-13.027,19.199,11.958,8.234,0.950,1
-549.923,-13.009,14.400,6.914,5.417,0.796,0
-539.815,-12.542,13.006,7.545,4.786,0.771,0
-535.876,-12.299,15.488,6.254,4.804,0.787,0
-234.166,-5.064,-1.440,10.525,6.294,0.922,1
-229.113,-4.892,-3.313,6.849,5.605,0.860,0
-221.830,-4.784,-4.320,8.479,4.827,0.857,1
-214.959,-5.083,-0.747,12.116,8.920,0.758,1
-204.876,-4.579,-5.491,7.074,5.245,0.749,0
-200.630,-4.560,-5.262,8.924,5.054,0.732,1
-191.612,-4.642,-3.121,7.429,4.137,0.916,1
-186.390,-4.387,-4.830,8.045,5.422,0.831,1
-179.793,-4.342,-2.929,9.357,6.570,0.762,1
-166.232,-3.781,-4.987,13.148,7.019,0.843,0
-132.338,-2.520,-9.607,8.633,5.331,0.746,0
172.024,-8.670,-25.211,9.873,7.627,0.848,1
175.423,-10.105,-26.814,12.430,7.644,0.997,1
181.753,-8.808,-25.381,8.087,5.003,0.740,1
189.365,-8.270,-24.791,8.609,5.512,0.794,0
208.053,-10.351,-27.122,12.227,7.022,0.956,1
220.224,-11.871,-28.858,4.553,3.072,0.793,1
224.816,-11.493,-28.462,12.323,7.322,0.859,1
234.451,-18.232,-26.795,5.356,3.494,0.784,1
242.612,-18.104,-28.677,12.795,9.499,0.787,1
249.180,-17.977,-30.110,13.158,7.120,0.798,0
253.441,-17.876,-31.187,13.366,7.620,0.792,1
262.171,-17.533,-27.105,10.909,5.989,0.808,1
278.307,-16.691,-28.206,11.343,6.778,0.917,1
284.073,-16.061,-28.329,8.007,6.451,0.898,0
287.654,-15.559,-29.678,7.379,4.743,0.900,1
294.950,-14.366,-34.258,7.011,4.651,0.946,1
-778.699,-16.662,22.629,12.648,7.531,0.848,1
-770.788,-16.397,24.545,13.489,10.927,0.909,1
-765.757,-15.892,20.256,5.154,3.919,0.777,1
-757.017,-15.133,18.746,10.289,6.064,0.980,0
-660.619,-16.390,14.729,4.606,3.183,0.962,1
-656.024,-16.345,13.398,5.419,2.965,0.888,1
-648.648,-16.460,17.347,5.430,3.045,0.986,1
-639.924,-16.310,12.811,8.810,6.218,0.925,1
-631.388,-16.273,11.860,13.337,9.370,0.978,1
-625.897,-15.627,14.711,13.113,10.623,0.772,0
-613.257,-13.135,14.942,6.066,3.198,0.999,0
-605.047,-12.878,10.082,4.869,3.799,0.842,0
-595.963,-12.922,13.885,7.579,6.158,0.999,1
-591.763,-12.914,10.694,10.504,7.856,0.840,1
-586.565,-12.922,9.666,13.003,9.884,0.957,1
-577.601,-12.951,11.964,12.435,9.684,0.975,1
-569.613,-12.950,8.810,11.147,8.740,0.811,1
-547.567,-12.988,9.341,7.772,4.657,0.889,0
-542.841,-12.724,11.021,4.792,2.588,0.884,1
-470.527,-10.466,4.259,3.853,2.780,0.813,0
-221.173,-4.215,-10.521,6.414,4.953,0.876,0
-214.400,-4.015,-12.351,9.357,6.682,0.868,0
-208.219,-4.259,-9.238,11.288,7.565,0.885,1
-201.977,-4.076,-10.648,13.481,9.989,0.805,1
-192.191,-3.731,-12.999,7.193,4.920,0.958,0
-187.931,-3.902,-10.354,8.232,6.555,0.770,1
-179.579,-3.472,-13.080,8.074,6.159,0.842,0
-140.010,-2.473,-12.528,7.862,4.397,0.763,1
153.526,-10.790,-31.153,8.763,5.510,0.867,1
161.422,-12.718,-29.692,8.258,4.330,0.916,0
170.430,-12.535,-29.506,7.190,4.522,0.986,1
178.659,-15.800,-33.155,11.763,9.278,0.735,0
183.639,-16.468,-33.900,10.779,6.178,0.937,1
190.598,-16.273,-33.684,9.548,6.667,0.767,1
199.208,-14.091,-31.271,9.252,4.941,0.845,1
205.872,-15.280,-32.582,11.290,7.667,0.961,1
214.201,-18.370,-36.182,8.704,5.801,0.874,0
218.815,-18.361,-36.628,12.037,9.590,0.830,1
225.905,-16.280,-33.742,11.423,8.725,0.747,1
233.375,-17.721,-33.997,12.140,8.465,0.943,0
247.734,-18.081,-38.283,9.149,6.934,0.744,1
251.797,-17.998,-36.766,6.302,3.737,0.855,0
259.064,-17.736,-34.110,6.000,4.912,0.872,0
269.137,-16.783,-38.812,7.683,5.339,0.882,0
279.324,-16.014,-36.877,6.217,3.248,0.791,0
289.978,-14.856,-37.088,10.471,6.104,0.947,0
-794.130,-16.552,16.696,7.154,5.265,0.953,0
-789.718,-16.480,14.036,12.828,9.259,0.982,1
-778.929,-16.457,13.295,7.281,4.174,0.864,1
-773.099,-16.447,17.662,6.999,3.751,0.961,1
-764.192,-15.677,16.425,8.169,4.870,0.848,1
-757.590,-15.032,12.447,13.180,8.557,0.889,0
-688.162,-16.206,7.561,9.384,6.965,0.985,0
-660.498,-16.244,9.964,8.466,4.912,0.835,0
-654.221,-16.178,8.058,10.004,5.682,0.878,0
-649.992,-16.084,5.132,6.352,4.081,0.747,0
-640.947,-16.182,8.651,6.644,4.451,0.989,0
-632.401,-16.077,5.555,7.138,5.689,0.844,1
-625.276,-15.361,9.050,10.866,7.075,0.999,0
-622.551,-14.781,5.669,9.639,5.998,0.909,0
-604.490,-12.820,2.639,6.759,5.469,0.886,1
-597.849,-12.868,5.337,12.011,9.036,0.957,1
-593.359,-12.887,6.803,7.948,6.394,0.892,1
-582.244,-12.916,6.514,8.462,6.061,0.834,0
-579.870,-12.913,5.084,10.475,8.125,0.823,1
-568.660,-12.915,1.513,11.790,7.797,0.747,1
-566.901,-12.919,1.708,6.924,5.225,0.734,1
-192.166,-3.370,-16.920,6.804,5.540,0.991,0
-187.098,-3.199,-17.822,7.725,5.436,0.853,0
78.437,-2.552,-33.142,6.623,5.361,0.960,1
86.210,-2.508,-35.299,10.131,5.988,0.823,1
122.727,-2.647,-36.357,9.053,5.652,0.796,1
143.468,-4.583,-38.599,8.164,6.096,0.787,0
150.930,-8.467,-37.087,5.029,3.137,0.835,0
158.308,-15.080,-37.386,6.379,4.176,0.777,1
160.064,-16.654,-37.880,12.604,9.353,0.928,1
171.441,-18.373,-40.129,9.672,6.993,0.873,1
178.807,-18.359,-39.591,8.945,6.726,0.857,0
183.383,-18.356,-37.042,9.162,7.399,0.911,1
188.757,-18.356,-37.237,7.843,5.462,0.940,0
196.642,-18.356,-39.071,4.637,3.076,0.871,1
205.552,-18.362,-42.108,10.520,8.179,0.798,1
213.408,-18.369,-41.974,10.579,7.738,0.802,0
218.073,-18.368,-40.904,11.538,6.215,0.750,0
226.601,-18.350,-44.370,5.301,3.956,0.872,0
231.508,-18.316,-40.151,7.158,5.759,0.959,0
238.640,-18.264,-42.768,5.400,3.491,0.740,1
246.261,-18.125,-40.312,12.447,8.385,0.783,0
255.936,-17.595,-41.329,8.240,5.391,0.830,0
262.426,-17.015,-42.576,5.376,3.964,0.864,0
267.743,-16.601,-42.627,11.297,7.282,0.961,1
276.694,-15.692,-44.800,10.267,5.452,0.834,1
283.950,-15.011,-45.065,6.677,4.130,0.909,1
286.072,-14.889,-43.717,9.012,5.981,0.938,0
-793.812,-16.372,9.613,7.098,3.969,0.781,1
-788.303,-16.412,11.413,11.440,8.280,0.798,0
-781.208,-16.367,9.917,6.205,4.616,0.986,1
-771.708,-16.097,7.534,10.686,7.065,0.799,1
-766.978,-15.644,5.308,5.136,3.806,0.908,0
-758.050,-14.941,7.455,9.120,7.395,0.823,0
-755.795,-14.723,6.296,10.878,7.162,0.980,1
-696.337,-15.324,1.974,7.214,5.700,0.984,1
-687.413,-16.151,5.774,6.616,4.554,0.736,1
-684.286,-16.037,2.074,13.162,6.905,0.770,1
-657.493,-15.956,0.637,7.473,4.155,0.992,1
-646.309,-15.889,-1.485,6.170,4.361,0.906,0
-641.351,-15.958,1.388,9.403,5.953,0.812,1
-632.576,-15.893,-0.543,6.158,4.722,0.931,0
-626.845,-15.322,-3.193,5.519,3.221,0.768,1
-619.685,-14.104,-0.083,7.123,4.458,0.769,0
-605.455,-12.795,0.044,5.745,3.746,0.946,1
-598.819,-12.807,-1.785,7.162,3.813,0.877,1
-593.449,-12.840,-0.777,6.863,5.406,0.898,1
-585.916,-12.847,-2.791,12.351,9.967,0.866,1
-580.978,-12.873,-1.116,10.946,7.263,0.915,0
-570.704,-12.891,-2.556,6.097,3.531,0.779,0
-563.036,-12.897,-3.867,9.642,7.398,0.829,0
-559.593,-12.897,-4.967,6.376,4.233,0.970,1
-391.949,-10.582,-14.411,9.477,5.297,0.809,1
-383.024,-10.528,-16.712,9.570,5.744,0.997,0
-376.009,-10.113,-15.863,8.992,6.331,0.823,0
93.095,-7.834,-42.183,8.023,4.825,0.781,0
99.059,-9.504,-44.078,8.493,6.860,0.932,0
105.940,-8.188,-42.613,11.425,6.720,0.791,0
112.393,-6.917,-41.135,11.286,8.376,0.939,1
122.037,-7.581,-41.922,12.273,7.609,0.947,0
125.217,-10.007,-44.676,5.736,3.646,0.862,1
134.587,-7.705,-42.054,12.332,7.698,0.949,1
142.391,-7.196,-41.514,12.916,10.178,0.886,1
147.673,-10.915,-45.670,9.279,5.983,0.818,0
156.043,-13.051,-44.902,10.131,8.131,0.953,1
164.135,-18.387,-46.652,12.080,8.946,0.939,0
166.919,-18.382,-45.388,8.037,6.497,0.937,1
175.249,-18.367,-43.696,8.461,4.977,0.837,0
180.747,-18.359,-47.760,13.222,7.529,0.825,0
191.375,-18.354,-49.200,8.151,6.645,0.784,0
196.384,-18.355,-44.403,5.922,4.505,0.875,1
202.894,-18.359,-47.435,8.593,5.914,0.878,1
210.752,-18.366,-48.737,10.929,7.096,0.880,0
221.078,-18.364,-45.812,9.636,6.239,0.970,1
234.919,-18.107,-49.621,13.273,7.250,0.956,1
238.729,-17.774,-51.495,11.745,7.100,0.856,0
246.738,-17.327,-51.613,6.730,4.062,0.746,0
253.495,-16.943,-51.120,7.218,5.915,0.789,0
268.138,-15.786,-52.440,7.370,6.035,0.796,1
-790.112,-16.219,3.715,6.191,3.736,0.883,0
-779.088,-16.138,1.132,9.809,6.544,0.965,1
-776.352,-16.176,2.775,5.849,3.429,0.860,1
-766.879,-15.535,1.340,5.164,3.770,0.770,1
-763.367,-15.191,-0.457,6.374,5.123,0.977,0
-688.832,-15.837,-5.757,13.182,7.462,0.949,1
-682.708,-15.908,-2.596,5.383,4.045,0.742,0
-677.925,-15.876,-3.711,6.644,4.271,0.744,0
-656.430,-15.758,-7.816,6.073,4.568,0.935,0
-649.392,-15.724,-8.879,7.177,5.283,0.997,0
-642.674,-15.788,-5.856,11.935,7.433,0.874,0
-634.898,-15.745,-7.400,10.582,8.589,0.863,1
-625.661,-15.059,-6.465,10.876,8.055,0.951,0
-614.592,-13.168,-5.391,8.947,5.401,0.770,1
-606.650,-12.715,-8.124,10.052,7.037,0.977,1
-597.596,-12.725,-11.242,12.739,7.740,0.737,0
-591.038,-12.783,-8.137,9.391,6.771,0.890,0
-582.994,-12.815,-8.066,9.354,6.837,0.895,0
-579.677,-12.823,-8.340,6.259,4.058,0.844,1
-571.695,-12.813,-13.247,6.856,4.394,0.895,0
-562.834,-12.864,-10.175,8.922,6.382,0.848,0
-391.736,-11.377,-23.320,6.019,4.693,0.888,0
-380.619,-10.678,-19.711,4.539,2.528,0.921,1
-378.144,-10.653,-20.988,7.105,4.205,0.791,0
-368.292,-10.019,-20.918,11.573,8.075,0.786,0
-361.961,-9.560,-20.723,7.794,4.709,0.818,1
-355.672,-9.342,-24.209,10.925,6.044,0.842,1
-349.893,-8.907,-23.733,4.595,3.512,0.970,1
-334.616,-7.933,-24.213,8.699,6.259,0.837,1
-328.455,-7.514,-23.652,6.924,3.617,0.943,0
-312.114,-6.671,-26.120,9.291,5.190,0.949,1
72.861,-10.512,-45.369,8.676,7.085,0.844,0
76.708,-12.737,-47.959,12.166,7.973,0.732,0
84.523,-14.854,-50.373,8.460,4.560,0.868,0
93.579,-13.711,-49.010,12.106,8.712,0.788,0
98.800,-14.606,-49.995,5.296,3.065,0.840,1
103.590,-14.763,-50.126,6.590,5.205,0.999,0
113.403,-12.743,-47.788,13.347,7.881,0.927,0
119.103,-15.827,-51.269,6.380,4.506,0.926,1
127.428,-14.192,-49.395,7.409,4.315,0.779,0
136.106,-14.485,-49.671,6.800,4.765,0.776,1
139.472,-16.824,-52.289,5.978,4.029,0.946,1
147.526,-16.448,-51.852,8.376,5.576,0.886,1
157.635,-17.142,-52.610,9.674,7.010,0.830,0
161.418,-17.869,-49.511,10.722,8.204,0.751,0
171.085,-18.376,-54.351,10.192,7.014,0.901,1
173.192,-18.373,-54.799,5.469,4.359,0.944,1
184.353,-18.359,-54.920,11.000,7.706,0.912,0
190.907,-18.356,-55.926,12.632,9.592,0.958,0
198.212,-18.353,-53.059,10.762,7.928,0.877,0
205.675,-18.361,-52.561,12.825,10.300,0.732,0
212.300,-18.275,-56.865,11.330,7.862,0.829,0
223.329,-18.095,-55.081,6.302,5.015,0.743,0
233.258,-17.502,-57.794,7.252,4.996,0.884,1
237.277,-17.553,-54.982,13.253,9.420,0.755,0
255.373,-16.502,-54.897,5.769,3.377,0.860,1
259.621,-16.080,-56.448,8.491,5.222,0.931,1
358.829,-9.411,-64.894,7.643,6.004,0.928,0
376.288,-8.055,-61.490,7.658,5.399,0.959,0
387.120,-7.978,-67.271,5.611,4.051,0.954,1
392.945,-7.092,-62.887,9.327,5.004,0.958,0
400.028,-6.433,-63.298,12.440,8.933,0.885,1
419.266,-4.820,-64.457,7.069,3.715,0.907,1
427.417,-4.428,-68.854,4.695,3.752,0.745,1
432.193,-4.105,-68.768,10.298,8.036,0.928,1
-788.364,-15.933,-6.651,5.300,2.859,0.962,1
-783.548,-15.934,-6.440,9.005,5.491,0.795,0
-774.323,-15.930,-6.115,10.751,8.021,0.939,0
-766.692,-15.302,-7.241,8.881,4.657,0.956,1
-760.266,-14.776,-6.143,10.786,7.408,0.782,1
-753.162,-14.062,-10.010,6.285,4.687,0.905,0
-691.045,-15.453,-12.854,4.515,2.517,0.758,1
-683.980,-15.720,-10.191,11.736,8.780,0.829,1
-676.219,-15.734,-9.477,5.479,4.072,0.791,0
-669.211,-15.650,-12.604,11.077,7.638,0.990,1
-646.775,-15.574,-15.406,7.228,4.457,0.823,0
-641.334,-15.675,-10.851,6.721,4.018,0.923,1
-634.121,-15.643,-12.043,10.209,6.241,0.842,1
-626.052,-14.976,-13.164,6.923,4.763,0.768,1
-620.305,-14.046,-13.274,10.275,6.336,0.853,1
-612.746,-12.755,-15.331,11.581,7.407,0.921,0
-606.452,-12.626,-17.914,8.758,6.790,0.869,1
-599.014,-12.665,-17.054,12.222,6.438,0.872,1
-592.504,-12.713,-14.975,11.358,6.606,0.791,0
-584.669,-12.727,-17.397,12.935,7.730,0.793,0
-578.433,-12.767,-16.156,12.652,9.265,0.850,1
-573.043,-12.778,-17.191,10.882,7.695,0.967,0
-565.132,-12.785,-20.126,7.198,5.748,0.767,1
-559.406,-12.840,-15.771,6.238,4.147,0.990,0
-552.246,-12.469,-17.518,9.351,5.655,0.867,1
-418.256,-10.736,-24.798,7.615,5.181,0.789,0
-408.953,-11.638,-29.231,13.302,7.853,0.748,1
-401.803,-11.789,-28.045,11.961,9.358,0.972,1
-395.419,-11.598,-25.315,9.704,7.094,0.848,0
-391.404,-11.784,-29.770,10.114,5.556,0.748,1
-383.143,-11.436,-30.467,11.090,7.988,0.951,0
-379.096,-11.265,-27.754,10.519,7.256,0.847,1
-371.061,-10.760,-30.503,12.346,9.505,0.910,0
-364.743,-10.321,-32.091,11.980,9.040,0.992,0
-357.785,-9.711,-27.363,5.636,2.931,0.770,1
-347.067,-9.038,-28.802,5.359,2.912,0.892,0
-336.479,-8.303,-28.106,4.781,2.594,0.945,0
-328.903,-8.012,-30.767,8.577,6.767,0.791,0
-318.584,-7.597,-33.847,13.092,7.928,0.947,0
-313.206,-7.072,-31.017,8.904,6.088,0.800,0
35.009,-2.900,-52.326,10.692,8.689,0.996,0
44.961,-10.228,-54.883,7.647,4.935,0.856,1
47.802,-12.552,-55.251,6.679,4.765,0.814,0
57.278,-17.542,-53.866,13.202,8.761,0.768,0
61.760,-17.693,-54.863,8.265,4.930,0.795,1
69.680,-17.762,-56.483,11.900,7.815,0.796,1
77.610,-17.842,-56.117,7.324,5.854,0.787,1
85.731,-16.395,-52.185,11.338,6.764,0.766,0
94.246,-18.009,-54.955,8.971,6.937,0.750,0
114.716,-17.895,-53.670,8.279,4.775,0.748,1
117.343,-18.202,-58.320,10.378,7.103,0.981,0
126.600,-18.268,-58.372,10.428,8.549,0.758,1
132.995,-18.303,-57.618,7.429,5.226,0.776,0
139.565,-18.340,-59.180,5.857,4.283,0.791,1
155.100,-18.382,-57.008,10.458,5.898,0.830,1
163.973,-18.390,-61.585,6.766,4.439,0.848,1
166.822,-18.385,-57.297,8.561,5.687,0.787,1
175.880,-18.370,-62.164,11.514,6.234,0.808,0
184.419,-18.360,-61.552,11.954,7.026,0.918,1
195.192,-18.354,-59.063,7.719,5.627,0.936,1
205.657,-18.152,-60.475,12.681,8.811,0.899,0
208.753,-18.070,-60.583,13.334,8.096,0.963,0
215.263,-17.960,-59.816,5.445,3.179,0.764,1
222.896,-17.393,-63.941,6.231,4.598,0.967,1
341.979,-11.657,-71.552,8.887,5.138,0.740,1
356.704,-10.380,-70.180,6.918,4.052,0.856,0
363.792,-9.867,-69.598,12.031,8.512,0.923,0
370.606,-9.489,-69.242,12.278,9.232,0.892,1
377.274,-9.345,-73.378,7.704,5.539,0.792,0
386.078,-8.494,-73.047,9.708,5.093,0.916,0
393.013,-7.872,-73.605,5.225,4.017,0.780,1
407.201,-6.330,-71.249,8.485,4.417,0.776,1
413.068,-6.006,-74.514,4.954,3.524,0.837,0
420.577,-5.204,-72.325,11.177,7.858,0.988,1
427.932,-4.556,-71.561,10.900,7.135,0.774,0
441.262,-3.901,-76.190,10.317,6.860,0.763,1
-787.137,-15.697,-14.875,4.910,3.876,0.989,0
-780.074,-15.830,-9.967,10.325,5.997,0.904,0
-776.286,-15.687,-14.849,5.195,3.922,0.855,0
-766.390,-15.144,-12.603,4.814,2.599,0.999,0
-763.218,-14.817,-14.735,11.578,8.253,0.816,0
-754.649,-14.118,-12.954,11.888,7.947,0.972,0
-696.424,-14.773,-17.840,13.472,10.689,0.880,1
-692.728,-15.187,-16.523,10.300,5.471,0.793,1
-685.453,-15.589,-15.519,5.589,4.212,0.803,0
-677.346,-15.505,-19.069,9.385,7.177,0.798,1
-667.745,-15.496,-19.307,6.958,4.612,0.892,1
-665.322,-15.478,-20.409,9.448,7.281,0.772,1
-653.835,-15.488,-19.850,4.241,2.690,0.981,0
-640.033,-15.484,-18.168,7.527,6.112,0.744,1
-637.722,-15.217,-19.737,6.910,5.161,0.943,1
-628.234,-14.815,-22.111,5.505,3.410,0.956,0
-618.944,-13.712,-19.742,9.454,5.195,0.967,0
-614.862,-13.044,-21.135,6.225,5.080,0.941,1
-608.086,-12.572,-24.522,6.372,4.560,0.764,1
-595.230,-12.624,-24.350,8.781,6.537,0.783,0
-586.861,-12.650,-24.873,13.268,10.611,0.781,0
-571.880,-12.696,-27.264,5.185,3.893,0.732,1
-567.770,-12.721,-26.330,12.633,9.145,0.922,1
-559.289,-12.522,-28.074,7.493,4.796,0.960,1
-423.325,-10.976,-31.773,10.069,6.932,0.759,0
-416.759,-11.348,-31.409,11.919,8.684,0.982,0
-409.161,-11.784,-31.184,10.832,8.467,0.737,1
-404.418,-11.941,-33.851,10.767,7.255,0.945,0
-396.417,-11.996,-34.415,6.843,3.998,0.853,1
-392.606,-11.854,-35.388,5.195,4.251,0.912,0
-386.374,-11.583,-33.792,6.023,4.015,0.801,0
-368.082,-10.539,-36.750,7.723,5.917,0.738,1
-365.425,-10.365,-35.211,5.337,3.847,0.739,0
-356.067,-9.777,-36.667,10.956,7.070,0.882,0
-334.703,-8.665,-35.336,10.317,5.648,0.735,1
-328.495,-8.534,-38.920,4.955,3.147,0.889,0
-323.720,-8.303,-39.649,10.079,6.389,0.795,0
-312.835,-7.428,-36.503,6.007,3.585,0.974,1
-304.388,-7.032,-38.391,11.919,8.443,0.868,0
-302.809,-7.141,-41.380,4.515,3.229,0.943,1
-290.808,-6.142,-38.152,7.850,6.035,0.965,0
-287.910,-6.289,-42.872,5.888,4.746,0.890,0
-281.775,-5.707,-40.262,12.018,6.667,0.969,1
-273.093,-5.338,-42.918,11.303,6.135,0.755,1
-39.791,-5.798,-57.290,8.952,5.320,0.814,0
-37.049,-3.222,-55.506,5.400,3.424,0.917,0
5.706,-7.473,-59.570,9.036,6.913,0.940,0
12.454,-7.970,-60.225,9.055,6.958,0.874,1
23.479,-4.327,-55.696,6.061,4.279,0.752,1
30.631,-8.372,-60.735,4.606,2.936,0.877,1
34.421,-5.972,-57.791,10.429,7.483,0.899,1
42.197,-8.064,-60.326,13.136,8.090,0.927,1
47.183,-12.043,-56.948,13.389,7.097,0.783,1
58.594,-17.658,-60.435,11.424,8.933,0.767,1
60.850,-17.679,-59.663,8.334,4.916,0.860,0
71.077,-17.767,-63.473,6.025,4.776,0.827,1
76.612,-17.827,-60.594,7.204,4.504,0.810,0
86.353,-17.928,-59.806,7.716,4.819,0.780,1
92.794,-17.990,-62.999,11.567,7.710,0.952,1
97.216,-18.032,-62.516,5.280,3.140,0.771,1
102.887,-18.084,-63.572,5.623,4.339,0.980,0
110.234,-18.147,-65.107,9.202,7.103,0.853,1
117.742,-18.204,-64.145,12.459,7.582,0.850,0
125.317,-18.259,-61.280,8.282,5.639,0.982,1
135.231,-18.315,-65.651,5.412,3.052,0.842,0
140.301,-18.343,-63.278,9.086,5.428,0.967,0
148.926,-18.372,-64.971,10.339,6.507,0.792,1
156.553,-18.385,-65.652,13.089,9.577,0.876,0
161.976,-18.393,-65.786,7.225,5.908,0.859,1
166.340,-18.386,-65.030,10.741,5.728,0.848,0
174.413,-18.087,-68.746,4.834,3.336,0.801,0
182.736,-18.250,-65.210,5.932,4.341,0.995,0
187.717,-18.179,-64.875,6.958,5.438,0.997,0
343.220,-12.492,-77.565,7.598,5.002,0.979,1
356.049,-11.435,-76.661,4.794,2.661,0.805,1
365.697,-10.925,-80.090,5.038,2.687,0.987,0
372.274,-9.987,-75.668,10.918,5.979,0.944,1
380.422,-9.254,-76.599,10.911,6.046,0.920,0
383.080,-9.147,-78.631,9.218,5.026,0.820,1
390.859,-8.329,-77.257,8.803,6.680,0.894,1
405.855,-7.232,-81.390,9.855,6.278,0.939,0
413.219,-6.376,-79.575,8.147,4.865,0.769,1
416.982,-6.115,-81.035,10.490,6.826,0.754,0
429.309,-5.057,-81.978,8.284,6.556,0.926,1
432.719,-4.650,-79.735,12.366,9.412,0.901,1
449.316,-3.738,-83.660,13.109,9.689,0.899,0
452.366,-3.451,-79.925,7.525,4.411,0.947,1
-789.809,-15.591,-18.788,12.301,9.916,0.963,0
-780.759,-15.540,-20.656,9.699,5.196,0.790,0
-774.780,-15.497,-22.321,7.726,6.233,0.785,0
-770.270,-15.318,-19.318,5.914,4.593,0.949,1
-762.368,-14.552,-22.990,5.853,3.199,0.752,1
-754.569,-13.976,-18.764,7.700,5.089,0.736,0
-699.370,-14.324,-26.949,9.243,5.313,0.956,0
-694.604,-14.832,-24.539,13.027,9.041,0.867,0
-686.049,-15.422,-24.388,8.868,6.789,0.861,1
-680.224,-15.394,-26.035,12.700,8.131,0.793,0
-672.192,-15.403,-25.428,6.810,5.299,0.980,1
-661.494,-15.398,-25.597,11.735,8.739,0.892,1
-656.360,-15.399,-25.652,10.628,7.424,0.998,1
-627.882,-13.485,-29.980,13.150,9.778,0.748,1
-620.944,-13.489,-30.026,10.799,6.782,0.739,0
-613.801,-12.840,-26.782,6.133,4.108,0.814,0
-609.569,-12.529,-31.152,8.226,5.591,0.925,1
-600.285,-12.556,-30.392,11.629,8.002,0.901,1
-596.545,-12.588,-28.170,7.735,5.216,0.978,1
-584.266,-12.633,-28.143,5.157,3.753,0.777,1
-579.643,-12.633,-30.565,12.118,6.471,0.992,1
-570.315,-12.670,-30.920,6.417,3.999,0.812,1
-567.946,-12.684,-30.418,11.699,7.487,0.834,0
-556.575,-12.192,-31.014,13.364,8.514,0.927,1
-550.562,-11.563,-35.282,11.859,8.121,0.737,1
-428.853,-11.440,-38.633,10.349,6.694,0.854,0
-420.213,-12.076,-42.337,7.880,4.886,0.986,0
-404.843,-11.926,-38.617,8.824,7.236,0.978,1
-396.157,-12.007,-41.272,5.863,4.564,0.767,0
-393.952,-11.911,-42.480,12.968,6.867,0.967,1
-385.285,-11.522,-40.831,11.696,7.018,0.974,1
-377.763,-11.177,-44.466,10.065,5.648,0.752,0
-365.979,-10.325,-42.643,13.285,10.772,0.920,0
-350.335,-9.375,-45.179,12.698,8.061,0.877,0
-343.936,-9.031,-46.192,10.628,7.864,0.735,0
-335.783,-8.739,-45.609,9.298,6.855,0.745,0
-329.370,-8.514,-46.936,12.744,9.069,0.957,1
-322.308,-8.296,-46.053,7.277,4.915,0.988,1
-312.990,-8.039,-45.952,6.622,4.619,0.872,0
-305.382,-7.804,-48.551,7.125,4.508,0.846,0
-301.296,-7.453,-47.205,11.400,8.293,0.760,0
-285.182,-6.555,-48.973,12.543,7.438,0.995,1
-280.946,-6.042,-45.600,10.647,6.076,0.855,1
-274.566,-5.855,-48.607,8.593,6.929,0.819,0
-266.809,-5.339,-48.366,13.401,6.996,0.963,0
-256.807,-4.938,-51.369,9.914,7.127,0.917,1
-60.544,-3.237,-61.792,11.799,9.369,0.810,1
-54.256,-3.330,-61.770,6.987,4.479,0.830,1
-44.370,-7.466,-59.401,12.450,8.414,0.898,1
-32.837,-7.679,-59.724,7.767,5.157,0.943,1
-23.021,-12.036,-65.307,10.632,5.895,0.833,0
-15.217,-11.336,-64.444,9.200,5.673,0.857,0
-4.391,-11.584,-64.761,5.355,4.333,0.924,1
-0.353,-9.162,-61.724,12.575,9.715,0.761,0
5.895,-12.850,-66.362,8.270,5.077,0.938,1
16.336,-10.119,-62.935,12.757,9.506,0.926,0
22.631,-11.793,-65.003,9.177,6.426,0.870,0
29.532,-14.410,-68.227,12.541,7.919,0.832,0
37.117,-11.894,-65.107,6.956,4.175,0.980,0
44.103,-12.585,-65.893,4.579,3.344,0.853,1
49.165,-13.654,-67.000,6.421,5.250,0.890,0
56.676,-17.630,-69.330,6.668,4.659,0.841,0
65.148,-17.707,-69.156,12.976,8.280,0.856,1
71.720,-17.767,-68.637,8.852,6.729,0.909,0
74.501,-17.797,-67.615,12.602,6.785,0.855,1
83.358,-17.887,-70.579,7.914,5.973,0.764,1
90.697,-17.966,-67.511,10.545,7.115,0.851,0
98.611,-18.028,-70.013,7.265,5.938,0.744,0
107.320,-18.042,-70.255,6.221,4.974,0.921,0
111.655,-17.836,-72.919,9.307,7.484,0.799,1
121.166,-17.894,-72.791,10.001,6.220,0.947,1
125.222,-18.004,-71.715,7.064,4.124,0.986,1
134.633,-18.080,-71.303,5.036,3.242,0.878,1
138.575,-17.831,-74.366,9.406,6.074,0.900,0
145.354,-17.930,-73.298,7.444,4.307,0.859,0
161.728,-17.992,-71.737,8.007,6.375,0.978,0
168.935,-17.613,-75.013,9.297,6.285,0.932,1
174.907,-17.516,-75.050,9.555,7.535,0.831,0
337.104,-14.124,-85.683,5.306,3.237,0.876,1
344.254,-12.974,-81.209,7.859,4.164,0.920,1
347.181,-13.248,-84.388,4.505,2.881,0.951,0
353.967,-12.423,-82.960,7.854,5.934,0.995,1
362.038,-11.594,-84.555,7.051,5.315,0.822,0
372.688,-10.446,-84.303,6.204,4.214,0.965,1
374.758,-10.191,-83.545,10.531,6.826,0.803,0
383.880,-9.335,-83.031,9.947,7.671,0.803,0
392.393,-8.692,-84.651,9.135,6.279,0.827,0
398.964,-8.121,-85.228,6.368,4.004,0.831,1
414.312,-7.061,-89.980,4.836,2.668,0.887,0
418.527,-6.560,-88.889,12.341,8.240,0.905,0
428.986,-5.312,-85.883,6.600,3.704,0.882,0
436.005,-4.930,-88.772,8.256,6.633,0.945,1
437.796,-4.918,-91.024,5.390,3.822,0.923,0
449.562,-3.913,-88.748,9.452,6.720,0.734,1
456.362,-3.570,-88.295,5.317,3.735,0.841,1
466.170,-3.239,-92.224,12.543,8.158,0.830,0
-780.479,-15.337,-29.488,13.197,9.542,0.898,0
-777.689,-15.437,-25.038,7.504,4.683,0.966,1
-769.216,-15.039,-27.540,4.713,2.856,0.787,1
-760.733,-14.343,-26.175,7.297,4.561,0.864,0
-752.690,-13.631,-27.417,6.173,3.719,0.855,1
-697.490,-14.476,-29.685,7.352,4.100,0.920,1
-690.528,-15.101,-34.340,5.151,3.313,0.968,1
-685.489,-15.303,-31.585,9.868,5.993,0.921,1
-679.636,-15.329,-30.001,8.845,6.682,0.797,1
-671.690,-15.311,-31.199,9.774,7.558,0.776,0
-662.020,-15.289,-32.564,9.580,5.604,0.826,0
-659.788,-15.312,-31.168,8.610,6.615,0.858,1
-627.353,-12.714,-34.545,12.481,8.074,0.933,1
-622.435,-12.476,-36.093,9.671,6.642,0.747,0
-617.830,-12.891,-33.595,11.328,6.569,0.998,1
-611.154,-12.487,-38.923,5.226,4.090,0.857,1
-603.249,-12.502,-39.232,13.393,10.054,0.999,1
-596.007,-12.522,-38.672,5.832,3.517,0.927,1
-585.091,-12.572,-35.677,10.280,6.788,0.775,0
-581.415,-12.568,-38.380,7.776,4.351,0.986,0
-574.126,-12.585,-39.481,9.434,5.702,0.812,1
-565.670,-12.480,-38.801,11.581,6.249,0.819,0
-560.625,-11.969,-41.948,12.805,7.668,0.988,1
-550.660,-11.255,-41.966,8.165,4.984,0.808,0
-424.981,-12.153,-46.903,11.419,6.129,0.926,1
-421.031,-12.176,-49.856,4.430,2.849,0.921,0
-414.146,-12.065,-46.467,7.457,5.929,0.992,0
-408.250,-12.036,-48.156,4.459,2.556,0.946,1
-400.540,-12.002,-50.472,9.113,6.562,0.885,1
-389.481,-11.705,-50.562,11.738,6.785,0.910,0
-378.020,-11.183,-47.374,13.290,8.069,0.967,0
-370.439,-10.596,-49.317,10.603,8.521,0.911,0
-358.926,-9.788,-48.396,8.995,6.683,0.766,0
-350.836,-9.330,-51.220,8.332,6.141,0.812,0
-342.629,-8.931,-48.779,9.959,5.387,0.977,1
-333.396,-8.616,-49.358,13.220,8.021,0.860,0
-326.066,-8.365,-50.404,5.243,3.148,0.921,0
-322.029,-8.232,-51.229,10.641,8.641,0.826,0
-313.330,-7.966,-53.527,11.687,6.338,0.805,1
-305.219,-7.767,-51.273,11.775,6.158,0.892,1
-303.262,-7.665,-55.517,7.541,5.394,0.952,1
-83.157,-3.202,-67.858,12.220,6.571,0.868,0
-70.696,-3.424,-67.157,4.832,2.517,0.894,0
-62.734,-3.381,-65.298,5.946,4.623,0.867,1
-49.913,-6.495,-69.904,12.564,9.811,0.829,0
-40.166,-14.011,-69.818,11.238,8.601,0.930,1
-34.792,-16.223,-70.706,8.035,5.806,0.815,0
-25.935,-17.026,-71.711,7.288,3.885,0.876,0
-19.305,-14.631,-68.634,10.835,6.959,0.879,1
-12.937,-17.242,-71.956,9.428,5.361,0.887,1
-8.243,-13.928,-67.730,11.250,7.119,0.849,0
7.316,-16.123,-70.492,8.611,6.855,0.790,0
15.362,-17.340,-73.709,4.886,3.159,0.953,1
20.229,-16.087,-70.401,12.068,9.888,0.887,0
27.619,-17.408,-73.869,10.224,8.042,0.928,0
35.671,-16.466,-70.766,11.569,7.370,0.943,1
50.479,-17.573,-74.307,10.993,6.818,0.928,1
57.832,-17.637,-72.461,7.556,4.353,0.958,0
60.171,-17.658,-73.301,5.366,3.761,0.923,0
66.936,-17.572,-74.733,5.929,4.381,0.875,1
82.503,-17.306,-77.903,13.480,8.701,0.764,1
88.567,-17.242,-78.812,11.255,8.257,0.736,1
97.476,-17.586,-75.149,11.020,6.020,0.902,0
104.296,-17.427,-77.351,11.804,6.458,0.846,0
112.163,-17.606,-75.661,12.184,6.848,0.935,1
117.388,-17.601,-76.051,10.141,5.815,0.737,0
126.121,-17.575,-76.872,6.062,4.000,0.948,0
173.157,-17.169,-79.239,3.720,2.908,0.752,0
327.498,-15.261,-90.651,12.145,9.504,0.988,0
332.881,-15.263,-92.434,12.068,8.485,0.841,0
344.407,-13.941,-89.165,6.177,4.912,0.931,1
347.922,-13.493,-88.641,10.657,7.487,0.902,1
358.627,-12.359,-90.703,13.041,7.885,0.739,1
364.530,-11.724,-90.891,5.508,4.307,0.871,0
368.590,-11.511,-94.527,5.909,3.096,0.827,0
378.830,-10.217,-90.876,11.947,8.643,0.876,1
384.426,-9.840,-92.500,6.900,4.250,0.947,1
391.313,-9.411,-95.081,7.457,4.726,0.867,1
400.079,-8.767,-96.474,4.900,2.875,0.874,1
403.193,-8.230,-92.379,9.856,5.943,0.808,1
410.090,-7.839,-95.791,9.935,6.639,0.771,1
421.393,-6.623,-93.354,9.479,6.966,0.942,0
423.884,-6.553,-95.611,10.206,7.920,0.919,0
431.339,-5.864,-96.258,8.600,4.488,0.763,1
438.295,-5.180,-96.702,4.890,3.301,0.738,1
444.418,-4.753,-97.703,12.468,7.814,0.989,0
455.540,-3.843,-95.298,9.056,6.737,0.814,1
-792.600,-15.307,-30.476,5.896,4.523,0.837,1
-781.537,-15.198,-35.147,10.559,6.329,0.826,0
-776.315,-15.177,-36.583,13.390,8.346,0.801,0
-771.106,-15.090,-32.594,12.896,10.270,0.735,1
-764.147,-14.508,-32.229,8.916,6.426,0.937,1
-754.838,-13.686,-33.795,9.833,6.247,0.808,0
-698.513,-14.296,-38.404,9.556,6.653,0.870,0
-691.513,-14.959,-40.390,13.141,10.671,0.819,1
-686.222,-15.197,-40.214,5.053,3.187,0.819,0
-679.206,-15.225,-36.734,7.678,4.318,0.817,0
-670.427,-15.206,-39.554,4.558,2.875,0.989,1
-665.865,-15.197,-40.919,6.950,3.888,0.965,1
-655.364,-15.205,-40.247,7.582,4.621,0.903,1
-609.326,-12.484,-40.746,5.207,3.027,0.943,1
-601.998,-12.486,-43.754,10.031,7.718,0.733,0
-593.708,-12.508,-43.429,8.705,6.743,0.999,0
-589.314,-12.500,-46.952,5.530,4.243,0.953,0
-579.733,-12.534,-45.133,10.662,8.410,0.929,0
-573.049,-12.558,-44.522,11.223,6.011,0.938,1
-568.442,-12.268,-47.814,10.532,6.208,0.893,0
-557.776,-11.656,-44.253,12.211,9.853,0.953,1
-412.435,-12.191,-53.334,10.300,6.474,0.759,0
-356.455,-9.559,-56.501,7.641,5.329,0.850,0
-349.309,-9.135,-60.153,9.313,6.468,0.982,0
-342.429,-8.771,-60.402,10.840,8.574,0.819,0
-100.243,-3.274,-74.944,11.518,7.107,0.938,0
-89.281,-4.930,-73.957,4.909,3.264,0.931,0
-85.581,-4.464,-73.332,5.633,3.011,0.961,1
-78.541,-3.449,-70.759,7.393,5.370,0.862,0
-68.692,-3.420,-71.446,12.705,8.909,0.919,0
-65.516,-6.928,-76.600,5.419,4.420,0.900,1
-58.312,-6.691,-76.337,8.185,4.385,0.957,0
-51.136,-5.556,-72.806,5.501,3.372,0.744,0
-40.111,-14.056,-76.607,10.217,6.174,0.950,1
-34.712,-17.230,-74.396,12.410,6.620,0.849,1
-28.131,-17.245,-78.459,5.065,2.978,0.789,1
-23.407,-17.256,-78.248,10.220,7.302,0.753,0
-12.227,-17.277,-76.426,7.151,5.107,0.893,1
-8.986,-17.282,-75.689,10.845,8.284,0.746,0
-0.141,-17.294,-75.918,4.571,2.926,0.864,0
4.796,-17.306,-76.888,5.248,4.047,0.956,0
20.903,-17.298,-80.491,10.225,7.971,0.820,0
26.544,-17.178,-81.399,7.778,5.648,0.880,1
33.837,-17.423,-78.012,10.130,7.244,0.833,0
39.764,-17.154,-80.769,10.857,5.938,0.933,1
49.840,-16.976,-82.342,6.867,4.867,0.856,1
69.753,-16.927,-82.324,6.416,4.370,0.918,0
77.037,-16.834,-83.376,5.589,3.285,0.775,1
82.602,-17.069,-80.678,4.595,3.458,0.887,1
90.747,-17.084,-80.726,13.368,7.185,0.754,1
314.927,-16.417,-97.927,8.196,4.839,0.770,1
321.141,-16.390,-98.258,8.128,6.125,0.732,1
329.856,-15.703,-95.326,9.695,5.452,0.962,1
337.358,-14.983,-95.002,7.192,5.654,0.767,0
339.817,-14.981,-99.220,8.950,4.808,0.960,1
350.774,-13.703,-97.216,9.712,5.729,0.959,0
357.654,-12.821,-96.120,5.482,4.493,0.827,1
361.979,-12.371,-96.829,8.248,6.550,0.963,0
370.924,-11.683,-101.471,7.629,3.989,0.820,1
374.004,-11.172,-98.477,10.993,6.227,0.999,1
393.077,-9.408,-97.541,5.582,2.912,0.801,1
399.710,-9.136,-102.232,11.854,8.476,0.970,1
402.470,-8.990,-103.558,5.530,3.614,0.800,1
410.056,-8.220,-101.349,11.800,8.773,0.799,1
420.563,-7.264,-101.082,8.839,4.755,0.830,0
427.860,-6.652,-101.909,11.183,8.074,0.737,1
431.051,-6.395,-102.668,7.803,5.185,0.954,0
437.628,-5.826,-104.059,8.363,6.557,0.937,0
446.395,-5.017,-105.343,6.848,3.571,0.947,1
452.981,-4.513,-105.224,9.812,6.623,0.884,1
460.775,-3.973,-104.761,11.445,6.750,0.938,0
-795.675,-15.152,-38.813,12.907,7.824,0.939,1
-793.665,-15.140,-41.605,5.749,3.145,0.938,1
-762.252,-14.162,-42.326,7.101,5.363,0.912,0
-754.643,-13.495,-43.930,5.088,3.392,0.933,0
-695.438,-14.572,-45.947,13.114,9.595,0.949,1
-684.618,-15.156,-45.590,10.041,7.545,0.811,1
-678.193,-15.162,-45.176,5.789,3.693,0.819,0
-674.116,-15.136,-48.834,4.968,2.603,0.867,1
-662.668,-15.161,-45.954,9.758,6.819,0.784,0
-656.404,-15.168,-45.200,10.634,5.797,0.989,1
-604.073,-12.461,-50.618,4.967,2.732,0.797,0
-596.655,-12.476,-49.298,6.464,4.075,0.970,0
-301.997,-7.468,-69.418,10.568,5.969,0.752,0
-279.693,-6.901,-67.089,10.290,7.679,0.865,0
-275.677,-6.793,-67.282,11.227,7.620,0.820,0
-227.198,-4.909,-73.185,5.790,3.725,0.834,0
-205.522,-3.728,-75.148,10.843,8.222,0.917,1
-150.121,-2.557,-79.299,9.198,7.350,0.868,0
-134.802,-2.801,-79.867,9.802,6.804,0.815,1
-126.962,-2.749,-77.421,7.138,5.422,0.925,0
-118.041,-3.072,-78.754,11.319,6.462,0.756,0
-114.014,-3.194,-78.959,4.772,3.195,0.923,1
-104.000,-8.612,-78.966,12.330,7.373,0.793,0
-98.728,-8.907,-79.329,12.351,7.656,0.976,0
-94.429,-8.461,-78.721,7.479,4.505,0.941,0
-85.687,-8.012,-78.062,7.777,4.691,0.789,1
-78.849,-11.608,-82.828,5.238,3.664,0.824,0
-68.355,-8.927,-79.250,9.347,6.237,0.805,1
-66.376,-11.406,-82.520,12.031,6.925,0.917,1
-58.350,-8.921,-79.247,6.518,5.216,0.831,1
-50.885,-10.800,-81.709,13.342,6.989,0.877,1
-42.504,-12.209,-80.382,11.112,7.663,0.789,1
-38.071,-15.626,-85.511,11.550,7.754,0.853,1
-29.583,-17.240,-82.336,5.328,3.615,0.944,1
-20.276,-17.232,-85.888,10.477,8.506,0.770,0
-13.906,-17.108,-86.573,8.805,6.518,0.765,0
-7.303,-17.283,-82.335,10.082,6.675,0.774,1
36.371,-16.839,-84.673,4.910,3.268,0.846,1
318.045,-16.762,-103.476,6.073,3.990,0.920,1
332.872,-15.741,-102.610,10.661,7.318,0.881,1
340.692,-15.307,-106.769,9.153,6.223,0.947,1
353.924,-13.765,-104.362,8.089,6.540,0.735,1
359.810,-13.332,-108.117,11.923,8.983,0.881,0
371.057,-11.997,-106.603,9.046,4.843,0.990,1
376.596,-11.404,-106.877,4.541,2.720,0.879,0
383.492,-10.865,-108.288,8.162,5.177,0.935,0
390.502,-10.118,-105.834,6.877,4.100,0.841,0
397.762,-9.482,-105.420,10.205,6.461,0.840,0
406.588,-8.985,-109.213,11.020,6.099,0.919,0
412.864,-8.345,-106.938,10.784,7.113,0.860,0
416.469,-8.265,-110.435,8.074,6.133,0.771,1
424.240,-7.503,-109.383,11.679,8.007,0.904,0
431.881,-7.015,-112.129,12.476,7.034,0.783,0
436.614,-6.586,-112.230,6.924,3.721,0.773,0
443.634,-5.528,-108.192,11.597,9.264,0.750,1
451.890,-5.028,-112.537,9.706,5.790,0.839,0
458.183,-4.430,-110.656,9.537,5.126,0.917,1
465.967,-3.829,-108.759,7.373,4.468,0.974,1
-788.570,-15.124,-45.054,7.751,4.289,0.964,1
-782.607,-15.107,-48.028,4.853,3.473,0.768,0
-778.657,-15.121,-45.748,12.747,6.815,0.911,1
-768.321,-14.612,-46.279,11.167,8.827,0.820,1
-755.178,-13.439,-51.409,10.393,6.703,0.931,0
-691.067,-15.004,-52.320,6.472,4.848,0.914,0
-659.655,-15.101,-54.697,4.755,2.660,0.816,0
-313.910,-7.748,-73.452,9.143,7.014,0.930,0
-307.372,-7.569,-73.087,9.904,7.779,0.913,1
-303.220,-7.463,-72.605,4.772,2.625,0.745,0
-293.078,-7.179,-74.116,10.797,6.504,0.754,1
-286.119,-7.006,-73.166,9.249,6.313,0.905,1
-281.669,-6.880,-74.148,8.601,5.801,0.954,0
-275.687,-6.712,-75.311,4.711,3.340,0.971,0
-257.899,-6.205,-78.247,3.381,1.852,0.990,0
-241.485,-5.730,-77.462,5.741,4.522,0.985,0
-231.764,-5.413,-79.376,7.402,5.265,0.990,1
-224.160,-5.158,-80.141,7.720,4.080,0.873,0
-217.603,-4.923,-81.906,5.951,3.599,0.783,0
-209.031,-4.555,-82.227,9.714,5.056,0.911,1
-203.219,-4.120,-81.070,4.575,3.546,0.872,1
-184.990,-3.506,-83.814,5.356,4.282,0.911,0
-163.228,-2.984,-83.724,12.670,9.413,0.902,1
-157.139,-2.633,-80.360,7.996,4.994,0.778,1
-147.971,-2.867,-82.561,13.139,9.865,0.771,0
-141.555,-2.816,-81.217,5.186,3.704,0.819,0
-132.914,-3.103,-82.994,10.979,7.025,0.758,1
-126.466,-3.430,-85.405,12.954,9.676,0.956,0
-111.470,-14.169,-87.138,6.431,3.615,0.994,1
-107.810,-13.545,-85.679,12.702,9.143,0.814,0
-101.565,-13.223,-85.185,8.141,6.127,0.955,0
-89.734,-12.820,-84.566,12.485,9.152,0.731,1
-88.054,-13.900,-86.000,6.520,3.672,0.844,1
-76.251,-15.931,-88.608,9.845,5.870,0.942,1
-69.066,-17.021,-90.397,13.434,8.130,0.890,0
-64.685,-15.650,-88.136,8.336,4.395,0.794,0
-56.551,-17.018,-90.830,8.374,6.805,0.840,1
-52.332,-14.907,-87.080,9.199,7.239,0.905,1
-42.701,-16.958,-90.635,9.062,4.850,0.802,1
-29.863,-16.942,-89.828,8.295,6.442,0.987,0
-24.515,-16.988,-88.877,6.218,4.731,0.830,1
-16.698,-16.780,-90.392,11.687,8.743,0.890,1
321.680,-16.753,-110.455,5.792,3.217,0.867,1
326.984,-16.534,-112.643,5.189,3.793,0.932,1
336.600,-15.731,-109.851,7.693,5.476,0.886,0
340.927,-15.582,-113.834,13.146,9.112,0.919,1
348.589,-14.889,-113.759,10.754,8.253,0.894,1
355.609,-13.901,-110.001,5.745,3.511,0.978,1
362.613,-13.348,-113.527,9.317,5.974,0.818,1
366.970,-12.905,-114.202,8.432,4.756,0.912,1
376.500,-11.685,-111.340,9.367,7.146,0.961,0
380.050,-11.587,-115.721,12.405,6.963,0.974,1
388.113,-10.639,-111.621,7.515,5.394,0.905,0
395.707,-10.010,-112.069,6.059,3.830,0.741,1
401.579,-9.742,-115.635,10.601,8.480,0.774,1
413.518,-8.712,-114.367,8.951,4.826,0.778,0
419.255,-8.497,-118.317,6.895,4.460,0.983,1
425.812,-7.774,-115.311,8.891,4.701,0.837,1
429.262,-7.641,-117.806,8.425,6.434,0.843,0
437.395,-6.691,-114.713,6.342,4.704,0.824,1
447.215,-5.961,-118.047,9.857,6.508,0.802,1
450.560,-5.699,-119.075,13.055,7.196,0.855,1
458.741,-4.640,-116.104,12.635,9.471,0.917,0
-798.348,-15.082,-54.233,12.068,7.124,0.842,0
-785.756,-15.084,-56.641,7.687,4.801,0.864,1
-779.076,-15.082,-56.486,11.718,7.399,0.769,1
-773.432,-14.924,-56.440,11.231,9.045,0.793,0
-765.462,-14.241,-57.403,10.457,7.370,0.781,1
-621.469,-12.402,-66.256,8.250,6.434,0.923,0
-618.888,-12.410,-65.197,11.736,9.289,0.872,1
-601.949,-12.430,-65.383,9.548,6.985,0.998,0
-442.583,-10.963,-76.128,4.959,2.875,0.988,1
-435.706,-11.461,-73.556,5.423,2.996,0.935,0
-370.441,-10.318,-80.224,9.164,5.302,0.772,0
-365.564,-9.903,-77.284,10.531,7.402,0.772,0
-322.044,-7.879,-81.573,12.343,6.445,0.944,0
-318.430,-7.795,-80.460,6.352,3.960,0.807,0
-311.966,-7.621,-80.051,9.017,5.702,0.864,0
-301.794,-7.354,-79.304,12.336,9.849,0.976,1
-292.562,-7.107,-79.730,11.672,9.246,0.844,0
-287.289,-6.942,-82.331,5.829,4.271,0.748,1
-284.302,-6.837,-85.049,10.455,5.596,0.734,0
-272.194,-6.533,-84.316,13.357,9.259,0.858,1
-266.853,-6.399,-83.357,5.212,4.092,0.813,1
-261.173,-6.226,-85.351,8.431,6.566,0.830,1
-251.588,-5.970,-84.583,10.487,6.812,0.774,0
-248.552,-5.859,-86.399,12.395,9.777,0.937,1
-240.098,-5.616,-84.273,7.469,6.004,0.838,1
-235.215,-5.454,-85.733,11.927,8.919,0.797,0
-227.459,-5.182,-88.079,6.190,4.411,0.789,1
-220.579,-4.956,-88.482,5.808,3.565,0.889,1
-210.915,-4.642,-89.380,13.393,9.141,0.750,1
-205.163,-4.479,-88.080,12.753,10.346,0.792,0
-194.964,-4.199,-86.791,10.554,8.387,0.986,0
-188.458,-4.794,-91.080,6.786,4.642,1.000,1
-183.924,-3.916,-88.583,10.200,7.788,0.903,1
-176.222,-4.594,-91.111,6.458,3.693,0.897,0
-171.066,-3.431,-87.198,10.541,8.601,0.799,1
-162.318,-3.549,-89.725,8.075,5.748,0.861,0
-153.308,-3.853,-90.424,13.453,7.298,0.940,0
-150.915,-5.598,-92.861,5.932,4.138,0.848,1
-141.990,-3.433,-88.206,11.183,6.922,0.783,0
-132.624,-4.231,-91.069,9.541,7.091,0.737,0
-130.499,-5.515,-92.835,6.052,3.430,0.906,0
-121.420,-6.816,-89.935,5.383,4.162,0.950,1
-115.606,-11.104,-95.223,8.054,6.160,0.955,1
-106.732,-16.743,-90.287,7.284,4.413,0.741,1
-101.922,-16.776,-91.310,7.477,5.568,0.749,1
-86.233,-16.706,-95.762,5.085,4.017,0.793,0
-78.836,-16.833,-93.909,10.566,6.861,0.749,1
-69.318,-16.829,-93.387,9.346,6.808,0.887,0
-62.789,-16.534,-96.109,6.840,5.510,0.943,0
-41.139,-16.620,-94.073,4.315,2.990,0.942,1
324.332,-16.860,-119.351,5.652,4.500,0.806,0
335.880,-16.237,-120.706,9.804,5.986,0.757,0
340.992,-15.706,-116.821,11.293,9.009,0.864,0
348.317,-15.131,-118.482,5.207,3.057,0.867,0
353.262,-14.621,-117.684,13.139,10.142,0.877,1
364.304,-13.412,-117.677,12.109,6.488,0.992,1
370.510,-12.786,-118.764,7.472,6.071,0.881,1
378.289,-11.917,-118.483,9.664,5.134,0.983,1
381.850,-11.754,-121.390,10.768,8.096,0.734,0
390.667,-10.895,-120.891,8.659,5.954,0.837,0
394.211,-10.523,-119.584,12.358,8.368,0.912,0
401.701,-9.962,-120.129,6.738,5.426,0.843,1
408.223,-9.585,-122.481,11.721,8.223,0.955,0
417.643,-8.717,-120.065,7.020,5.667,0.873,1
426.233,-8.222,-122.802,8.246,4.684,0.944,0
433.873,-7.766,-125.582,9.124,5.465,0.917,1
438.019,-7.191,-122.754,11.892,8.300,0.838,0
447.646,-6.319,-122.975,13.082,9.015,0.730,0
450.317,-6.291,-126.027,9.594,5.411,0.907,1
460.737,-5.313,-127.290,11.618,8.233,0.832,1
-797.486,-15.104,-63.189,10.584,8.546,0.955,0
-794.788,-15.100,-62.056,12.982,9.056,0.893,0
-787.032,-15.092,-59.725,7.813,5.368,0.957,0
-772.948,-14.815,-63.074,8.423,6.546,0.999,0
-765.234,-14.193,-60.180,12.988,7.453,0.962,0
-759.417,-13.651,-65.334,11.836,7.714,0.942,1
-691.633,-15.084,-65.919,6.026,4.296,0.760,0
-681.842,-15.085,-66.138,5.316,3.934,0.967,1
-672.204,-15.080,-70.313,8.261,5.266,0.933,1
-664.698,-15.079,-70.546,10.369,7.725,0.840,0
-653.454,-15.077,-70.644,8.235,6.553,0.736,1
-644.190,-14.506,-69.222,7.225,3.837,0.907,0
-638.787,-13.689,-71.603,13.164,9.284,0.781,1
-624.630,-12.376,-72.089,5.616,3.063,0.983,1
-615.792,-12.402,-69.686,12.642,10.152,0.732,0
-608.846,-12.400,-73.788,11.029,8.874,0.841,0
-601.796,-12.419,-70.428,6.501,5.208,0.776,0
-594.678,-12.417,-74.284,11.200,6.530,0.971,0
-591.286,-12.426,-73.004,8.651,5.810,0.755,0
-443.128,-10.977,-79.069,9.604,7.100,0.830,0
-437.336,-11.343,-78.549,7.411,5.713,0.980,0
-431.362,-11.324,-82.693,8.640,7.063,0.822,1
-412.833,-11.492,-82.995,5.184,4.224,0.849,0
-405.876,-11.530,-84.186,10.294,8.346,0.780,1
-331.642,-8.125,-84.754,11.766,9.576,0.926,1
-325.757,-7.934,-85.985,12.155,6.547,0.753,1
-308.701,-7.450,-87.311,6.127,4.895,0.867,1
-302.289,-7.270,-88.132,10.465,8.472,0.965,1
-295.448,-7.072,-90.058,11.132,8.138,0.878,0
-282.610,-6.741,-90.129,5.255,3.799,0.753,1
-276.235,-6.590,-89.045,8.994,5.255,0.862,1
-268.505,-6.370,-91.092,7.224,5.101,0.922,1
-262.705,-6.220,-90.288,6.948,4.506,0.960,1
-253.019,-5.949,-91.013,8.422,5.513,0.909,0
-247.289,-5.786,-89.916,12.720,7.655,0.952,1
-233.591,-5.351,-90.812,7.599,4.311,0.808,1
-225.099,-5.075,-91.160,6.298,3.601,0.934,0
-220.295,-4.911,-92.084,9.819,7.709,0.788,1
-210.600,-8.316,-95.965,13.314,8.617,0.756,1
-198.081,-5.929,-92.463,12.668,7.672,0.914,0
-190.911,-6.139,-92.920,11.735,7.262,0.756,0
-185.434,-7.338,-94.794,10.491,5.573,0.986,0
-175.088,-6.364,-93.610,9.890,6.073,0.978,1
-168.642,-7.104,-94.768,7.060,4.158,0.884,0
-165.190,-6.703,-94.273,13.160,9.024,0.972,1
-154.287,-7.220,-95.074,8.424,6.236,0.902,0
-151.631,-9.909,-98.820,7.292,5.853,0.775,0
-144.828,-10.398,-99.561,13.247,9.932,0.895,0
-132.805,-8.555,-96.988,5.397,3.657,0.966,1
-129.230,-9.607,-98.443,8.865,4.743,0.928,1
-118.652,-10.793,-100.009,9.714,5.863,0.899,0
-108.304,-16.495,-99.362,5.097,3.053,0.891,0
-98.489,-16.486,-99.268,12.606,9.868,0.930,1
-94.882,-16.153,-102.153,11.340,6.896,0.735,0
-83.970,-16.169,-100.939,5.147,2.961,0.769,1
-79.418,-15.804,-104.276,6.552,3.528,0.877,0
-74.393,-15.867,-103.388,4.078,3.164,0.923,0
-63.701,-15.974,-101.866,5.160,4.047,0.953,1
-57.992,-16.121,-100.149,5.902,3.324,0.770,1
328.868,-16.761,-125.470,6.352,4.974,0.960,1
331.994,-16.562,-124.668,9.749,6.672,0.917,1
339.288,-16.150,-124.827,7.208,4.696,0.882,0
349.658,-15.320,-125.698,12.289,7.828,0.956,1
354.536,-14.959,-127.306,9.402,6.924,0.996,1
366.727,-13.534,-124.146,12.290,7.263,0.977,0
374.683,-12.745,-125.758,5.573,4.263,0.778,1
381.298,-12.100,-126.390,4.869,2.779,0.924,1
389.134,-11.308,-125.406,10.840,8.101,0.753,1
405.144,-10.277,-131.480,5.145,3.322,0.990,0
411.208,-9.723,-129.666,8.565,4.873,0.910,1
418.518,-9.183,-129.926,6.257,4.096,0.915,1
422.645,-8.950,-131.470,11.183,5.821,0.849,1
430.767,-8.380,-132.313,9.785,6.620,0.793,1
440.028,-7.668,-132.030,12.146,7.443,0.881,1
445.452,-7.320,-134.073,7.338,4.590,0.733,0
450.600,-6.470,-128.919,7.899,4.158,0.874,0
457.039,-6.163,-133.864,8.252,5.587,0.887,1
-794.099,-15.115,-68.027,5.777,3.070,0.932,1
-787.418,-15.109,-66.344,10.648,7.260,0.860,0
-776.096,-15.036,-67.541,4.180,3.004,0.871,0
-758.365,-13.518,-69.907,7.461,4.075,0.959,0
-679.623,-15.091,-75.671,5.551,4.196,0.955,1
-672.281,-15.081,-72.509,13.119,7.961,0.915,1
-664.860,-15.087,-75.972,7.233,5.532,0.866,0
-658.908,-15.081,-74.022,11.472,7.615,0.910,1
-650.976,-15.087,-76.931,11.541,6.920,0.754,1
-648.476,-15.087,-77.366,7.905,5.105,0.873,0
-640.595,-13.934,-77.716,11.050,6.656,0.940,0
-631.513,-12.571,-76.793,6.692,4.319,0.927,1
-624.636,-12.357,-76.609,7.266,4.139,0.754,0
-618.165,-12.362,-78.573,4.716,3.294,0.969,0
-608.433,-12.381,-79.076,8.071,6.559,0.827,1
-603.618,-12.391,-79.187,6.343,4.992,0.874,1
-598.462,-12.390,-81.720,12.125,7.613,0.794,0
-590.456,-12.409,-79.470,5.509,3.595,0.891,0
-452.460,-10.296,-88.624,10.466,8.295,0.894,0
-435.512,-11.196,-87.124,13.106,10.001,0.759,0
-427.426,-11.256,-87.413,11.491,9.139,0.981,0
-423.962,-11.231,-89.865,6.018,3.159,0.906,0
-417.481,-11.262,-90.860,9.697,7.022,0.987,0
-408.046,-11.374,-89.274,4.557,2.586,0.792,1
-399.783,-11.500,-87.615,9.243,5.712,0.916,0
-336.788,-8.148,-95.099,8.659,6.179,0.939,1
-330.269,-7.934,-96.946,12.428,8.548,0.822,1
-321.909,-7.738,-93.491,6.618,4.564,0.984,1
-317.931,-7.640,-92.765,6.176,3.651,0.908,0
-312.135,-7.443,-96.681,7.516,5.829,0.731,1
-305.454,-7.290,-94.041,10.037,5.344,0.814,0
-294.163,-7.002,-94.008,13.113,8.482,0.977,1
-287.057,-6.791,-96.843,7.190,4.620,0.803,1
-281.699,-6.647,-97.671,8.175,4.540,0.958,0
-276.808,-6.521,-97.840,10.864,6.749,0.744,0
-270.659,-6.372,-97.001,9.214,6.533,0.914,1
-263.919,-6.190,-96.853,11.829,8.793,0.828,1
-255.828,-5.956,-98.216,8.490,6.283,0.995,1
-246.896,-5.664,-100.763,12.814,8.449,0.810,0
-240.238,-5.491,-97.042,5.268,4.102,0.844,0
-235.344,-5.315,-99.281,11.509,8.022,0.976,0
-227.185,-5.082,-97.646,7.859,5.222,0.795,1
-221.353,-4.868,-100.574,9.936,5.371,0.820,1
-211.960,-7.373,-100.566,5.989,3.804,0.968,0
-207.185,-10.505,-104.011,12.438,9.975,0.852,1
-201.022,-11.402,-100.332,5.788,3.132,0.970,1
-190.020,-13.061,-102.928,13.328,7.151,0.895,1
-175.659,-11.442,-100.814,9.478,4.949,0.777,0
-171.936,-11.342,-100.679,5.580,3.014,0.964,1
-163.312,-14.656,-105.436,5.650,3.359,0.892,1
-153.663,-13.646,-104.035,11.831,8.993,0.743,1
-150.361,-13.096,-103.261,10.299,8.424,0.797,1
-140.410,-12.809,-102.880,4.588,2.504,0.744,0
-138.167,-15.849,-107.073,10.688,7.956,0.746,1
-129.885,-15.682,-106.785,7.315,4.653,0.736,0
-120.581,-13.855,-104.219,6.362,3.548,0.846,0
-113.213,-15.777,-108.798,5.168,3.644,0.839,0
-106.466,-15.885,-106.467,5.797,3.967,0.872,0
-99.773,-15.936,-104.948,4.466,3.648,0.930,1
300.120,-17.902,-132.246,5.331,3.350,0.806,1
302.119,-17.817,-128.941,12.918,10.438,0.955,0
324.289,-17.109,-129.537,6.381,3.353,0.874,0
335.396,-16.530,-129.904,5.128,3.911,0.742,1
342.178,-16.146,-130.063,8.330,5.063,0.780,0
345.867,-15.965,-132.561,8.246,6.106,0.855,1
356.420,-15.065,-132.626,6.937,5.191,0.752,1
362.289,-14.511,-132.903,5.167,3.972,0.855,1
370.028,-13.616,-131.915,5.697,4.529,0.937,0
390.685,-11.722,-136.212,11.909,7.204,0.749,1
398.228,-11.086,-136.910,11.691,6.248,0.990,0
400.539,-10.906,-136.872,7.663,5.050,0.925,1
409.385,-10.156,-135.480,7.049,5.396,0.918,0
418.989,-9.512,-137.113,6.385,3.793,0.756,0
421.213,-9.461,-139.426,11.618,8.692,0.993,1
428.789,-8.744,-136.542,5.264,4.245,0.768,0
436.726,-8.264,-138.372,8.966,6.794,0.869,1
443.558,-7.779,-138.244,8.580,5.417,0.958,1
449.774,-7.197,-137.841,11.710,9.128,0.745,1
459.932,-6.288,-139.736,10.827,8.058,0.738,1
462.756,-5.994,-139.696,12.275,8.439,0.757,0
-785.859,-15.126,-76.432,10.861,8.798,0.810,1
-774.064,-14.748,-78.901,5.546,3.182,0.831,1
-762.571,-13.818,-75.382,7.714,5.218,0.847,0
-760.731,-13.640,-77.666,8.255,5.447,0.917,1
-695.179,-15.038,-83.350,3.890,3.061,0.792,0
-683.181,-15.111,-83.004,6.856,5.349,0.741,1
-674.484,-15.107,-82.542,7.498,4.800,0.742,0
-667.048,-15.109,-84.159,6.602,4.871,0.823,1
-658.138,-15.100,-82.015,10.012,6.627,0.870,1
-645.630,-14.733,-85.357,11.649,9.424,0.747,1
-638.591,-13.622,-84.273,9.596,6.912,0.791,0
-634.506,-12.984,-86.542,9.011,4.828,0.785,0
-623.718,-12.311,-87.222,7.158,4.644,0.772,0
-618.721,-12.333,-85.126,9.054,4.844,0.945,0
-610.877,-12.340,-87.519,9.492,7.139,0.959,0
-605.920,-12.370,-83.151,6.005,3.370,0.866,0
-597.050,-12.370,-88.364,12.298,7.761,0.837,0
-588.025,-12.101,-87.330,8.817,6.989,0.871,1
-585.586,-12.022,-84.857,9.447,6.129,0.773,0
-454.971,-10.247,-93.813,7.595,5.112,0.731,1
-449.978,-10.829,-95.043,5.731,3.630,0.864,1
-435.340,-11.111,-96.493,4.835,3.644,0.894,0
-431.742,-11.124,-96.730,5.942,4.180,0.914,1
-424.495,-11.145,-97.001,10.363,5.927,0.997,0
-414.502,-11.187,-99.270,11.632,8.345,0.987,1
-405.976,-11.219,-99.381,7.839,4.720,0.755,0
-403.305,-11.304,-95.588,5.665,4.321,0.753,1
-392.776,-11.346,-98.358,12.707,10.047,0.788,1
-386.414,-11.372,-99.135,12.322,8.909,0.986,1
-379.224,-11.512,-97.265,5.220,3.740,0.919,1
-367.459,-10.045,-99.750,12.777,8.431,0.875,0
-360.425,-9.014,-101.901,12.465,7.911,0.767,0
-351.191,-8.613,-101.492,6.883,4.078,0.733,1
-344.903,-8.382,-98.529,8.458,6.795,0.741,1
-340.466,-8.188,-100.143,4.703,3.316,0.838,0
-332.681,-7.941,-102.181,6.626,3.713,0.976,0
-323.008,-7.678,-100.932,7.499,4.187,0.843,1
-315.246,-7.468,-101.989,9.416,7.632,0.810,0
-310.762,-7.375,-99.676,9.196,6.147,0.859,1
-303.491,-7.160,-101.981,11.389,8.446,0.783,1
-298.986,-7.051,-101.574,5.462,3.005,0.995,0
-287.985,-6.754,-103.307,11.851,8.376,0.909,1
-280.246,-6.555,-103.591,10.334,5.694,0.970,0
-274.721,-6.407,-104.337,10.260,6.671,0.812,1
-271.343,-6.330,-103.337,8.000,4.695,0.979,0
-263.263,-6.076,-107.041,12.312,7.569,0.978,0
-254.223,-5.844,-105.331,12.350,9.441,0.993,0
-245.177,-5.563,-105.547,10.219,6.259,0.885,1
-239.256,-5.374,-105.473,10.498,7.586,0.882,0
-235.635,-5.244,-106.939,8.094,6.008,0.832,0
-226.286,-4.980,-104.654,11.585,9.393,0.788,1
-222.233,-4.854,-104.729,10.073,6.235,0.911,1
-210.685,-8.151,-107.858,12.732,7.943,0.854,1
-205.809,-11.386,-111.062,10.186,6.386,0.965,1
-196.481,-16.338,-107.690,5.124,3.579,0.974,1
-176.522,-16.494,-108.976,4.868,3.036,0.971,0
-171.869,-16.486,-108.026,8.862,5.658,0.978,1
-166.315,-16.477,-108.208,5.820,4.096,0.823,0
-159.011,-16.472,-112.367,9.408,6.966,0.937,0
-149.636,-16.483,-109.427,9.680,7.895,0.770,0
-144.393,-16.281,-110.622,7.156,4.718,0.770,1
-127.962,-15.606,-113.806,7.584,4.593,0.935,0
-120.497,-15.755,-110.529,9.838,6.805,0.839,0
-114.190,-15.543,-111.495,11.262,9.150,0.938,0
307.172,-17.780,-135.950,6.252,3.271,0.931,0
308.796,-17.737,-136.185,12.056,8.259,0.984,1
327.401,-17.137,-138.039,8.978,7.193,0.912,1
331.406,-16.976,-138.774,4.777,2.988,0.934,0
337.610,-16.756,-141.459,10.617,5.666,0.765,1
346.432,-16.228,-141.858,9.166,4.876,0.849,1
354.491,-15.685,-142.816,5.126,3.337,0.973,1
362.930,-14.747,-138.748,4.888,3.349,0.829,0
367.421,-14.401,-141.291,10.535,7.043,0.931,0
375.027,-13.682,-143.012,10.450,7.721,0.824,1
390.572,-11.977,-140.725,9.842,6.631,0.776,0
397.460,-11.536,-144.606,6.868,5.094,0.914,0
402.131,-11.165,-144.340,4.623,2.838,0.964,0
409.417,-10.605,-144.386,5.280,3.019,0.849,1
417.362,-9.984,-144.030,8.445,4.825,0.855,1
422.191,-9.608,-143.780,4.621,2.954,0.908,0
430.962,-8.991,-144.634,12.692,7.050,0.980,1
439.649,-8.528,-147.613,6.285,3.498,0.770,1
444.498,-7.970,-143.280,7.560,5.586,0.879,1
450.199,-7.545,-143.234,9.612,5.623,0.863,1
457.172,-6.866,-143.790,12.735,7.419,0.755,0
463.372,-6.349,-145.326,4.991,3.367,0.795,0
-783.713,-15.130,-82.826,4.440,2.510,0.823,0
-779.729,-15.129,-81.280,12.300,7.591,0.933,1
-766.592,-14.081,-82.630,10.710,7.585,0.862,1
-707.136,-13.839,-85.375,11.077,8.031,0.858,0
-700.800,-14.511,-86.400,5.680,3.925,0.942,0
-688.378,-15.128,-89.057,10.825,7.416,0.911,0
-681.608,-15.121,-87.186,7.712,5.627,0.960,1
-673.280,-15.122,-88.261,8.990,5.724,0.741,0
-661.741,-15.106,-90.099,6.323,5.024,0.783,0
-654.598,-14.880,-91.492,10.281,5.446,0.795,1
-647.418,-15.021,-90.600,9.155,5.885,0.984,1
-641.854,-14.148,-90.582,9.539,5.501,0.814,1
-627.540,-12.275,-93.785,8.356,6.747,0.893,0
-618.173,-12.313,-89.688,4.905,3.919,0.913,0
-610.486,-12.328,-90.467,5.993,4.648,0.947,1
-602.151,-12.330,-94.809,6.296,3.491,0.828,0
-596.409,-12.341,-95.442,10.155,7.066,0.785,1
-592.596,-12.204,-92.743,7.875,6.300,0.875,0
-584.437,-11.612,-92.500,5.802,4.408,0.734,0
-578.953,-11.237,-91.572,11.985,7.589,0.959,1
-448.544,-11.027,-100.585,7.328,4.404,0.897,1
-446.064,-11.010,-104.259,9.465,4.944,0.800,1
-435.340,-11.047,-105.063,10.702,8.218,0.799,0
-429.549,-11.089,-102.141,7.951,5.474,0.969,1
-422.064,-11.097,-104.130,10.382,6.500,0.731,0
-417.528,-11.150,-100.805,10.184,5.680,0.910,1
-406.907,-11.140,-106.118,8.775,5.213,0.916,1
-400.426,-11.215,-102.258,11.190,8.906,0.875,1
-386.797,-11.238,-106.491,8.752,5.248,0.976,0
-379.958,-11.331,-104.175,10.057,8.063,0.911,1
-365.960,-9.683,-106.456,12.366,7.596,0.783,0
-357.650,-8.767,-107.111,12.692,8.253,0.857,1
-354.237,-8.654,-105.895,12.809,8.156,0.900,0
-345.520,-9.264,-110.093,11.885,9.720,0.802,0
-337.291,-8.002,-107.690,4.884,3.023,0.932,0
-332.423,-7.888,-105.735,8.047,5.491,0.799,0
-311.837,-8.485,-110.187,5.709,3.502,0.989,1
-306.449,-8.271,-110.045,5.291,3.262,0.980,1
-299.062,-6.988,-107.908,12.308,6.784,0.924,0
-287.938,-7.480,-109.360,9.262,7.172,0.831,1
-280.974,-9.494,-112.999,9.903,5.764,0.812,1
-278.021,-8.911,-112.143,11.080,6.991,0.918,0
-264.516,-9.024,-112.734,8.520,5.990,0.755,1
-257.109,-7.186,-110.086,8.977,5.715,0.994,0
-248.342,-9.128,-113.490,6.104,4.512,0.735,1
-243.316,-9.345,-113.999,13.102,8.612,0.848,1
-232.675,-7.253,-111.226,4.732,2.535,0.968,1
-228.538,-7.994,-112.453,7.025,5.201,0.923,1
-222.050,-7.735,-112.363,11.428,8.236,0.999,1
-211.675,-10.529,-116.846,4.790,2.747,0.854,0
-203.426,-12.974,-115.202,5.303,3.799,0.996,1
-201.586,-14.189,-112.903,7.369,4.042,0.770,1
-182.374,-16.516,-115.641,12.295,8.262,0.971,1
-176.591,-16.502,-116.750,12.964,7.559,0.932,0
-169.121,-16.485,-117.058,6.706,5.023,0.793,1
-166.672,-16.287,-118.946,5.365,2.968,0.831,1
-156.956,-15.826,-120.147,8.097,5.802,0.873,1
-143.393,-15.494,-119.199,6.549,3.825,0.761,1
-134.351,-15.362,-118.124,7.741,5.591,0.905,0
246.397,-18.368,-142.694,6.328,3.308,0.894,0
256.603,-18.366,-143.167,7.857,5.659,0.879,1
299.665,-18.007,-142.190,7.264,4.407,0.912,0
305.988,-17.932,-146.438,11.295,7.728,0.987,1
312.472,-17.723,-143.682,10.257,6.774,0.979,0
324.893,-17.424,-147.422,8.105,4.414,0.767,0
332.089,-17.120,-146.864,11.866,9.507,0.772,1
337.593,-16.871,-146.579,11.579,7.265,0.963,0
346.416,-16.448,-147.550,7.360,3.888,0.771,1
353.621,-15.846,-145.427,8.576,6.438,0.950,0
359.560,-15.550,-148.447,11.643,8.571,0.789,1
369.031,-14.593,-147.635,11.847,6.681,0.911,0
376.151,-13.882,-148.399,5.798,3.944,0.987,0
379.049,-13.713,-150.748,4.989,4.068,0.921,0
387.835,-12.590,-147.046,6.015,3.741,0.881,0
402.569,-11.404,-150.701,10.955,6.398,0.954,0
410.970,-10.737,-150.283,10.829,7.898,0.802,1
414.225,-10.588,-152.607,6.770,5.118,0.846,0
424.126,-9.832,-151.197,8.131,4.948,0.978,0
431.636,-9.176,-149.369,4.637,3.677,0.761,0
438.954,-8.819,-152.455,13.332,7.163,0.974,1
443.885,-8.380,-150.575,11.484,8.973,0.745,0
450.578,-8.062,-153.577,5.421,3.076,0.798,0
455.821,-7.529,-150.498,12.764,10.135,0.960,1
-798.897,-15.132,-86.842,7.466,4.033,0.853,1
-791.995,-15.133,-88.920,9.770,6.440,0.821,1
-784.214,-15.132,-87.486,10.229,6.031,0.898,0
-779.711,-15.111,-90.305,12.625,8.601,0.941,0
-773.943,-14.622,-90.500,10.713,6.558,0.979,0
-763.161,-13.685,-93.401,12.388,6.707,0.770,0
-707.296,-13.889,-92.083,8.861,7.098,0.773,0
-701.217,-14.547,-92.452,12.169,9.437,0.913,1
-697.705,-14.959,-95.448,10.345,8.354,0.933,0
-688.992,-15.125,-96.554,8.608,5.508,0.960,0
-682.637,-15.126,-94.829,6.868,5.100,0.998,0
-674.367,-15.124,-95.683,5.418,3.074,0.975,0
-670.222,-15.124,-93.675,8.485,6.702,0.928,1
-658.749,-14.108,-96.305,9.513,5.374,0.774,1
-654.622,-13.604,-99.429,9.334,5.715,0.779,1
-645.451,-13.744,-98.549,5.491,3.981,0.880,0
-641.502,-14.077,-96.150,11.707,9.054,0.764,1
-631.882,-12.551,-100.497,8.999,4.999,0.787,1
-623.096,-12.274,-96.426,9.828,7.559,0.832,1
-618.582,-12.286,-96.297,12.152,8.959,0.784,1
-612.742,-12.278,-102.103,6.445,3.695,0.976,0
-606.495,-12.308,-97.825,7.247,3.849,0.732,0
-600.368,-12.324,-97.347,6.205,5.033,0.983,0
-590.499,-11.604,-102.824,12.179,6.982,0.837,0
-528.154,-10.657,-105.718,10.565,6.644,0.730,0
-449.676,-10.932,-110.181,5.800,3.193,0.914,0
-446.141,-10.982,-108.026,11.469,7.381,0.753,1
-437.137,-11.025,-107.029,9.749,5.955,0.781,0
-428.382,-11.026,-111.434,9.142,6.999,0.852,1
-421.388,-11.062,-109.215,11.992,7.348,0.968,1
-417.890,-11.047,-112.920,5.667,3.592,0.812,0
-407.530,-11.094,-111.254,12.403,7.496,0.875,1
-402.571,-11.106,-112.154,10.064,7.496,0.773,0
-392.369,-11.168,-109.139,7.049,4.150,0.810,1
-383.423,-11.204,-110.708,6.832,3.848,0.827,1
-372.063,-13.009,-115.186,4.808,2.850,0.742,0
-367.241,-13.097,-115.617,7.789,5.607,0.780,1
-360.065,-11.836,-114.927,6.643,5.312,0.775,0
-355.139,-10.172,-111.206,11.448,7.150,0.929,0
-348.799,-12.099,-115.798,7.284,4.436,0.954,0
-337.269,-10.873,-113.736,11.241,9.120,0.998,0
-325.946,-10.158,-112.895,9.387,6.244,0.828,1
-319.906,-10.800,-114.232,11.456,8.983,0.855,1
-309.140,-11.264,-115.486,8.641,4.893,0.770,1
-305.102,-11.456,-115.985,10.780,7.037,0.866,1
-294.750,-11.172,-115.582,12.032,9.010,0.854,1
-291.208,-10.669,-114.850,9.838,6.295,0.968,1
-285.566,-11.445,-116.359,13.330,10.187,0.904,0
-275.420,-11.371,-116.406,5.934,3.254,0.974,1
-268.489,-11.727,-117.246,4.872,3.787,0.874,1
-257.476,-11.293,-116.723,9.534,5.801,0.900,0
-242.726,-12.051,-118.271,10.950,7.759,0.962,0
-235.531,-11.812,-118.216,10.598,7.636,0.880,1
-226.657,-14.772,-122.948,9.466,6.460,0.824,0
-200.010,-15.252,-122.228,12.989,9.635,0.873,0
-177.470,-16.406,-122.685,8.078,5.327,0.969,1
-173.014,-16.166,-123.257,11.960,6.627,0.776,1
-164.135,-15.502,-126.779,5.198,3.232,0.980,0
-158.165,-15.540,-123.861,10.011,7.183,0.770,1
-151.899,-15.366,-123.466,8.560,6.735,0.764,1
240.512,-18.362,-150.444,9.229,6.382,0.845,1
256.079,-18.371,-148.328,9.492,6.961,0.934,1
259.369,-18.367,-148.873,7.932,4.753,0.867,0
291.525,-18.212,-152.360,12.230,9.335,0.923,0
295.468,-18.169,-153.622,5.486,3.163,0.979,1
303.250,-18.011,-149.803,5.319,4.043,0.958,1
333.711,-17.150,-150.872,6.185,3.706,0.963,1
340.712,-16.928,-154.244,12.938,6.871,0.886,1
344.879,-16.736,-155.072,4.695,3.175,0.911,0
354.953,-16.150,-154.912,5.746,3.584,0.887,1
357.728,-16.036,-156.905,5.310,4.042,0.986,1
369.227,-15.008,-155.471,12.268,8.428,0.738,0
373.195,-14.589,-154.837,5.278,4.223,0.771,1
382.555,-13.805,-158.580,13.180,10.214,0.856,0
387.498,-13.043,-155.027,12.762,7.722,0.777,0
395.696,-12.167,-154.187,6.599,4.679,0.933,1
399.750,-11.843,-154.663,13.180,9.375,0.739,1
406.783,-11.341,-156.528,8.211,5.329,0.986,1
417.832,-10.657,-159.970,13.083,8.687,0.838,1
428.022,-9.978,-160.359,11.050,6.884,0.746,0
435.325,-9.357,-158.201,11.017,8.611,0.796,0
441.794,-8.937,-158.777,7.169,5.722,0.999,0
452.434,-8.162,-158.209,11.206,6.475,0.925,1
455.452,-7.988,-159.082,12.699,8.285,0.788,0
-795.494,-15.123,-95.040,12.508,9.637,0.963,0
-786.057,-15.122,-96.422,8.265,4.542,0.798,0
-777.704,-14.893,-95.982,9.279,7.527,0.828,0
-775.601,-14.718,-95.540,4.679,2.624,0.924,0
-764.526,-13.775,-96.228,7.373,5.333,0.989,0
-707.826,-13.918,-102.109,5.654,4.489,0.798,1
-705.391,-14.174,-100.686,11.542,6.650,0.921,1
-698.160,-14.951,-99.599,8.266,4.857,0.909,0
-689.958,-15.119,-103.608,5.143,3.042,0.788,1
-674.645,-15.120,-103.490,6.136,4.488,0.912,1
-668.534,-15.120,-103.511,8.097,4.742,0.745,0
-662.216,-14.510,-105.351,7.850,6.180,0.927,0
-651.593,-12.885,-103.892,9.444,7.498,0.732,1
-646.138,-13.207,-101.892,11.924,7.305,0.819,1
-639.932,-12.486,-106.394,8.305,5.516,0.849,0
-632.314,-12.606,-105.190,5.951,4.396,0.821,0
-626.748,-12.244,-105.800,7.951,5.050,0.833,0
-621.091,-12.256,-103.916,11.621,8.364,0.822,0
-612.380,-12.255,-108.938,12.692,9.364,0.899,0
-598.778,-12.049,-105.982,7.197,5.823,0.809,1
-593.175,-11.542,-108.457,6.782,4.542,0.852,1
-582.133,-10.660,-110.635,8.244,5.851,0.870,0
-453.148,-10.803,-116.093,12.915,6.719,0.867,1
-442.258,-10.927,-115.239,11.407,7.557,0.759,1
-440.279,-10.918,-116.955,9.247,7.238,0.910,1
-430.183,-10.942,-118.906,10.136,7.512,0.809,0
-417.232,-11.015,-117.985,13.096,8.167,0.935,0
-409.595,-11.056,-115.755,12.779,9.794,0.732,1
-403.638,-11.073,-116.357,11.632,7.610,0.737,0
-397.470,-11.095,-116.439,10.146,7.499,0.859,1
-389.909,-11.111,-117.407,11.805,8.328,0.783,1
-379.472,-11.154,-118.121,10.653,8.366,0.933,1
-373.288,-12.583,-120.376,11.497,9.021,0.914,1
-359.954,-14.827,-121.893,6.681,4.427,0.936,1
-353.023,-13.983,-119.868,6.512,5.153,0.861,1
-348.505,-15.392,-123.098,8.313,6.641,0.765,1
-339.335,-14.123,-120.608,8.091,5.524,0.966,0
-330.916,-15.778,-124.017,10.732,7.253,0.898,1
-323.604,-16.000,-124.519,8.159,5.402,0.769,1
-318.115,-14.464,-121.440,12.176,6.660,0.765,0
-314.229,-15.709,-123.858,10.276,7.091,0.966,1
-305.262,-16.591,-125.542,12.897,10.149,0.859,0
-297.922,-15.963,-124.320,7.964,6.202,0.986,1
-288.195,-16.899,-127.330,8.603,7.016,0.741,0
-286.355,-16.904,-126.330,8.572,6.371,0.804,0
-278.437,-15.362,-123.264,13.075,9.744,0.750,1
-272.580,-16.036,-124.446,9.755,7.019,0.811,1
-261.749,-16.345,-125.070,6.548,3.763,0.805,1
-255.207,-16.883,-128.776,9.736,7.493,0.765,1
-251.354,-16.697,-125.726,5.812,3.375,0.997,1
-242.551,-16.826,-127.253,5.503,4.300,0.953,0
-233.979,-16.785,-128.093,7.379,5.471,0.956,1
-227.953,-16.632,-125.824,9.558,7.830,0.920,0
-222.451,-16.729,-130.548,12.769,10.264,0.757,0
-211.398,-16.673,-131.894,8.611,5.283,0.955,1
-205.120,-16.628,-126.880,7.283,4.774,0.751,0
-200.839,-16.612,-128.683,5.343,3.245,0.999,0
-194.488,-16.583,-128.717,6.346,3.847,0.928,1
-185.219,-16.283,-128.151,12.831,9.474,0.742,0
-172.279,-15.673,-128.561,8.858,4.719,0.759,1
255.465,-18.370,-155.175,5.125,3.217,0.731,1
268.094,-18.364,-156.632,6.729,5.099,0.744,1
282.250,-18.313,-159.334,10.308,6.489,0.791,1
288.888,-18.259,-156.355,9.878,6.068,0.923,1
298.452,-18.158,-159.960,6.790,4.978,0.743,0
301.696,-18.121,-160.362,6.276,5.141,0.748,0
310.986,-17.923,-157.303,9.275,6.598,0.760,1
340.858,-17.030,-158.512,12.274,8.336,0.986,0
347.505,-16.715,-159.890,7.667,4.614,0.734,0
351.882,-16.488,-160.313,10.666,8.108,0.745,1
356.270,-16.301,-162.294,11.056,6.111,0.911,0
365.138,-15.651,-162.230,12.838,8.191,0.809,0
370.631,-15.083,-160.171,13.352,9.661,0.850,1
378.627,-14.588,-164.738,5.759,4.371,0.852,0
387.238,-13.708,-165.726,13.196,10.042,0.761,0
394.043,-12.746,-161.991,8.294,5.000,0.983,0
402.509,-12.066,-163.979,12.413,9.133,0.771,1
406.302,-11.863,-166.707,5.599,3.938,0.787,0
430.511,-10.037,-166.072,12.988,9.054,0.779,0
436.188,-9.748,-168.145,9.233,5.916,0.866,0
443.023,-9.168,-165.529,6.846,3.718,0.812,0
449.240,-8.664,-163.868,12.097,6.988,0.974,1
458.067,-8.209,-166.488,5.479,2.944,0.734,0
462.092,-7.930,-166.679,7.101,4.842,0.877,0
-796.398,-15.103,-105.714,13.266,7.387,0.802,1
-786.951,-15.110,-102.747,8.074,4.570,0.749,1
-782.346,-15.106,-105.122,5.767,3.217,0.764,1
-773.903,-14.506,-104.608,5.777,4.220,0.953,1
-764.473,-13.718,-102.997,11.120,7.098,0.848,1
-761.229,-13.410,-107.625,10.234,5.425,0.773,0
-715.536,-13.118,-109.467,8.038,4.457,0.930,1
-710.844,-13.621,-108.738,10.204,7.450,0.989,0
-702.802,-14.493,-108.308,13.189,9.919,0.868,0
-695.173,-15.115,-106.154,7.555,5.442,0.758,0
-690.179,-15.116,-106.248,12.156,8.709,0.943,1
-681.515,-15.115,-107.903,4.914,3.678,0.927,1
-674.811,-15.113,-108.979,11.590,8.165,0.991,0
-669.006,-15.107,-110.958,11.824,6.992,0.915,1
-659.950,-14.144,-110.161,8.525,6.056,0.883,1
-653.788,-13.154,-110.936,4.909,2.803,0.912,0
-648.849,-12.360,-111.330,4.604,3.477,0.830,1
-639.692,-12.224,-114.508,4.973,2.794,0.916,0
-634.271,-12.230,-110.125,8.253,4.548,0.984,0
-624.930,-12.233,-112.676,5.648,3.210,0.804,0
-617.599,-12.244,-111.801,8.506,5.169,0.991,1
-614.658,-12.248,-111.755,8.585,5.274,0.747,1
-606.136,-12.189,-114.034,8.957,7.023,0.774,1
-599.702,-11.676,-115.512,5.098,3.773,0.751,1
-594.479,-11.408,-113.422,10.107,5.549,0.759,0
-533.707,-10.708,-118.884,12.660,10.071,0.954,1
-450.775,-10.690,-123.480,4.531,2.966,0.757,0
-444.437,-10.760,-123.459,11.610,8.359,0.862,1
-437.875,-10.797,-125.765,4.884,3.358,0.827,1
-432.302,-10.856,-126.089,6.259,4.256,0.920,0
-422.565,-10.940,-123.748,10.799,6.484,0.790,1
-415.582,-10.985,-123.050,6.725,3.753,0.888,1
-409.888,-11.011,-122.196,10.348,7.378,0.822,1
-402.412,-11.031,-123.208,12.226,8.643,0.942,1
-394.876,-11.218,-126.604,12.736,8.137,0.939,0
-390.840,-11.060,-124.495,8.087,4.851,0.992,0
-380.872,-11.078,-125.736,8.381,6.309,0.760,0
-372.659,-12.725,-125.443,12.510,7.878,0.878,1
-369.284,-13.749,-128.186,10.304,6.708,0.954,1
-360.656,-16.393,-126.936,11.077,8.453,0.832,1
-352.432,-16.626,-126.019,7.895,4.977,0.886,0
-345.609,-16.650,-127.812,12.124,8.763,0.902,0
-340.463,-16.671,-127.514,4.777,2.805,0.915,0
-332.752,-16.705,-127.852,11.964,6.725,0.941,1
-323.425,-16.742,-129.585,13.192,9.764,0.855,1
-321.350,-16.754,-128.755,13.477,10.945,0.805,0
-313.258,-16.789,-129.886,11.348,6.561,0.790,1
-307.379,-16.818,-129.617,9.772,7.108,0.855,1
-296.140,-16.861,-131.323,6.551,4.970,0.933,0
-289.022,-16.885,-133.012,12.979,7.430,0.909,1
-281.610,-16.908,-132.229,6.756,4.338,0.821,1
-275.530,-16.913,-135.062,13.019,8.953,0.997,0
-272.030,-16.916,-129.901,4.883,2.540,0.977,1
-261.765,-16.912,-135.893,6.104,4.140,0.934,1
-255.373,-16.899,-135.983,4.670,3.211,0.950,1
-247.705,-16.871,-135.017,7.059,3.934,0.992,1
-242.072,-16.845,-134.286,6.627,4.959,0.970,0
-234.057,-16.807,-134.863,6.066,4.515,0.757,1
-227.995,-16.771,-133.874,12.414,8.618,0.961,1
-223.840,-16.748,-134.030,4.503,2.579,0.935,1
-215.143,-16.698,-133.375,12.387,9.958,0.782,1
-199.004,-16.051,-138.907,13.148,8.474,0.978,0
-187.782,-15.648,-136.934,8.145,5.564,0.760,0
-179.315,-15.292,-136.443,6.074,4.225,0.765,1
-801.049,-15.089,-110.913,8.608,5.021,0.961,1
-792.083,-15.093,-110.114,7.093,4.494,0.826,1
-784.983,-15.100,-107.925,12.803,8.932,0.783,1
-780.159,-15.011,-108.550,8.763,5.847,0.945,1
-773.442,-14.415,-112.392,6.622,4.361,0.981,0
-765.633,-13.768,-110.052,11.237,6.514,0.966,1
-760.656,-13.345,-110.013,6.860,4.209,0.773,0
-715.590,-13.132,-114.167,6.154,4.708,0.751,1
-711.498,-13.571,-113.796,6.822,5.464,0.984,1
-705.806,-14.185,-115.888,5.738,4.016,0.961,0
-696.471,-15.094,-113.698,5.140,3.062,0.904,1
-692.144,-15.080,-118.234,9.524,5.157,0.810,1
-680.886,-15.085,-117.173,10.180,5.345,0.865,0
-675.703,-15.082,-118.349,10.766,5.613,0.945,0
-669.455,-15.086,-117.441,6.141,3.588,0.756,1
-663.385,-14.668,-119.351,9.574,6.225,0.769,1
-655.536,-13.434,-117.189,12.282,8.764,0.964,1
-650.810,-12.674,-119.745,9.748,6.108,0.750,1
-641.872,-12.222,-121.169,6.734,5.218,0.861,0
-634.766,-12.224,-118.498,12.216,7.094,1.000,0
-625.458,-12.228,-119.347,9.745,6.107,0.900,1
-620.473,-12.231,-117.676,7.731,6.176,0.797,1
-611.643,-12.195,-121.922,12.232,6.442,0.823,0
-604.031,-11.636,-122.764,9.761,7.006,0.876,1
-596.416,-11.226,-120.341,8.487,6.621,0.915,1
-593.094,-10.958,-121.175,13.496,8.807,0.955,0
-535.790,-10.687,-122.906,7.385,5.167,0.962,0
-474.338,-9.330,-126.441,7.941,4.469,0.942,0
-444.636,-10.558,-131.889,11.969,8.847,0.901,0
-437.991,-10.715,-128.778,8.010,6.528,0.884,1
-429.769,-10.722,-132.128,7.185,3.845,0.830,0
-423.370,-10.857,-128.729,8.979,5.752,0.828,0
-420.076,-10.825,-131.297,8.598,6.664,0.974,1
-413.053,-10.914,-129.431,8.206,5.915,0.887,0
-404.107,-10.960,-131.291,12.213,9.088,0.966,0
-396.347,-10.963,-134.172,4.772,3.701,0.985,0
-387.884,-13.014,-132.574,7.457,4.486,0.981,0
-377.599,-13.667,-134.667,11.674,8.346,0.940,0
-369.261,-14.066,-135.818,7.108,5.270,0.944,0
-360.647,-16.382,-134.631,8.915,6.581,0.897,1
-351.886,-16.603,-137.761,6.578,4.790,0.995,1
-348.161,-16.619,-136.259,10.269,6.984,0.854,0
-342.973,-16.639,-137.035,12.472,10.191,0.867,0
-336.050,-16.667,-136.966,4.863,3.411,0.917,0
-325.084,-16.711,-138.320,4.541,2.610,0.868,1
-318.516,-16.740,-138.784,13.102,9.950,0.947,0
-314.555,-16.766,-135.827,6.338,3.928,0.977,0
-304.180,-16.811,-137.387,11.132,6.157,0.940,0
-299.766,-16.827,-138.863,5.306,3.217,0.841,0
-289.430,-16.877,-135.989,7.660,6.169,0.889,1
-282.100,-16.896,-137.262,6.232,4.555,0.910,0
-277.956,-16.909,-136.866,6.949,5.235,0.757,1
-271.327,-16.916,-139.391,5.151,3.812,0.784,1
-265.449,-16.915,-139.390,9.097,5.805,0.830,1
-258.068,-16.910,-137.771,7.928,4.895,0.785,0
-251.175,-16.898,-141.877,8.162,4.515,0.731,0
-242.233,-16.861,-140.587,9.087,5.572,0.887,1
-235.251,-16.833,-141.063,6.460,4.116,0.991,0
-226.976,-16.784,-139.821,7.286,4.437,0.908,1
-224.469,-16.787,-145.119,8.576,6.765,0.789,1
-213.367,-16.386,-144.291,10.105,5.844,0.872,0
-210.298,-16.510,-140.682,5.247,3.966,0.941,0
-199.995,-15.660,-144.215,10.939,6.466,0.745,1
-193.280,-15.132,-146.213,10.325,6.438,0.915,0
-187.651,-14.787,-146.887,8.053,5.068,0.826,0
-794.362,-15.072,-116.857,10.718,6.630,0.867,0
-790.862,-15.070,-117.834,12.444,7.060,0.986,1
-779.667,-14.903,-118.426,6.133,5.003,0.975,1
-774.192,-14.444,-117.460,10.097,7.106,0.799,0
-767.250,-13.846,-118.521,7.530,3.975,0.738,1
-702.430,-14.560,-122.518,3.651,2.496,0.765,0
-694.811,-15.062,-123.697,12.011,7.242,0.797,0
-693.098,-15.064,-123.225,12.360,8.859,0.864,1
-683.594,-15.071,-121.571,10.546,6.458,0.825,0
-677.494,-15.073,-121.071,7.382,4.257,0.862,0
-664.854,-14.878,-126.339,4.622,3.163,0.854,0
-653.554,-13.096,-126.677,6.734,4.679,0.934,0
-641.971,-12.222,-124.968,7.856,4.646,0.940,1
-633.463,-12.222,-127.043,9.271,5.065,0.935,0
-629.363,-12.222,-127.839,11.590,8.881,0.810,1
-618.336,-12.225,-128.294,11.864,8.045,0.782,0
-612.340,-12.037,-126.128,12.661,10.262,0.868,1
-606.662,-11.543,-128.405,12.127,6.510,0.742,1
-597.322,-10.873,-129.199,11.393,5.995,0.781,1
-538.986,-10.647,-128.838,9.058,4.723,0.850,0
-473.717,-9.613,-135.826,8.546,4.968,0.887,1
-454.657,-10.406,-138.403,11.002,8.374,0.809,0
-445.179,-10.486,-136.724,8.517,5.465,0.928,0
-441.066,-10.506,-135.158,6.748,4.494,0.830,1
-433.766,-10.563,-136.104,9.383,7.503,0.971,1
-419.226,-10.676,-138.780,6.138,4.133,0.780,0
-412.266,-10.731,-138.968,6.064,3.229,0.918,0
-399.139,-10.866,-142.274,13.140,10.075,0.921,1
-392.429,-12.012,-140.581,6.121,4.784,0.839,0
-377.712,-16.032,-142.614,8.624,5.937,0.989,1
-371.819,-16.367,-143.608,12.086,6.618,0.877,1
-357.096,-16.581,-140.242,13.352,8.668,0.964,0
-350.110,-16.597,-144.489,10.971,6.935,0.765,1
-339.510,-16.638,-143.481,7.778,4.655,0.744,1
-333.484,-16.669,-140.609,13.104,10.234,0.775,0
-324.281,-16.706,-141.393,11.107,7.141,0.852,0
-311.672,-16.749,-147.113,7.425,5.357,0.919,0
-305.377,-16.779,-146.637,5.221,3.480,0.946,0
-300.750,-16.806,-144.588,9.330,5.336,0.972,1
-291.750,-16.842,-146.731,6.087,4.650,0.831,0
-282.499,-16.877,-147.141,9.499,7.643,0.938,0
-279.216,-16.888,-146.419,12.482,7.726,0.798,1
-273.685,-16.900,-148.454,8.715,5.253,0.786,0
-251.686,-16.907,-146.586,5.838,4.539,0.818,0
-242.061,-16.874,-146.413,9.222,6.289,0.738,1
-234.045,-16.855,-151.073,10.348,7.999,0.904,0
-229.179,-16.698,-151.259,10.872,7.405,0.776,1
-219.610,-16.212,-150.807,9.193,5.300,0.953,1
-217.745,-16.290,-148.517,4.756,2.480,0.892,0
-187.943,-14.557,-149.757,5.591,4.064,0.836,1
-800.815,-15.053,-123.030,13.447,10.354,0.990,1
-793.172,-15.057,-122.103,10.369,5.635,0.975,1
-790.859,-15.056,-122.344,7.412,4.240,0.736,1
-780.210,-14.891,-126.689,12.779,8.839,0.893,1
-773.601,-14.356,-122.814,10.786,7.368,0.941,0
-762.593,-13.394,-126.124,10.932,5.762,0.872,0
-692.695,-15.053,-130.675,11.513,8.574,0.808,1
-683.681,-15.003,-129.887,5.515,3.778,0.988,1
-675.143,-13.957,-132.809,9.870,5.965,0.739,0
-667.495,-14.492,-129.504,8.650,6.971,0.937,0
-660.608,-14.206,-129.117,5.030,4.093,0.824,1
-657.424,-13.700,-134.515,7.112,4.269,0.903,0
-640.601,-12.222,-130.685,5.733,4.172,0.982,1
-632.161,-12.222,-131.073,6.921,4.561,0.867,1
-626.233,-12.222,-133.777,10.298,6.500,0.813,1
-620.530,-12.150,-134.581,9.664,7.562,0.835,1
-616.592,-11.942,-133.617,4.888,3.934,0.804,0
-604.948,-11.176,-133.486,6.107,3.367,0.938,1
-545.438,-10.576,-140.330,6.893,4.696,0.988,0
-539.050,-9.127,-139.170,8.243,6.516,0.949,1
-474.413,-9.705,-141.504,11.068,7.088,0.903,0
-466.095,-10.403,-142.240,8.570,5.701,0.962,0
-459.511,-10.395,-144.451,5.441,3.979,0.869,0
-453.012,-10.387,-142.179,9.265,5.350,0.993,1
-440.110,-10.378,-145.047,6.155,4.984,0.839,1
-429.761,-10.376,-147.153,8.696,6.519,0.913,1
-416.018,-10.545,-146.928,7.603,5.123,0.964,1
-408.711,-10.688,-143.724,6.654,3.879,0.910,0
-401.983,-11.231,-145.522,7.403,5.704,0.844,0
-396.292,-11.391,-145.770,5.805,4.385,0.844,1
-388.904,-13.047,-147.623,11.238,8.625,0.995,1
-385.850,-13.989,-147.869,11.974,9.034,0.812,1
-374.352,-16.439,-150.290,11.245,6.702,0.847,0
-359.957,-16.546,-151.244,6.705,4.303,0.736,1
-354.027,-16.575,-148.775,6.113,4.105,0.767,1
-349.034,-16.589,-150.405,12.150,9.032,0.911,1
-343.720,-16.613,-147.532,11.634,7.501,0.823,1
-334.335,-16.637,-152.956,7.486,4.286,0.831,0
-325.311,-16.676,-152.071,10.258,7.129,0.836,1
-321.288,-16.695,-151.028,7.784,5.871,0.893,1
-312.888,-16.737,-149.432,10.549,7.849,0.860,0
-304.655,-16.765,-153.269,13.409,9.692,0.947,1
-299.517,-16.799,-149.473,7.466,5.599,0.916,0
-289.840,-16.839,-150.840,5.952,3.588,0.835,0
-284.828,-16.856,-152.552,10.217,7.587,0.738,0
-276.372,-16.889,-150.972,8.355,6.581,0.976,1
-268.741,-16.904,-154.889,12.666,8.824,0.974,0
-264.397,-16.914,-152.651,4.628,3.677,0.962,0
-254.786,-16.917,-154.774,8.741,4.783,0.778,1
-251.299,-16.911,-152.245,12.907,9.706,0.794,0
-240.791,-16.888,-153.756,12.370,9.319,0.851,0
-236.579,-16.716,-156.085,10.682,7.109,0.954,1
-231.228,-16.481,-155.446,11.943,6.820,0.820,0
-802.501,-15.068,-128.884,5.577,3.182,0.839,1
-797.354,-15.083,-130.560,6.991,5.475,0.803,1
-791.525,-15.101,-132.986,11.513,9.049,0.753,0
-779.937,-14.821,-133.511,11.621,6.895,0.783,1
-772.753,-14.229,-130.200,7.572,5.456,0.737,1
-769.022,-13.874,-135.055,7.492,4.357,0.804,0
-689.604,-15.050,-139.691,6.438,4.808,0.787,0
-686.943,-15.050,-138.957,10.204,8.098,0.800,0
-670.447,-12.869,-139.544,13.458,7.816,0.804,1
-661.893,-12.806,-140.020,8.729,4.892,0.924,0
-656.726,-12.824,-140.009,5.404,2.876,0.829,1
-647.929,-12.213,-137.298,6.164,3.696,0.973,0
-640.090,-12.216,-140.868,6.527,4.073,0.937,1
-636.176,-12.221,-137.519,9.948,7.240,0.744,1
-631.116,-12.221,-142.296,12.509,6.835,0.975,1
-622.960,-11.845,-142.883,13.317,8.213,0.936,0
-613.432,-11.467,-138.668,12.934,8.174,0.888,0
-609.855,-10.947,-143.978,11.592,9.336,0.777,1
-542.193,-8.965,-147.200,5.030,3.722,0.757,0
-539.289,-8.939,-143.720,4.479,2.379,0.745,1
-490.739,-8.351,-149.807,7.838,4.530,0.741,1
-473.874,-10.047,-149.947,12.425,8.596,0.820,1
-461.346,-10.419,-149.629,11.511,8.802,0.821,1
-447.585,-10.403,-149.889,6.003,4.783,0.810,0
-441.450,-10.399,-150.150,5.589,4.160,0.750,0
-432.485,-10.394,-151.010,13.269,10.771,0.755,1
-425.858,-10.401,-154.376,8.908,6.461,0.750,0
-417.575,-10.448,-154.487,5.149,3.753,0.774,1
-412.673,-10.961,-150.033,4.931,2.972,0.824,1
-407.126,-12.708,-151.352,9.951,6.241,0.756,1
-398.068,-13.795,-154.106,6.435,4.462,0.910,0
-391.114,-13.868,-154.072,6.642,3.901,0.838,1
-383.968,-14.644,-156.480,4.961,3.937,0.793,1
-377.513,-16.356,-157.023,10.768,8.003,0.753,1
-368.344,-16.481,-154.012,7.442,6.045,0.816,1
-364.060,-16.506,-156.266,5.564,3.722,0.872,0
-355.624,-16.556,-154.160,4.966,3.996,0.930,0
-349.820,-16.570,-157.847,8.509,6.634,0.740,1
-340.624,-16.608,-155.690,12.007,8.327,0.835,0
-336.293,-16.618,-158.750,6.749,3.675,0.777,1
-321.311,-16.676,-159.114,12.388,9.161,0.761,0
-312.084,-16.719,-157.605,8.178,5.488,0.819,0
-308.911,-16.734,-157.423,9.697,6.030,0.821,1
-297.353,-16.788,-157.268,6.815,4.315,0.973,0
-290.787,-16.810,-160.071,5.224,3.621,0.898,1
-287.792,-16.822,-160.846,13.104,7.501,0.966,1
-280.334,-16.854,-160.384,11.134,7.338,0.738,1
-270.307,-16.888,-163.389,12.598,9.776,0.905,1
-264.365,-16.905,-159.429,7.692,4.503,0.958,0
-256.334,-16.915,-161.664,12.840,9.404,0.960,0
-250.162,-16.915,-159.413,5.983,3.945,0.796,0
-243.369,-16.390,-164.572,12.722,9.932,0.909,1
-236.338,-16.064,-164.124,11.013,8.941,0.874,0
-229.998,-15.785,-163.468,13.111,6.941,0.760,1
-225.789,-15.368,-165.917,11.298,6.479,0.781,1
-794.443,-15.160,-139.830,11.041,8.626,0.891,0
-786.775,-15.148,-140.847,6.732,4.643,0.893,1
-782.459,-15.004,-138.884,10.385,6.643,0.928,1
-773.662,-14.231,-141.114,7.468,4.163,0.892,1
-769.361,-13.883,-137.984,11.246,8.308,0.855,1
-763.912,-13.392,-141.149,6.202,4.251,0.915,1
-696.568,-15.051,-141.672,6.686,5.048,0.938,1
-689.488,-15.050,-141.571,8.821,6.215,0.916,1
-687.189,-15.049,-142.645,12.072,7.424,0.855,0
-678.477,-14.151,-146.472,5.343,4.243,0.786,1
-670.334,-12.842,-145.800,10.526,5.503,0.738,1
-660.937,-12.164,-144.520,10.766,6.016,0.887,1
-657.573,-12.175,-144.742,7.792,4.344,0.786,0
-647.942,-12.207,-143.946,7.829,5.787,0.928,1
-643.742,-12.207,-148.832,12.328,8.497,0.736,1
-636.147,-12.213,-149.681,9.952,7.138,0.969,1
-626.413,-11.614,-150.284,6.184,4.849,0.900,1
-621.627,-11.411,-148.848,11.599,9.511,0.923,0
-614.402,-10.968,-148.749,7.010,4.271,0.953,0
-552.439,-10.538,-151.927,7.737,4.161,0.841,0
-546.231,-9.014,-151.201,6.693,5.059,0.773,1
-490.384,-8.617,-155.008,6.084,3.651,0.817,0
-482.662,-9.428,-156.162,7.346,4.426,0.898,1
-474.270,-10.331,-157.754,6.927,4.822,0.842,0
-468.652,-10.460,-158.849,10.507,7.281,0.822,1
-460.573,-10.449,-157.751,8.629,4.909,0.793,0
-453.670,-10.435,-155.855,11.434,8.029,0.897,0
-446.779,-10.444,-160.087,5.551,3.236,0.968,1
-431.670,-10.425,-159.183,12.030,8.186,0.985,0
-425.087,-10.429,-161.775,11.663,9.354,0.856,0
-421.146,-10.412,-158.689,5.369,3.673,0.856,1
-402.986,-13.959,-157.533,9.455,5.957,0.854,0
-397.557,-15.650,-160.671,10.963,7.605,0.943,0
-388.188,-15.593,-159.884,5.219,3.696,0.965,0
-383.397,-15.989,-161.071,4.543,3.480,0.803,1
-377.469,-16.319,-162.624,11.350,8.584,0.853,0
-369.946,-16.402,-163.092,7.416,5.016,0.768,1
-363.426,-16.481,-161.928,9.298,6.515,0.935,1
-357.403,-16.527,-163.717,7.666,6.117,0.804,1
-348.673,-16.564,-162.096,9.416,5.427,0.785,1
-333.465,-16.619,-163.328,8.687,6.113,0.941,0
-330.428,-16.625,-165.728,6.127,3.276,0.968,1
-322.750,-16.656,-164.947,5.955,3.110,0.748,1
-312.059,-16.704,-163.718,13.206,8.423,0.864,0
-308.262,-16.709,-168.170,9.725,7.354,0.779,0
-301.608,-16.738,-168.362,10.484,8.159,0.909,1
-294.983,-16.769,-167.935,9.165,5.819,0.750,1
-277.305,-16.849,-167.633,12.867,7.258,0.751,1
-263.821,-16.895,-169.844,9.902,5.926,0.919,0
-255.808,-16.622,-169.268,8.971,5.060,0.839,1
-250.344,-16.414,-168.544,8.542,4.466,0.844,1
-243.270,-16.200,-166.827,11.101,6.627,0.901,0
-239.505,-15.633,-171.451,8.507,5.897,0.915,1
-230.760,-15.380,-169.053,6.810,4.938,0.823,1
-225.633,-15.130,-168.827,10.802,6.034,0.834,1
-801.443,-15.237,-143.054,4.759,3.342,0.763,0
-794.172,-15.213,-144.350,8.160,6.412,0.963,1
-789.084,-15.174,-142.945,8.432,4.597,0.894,0
-783.098,-15.031,-143.706,4.919,3.576,0.827,1
-777.157,-14.514,-143.830,9.960,5.387,0.904,1
-766.163,-13.549,-146.127,8.259,5.006,0.827,1
-676.038,-13.745,-150.404,9.542,7.273,0.874,0
-649.186,-12.180,-154.737,11.158,8.217,0.902,0
-644.296,-12.190,-156.089,11.239,6.059,0.774,1
-638.501,-12.199,-152.370,8.761,4.774,0.872,0
-631.424,-11.659,-154.161,4.825,2.735,0.796,0
-620.924,-10.862,-156.958,9.176,5.525,0.916,0
-614.014,-10.584,-154.722,11.587,6.715,0.841,0
-560.789,-10.297,-160.030,6.636,4.168,0.954,1
-481.621,-9.784,-161.443,9.609,5.281,0.874,0
-477.845,-10.158,-161.568,11.310,7.264,0.975,0
-470.331,-10.477,-163.768,7.616,4.248,0.869,0
-458.988,-10.472,-166.733,6.414,4.228,0.751,0
-453.873,-10.466,-165.759,12.704,8.294,0.900,0
-445.588,-10.453,-163.058,12.932,8.942,0.837,0
-442.938,-10.459,-167.743,10.034,6.160,0.950,1
-432.248,-10.445,-166.228,8.373,5.330,0.828,0
-427.498,-10.437,-164.248,10.212,6.702,0.998,1
-419.531,-10.437,-168.103,13.182,7.959,0.785,1
-413.128,-10.706,-167.119,9.490,5.269,0.970,0
-402.662,-14.027,-166.086,5.859,3.510,0.948,0
-400.562,-14.701,-168.894,4.987,2.993,0.764,0
-388.701,-16.178,-166.012,5.555,3.561,0.822,0
-386.314,-16.184,-168.601,4.805,3.376,0.929,1
-380.069,-16.249,-168.468,6.941,4.592,0.941,1
-368.202,-16.387,-170.776,6.219,3.579,0.877,1
-365.966,-16.421,-168.683,4.607,2.503,0.955,1
-356.695,-16.516,-167.768,10.930,7.485,0.812,0
-348.449,-16.546,-172.949,10.392,5.628,0.881,1
-343.778,-16.567,-171.295,11.658,7.266,0.787,1
-336.439,-16.589,-172.908,6.465,4.907,0.787,1
-330.357,-16.610,-172.810,9.277,7.336,0.980,0
-322.322,-16.643,-171.577,12.803,8.493,0.863,1
-312.788,-16.681,-171.711,5.518,4.502,0.800,0
-306.024,-16.712,-170.755,11.104,7.852,0.827,1
-301.785,-16.725,-173.145,11.273,6.174,0.916,0
-295.116,-16.760,-171.192,6.022,4.272,0.868,0
-288.399,-16.788,-172.307,12.296,9.034,0.957,0
-279.864,-16.823,-173.710,11.796,9.507,0.825,1
-272.113,-16.779,-176.480,7.010,4.838,0.866,1
-263.122,-16.675,-172.811,7.969,6.069,0.914,0
-252.568,-15.791,-177.269,9.828,7.769,0.823,0
-242.414,-15.357,-176.551,12.025,6.689,0.836,0
-239.665,-15.294,-175.678,9.860,5.984,0.818,0
-232.991,-15.077,-174.222,6.647,3.786,0.920,1
-795.066,-15.387,-154.825,7.631,5.911,0.882,0
-789.029,-15.350,-154.830,7.452,3.935,0.833,0
-781.893,-14.827,-152.789,10.537,7.826,0.779,1
-776.689,-14.391,-152.681,13.299,8.227,0.800,0
-770.950,-13.918,-150.879,10.056,7.602,0.808,0
-645.795,-12.129,-159.037,10.175,5.580,0.875,0
-635.507,-11.309,-162.377,5.436,4.368,0.828,0
-627.749,-10.948,-161.477,7.984,5.616,0.748,0
-623.987,-10.781,-160.815,9.602,7.866,0.786,1
-557.272,-8.902,-164.688,4.234,2.622,0.987,1
-470.695,-10.494,-172.410,8.911,6.293,0.902,0
-460.245,-10.484,-172.044,12.260,9.744,0.841,0
-453.428,-10.473,-169.302,7.981,5.713,0.745,1
-446.455,-10.474,-173.291,10.926,8.270,0.857,1
-442.370,-10.470,-173.781,12.257,8.814,0.878,1
-433.531,-10.462,-174.295,13.005,7.365,0.993,0
-427.072,-10.450,-171.036,6.910,4.928,0.839,0
-417.362,-10.443,-172.042,9.602,5.590,0.860,1
-415.272,-10.450,-176.361,11.980,6.839,0.895,0
-403.705,-13.715,-173.477,6.768,5.274,0.917,1
-399.793,-14.955,-172.751,8.987,4.901,0.948,1
-391.291,-16.167,-174.847,5.812,3.134,0.938,1
-384.652,-16.180,-177.938,8.608,4.646,0.951,1
-376.120,-16.243,-176.184,13.363,8.407,0.758,0
-369.276,-16.327,-177.628,11.520,8.449,0.856,0
-366.463,-16.366,-177.482,5.607,4.052,0.758,1
-356.783,-16.477,-176.024,5.447,4.206,0.794,1
-350.556,-16.508,-178.484,11.685,9.144,0.913,1
-342.162,-16.564,-176.841,10.985,8.027,0.935,0
-334.649,-16.587,-177.843,7.675,4.688,0.919,0
-330.177,-16.603,-176.953,8.010,5.885,0.996,1
-323.482,-16.623,-178.465,9.207,7.186,0.798,1
-306.194,-16.685,-181.460,8.315,5.221,0.880,1
-298.301,-16.724,-179.420,11.570,9.138,0.816,0
-293.804,-16.741,-180.762,5.689,3.775,0.855,1
-288.984,-16.759,-181.912,8.130,6.420,0.901,1
-278.163,-16.627,-181.472,10.710,6.245,0.834,0
-272.984,-16.332,-182.192,12.646,9.126,0.981,1
-266.703,-16.152,-180.912,7.421,4.102,0.764,0
-259.996,-15.726,-182.210,9.520,7.115,0.885,0
-254.481,-15.213,-185.160,8.646,6.883,0.785,1
-796.642,-15.421,-156.339,5.573,3.653,0.921,0
-792.056,-15.420,-157.960,6.838,3.971,0.902,0
-784.047,-14.899,-161.898,6.189,5.070,0.732,0
-777.678,-14.415,-157.386,10.182,6.763,0.831,1
-561.986,-8.693,-173.077,4.309,3.307,0.969,1
-474.305,-10.507,-178.011,5.892,4.704,0.997,1
-470.214,-10.500,-175.921,6.837,5.135,0.936,0
-464.251,-10.503,-180.435,6.285,4.923,0.960,0
-455.171,-10.495,-180.167,12.026,6.767,0.785,1
-450.000,-10.492,-181.135,11.053,8.756,0.792,1
-438.850,-10.479,-179.782,13.336,8.014,0.901,0
-433.053,-10.476,-181.424,5.508,4.389,0.935,1
-429.593,-11.294,-182.483,10.802,6.767,0.998,1
-418.591,-11.345,-182.586,11.572,8.743,0.749,1
-414.349,-10.454,-178.561,12.266,8.339,0.761,1
-406.990,-12.701,-182.157,9.971,5.841,0.974,0
-396.554,-16.030,-183.744,6.472,4.232,0.939,1
-389.618,-16.176,-181.739,9.471,5.597,0.766,1
-384.135,-16.177,-182.876,8.861,6.107,0.933,1
-377.106,-16.193,-182.009,8.015,5.716,0.802,0
-372.576,-16.231,-184.933,5.720,3.127,0.871,0
-367.024,-16.314,-183.937,7.550,4.592,0.999,1
-356.277,-16.451,-184.039,7.166,5.835,0.762,0
-352.381,-16.485,-181.549,10.398,5.879,0.824,1
-343.283,-16.538,-184.616,11.718,7.884,0.831,0
-335.898,-16.564,-187.616,5.829,4.097,0.811,0
-326.682,-16.597,-186.421,6.932,5.180,0.767,1
-320.547,-16.614,-188.503,8.449,4.768,0.745,1
-313.798,-16.637,-189.057,12.095,6.917,0.867,0
-310.585,-16.652,-187.944,11.552,8.159,0.900,1
-301.134,-16.687,-189.352,7.840,6.000,0.994,1
-295.162,-16.640,-190.162,8.043,4.699,0.807,0
-287.282,-16.374,-189.243,7.755,4.775,0.864,0
-277.955,-15.821,-190.906,8.432,6.386,0.778,0
-271.283,-15.640,-189.445,5.730,3.850,0.983,1
-269.134,-15.368,-191.458,7.468,4.053,0.747,1
-256.582,-15.123,-187.398,13.127,7.712,0.960,0
-255.211,-14.907,-189.175,7.217,4.042,0.807,0
-804.265,-15.577,-163.170,10.016,5.340,0.859,0
-799.041,-15.668,-167.824,7.240,3.962,0.773,0
-792.947,-15.593,-166.118,4.592,2.553,0.748,1
-784.082,-14.883,-164.248,13.262,7.251,0.820,1
-774.453,-14.051,-169.632,6.496,3.409,0.816,0
-482.604,-10.519,-186.558,5.819,4.097,0.765,0
-474.752,-10.516,-187.109,11.041,6.553,0.788,1
-471.586,-10.510,-182.445,6.640,3.598,0.948,0
-460.099,-10.503,-183.100,8.296,6.002,0.910,1
-457.344,-10.500,-182.910,6.328,4.666,0.865,1
-451.135,-10.500,-187.132,5.630,4.026,0.965,0
-442.839,-10.498,-188.160,9.457,6.676,0.858,1
-433.002,-10.487,-187.611,7.314,3.833,0.896,0
-425.708,-12.622,-187.892,12.915,8.513,0.872,0
-418.087,-12.214,-185.126,9.183,6.743,0.783,1
-414.179,-12.202,-185.101,8.304,6.655,0.938,0
-407.769,-12.483,-185.949,5.028,2.906,0.983,1
-400.266,-14.903,-190.681,10.897,8.568,0.833,1
-394.661,-16.219,-187.167,6.177,3.852,0.780,1
-384.101,-16.150,-190.789,12.649,7.627,0.814,1
-377.992,-16.152,-191.549,5.184,4.008,0.771,0
-371.665,-16.212,-192.719,6.936,4.833,0.818,0
-366.463,-16.271,-191.200,11.940,9.130,0.959,1
-355.992,-16.389,-193.411,9.833,6.841,0.799,1
-351.509,-16.441,-193.210,12.750,9.026,0.985,0
-345.964,-16.510,-188.812,4.894,2.885,0.902,0
-338.111,-16.546,-191.016,11.306,8.789,0.960,0
-331.861,-16.571,-190.847,8.648,5.699,0.776,0
-320.619,-16.604,-193.913,6.127,4.835,0.754,1
-317.982,-16.612,-194.452,13.011,8.261,0.932,1
-307.930,-16.654,-191.946,9.758,5.689,0.907,0
-301.128,-16.647,-193.148,11.048,7.079,0.968,1
-293.993,-16.420,-192.173,5.966,4.486,0.990,1
-288.555,-16.122,-192.912,7.510,5.139,0.849,1
-280.332,-15.527,-195.680,8.775,4.839,0.860,1
-276.306,-15.452,-194.417,6.781,4.573,0.790,1
-804.132,-15.782,-170.673,9.121,5.699,0.875,1
-791.908,-15.538,-175.547,11.573,8.410,0.797,0
-783.623,-14.832,-174.984,6.710,4.522,0.820,1
-777.524,-14.308,-175.013,10.058,7.802,0.988,1
-477.437,-10.519,-192.136,7.437,5.714,0.890,0
-467.438,-10.514,-190.464,5.602,4.560,0.804,1
-461.771,-10.514,-192.653,10.703,6.899,0.757,1
-453.566,-10.507,-190.633,6.568,4.576,0.888,0
-447.970,-10.509,-195.493,11.278,7.732,0.931,1
-441.063,-10.500,-190.693,10.267,5.695,0.865,0
-435.671,-10.498,-192.037,6.336,5.042,0.833,1
-426.705,-12.290,-191.421,12.601,8.020,0.929,0
-420.923,-14.258,-194.081,6.650,3.471,0.774,1
-415.105,-15.398,-194.440,8.351,5.672,0.744,1
-406.710,-15.668,-195.587,7.196,5.039,0.883,0
-397.740,-16.282,-197.819,10.525,6.124,0.779,0
-390.539,-16.240,-195.494,5.973,3.119,0.932,1
-385.386,-16.179,-194.505,5.481,3.406,0.847,1
-377.406,-16.146,-195.228,7.845,4.849,0.814,1
-372.241,-16.195,-196.131,11.584,6.619,0.990,0
-364.566,-16.276,-195.163,11.702,9.533,0.792,1
-360.557,-16.308,-197.890,9.209,5.627,0.987,0
-351.664,-16.401,-199.124,6.389,3.580,0.861,1
-343.100,-16.505,-197.384,11.905,9.296,0.961,1
-339.445,-16.524,-197.606,11.029,8.336,0.877,1
-332.518,-16.545,-201.252,7.200,4.184,0.919,0
-322.059,-16.587,-200.046,4.712,2.956,0.780,1
-315.157,-16.611,-199.867,4.832,3.205,0.846,0
-307.311,-16.359,-199.630,5.517,3.484,0.967,0
-303.626,-15.890,-203.200,9.154,5.876,0.980,1
-293.559,-15.419,-203.736,12.876,9.736,0.847,0
-286.847,-15.326,-201.502,9.103,6.571,0.846,1
-279.414,-14.759,-204.373,7.281,4.045,0.765,1
-796.769,-16.084,-182.198,8.882,6.201,0.973,1
-786.169,-15.084,-178.426,10.817,6.689,0.791,0
-780.491,-14.637,-181.412,7.250,3.949,0.801,1
-663.174,-10.625,-185.734,11.265,8.401,0.949,1
-513.789,-9.120,-194.644,9.362,6.644,0.747,1
-506.734,-9.722,-195.640,9.721,6.111,0.908,1
-484.403,-10.517,-198.355,5.280,3.700,0.759,1
-479.540,-10.518,-197.204,12.069,6.742,0.982,0
-464.547,-11.015,-199.509,11.408,6.473,0.782,0
-458.191,-11.618,-201.359,7.811,4.881,0.893,0
-449.452,-11.614,-201.342,8.233,5.782,0.863,0
-432.847,-12.136,-202.843,9.166,6.026,0.846,1
-428.851,-11.578,-199.285,8.900,5.939,0.769,0
-412.246,-16.614,-203.174,11.218,8.326,0.931,1
-408.232,-16.550,-201.258,6.463,4.278,0.987,1
-401.136,-16.421,-200.169,11.659,7.035,0.979,1
-392.126,-16.294,-202.700,12.817,7.220,0.988,1
-367.058,-16.208,-202.934,10.997,6.292,0.760,1
-342.942,-16.478,-203.536,6.524,4.794,0.775,1
-340.075,-16.483,-207.525,10.393,8.463,0.822,0
-330.004,-16.550,-204.468,8.361,6.845,0.768,1
-325.325,-16.494,-207.165,12.920,7.028,0.898,1
-315.285,-16.258,-204.817,7.512,4.270,0.891,0
-308.642,-15.937,-205.164,11.774,9.162,0.978,0
-303.041,-15.377,-208.828,4.551,3.506,0.837,0
-294.636,-14.976,-209.389,10.140,8.311,0.805,0
-805.456,-16.492,-186.044,5.084,3.798,0.965,0
-793.334,-15.937,-186.850,11.516,8.924,0.787,1
-784.325,-15.117,-186.598,6.088,4.592,0.795,1
-780.227,-14.742,-186.258,12.360,10.023,0.842,1
-723.003,-14.588,-193.189,5.215,2.718,0.885,1
-518.679,-9.151,-202.089,7.910,5.271,0.821,1
-511.901,-9.643,-201.254,7.115,5.089,0.941,0
-505.920,-10.099,-201.054,10.203,6.218,0.970,0
-500.531,-10.465,-202.597,8.855,5.616,0.761,1
-491.647,-10.491,-202.012,11.226,8.531,0.995,1
-486.470,-10.496,-204.303,11.543,7.858,0.793,0
-478.363,-10.514,-204.630,8.901,6.722,0.843,0
-473.225,-10.515,-204.612,6.372,4.001,0.778,0
-465.992,-11.175,-205.816,5.462,3.208,0.761,1
-458.999,-12.434,-203.847,12.159,9.248,0.818,1
-449.219,-14.189,-209.188,11.362,8.147,0.952,0
-440.604,-12.888,-205.068,9.870,7.197,0.813,1
-434.531,-13.826,-207.861,8.463,6.440,0.959,1
-426.386,-14.276,-209.097,7.305,4.055,0.930,1
-422.817,-14.693,-210.270,13.341,7.296,0.881,1
-415.287,-16.220,-210.159,10.823,6.784,0.928,1
-408.478,-16.598,-210.094,9.241,7.045,0.917,1
-400.670,-16.507,-210.051,13.427,8.905,0.775,0
-395.141,-16.395,-208.040,8.581,4.671,0.857,0
-379.328,-16.182,-212.145,5.997,4.530,0.811,0
-349.429,-16.345,-214.155,5.414,4.413,0.895,1
-343.444,-16.439,-210.994,12.635,7.187,0.804,1
-336.659,-16.490,-211.143,12.562,9.997,0.746,0
-333.518,-16.181,-214.737,10.556,7.237,0.827,1
-325.912,-16.082,-212.347,10.493,6.182,0.739,0
-315.863,-15.237,-217.099,10.178,8.332,0.826,1
-312.016,-15.418,-212.908,9.675,5.531,0.961,1
-801.217,-17.055,-194.621,11.195,8.145,0.882,1
-793.637,-16.446,-195.670,11.886,9.716,0.900,0
-785.998,-15.630,-194.285,12.982,9.903,0.913,0
-779.863,-15.086,-194.861,7.942,6.327,0.802,0
-597.156,-10.458,-203.138,9.374,6.498,0.733,1
-528.211,-8.696,-208.732,7.002,5.071,0.897,1
-521.137,-9.280,-208.715,10.595,7.749,0.748,0
-515.816,-9.896,-212.453,8.320,6.713,0.852,1
-507.230,-10.388,-208.529,10.264,6.122,0.972,0
-500.729,-10.396,-212.681,11.273,8.049,0.785,1
-489.398,-10.464,-212.479,4.983,2.867,0.900,0
-483.106,-10.484,-211.000,10.199,6.092,0.869,0
-472.140,-10.503,-214.310,4.603,2.736,0.777,0
-464.598,-11.627,-214.177,5.143,3.445,0.999,0
-459.712,-13.229,-215.238,4.857,2.908,0.986,1
-448.717,-16.309,-215.643,8.318,6.329,0.828,1
-437.827,-15.500,-212.898,8.280,6.356,0.826,1
-427.831,-16.253,-214.996,10.151,6.688,0.963,0
-422.999,-16.093,-214.433,9.681,6.185,0.801,0
-413.725,-16.675,-216.655,9.544,7.823,0.898,0
-408.609,-16.634,-217.853,8.328,5.177,0.944,0
-402.416,-16.552,-215.582,5.980,4.015,0.977,1
-382.586,-16.267,-217.339,8.286,5.802,0.763,1
-373.757,-16.173,-218.497,10.182,7.819,0.928,0
-349.493,-16.324,-217.040,4.820,3.003,0.971,1
-346.082,-16.371,-216.871,12.100,7.204,0.741,1
-338.426,-15.648,-222.826,8.070,6.200,0.789,1
-331.556,-15.527,-221.610,10.307,6.614,0.938,1
-326.964,-15.619,-218.390,9.391,5.405,0.969,1
-320.071,-15.115,-220.865,5.292,3.878,0.939,1
-310.768,-14.749,-220.064,9.973,7.536,0.858,1
-801.404,-17.563,-200.100,9.915,6.204,0.769,1
-792.554,-16.885,-202.351,12.288,6.847,0.896,1
-786.606,-16.210,-201.493,4.586,2.653,0.734,1
-595.992,-9.014,-214.021,13.227,8.703,0.979,0
-589.797,-8.585,-214.029,6.888,4.930,0.753,0
-524.565,-9.306,-215.580,8.079,6.598,0.950,0
-517.884,-9.944,-217.303,5.127,2.730,0.877,0
-515.402,-10.223,-218.905,6.870,4.265,0.775,0
-507.075,-10.296,-219.643,12.670,7.318,0.761,1
-502.252,-10.322,-220.496,6.265,4.068,0.903,0
-492.268,-10.394,-219.411,8.966,6.335,0.963,1
-485.657,-10.544,-220.443,10.385,8.432,0.819,0
-476.785,-11.390,-218.631,5.653,3.497,0.842,0
-471.909,-12.591,-222.087,11.674,8.524,0.895,0
-464.125,-12.492,-221.935,9.993,7.905,0.786,0
-459.417,-13.327,-218.542,10.925,6.670,0.820,0
-453.028,-15.427,-222.605,6.471,4.883,0.834,1
-443.049,-16.443,-221.320,5.424,3.187,0.782,1
-435.128,-16.522,-218.993,12.793,7.621,0.840,0
-426.887,-16.590,-219.377,5.125,2.853,0.804,0
-424.176,-16.606,-220.008,4.741,2.580,0.910,1
-417.749,-16.644,-221.121,12.764,7.498,0.920,0
-409.688,-16.656,-224.773,10.601,5.565,0.872,1
-382.654,-16.332,-225.488,7.129,4.559,0.845,0
-361.639,-16.166,-222.995,7.827,6.177,0.900,1
-352.455,-15.758,-225.694,11.225,6.643,0.737,1
-345.170,-15.229,-229.392,10.260,6.125,0.800,1
-339.034,-15.408,-225.707,5.657,3.960,0.972,1
-332.114,-15.030,-227.641,11.816,8.927,0.830,0
-322.965,-14.881,-225.292,5.670,3.787,0.900,0
-799.215,-18.231,-208.685,11.525,8.247,0.779,0
-791.767,-17.531,-209.681,7.625,5.936,0.748,0
-786.475,-16.986,-209.949,12.032,6.993,0.972,1
-603.019,-11.019,-220.118,4.843,3.280,0.774,1
-598.354,-8.948,-219.191,12.490,8.145,0.910,1
-588.880,-8.340,-218.219,8.051,4.315,0.777,0
-532.965,-8.996,-225.368,7.209,4.325,0.862,1
-525.246,-9.593,-223.648,11.398,7.890,0.874,1
-519.651,-10.029,-222.683,10.569,7.787,0.815,1
-513.712,-10.210,-223.529,11.047,6.088,0.787,1
-499.052,-10.292,-225.803,9.510,6.183,0.953,0
-493.959,-10.349,-223.442,7.621,5.908,0.994,1
-488.531,-10.378,-223.760,9.649,5.075,0.888,0
-478.313,-13.113,-224.933,7.525,5.092,0.948,0
-473.709,-13.653,-225.188,12.408,9.888,0.755,1
-462.382,-13.571,-225.150,6.865,4.534,0.967,1
-457.630,-14.301,-227.480,10.367,6.660,0.808,0
-448.559,-16.428,-228.675,4.992,2.621,0.856,1
-444.545,-16.433,-225.423,12.705,6.674,0.843,1
-427.691,-16.522,-231.202,4.246,2.229,0.920,1
-422.746,-16.575,-230.480,3.971,2.964,0.808,0
-410.542,-16.645,-230.764,11.812,9.355,0.899,1
-364.505,-15.662,-231.142,6.696,4.166,0.737,0
-358.769,-15.218,-233.222,8.980,6.194,0.971,1
-351.239,-14.894,-234.221,6.823,3.826,0.867,0
-348.713,-14.660,-236.095,6.701,5.214,0.832,0
-103.546,-16.487,-249.444,10.006,5.298,0.892,1
-93.253,-16.518,-250.150,8.645,6.600,0.948,0
-784.296,-17.337,-215.819,5.440,4.192,0.982,0
-724.397,-15.781,-221.230,9.092,7.194,0.987,1
-717.500,-16.579,-217.591,5.392,4.100,0.745,1
-617.729,-10.484,-227.970,7.142,4.696,0.997,0
-610.565,-10.872,-225.365,10.347,8.122,0.870,0
-603.026,-9.026,-224.624,13.045,9.360,0.924,1
-598.598,-8.739,-224.369,13.088,9.335,0.822,1
-533.206,-9.085,-228.155,11.831,8.457,0.950,0
-528.245,-9.635,-230.982,9.050,5.969,0.944,0
-523.961,-9.984,-230.388,5.364,4.030,0.884,0
-512.890,-10.151,-231.582,4.819,3.821,0.747,0
-506.594,-10.167,-233.276,13.258,10.343,0.932,1
-502.707,-10.194,-232.825,12.715,7.115,0.969,1
-491.593,-10.287,-231.687,5.551,3.949,0.841,1
-420.745,-16.571,-234.751,10.362,6.233,0.905,1
-410.211,-16.643,-235.665,6.331,4.196,0.885,1
-365.104,-14.757,-240.253,8.082,4.434,0.969,1
-362.832,-14.417,-242.511,7.005,5.613,0.782,1
-351.985,-14.050,-242.820,6.368,5.051,0.733,1
-109.455,-16.484,-253.260,11.301,7.407,0.839,1
-99.183,-16.498,-253.198,13.014,9.574,0.870,1
-92.850,-16.511,-255.670,4.770,2.559,0.940,1
-90.563,-16.522,-253.779,4.886,2.694,0.949,1
-632.146,-10.788,-231.200,6.606,5.260,0.828,1
-624.980,-11.012,-230.043,4.775,3.061,0.897,0
-618.523,-10.540,-230.745,12.878,10.070,0.866,0
-614.839,-10.053,-231.226,7.572,4.242,0.838,0
-607.361,-8.877,-234.095,5.053,3.915,0.913,0
-597.526,-8.341,-231.872,11.850,7.101,0.880,1
-538.513,-9.031,-239.568,12.741,7.062,0.894,0
-528.905,-9.889,-238.769,13.371,9.227,0.738,1
-520.529,-10.087,-235.499,11.827,8.092,0.777,0
-515.795,-10.090,-237.995,4.796,2.537,0.812,1
-507.790,-10.108,-240.502,10.303,6.039,0.773,1
-497.787,-11.316,-236.715,12.924,10.229,0.927,1
-442.424,-16.420,-241.412,6.223,4.864,0.768,0
-429.939,-16.452,-242.630,7.373,3.884,0.774,1
-395.452,-16.063,-247.050,12.956,8.603,0.731,1
-381.406,-15.483,-243.106,6.855,4.708,0.943,0
-372.814,-14.641,-245.258,5.865,3.736,0.949,0
-124.764,-16.568,-257.534,7.793,5.309,0.946,1
-110.587,-16.498,-259.388,8.171,5.549,0.873,1
-94.732,-16.495,-259.691,12.797,8.279,0.921,1
-90.359,-16.501,-262.888,11.700,7.082,0.739,0
-789.277,-19.058,-229.301,10.212,7.626,0.937,1
-648.037,-10.543,-238.839,4.079,2.872,0.936,0
-631.769,-11.276,-239.268,13.158,8.073,0.889,1
-627.938,-11.208,-239.830,8.634,5.115,0.914,1
-620.607,-9.326,-241.138,5.344,3.826,0.835,0
-615.421,-9.057,-240.706,9.710,6.960,0.952,1
-604.322,-8.381,-241.084,11.505,8.786,0.813,1
-543.114,-8.734,-243.691,11.531,8.352,0.846,1
-533.245,-9.683,-243.764,7.528,3.949,0.914,0
-530.425,-9.984,-244.717,10.289,6.429,0.897,1
-523.156,-10.030,-242.029,9.493,5.973,0.989,1
-510.283,-10.063,-244.970,6.090,3.557,0.854,1
-501.937,-10.937,-247.561,9.518,5.810,0.852,0
-493.333,-14.540,-247.667,10.246,6.064,0.843,0
-428.568,-16.438,-250.455,9.789,6.944,0.958,0
-407.634,-16.169,-252.427,5.152,2.740,0.820,0
-404.878,-15.868,-253.600,7.840,4.193,0.798,0
-395.506,-15.737,-249.751,10.099,6.720,0.754,0
-390.791,-14.823,-254.546,8.010,5.813,0.898,1
-379.939,-14.057,-254.401,6.173,3.595,0.938,0
-163.481,-16.846,-265.073,11.780,6.451,0.865,1
-157.628,-16.809,-264.302,5.338,3.279,0.792,1
-153.368,-16.795,-267.583,5.211,3.552,0.817,1
-80.651,-16.596,-270.496,4.583,3.112,0.970,0
-732.525,-17.468,-242.218,7.779,4.607,0.896,0
-650.569,-10.582,-242.626,7.491,5.252,0.740,0
-641.924,-11.001,-246.123,9.152,4.903,0.852,1
-636.683,-10.336,-247.788,12.038,7.906,0.927,1
-626.772,-9.316,-247.940,5.120,3.686,0.876,1
-619.434,-9.094,-244.704,9.868,6.205,0.814,1
-605.488,-8.276,-245.186,11.277,6.908,0.923,0
-549.181,-8.287,-248.201,6.272,4.486,0.849,1
-544.687,-8.882,-252.303,7.132,4.063,0.745,1
-538.711,-9.321,-248.034,5.153,3.326,0.739,0
-531.977,-9.938,-249.503,9.107,7.276,0.884,0
-513.418,-10.018,-249.433,5.856,3.869,0.800,1
-506.211,-10.030,-251.916,7.886,5.318,0.834,1
-503.460,-10.267,-251.778,12.447,8.300,0.899,0
-486.648,-17.379,-256.230,11.417,8.405,0.965,0
-417.683,-16.058,-257.815,9.310,5.310,0.865,1
-408.991,-15.695,-256.908,10.727,8.674,0.758,1
-404.800,-15.114,-259.752,8.653,4.537,0.801,1
-398.363,-15.097,-256.663,7.955,4.396,0.863,0
-390.007,-14.359,-257.947,10.806,8.355,0.827,0
-384.998,-14.005,-257.790,4.814,3.292,0.820,0
-180.076,-16.916,-273.754,6.699,3.628,0.910,0
-175.218,-16.908,-273.641,5.813,3.677,0.869,0
-79.923,-16.571,-279.337,8.557,6.723,0.733,1
-73.341,-16.667,-274.965,7.206,4.778,0.868,1
-52.877,-16.911,-279.856,6.347,3.860,0.796,1
-657.205,-10.242,-249.766,9.576,6.450,0.783,0
-647.666,-10.973,-249.454,10.483,8.078,0.806,1
-643.920,-11.185,-249.893,7.072,4.086,0.788,0
-635.428,-10.137,-250.771,11.153,8.145,0.787,0
-625.383,-8.982,-253.866,12.647,8.490,0.863,1
-620.711,-8.892,-250.566,11.374,6.556,0.990,1
-612.621,-8.443,-250.876,11.267,8.216,0.928,0
-546.531,-8.874,-257.243,10.872,8.522,0.910,0
-534.290,-9.869,-255.924,8.280,4.955,0.734,0
-531.572,-9.839,-260.397,6.460,4.620,0.922,1
-517.998,-11.801,-257.057,7.464,4.616,0.898,1
-507.103,-14.520,-261.825,11.764,7.911,0.976,1
-501.560,-14.108,-261.011,8.176,5.898,0.837,1
-492.906,-14.839,-261.101,11.717,7.375,0.826,1
-487.405,-17.106,-258.865,5.367,3.906,0.775,0
-431.775,-16.263,-264.124,11.629,6.978,0.922,1
-423.719,-15.583,-264.920,11.840,8.791,0.839,0
-420.101,-15.095,-267.037,6.070,3.183,0.891,1
-409.377,-14.762,-264.712,7.970,6.494,0.948,0
-403.181,-14.290,-265.799,7.104,4.453,0.834,1
-399.823,-13.964,-266.888,6.368,4.592,0.817,0
-181.912,-16.916,-279.447,9.180,6.641,0.959,0
-68.962,-16.681,-286.471,6.525,3.434,0.939,1
-61.717,-16.782,-286.166,6.697,3.756,0.774,1
-54.369,-16.877,-287.563,12.834,8.883,0.833,0
-46.308,-16.972,-285.787,13.248,10.311,0.796,1
-39.465,-17.051,-284.872,10.549,8.342,0.948,1
-654.151,-10.155,-258.712,5.980,4.721,0.758,1
-648.245,-10.130,-259.904,13.317,8.690,0.900,0
-634.989,-9.146,-260.304,4.984,3.372,0.832,0
-620.699,-8.529,-258.880,9.554,7.150,0.941,1
-557.585,-7.988,-263.175,12.748,8.073,0.985,0
-552.773,-8.540,-264.926,10.278,7.753,0.732,0
-543.582,-9.504,-266.052,11.113,7.668,0.997,0
-537.905,-9.750,-265.951,4.568,2.403,0.957,1
-529.249,-9.783,-267.039,9.532,6.789,0.833,0
-523.285,-9.811,-267.198,12.972,6.781,0.914,0
-515.944,-12.694,-264.806,11.326,6.706,0.824,1
-510.318,-15.324,-267.095,11.186,6.522,0.994,1
-501.011,-16.216,-265.645,7.718,4.257,0.798,0
-493.082,-15.743,-264.989,5.762,4.080,0.953,1
-490.965,-16.252,-266.203,9.517,5.827,0.974,0
-481.641,-17.725,-267.504,10.400,6.948,0.991,1
-448.132,-16.826,-270.924,6.292,4.439,0.896,0
-440.004,-16.441,-269.345,4.860,2.797,0.974,1
-433.012,-15.822,-269.568,10.439,7.237,0.895,1
-427.306,-15.062,-272.146,6.900,5.057,0.791,1
-419.338,-14.512,-271.583,6.386,4.573,0.967,0
-413.107,-14.265,-270.417,10.178,5.802,0.993,0
-201.173,-16.872,-285.121,8.961,4.773,0.931,1
-191.879,-16.900,-283.279,7.067,4.326,0.946,0
-185.237,-16.915,-283.183,13.034,10.379,0.960,1
-94.573,-16.496,-290.966,7.337,4.872,0.987,0
-89.953,-16.472,-289.860,5.336,4.204,0.856,1
-62.788,-16.758,-289.269,9.476,7.642,0.993,1
-54.160,-16.866,-294.345,8.967,4.977,0.791,0
-47.928,-16.946,-290.055,10.109,7.883,0.831,1
-41.432,-17.016,-292.908,7.349,4.264,0.754,1
-31.954,-17.103,-296.096,9.665,6.146,0.761,0
-746.168,-20.701,-261.516,8.154,5.541,0.742,1
-651.704,-9.369,-266.040,10.719,7.064,0.940,1
-644.370,-9.013,-268.417,4.787,3.187,0.789,1
-637.899,-8.804,-268.446,12.968,7.315,0.744,1
-626.429,-8.480,-265.826,4.642,3.376,0.807,1
-620.545,-8.115,-267.895,5.730,3.081,0.878,1
-557.005,-8.366,-270.759,9.069,5.624,0.793,0
-552.006,-8.913,-272.037,10.981,6.113,0.744,1
-544.125,-9.595,-269.691,11.401,6.358,0.851,0
-538.687,-9.753,-270.094,6.706,3.671,0.784,0
-531.973,-9.875,-270.270,5.072,3.364,0.926,0
-525.963,-12.063,-274.548,11.198,9.030,0.735,0
-515.359,-12.981,-274.775,6.381,4.240,0.823,0
-508.605,-16.118,-271.183,6.011,4.661,0.749,1
-503.828,-18.343,-275.742,6.681,3.543,0.784,1
-495.532,-18.148,-274.225,10.300,6.361,0.882,1
-489.761,-18.052,-276.317,6.041,3.918,0.898,0
-458.518,-17.264,-277.091,6.790,5.144,0.733,1
-453.818,-17.003,-279.004,11.581,6.789,0.811,0
-445.742,-16.533,-275.176,8.280,5.146,0.804,1
-436.921,-15.592,-277.169,13.024,10.299,0.731,1
-431.891,-15.137,-276.073,10.096,6.595,0.770,0
-428.496,-14.585,-279.030,10.540,6.451,0.880,0
-420.184,-13.744,-279.171,7.407,4.079,0.773,1
-204.119,-16.843,-291.883,9.793,7.904,0.962,0
-192.901,-16.886,-290.962,5.329,4.104,0.983,0
-152.847,-16.876,-294.033,6.669,3.802,0.860,1
-96.774,-16.512,-295.023,11.254,8.061,0.809,0
-90.313,-16.485,-299.119,11.445,7.461,0.839,0
-82.709,-16.502,-296.675,12.280,8.631,1.000,1
-78.149,-16.542,-295.194,8.303,5.348,0.970,0
-67.162,-16.661,-298.870,13.180,10.784,0.952,1
-64.019,-16.705,-300.730,6.647,4.963,0.949,1
-54.727,-16.854,-297.029,6.095,3.663,0.956,0
-49.118,-16.919,-298.235,9.837,6.560,0.995,1
-43.204,-16.988,-298.649,6.666,4.275,0.966,0
-35.675,-17.068,-301.434,8.512,5.908,0.958,1
-633.159,-8.478,-270.985,8.121,6.265,0.981,0
-566.411,-7.760,-277.124,6.185,3.479,0.854,1
-561.030,-8.386,-279.403,11.541,6.325,0.794,1
-550.568,-9.280,-277.088,10.558,8.428,0.948,1
-544.614,-9.593,-279.698,6.659,4.157,0.945,1
-539.854,-9.714,-277.263,9.846,6.075,0.939,1
-532.615,-13.422,-281.900,4.947,3.560,0.881,1
-509.577,-15.748,-278.149,8.762,6.085,0.979,1
-493.621,-18.227,-283.050,10.510,8.606,0.891,1
-490.869,-18.171,-283.074,11.772,7.890,0.817,1
-481.754,-17.939,-280.739,6.722,3.760,0.823,0
-474.970,-17.774,-279.933,11.935,6.439,0.960,0
-470.770,-17.705,-282.149,8.156,5.397,0.803,1
-461.825,-17.425,-280.417,4.592,3.552,0.736,1
-449.692,-16.338,-285.338,5.544,3.415,0.911,0
-438.938,-15.359,-284.042,8.607,6.397,0.904,0
-430.798,-14.319,-286.339,6.084,3.835,0.928,1
-428.638,-14.289,-282.580,6.302,3.766,0.827,1
-209.773,-16.813,-294.772,8.127,5.546,0.768,1
-201.239,-16.846,-295.673,3.716,2.967,0.949,0
-177.092,-16.909,-300.615,10.133,7.397,0.847,0
-165.923,-16.919,-301.356,12.168,7.961,0.739,1
-163.439,-16.916,-301.629,10.891,7.964,0.769,1
-154.062,-16.890,-298.481,8.935,6.242,0.889,1
-125.614,-16.752,-302.829,6.850,4.052,0.806,1
-104.977,-16.601,-304.528,12.589,8.103,0.910,0
-100.188,-16.553,-301.554,12.107,8.707,0.828,1
-88.176,-16.495,-303.616,10.645,5.903,0.760,0
-83.510,-16.507,-302.452,12.416,6.504,0.760,0
-75.805,-16.532,-304.293,6.947,3.717,0.921,0
-71.766,-16.560,-303.836,12.962,8.037,0.805,0
-63.336,-16.692,-305.771,9.917,7.763,0.977,1
-50.255,-16.896,-303.729,12.993,9.045,0.950,1
-42.340,-16.983,-307.290,7.877,5.887,0.778,0
-34.183,-17.072,-308.308,11.898,6.639,0.890,0
-574.674,-7.202,-281.149,4.592,2.800,0.788,0
-557.027,-9.031,-284.485,10.499,6.609,0.933,1
-554.200,-9.459,-287.547,9.009,4.736,0.941,0
-545.580,-9.529,-287.570,6.540,4.664,0.804,1
-540.261,-9.555,-286.955,7.951,6.195,0.935,0
-490.817,-18.227,-287.560,7.704,5.327,0.912,1
-483.735,-18.119,-290.332,11.061,8.460,0.803,0
-472.744,-17.823,-290.526,9.686,5.999,0.999,0
-469.973,-17.640,-290.227,8.389,6.842,0.867,0
-460.878,-17.016,-289.396,8.481,6.010,0.780,0
-454.718,-16.586,-288.532,11.791,7.822,0.826,0
-445.828,-15.699,-291.399,10.139,6.449,0.789,0
-443.305,-15.429,-292.176,12.938,8.321,0.844,1
-217.197,-16.751,-306.791,6.407,4.770,0.952,1
-209.550,-16.793,-302.886,6.869,4.193,0.757,0
-189.702,-16.865,-305.769,5.506,4.267,0.866,0
-182.888,-16.895,-303.804,7.998,4.974,0.899,1
-172.663,-16.908,-305.550,8.931,5.630,0.971,0
-165.762,-16.916,-305.519,8.965,6.549,0.762,0
-160.727,-16.919,-307.359,6.210,4.508,0.986,1
-151.586,-16.900,-309.702,9.194,5.452,0.738,1
-147.334,-16.886,-308.222,6.321,4.564,0.745,0
-132.261,-16.808,-306.709,8.847,5.361,0.996,0
-127.954,-16.790,-308.507,11.368,7.924,0.763,1
-109.515,-16.659,-310.031,13.235,7.377,0.963,1
-105.469,-16.633,-311.560,7.123,3.764,0.747,0
-99.945,-16.585,-310.579,9.705,6.724,0.920,0
-90.293,-16.522,-313.260,7.868,6.111,0.941,1
-82.105,-16.497,-311.241,9.459,7.745,0.755,0
-74.658,-16.526,-309.362,8.884,5.283,0.953,1
-69.633,-16.566,-312.118,5.576,3.442,0.902,0
-65.235,-16.643,-312.134,5.198,4.220,0.827,1
-55.604,-16.795,-315.626,6.919,3.768,0.736,0
-50.187,-16.882,-311.521,4.789,3.884,0.904,1
-42.421,-16.970,-315.980,7.446,5.837,0.879,1
-35.711,-17.049,-315.347,9.283,5.228,0.944,0
-30.995,-17.087,-316.159,4.709,3.483,0.914,1
-753.930,-20.706,-283.105,4.643,3.238,0.745,0
-579.489,-7.218,-288.436,6.300,4.416,0.905,1
-570.902,-7.979,-288.242,8.151,4.466,0.924,1
-568.997,-8.175,-288.682,5.091,2.772,0.959,1
-562.326,-8.884,-290.434,12.888,8.988,0.825,0
-550.706,-12.390,-293.319,12.496,6.636,0.768,1
-544.270,-12.503,-293.482,8.039,6.431,0.861,1
-539.171,-12.528,-293.523,4.392,2.996,0.818,0
-494.556,-18.399,-295.468,9.422,4.925,0.809,1
-490.108,-18.322,-296.591,7.757,6.351,0.890,0
-482.847,-18.060,-297.953,4.740,2.584,0.930,1
-475.083,-17.671,-295.644,11.738,8.099,0.988,0
-466.096,-16.994,-296.317,12.065,7.523,0.766,0
-455.873,-16.226,-296.853,12.061,7.866,0.835,0
-448.660,-15.736,-295.611,10.122,6.562,0.989,1
-222.819,-16.724,-308.616,6.610,4.699,0.993,0
-214.758,-16.747,-312.486,6.310,3.556,0.743,1
-208.743,-16.773,-311.782,11.274,8.237,0.992,1
-204.329,-16.788,-313.562,5.590,3.205,0.864,0
-183.149,-16.875,-312.726,8.704,4.577,0.810,1
-174.711,-16.904,-311.177,8.318,6.202,0.812,1
-167.418,-16.912,-312.985,10.451,6.024,0.862,0
-161.838,-16.918,-313.137,5.164,3.396,0.859,0
-152.084,-16.914,-316.512,13.171,8.474,0.807,0
-148.425,-16.906,-316.621,12.057,7.732,0.896,0
-141.829,-16.884,-315.671,9.660,7.556,0.855,0
-132.150,-16.833,-313.581,5.052,2.999,0.947,0
-128.494,-16.827,-317.488,9.551,7.315,0.829,0
-120.587,-16.765,-315.078,7.565,3.976,0.802,1
-112.103,-16.704,-315.421,11.553,9.042,0.791,1
-104.019,-16.645,-316.958,9.761,5.120,0.742,1
-97.218,-16.594,-318.051,5.993,3.982,0.951,1
-93.919,-16.562,-316.555,9.763,5.794,0.749,0
-85.374,-16.512,-316.544,12.199,7.056,0.896,1
-75.455,-16.486,-320.087,7.830,5.430,0.943,1
-61.760,-16.681,-318.912,9.482,6.940,0.881,1
-56.306,-16.772,-319.922,8.971,7.306,0.877,1
-48.702,-16.883,-318.712,8.370,5.011,0.802,0
-40.736,-16.981,-320.701,12.145,9.437,0.899,0
-33.159,-17.065,-318.888,10.847,6.732,0.811,0
-586.622,-7.382,-298.453,5.322,3.455,0.778,1
-583.858,-7.728,-300.018,7.295,5.842,0.985,0
-576.509,-8.177,-298.156,7.966,5.010,0.997,1
-565.535,-8.945,-295.861,5.036,2.897,0.925,1
-558.270,-9.450,-299.602,7.446,4.128,0.947,1
-554.334,-11.467,-297.228,8.776,4.585,0.971,0
-543.883,-14.597,-297.341,10.191,8.272,0.948,1
-541.317,-16.363,-300.581,9.537,7.483,0.925,1
-508.596,-18.748,-303.392,11.761,8.959,0.835,0
-501.868,-18.597,-301.154,10.467,8.190,0.988,0
-497.975,-18.518,-300.572,7.143,5.253,0.999,0
-490.065,-18.337,-301.138,5.826,4.063,0.878,0
-477.106,-17.297,-303.642,9.349,7.356,0.954,1
-463.240,-16.321,-303.923,5.027,2.828,0.924,0
-222.577,-16.705,-317.185,8.558,4.485,0.831,0
-217.894,-16.720,-318.525,12.978,10.435,0.838,1
-213.098,-16.744,-316.702,10.026,5.223,0.964,0
-187.072,-16.845,-319.749,7.826,5.937,0.863,1
-181.122,-16.862,-322.932,9.723,6.934,0.941,0
-177.188,-16.882,-318.732,6.844,3.989,0.856,0
-170.100,-16.898,-320.729,8.411,4.534,0.779,1
-159.719,-16.915,-319.397,5.334,3.545,0.869,0
-152.088,-16.912,-321.384,6.035,3.959,0.748,1
-150.313,-16.911,-322.651,13.456,7.889,0.968,0
-139.188,-16.893,-325.174,6.171,3.326,0.736,0
-125.456,-16.826,-322.258,13.229,10.239,0.998,1
-121.644,-16.799,-322.203,6.734,5.080,0.743,1
-111.371,-16.732,-323.544,6.327,4.917,0.816,1
-103.868,-16.673,-323.401,4.781,2.741,0.755,0
-99.306,-16.641,-324.760,13.305,8.688,0.807,1
-94.009,-16.610,-327.341,6.371,4.543,0.829,0
-82.389,-16.526,-326.733,4.791,3.818,0.838,1
-76.967,-16.503,-325.769,5.719,4.117,0.864,0
-63.095,-16.620,-329.067,11.175,8.392,0.767,1
-57.917,-16.714,-328.620,10.047,6.727,0.805,0
-51.679,-16.813,-330.015,12.482,8.824,0.755,0
-44.380,-16.917,-328.993,11.313,6.038,0.880,0
-34.499,-17.038,-330.077,5.631,3.340,0.826,0
-596.808,-6.998,-302.471,4.732,2.557,0.950,1
-588.207,-7.860,-305.239,8.091,4.767,0.783,0
-578.734,-8.306,-302.103,12.831,8.662,0.890,1
-573.419,-8.806,-303.031,8.382,4.597,0.891,0
-567.831,-9.232,-302.656,11.551,8.268,0.878,1
-563.172,-9.436,-303.613,11.118,7.305,0.879,0
-551.297,-13.117,-303.424,6.558,4.150,0.807,1
-525.192,-19.092,-310.315,9.413,5.299,0.910,0
-517.959,-18.964,-308.505,8.068,6.519,0.970,1
-513.184,-18.853,-305.871,5.215,3.966,0.771,1
-506.334,-18.735,-309.952,7.033,5.680,0.816,1
-496.127,-18.026,-311.297,10.915,8.521,0.991,0
-489.080,-17.789,-308.248,11.779,6.846,0.768,0
-482.866,-17.173,-311.331,8.661,5.979,0.817,1
-474.286,-16.559,-312.001,11.452,9.332,0.783,1
-471.155,-16.283,-312.984,6.159,3.843,0.894,0
-240.547,-16.623,-326.580,10.918,5.926,0.797,1
-229.427,-16.658,-327.101,7.588,4.596,0.914,0
-222.422,-16.685,-326.585,10.661,8.618,0.818,1
-216.535,-16.713,-323.934,8.940,6.327,0.756,0
-208.369,-16.744,-324.668,10.047,5.620,0.890,0
-205.289,-16.750,-327.382,10.223,7.873,0.740,1
-197.312,-16.780,-328.343,9.787,6.380,0.733,1
-190.355,-16.818,-324.962,5.261,4.142,0.781,1
-182.012,-16.844,-328.740,8.551,4.837,0.823,1
-175.427,-16.868,-329.548,5.889,3.217,0.736,0
-171.790,-16.881,-328.158,5.650,3.424,0.811,1
-162.585,-16.909,-326.774,6.177,3.372,0.855,0
-157.296,-16.915,-329.616,6.660,4.268,0.759,0
-145.388,-16.912,-328.674,10.631,7.743,0.768,0
-143.841,-16.911,-327.406,7.664,6.258,0.938,1
-126.749,-16.864,-332.426,7.256,4.964,0.786,1
-122.766,-16.844,-332.591,9.152,5.229,0.810,0
-112.327,-16.783,-333.391,4.840,2.770,0.985,1
-105.617,-16.716,-329.536,8.116,4.407,0.891,0
-101.562,-16.698,-332.763,9.108,5.018,0.890,0
-92.315,-16.629,-334.374,8.518,4.941,0.979,0
-83.560,-16.546,-333.555,12.016,9.383,0.870,0
-80.730,-16.520,-333.792,8.487,6.065,0.868,1
-70.106,-16.506,-334.995,8.730,6.140,0.846,0
-66.033,-16.564,-332.883,5.112,3.742,0.805,1
-60.068,-16.648,-335.819,13.271,6.994,0.954,0
-50.177,-16.826,-332.467,6.363,3.460,0.775,1
-46.069,-16.874,-336.258,8.591,4.675,0.899,0
-602.266,-7.704,-312.731,11.876,6.515,0.962,0
-596.417,-7.665,-308.994,5.730,4.655,0.838,1
-587.807,-8.365,-310.473,10.782,8.521,0.960,0
-582.063,-9.111,-314.186,8.306,5.782,0.758,0
-573.901,-10.630,-313.920,8.439,5.453,0.806,0
-567.814,-13.003,-312.318,7.665,4.517,0.800,1
-560.285,-12.771,-311.909,8.657,5.734,0.992,1
-554.744,-13.535,-313.331,11.850,6.377,0.940,1
-531.867,-19.217,-313.446,10.493,7.201,0.763,1
-527.946,-19.172,-316.605,7.543,5.438,0.890,0
-516.835,-18.856,-315.849,12.742,7.057,0.765,1
-512.816,-18.773,-314.240,8.669,5.444,0.865,0
-496.036,-17.673,-316.190,10.578,6.308,0.877,0
-488.442,-17.217,-315.927,5.717,3.801,0.748,0
-485.115,-16.947,-316.769,6.689,4.118,0.869,1
-244.305,-16.607,-328.769,9.277,5.700,0.894,0
-239.057,-16.619,-331.141,8.848,4.682,0.895,1
-221.290,-16.676,-332.943,10.874,7.085,0.932,0
-212.258,-16.710,-332.537,7.041,4.034,0.804,0
-207.289,-16.726,-333.766,7.570,5.364,0.787,0
-195.077,-16.780,-332.236,9.163,6.390,0.958,0
-189.155,-16.796,-335.783,7.054,5.745,0.762,0
-185.232,-16.822,-331.842,6.807,4.697,0.985,1
-179.146,-16.838,-335.621,8.012,5.981,0.900,1
-169.298,-16.879,-334.739,9.156,7.499,0.941,1
-163.245,-16.893,-336.726,12.125,9.595,0.945,0
-150.168,-16.917,-334.008,12.033,8.300,0.906,1
-143.959,-16.916,-334.968,12.380,8.508,0.851,1
-132.624,-16.896,-335.317,6.483,4.123,0.998,0
-124.842,-16.866,-336.441,11.526,7.209,0.928,1
-119.597,-16.836,-335.702,8.011,4.949,0.954,1
-113.038,-16.805,-337.177,13.282,10.213,0.815,1
-105.307,-16.750,-337.671,12.001,7.419,0.820,1
-98.561,-16.699,-338.385,6.913,4.465,0.793,1
-90.911,-16.645,-340.191,6.432,5.120,0.912,1
-87.844,-16.616,-339.850,6.585,4.649,0.982,1
-76.706,-16.519,-341.348,9.513,6.878,0.814,1
-67.335,-16.544,-340.054,13.252,9.810,0.858,1
-49.252,-16.802,-342.689,11.350,8.999,0.903,1
-43.189,-16.893,-343.603,9.915,7.261,0.838,0
-35.002,-17.012,-343.533,10.900,8.098,0.979,0
-727.698,-19.257,-312.486,8.260,6.014,0.932,0
-716.748,-12.837,-312.864,8.248,5.786,0.766,1
-673.264,-8.625,-314.984,3.538,2.700,0.935,0
-622.190,-7.589,-318.480,6.009,4.718,0.830,1
-618.125,-7.506,-316.941,7.569,6.065,0.758,0
-612.814,-7.726,-317.286,5.311,2.945,0.827,1
-601.663,-7.997,-315.148,5.754,3.681,0.820,1
-597.046,-8.337,-315.959,9.155,6.618,0.927,1
-587.119,-9.134,-317.958,11.984,8.746,0.935,1
-582.740,-9.436,-318.137,8.396,6.463,0.847,1
-576.972,-9.460,-319.841,5.122,4.054,0.827,1
-566.718,-14.684,-321.253,6.819,3.626,0.987,1
-549.102,-16.274,-318.304,5.785,3.730,0.892,1
-541.250,-18.686,-321.658,10.859,7.491,0.973,0
-535.412,-19.246,-321.161,8.011,6.019,0.830,1
-528.750,-18.902,-322.144,7.622,5.474,0.947,1
-521.982,-18.698,-321.073,6.046,3.979,0.980,1
-514.764,-18.300,-321.773,10.900,6.661,0.748,0
-507.531,-17.669,-325.165,12.766,7.169,0.998,0
-496.247,-17.234,-322.441,8.911,4.638,0.840,1
-408.439,-15.537,-329.908,5.989,3.601,0.948,0
-398.836,-15.789,-330.292,10.794,5.889,0.770,0
-396.297,-15.748,-328.891,12.484,9.711,0.777,1
-244.997,-16.594,-336.238,4.242,2.760,0.813,0
-239.704,-16.604,-338.805,8.546,6.092,0.956,1
-231.354,-16.630,-338.739,8.155,5.306,0.788,0
-216.797,-16.684,-336.814,8.376,5.541,0.747,0
-213.168,-16.689,-340.475,8.840,5.493,0.798,1
-204.012,-16.731,-337.170,9.214,7.164,0.884,1
-199.405,-16.741,-340.727,4.803,3.244,0.866,0
-191.263,-16.771,-342.296,10.211,7.382,0.839,1
-184.766,-16.800,-341.680,5.030,3.530,0.734,1
-174.495,-16.839,-342.644,8.376,5.164,0.744,0
-170.407,-16.856,-342.193,7.361,3.866,0.878,0
-163.060,-16.885,-342.080,13.086,8.996,0.768,0
-153.751,-16.903,-342.957,10.453,8.090,0.966,1
-149.595,-16.910,-343.227,6.770,4.649,0.797,1
-139.688,-16.915,-343.563,6.265,4.108,0.900,1
-136.401,-16.907,-341.890,10.430,8.104,0.878,0
-130.016,-16.900,-344.907,4.934,3.858,0.823,1
-123.059,-16.886,-346.441,8.779,5.028,0.918,1
-116.821,-16.859,-347.437,8.655,5.282,0.816,0
-104.506,-16.787,-347.463,5.451,3.670,0.944,0
-100.807,-16.752,-345.908,13.407,8.290,0.837,1
-90.786,-16.670,-345.517,10.645,8.415,0.795,0
-85.307,-16.633,-348.485,6.989,5.595,0.731,1
-80.628,-16.575,-345.481,9.501,5.589,0.813,1
-65.889,-16.524,-348.002,11.594,7.141,0.937,1
-56.103,-16.667,-347.135,5.650,3.964,0.963,0
-51.555,-16.753,-346.165,7.351,3.848,0.740,0
-43.803,-16.872,-350.588,5.911,3.570,0.947,1
-39.252,-16.947,-346.919,5.366,2.811,0.801,1
-724.664,-21.276,-319.263,5.079,3.900,0.993,0
-717.984,-17.188,-319.192,6.078,4.109,0.878,0
-674.409,-9.371,-322.217,9.264,7.311,0.862,0
-666.735,-8.812,-321.079,7.099,4.094,0.778,1
-659.866,-8.600,-322.391,8.779,5.760,0.888,1
-640.628,-7.972,-322.061,7.926,5.173,0.807,1
-632.166,-7.936,-322.263,13.414,9.596,0.846,0
-622.687,-7.884,-321.006,4.557,2.852,0.880,0
-619.170,-8.540,-325.839,11.643,6.328,0.916,1
-609.036,-8.599,-323.589,7.573,4.962,0.815,0
-600.948,-9.073,-324.723,12.118,9.585,0.753,0
-599.226,-8.946,-322.767,13.196,6.961,0.985,0
-589.777,-9.511,-323.806,12.011,9.457,0.868,0
-582.322,-9.485,-323.600,7.536,5.268,0.897,0
-559.837,-18.573,-327.047,5.869,3.844,0.857,0
-556.327,-19.549,-328.324,11.947,6.404,0.931,0
-548.653,-19.441,-325.431,9.062,6.233,0.947,0
-541.032,-18.994,-327.168,8.843,5.411,0.856,1
-536.407,-18.745,-327.997,11.389,9.035,0.772,0
-524.507,-18.159,-329.371,7.960,5.142,0.932,0
-518.163,-17.850,-329.759,7.295,5.661,0.951,1
-510.914,-17.458,-330.281,10.274,6.302,0.953,1
-507.747,-17.203,-331.487,5.794,3.024,0.860,1
-423.299,-15.740,-334.595,8.094,6.080,0.866,0
-415.715,-15.880,-334.887,8.184,5.237,0.983,0
-409.304,-16.025,-335.385,11.246,7.535,0.968,0
-399.444,-16.411,-337.751,4.983,3.069,0.731,1
-392.221,-16.262,-333.931,10.388,6.912,0.898,1
-385.331,-16.459,-337.691,4.694,3.057,0.878,1
-260.928,-16.524,-346.117,8.103,5.086,0.811,1
-254.740,-16.553,-343.892,8.828,5.921,0.974,0
-246.557,-16.576,-346.201,8.471,5.098,0.906,0
-237.721,-16.604,-342.871,5.533,3.784,0.948,0
-232.840,-16.614,-345.101,6.292,4.740,0.819,1
-228.262,-16.630,-344.319,8.309,4.584,0.897,1
-221.917,-16.643,-348.409,13.086,10.559,0.867,1
-212.111,-16.677,-347.794,12.195,7.816,0.835,0
-203.594,-16.708,-348.170,11.815,7.890,0.885,0
-200.924,-16.726,-344.872,11.020,7.639,0.910,0
-191.312,-16.752,-349.927,6.002,3.181,0.803,0
-186.201,-16.775,-349.009,9.809,5.980,0.857,1
-176.157,-16.814,-350.615,7.873,6.315,0.868,1
-170.082,-16.839,-350.636,10.017,5.343,0.866,1
-161.392,-16.876,-348.734,7.909,6.114,0.951,1
-154.558,-16.894,-350.604,7.829,4.344,0.938,0
-151.919,-16.902,-348.201,6.245,3.436,0.948,1
-143.986,-16.913,-351.752,10.234,5.791,0.782,0
-137.824,-16.915,-353.025,13.397,10.054,0.955,1
-129.654,-16.913,-353.529,8.598,6.159,0.732,0
-123.062,-16.896,-353.064,11.917,8.855,0.912,0
-113.802,-16.862,-352.734,12.994,9.474,0.937,0
-106.780,-16.829,-354.537,10.715,7.576,0.747,0
-98.998,-16.761,-350.797,7.632,6.110,0.814,0
-94.556,-16.723,-350.361,8.515,6.470,0.832,1
-83.745,-16.639,-352.841,8.185,5.537,0.844,1
-80.508,-16.603,-351.846,5.140,2.776,0.923,0
-74.985,-16.562,-354.037,4.780,3.840,0.773,1
-64.713,-16.560,-355.484,11.581,7.277,0.949,1
-57.909,-16.582,-356.190,12.579,8.012,0.895,0
-51.460,-16.675,-357.946,5.414,3.857,0.803,1
-41.686,-16.892,-355.179,12.316,8.613,0.748,1
-37.456,-16.952,-358.993,12.196,7.145,0.871,1
-713.655,-19.416,-327.756,4.729,2.483,0.821,0
-708.622,-15.510,-326.032,8.600,5.698,0.757,0
-675.510,-9.793,-325.950,4.738,2.803,0.821,0
-667.092,-9.513,-327.918,13.180,9.594,0.828,0
-662.394,-9.366,-328.563,6.474,5.248,0.858,0
-639.519,-8.640,-327.841,5.357,3.766,0.987,1
-633.995,-8.733,-328.889,9.849,5.505,0.762,0
-624.229,-8.842,-329.173,12.881,7.780,0.773,0
-619.521,-9.166,-331.126,10.516,8.082,0.892,1
-611.605,-9.029,-328.102,13.286,10.394,0.810,0
-597.933,-14.677,-332.934,10.782,7.816,0.875,0
-592.459,-15.185,-333.865,7.437,4.979,0.793,0
-581.459,-13.413,-330.858,5.293,3.731,0.807,1
-574.452,-14.082,-332.076,8.087,5.095,0.859,0
-570.556,-15.691,-334.926,7.011,3.872,0.749,0
-561.989,-17.393,-335.510,9.489,5.222,0.748,0
-552.506,-18.848,-335.223,12.326,9.305,0.908,1
-547.279,-18.530,-336.368,9.932,7.981,0.872,0
-535.030,-18.321,-332.671,12.009,6.360,0.964,0
-527.657,-17.949,-333.682,6.586,4.150,0.883,0
-519.992,-17.571,-334.420,11.751,8.439,0.819,0
-428.659,-16.156,-340.383,8.952,4.945,0.963,0
-415.189,-16.521,-341.639,10.821,8.536,0.923,1
-406.181,-16.593,-340.978,9.605,7.651,0.867,0
-399.655,-16.797,-342.793,10.112,7.267,0.797,0
-392.056,-16.627,-345.440,10.505,6.771,0.896,1
-387.143,-16.559,-345.800,8.257,5.823,0.937,0
-380.685,-16.471,-346.507,7.217,4.613,0.944,0
-318.658,-16.300,-348.745,5.817,3.949,0.875,1
-252.861,-16.552,-349.104,7.936,4.401,0.889,1
-249.915,-16.559,-350.927,10.136,7.434,0.923,0
-241.593,-16.580,-352.333,12.775,7.241,0.909,1
-234.302,-16.596,-354.161,12.141,9.727,0.987,1
-227.254,-16.621,-351.031,13.203,10.300,0.949,1
-221.822,-16.639,-350.644,8.516,5.338,0.779,0
-212.740,-16.661,-354.995,11.142,6.083,0.827,0
-205.277,-16.692,-352.501,5.769,4.604,0.753,1
-199.874,-16.709,-354.081,6.104,4.339,0.986,0
-193.278,-16.735,-353.921,12.099,9.570,0.932,1
-184.684,-16.767,-354.754,11.700,7.777,0.861,0
-180.194,-16.782,-356.508,12.155,8.489,0.953,0
-168.184,-16.832,-356.486,12.962,9.562,0.901,0
-162.991,-16.859,-353.831,10.977,6.474,0.774,1
-157.292,-16.875,-355.108,6.148,4.320,0.823,1
-148.024,-16.902,-356.680,8.501,5.954,0.863,1
-141.254,-16.911,-356.956,4.877,2.714,0.971,1
-134.231,-16.912,-359.719,6.101,3.380,0.849,0
-129.349,-16.916,-356.485,6.746,4.162,0.894,0
-121.823,-16.898,-357.015,13.368,8.879,0.935,1
-116.661,-16.884,-358.780,5.617,3.161,0.888,0
-107.058,-16.857,-361.873,5.497,3.302,0.741,0
-101.491,-16.824,-362.464,8.963,7.095,0.774,1
-95.319,-16.765,-358.725,7.004,5.504,0.875,1
-88.667,-16.728,-361.342,10.271,5.745,0.756,0
-80.709,-16.647,-360.382,13.083,10.156,0.743,0
-74.167,-16.586,-360.720,3.928,2.709,0.754,1
-49.338,-16.702,-361.134,12.113,7.230,0.743,0
-44.989,-16.788,-361.688,8.725,4.899,0.985,0
-715.613,-20.805,-330.440,11.126,7.057,0.977,0
-706.383,-16.501,-330.305,8.863,6.584,0.902,1
-704.397,-15.777,-331.132,10.522,7.144,0.991,0
-692.602,-10.692,-334.027,6.554,3.791,0.882,1
-690.688,-10.345,-332.015,4.800,2.523,0.911,1
-680.460,-10.228,-336.607,9.034,5.357,0.990,0
-674.024,-10.181,-336.105,9.749,5.458,0.886,1
-666.485,-9.954,-332.396,11.858,9.255,0.807,0
-659.720,-9.779,-333.397,6.179,3.866,0.875,0
-651.415,-9.850,-336.357,10.949,8.866,0.965,1
-647.626,-9.617,-335.025,6.458,3.362,0.996,1
-637.522,-9.491,-335.030,4.703,3.835,0.985,1
-634.220,-9.724,-337.059,5.475,3.479,0.889,1
-623.748,-9.666,-335.911,12.516,8.115,0.908,0
-613.344,-9.661,-338.884,7.604,5.601,0.914,0
-602.313,-15.140,-337.229,11.483,9.186,0.963,1
-598.203,-17.474,-339.087,10.422,5.571,0.774,0
-589.926,-17.447,-337.825,8.583,4.678,0.963,1
-582.992,-17.779,-338.459,10.189,6.206,0.944,0
-577.636,-17.617,-338.215,8.472,6.723,0.926,1
-571.779,-18.310,-339.481,12.139,7.841,0.782,0
-560.502,-18.243,-338.783,5.714,4.350,0.807,0
-555.881,-18.620,-340.271,10.247,7.841,0.766,1
-545.853,-18.069,-341.509,10.228,5.535,0.792,1
-542.271,-17.926,-341.374,5.732,3.732,0.808,1
-434.620,-16.581,-347.415,10.888,7.110,0.801,1
-427.785,-16.856,-348.239,9.091,5.331,0.815,0
-416.654,-17.128,-348.501,5.105,3.456,0.749,0
-394.701,-16.820,-351.223,9.450,6.259,0.951,0
-388.236,-16.650,-352.262,7.386,6.033,0.769,1
-362.244,-16.475,-354.307,6.752,4.582,0.910,1
-354.096,-16.562,-355.027,9.407,6.594,0.949,0
-344.224,-16.650,-350.378,6.124,4.128,0.868,1
-336.251,-16.610,-351.055,4.953,3.663,0.822,1
-329.163,-16.527,-352.087,12.140,6.344,0.956,0
-324.033,-16.436,-352.044,5.242,3.932,0.882,0
-318.503,-16.360,-354.743,8.235,4.880,0.777,1
-308.216,-16.186,-353.101,8.910,4.636,0.925,1
-302.141,-16.176,-357.955,11.669,7.211,0.998,1
-295.405,-16.174,-356.232,9.548,7.762,0.978,1
-287.709,-16.209,-357.109,9.056,7.286,0.771,0
-275.902,-16.370,-354.974,3.520,1.863,0.854,1
-238.795,-16.574,-360.744,6.818,3.610,0.744,1
-235.041,-16.584,-361.026,9.635,6.744,0.817,1
-226.027,-16.613,-358.583,12.568,7.776,0.931,1
-220.625,-16.626,-360.464,8.631,5.384,0.930,0
-211.802,-16.656,-359.392,8.929,7.139,0.880,0
-204.218,-16.682,-359.364,5.083,4.095,0.875,1
-199.504,-16.690,-363.725,12.227,8.070,0.997,1
-194.651,-16.715,-360.216,7.460,5.830,0.957,0
-186.558,-16.744,-361.365,10.669,6.553,0.996,0
-178.020,-16.774,-363.378,10.514,7.886,0.814,0
-173.385,-16.798,-361.256,7.895,4.594,0.731,0
-163.337,-16.838,-362.202,12.414,9.257,0.734,0
-159.857,-16.847,-364.552,5.038,3.698,0.826,0
-148.233,-16.890,-361.895,10.241,7.022,0.865,0
-144.392,-16.899,-364.104,10.799,7.803,0.902,0
-128.371,-16.916,-367.094,9.914,5.409,0.783,0
-115.362,-16.902,-368.603,9.976,5.347,0.988,1
-109.453,-16.872,-364.259,11.153,7.989,0.866,1
-102.166,-16.850,-368.666,6.115,3.321,0.832,0
-91.581,-16.786,-369.300,8.050,6.303,0.944,0
-86.067,-16.746,-369.917,5.186,3.599,0.881,1
-81.376,-16.699,-368.152,10.318,7.589,0.829,0
-51.599,-16.598,-369.470,5.839,3.918,0.761,0
-46.820,-16.731,-368.014,7.053,4.775,0.791,0
-723.936,-20.516,-335.810,3.987,3.242,0.978,1
-707.459,-20.385,-338.944,12.733,8.170,0.804,0
-700.155,-18.929,-341.468,11.788,7.883,0.763,1
-692.894,-12.808,-337.634,12.578,7.097,0.895,1
-690.421,-12.482,-339.576,8.135,5.141,0.906,1
-682.757,-10.423,-342.380,10.141,7.606,0.837,1
-676.854,-10.186,-338.473,12.408,9.496,0.802,1
-670.094,-10.909,-343.412,12.806,10.139,0.933,1
-658.341,-10.716,-343.234,12.225,7.503,0.917,0
-656.283,-10.933,-343.645,4.792,3.382,0.795,0
-649.358,-9.933,-340.581,11.062,8.163,0.777,0
-642.635,-11.963,-345.596,7.466,4.652,0.954,1
-605.406,-13.398,-342.544,10.020,7.754,0.784,1
-596.793,-18.286,-343.320,5.176,2.992,0.778,0
-592.332,-19.887,-348.309,6.750,4.581,0.992,0
-583.204,-19.771,-346.651,4.768,3.288,0.924,1
-578.395,-19.312,-349.059,8.232,4.959,0.737,0
-567.985,-18.683,-348.570,6.055,3.386,0.816,1
-565.751,-18.516,-349.149,7.086,4.297,0.817,0
-556.065,-18.121,-347.172,6.656,4.430,0.956,0
-548.838,-17.832,-346.300,7.029,4.669,0.734,1
-443.418,-16.862,-354.926,9.033,5.047,0.990,0
-439.655,-17.033,-355.140,6.169,4.593,0.823,0
-428.748,-17.663,-357.979,7.866,4.427,0.959,1
-423.058,-17.734,-356.972,7.504,6.051,0.744,0
-415.462,-17.520,-353.913,12.489,8.616,0.819,1
-410.443,-17.367,-353.807,6.654,3.800,0.955,0
-397.431,-17.026,-356.917,6.964,5.218,0.893,0
-365.526,-16.464,-358.489,10.455,6.371,0.779,1
-358.467,-16.479,-359.336,9.444,5.292,0.993,1
-350.806,-16.554,-361.643,7.025,4.160,0.855,0
-346.050,-16.610,-361.752,11.942,6.304,0.819,0
-341.841,-16.666,-359.561,5.738,3.095,0.800,1
-334.571,-16.605,-358.840,10.556,8.375,0.859,1
-323.488,-16.533,-363.038,8.884,6.988,0.790,0
-319.840,-16.465,-362.892,12.863,9.434,0.744,1
-310.786,-16.307,-364.284,6.943,5.385,0.780,0
-306.314,-16.194,-360.868,5.130,3.765,0.994,0
-296.254,-16.184,-360.116,7.464,6.088,0.860,0
-287.533,-16.182,-363.082,5.739,3.168,0.805,0
-282.627,-16.232,-363.587,7.392,4.308,0.944,1
-247.493,-16.541,-365.874,9.235,6.464,0.926,0
-241.274,-16.559,-366.470,8.958,5.018,0.931,0
-231.680,-16.585,-366.357,6.332,4.654,0.866,1
-227.790,-16.596,-365.988,6.355,3.820,0.917,0
-223.190,-16.608,-366.496,12.804,10.354,0.963,0
-205.896,-16.658,-368.538,6.852,5.286,0.952,0
-200.713,-16.679,-367.073,9.946,5.801,0.948,1
-191.417,-16.706,-369.603,6.625,3.800,0.970,1
-186.300,-16.733,-366.313,9.231,5.294,0.895,0
-180.465,-16.744,-371.418,11.415,8.005,0.935,0
-173.931,-16.770,-371.666,9.821,6.797,0.769,0
-161.917,-16.827,-369.231,11.644,8.264,0.838,1
-158.804,-16.832,-372.182,4.882,2.548,0.912,1
-150.168,-16.863,-373.578,10.439,6.082,0.764,1
-143.826,-16.892,-369.057,9.959,5.314,0.958,0
-134.731,-16.912,-369.810,9.944,7.386,0.833,1
-128.288,-16.917,-371.637,9.412,5.497,0.825,0
-125.062,-16.917,-374.737,9.876,5.391,0.815,1
-109.221,-16.887,-370.607,9.237,5.396,0.851,1
-101.160,-16.858,-374.065,8.839,6.363,0.928,1
-95.894,-16.830,-372.894,12.319,8.502,0.731,1
-84.971,-16.765,-376.222,7.625,4.370,0.760,1
-78.107,-16.704,-375.219,12.687,10.199,0.923,1
-72.441,-16.657,-375.608,8.887,7.152,0.877,0
-65.875,-16.595,-377.106,7.033,4.045,0.808,1
-703.669,-20.250,-346.828,10.153,6.746,0.753,0
-694.952,-19.099,-346.948,6.299,4.684,0.799,1
-690.498,-15.683,-345.283,6.802,4.459,0.852,0
-680.797,-12.033,-345.248,5.838,4.527,0.869,0
-672.927,-14.005,-348.839,7.907,5.615,0.856,0
-667.111,-12.814,-346.816,5.085,3.646,0.896,1
-658.579,-13.156,-347.491,10.254,8.217,0.991,1
-651.648,-14.241,-349.492,13.375,9.334,0.769,0
-647.123,-14.832,-350.580,10.170,7.027,0.951,0
-593.613,-19.923,-355.117,4.865,2.999,0.998,1
-584.223,-19.335,-355.942,5.281,4.011,0.854,1
-574.527,-18.798,-353.465,5.832,3.905,0.941,0
-571.832,-18.511,-355.276,11.301,7.805,0.979,0
-563.952,-18.228,-351.885,4.705,2.746,0.961,0
-462.757,-16.567,-359.651,12.796,7.116,0.792,0
-452.794,-16.964,-360.110,10.298,6.754,0.868,1
-446.456,-17.504,-363.332,5.277,2.786,0.854,1
-435.002,-17.666,-360.390,9.613,5.865,0.963,0
-425.707,-17.864,-360.677,7.394,5.069,0.934,0
-372.466,-16.482,-365.453,8.242,5.631,0.823,0
-367.618,-16.470,-364.388,6.801,5.157,0.757,0
-362.823,-16.448,-367.939,8.196,4.384,0.763,1
-354.701,-16.481,-368.529,7.735,4.251,0.982,1
-347.482,-16.551,-369.077,6.904,4.103,0.825,0
-341.056,-16.633,-366.910,5.148,2.778,0.927,1
-331.808,-16.632,-366.489,5.819,4.181,0.748,1
-324.860,-16.597,-369.444,12.425,7.757,0.899,0
-318.077,-16.495,-370.795,8.512,5.475,0.862,1
-295.559,-16.155,-369.210,7.548,6.154,0.836,1
-289.696,-16.153,-370.618,5.730,3.730,0.964,0
-262.857,-16.411,-372.313,6.665,5.403,0.803,0
-258.496,-16.457,-372.413,5.592,3.922,0.799,1
-242.783,-16.537,-374.776,10.057,7.774,0.732,0
-232.588,-16.574,-372.758,11.749,8.231,0.905,1
-225.941,-16.592,-372.383,5.256,3.856,0.819,1
-221.851,-16.601,-373.464,6.988,4.919,0.871,0
-200.463,-16.666,-373.782,12.799,9.143,0.897,1
-193.750,-16.685,-375.911,5.108,3.297,0.987,0
-186.971,-16.711,-375.002,5.238,3.487,0.883,0
-181.506,-16.729,-375.911,7.569,4.459,0.861,0
-169.811,-16.769,-379.353,8.075,4.469,0.919,0
-158.166,-16.826,-375.269,11.745,8.731,0.824,0
-148.994,-16.854,-378.955,8.535,6.109,0.748,0
-141.729,-16.878,-380.846,7.639,5.833,0.801,0
-137.315,-16.894,-376.651,8.525,6.040,0.962,0
-130.986,-16.907,-377.690,11.087,7.931,0.851,0
-117.067,-16.909,-377.604,8.842,6.112,0.960,1
-110.537,-16.908,-382.331,8.770,5.055,0.880,1
-100.583,-16.873,-380.372,4.668,3.777,0.974,1
-87.727,-16.810,-381.012,10.948,5.697,0.897,1
-80.901,-16.763,-382.340,5.057,3.715,0.893,1
-673.080,-17.944,-355.813,7.995,6.144,0.764,0
-665.663,-16.647,-353.598,12.957,9.189,0.973,1
-661.588,-18.104,-356.189,8.788,6.480,0.893,0
-657.384,-19.093,-357.954,7.020,4.325,0.826,1
-648.024,-19.260,-358.309,7.022,5.142,0.844,0
-640.667,-17.364,-355.002,11.268,7.667,0.752,0
-607.926,-20.185,-361.470,13.253,8.508,0.867,0
-598.296,-19.970,-359.927,9.856,7.075,0.979,1
-591.481,-19.806,-357.366,7.318,5.278,0.781,0
-587.086,-19.471,-357.502,7.867,5.940,0.957,1
-580.109,-18.873,-359.179,11.607,8.395,0.941,1
-465.627,-17.180,-367.008,5.157,2.690,0.927,0
-457.217,-17.318,-365.552,12.048,6.562,0.942,1
-445.285,-17.792,-365.955,5.330,3.317,0.842,0
-384.662,-16.923,-371.678,13.258,7.496,0.820,1
-376.549,-16.654,-369.739,10.791,6.912,0.970,0
-365.616,-16.447,-372.330,12.709,7.722,0.992,0
-358.609,-16.438,-374.412,8.156,6.266,0.758,0
-355.636,-16.462,-374.114,5.772,3.827,0.959,1
-347.812,-16.526,-373.449,11.476,7.542,0.830,0
-339.256,-16.585,-376.763,9.853,6.221,0.902,1
-331.784,-16.647,-372.540,12.965,7.354,0.802,1
-324.568,-16.644,-375.960,7.412,4.365,0.901,0
-319.609,-16.577,-378.053,12.830,6.820,0.938,0
-309.518,-16.397,-378.059,12.015,8.401,0.777,1
-303.702,-16.310,-378.960,8.609,5.678,0.851,0
-298.063,-16.243,-377.971,6.891,4.785,0.993,0
-278.777,-16.202,-380.342,9.239,5.726,0.965,0
-265.389,-16.345,-378.809,11.715,9.605,0.913,0
-254.207,-16.456,-380.590,8.675,6.878,0.793,1
-248.578,-16.503,-379.186,13.354,7.718,0.904,0
-241.710,-16.526,-381.827,4.875,3.717,0.966,1
-237.342,-16.546,-380.604,11.600,7.009,0.943,1
-226.767,-16.578,-380.586,9.729,5.384,0.857,0
-221.456,-16.591,-381.262,7.422,5.499,0.930,1
-212.010,-16.620,-379.113,9.282,6.483,0.802,1
-206.129,-16.634,-381.834,6.227,4.733,0.896,0
-202.133,-16.645,-382.252,10.159,6.631,0.801,0
-190.682,-16.681,-383.382,5.237,2.999,0.757,1
-187.369,-16.694,-382.784,5.144,2.882,0.751,1
-179.283,-16.717,-385.247,10.671,7.228,0.891,1
-169.566,-16.760,-383.420,7.300,5.674,0.957,1
-167.993,-16.766,-383.651,7.144,4.744,0.788,0
-158.560,-16.804,-384.026,8.278,4.713,0.825,1
-153.881,-16.827,-382.230,10.493,7.136,0.864,0
-135.082,-16.887,-386.780,13.365,7.779,0.734,0
-131.320,-16.899,-384.723,7.080,3.769,0.736,0
-122.641,-16.911,-388.607,5.109,3.311,0.948,1
-117.102,-16.918,-385.441,13.191,8.326,0.803,0
-110.347,-16.912,-386.402,7.396,3.894,0.933,1
-100.634,-16.892,-387.395,6.727,4.299,0.913,1
-93.170,-16.864,-388.255,13.312,7.010,0.822,1
-87.387,-16.827,-386.600,6.929,4.870,0.913,0
-81.783,-16.793,-386.790,11.616,8.636,0.764,0
-58.576,-16.581,-389.849,10.191,5.392,0.765,1
-659.325,-20.257,-360.377,8.998,6.191,0.958,0
-654.162,-20.244,-361.243,11.298,8.693,0.831,1
-647.444,-20.229,-362.498,9.949,7.622,0.937,1
-634.366,-20.226,-363.285,7.975,5.972,0.981,1
-628.205,-20.225,-364.531,8.912,6.183,0.939,0
-620.059,-20.224,-367.077,11.578,8.642,0.885,0
-614.476,-20.223,-365.617,4.697,3.221,0.926,0
-604.353,-20.179,-364.412,7.054,4.432,0.848,1
-600.308,-20.123,-368.411,12.172,6.974,0.936,1
-592.500,-19.553,-365.384,13.471,8.981,0.943,1
-587.614,-19.183,-365.006,12.579,6.800,0.992,1
-576.338,-18.285,-365.676,6.397,3.716,0.736,1
-487.288,-17.193,-373.941,6.806,4.658,0.823,0
-479.302,-17.363,-373.352,6.879,4.036,0.930,1
-471.475,-17.379,-371.031,12.324,9.275,0.922,1
-468.510,-17.638,-372.806,5.042,3.292,0.918,0
-412.960,-17.867,-379.096,7.170,4.270,0.953,1
-404.007,-17.646,-378.827,5.444,3.893,0.952,1
-397.652,-17.455,-376.515,7.967,4.229,0.900,0
-384.021,-17.087,-380.042,4.958,3.765,0.972,0
-377.126,-16.870,-380.589,7.604,4.854,0.899,1
-368.037,-16.653,-381.791,11.677,7.309,0.960,0
-359.019,-16.425,-378.277,11.507,6.870,0.804,1
-356.005,-16.442,-379.273,5.490,4.439,0.820,1
-347.344,-16.492,-381.734,9.847,7.536,0.900,0
-338.361,-16.569,-383.586,12.216,8.593,0.984,0
-335.358,-16.599,-381.387,9.770,5.191,0.767,1
-326.042,-16.645,-381.300,9.372,6.623,0.844,0
-319.837,-16.626,-383.740,8.390,5.100,0.832,1
-314.144,-16.547,-384.356,9.320,5.472,0.976,1
-284.525,-16.156,-386.780,11.754,9.484,0.809,1
-279.942,-16.175,-382.951,12.497,8.170,0.773,0
-270.910,-16.252,-384.152,11.149,8.934,0.915,0
-266.176,-16.288,-387.201,7.173,4.386,0.863,1
-254.291,-16.435,-384.922,13.049,9.198,0.826,0
-249.411,-16.481,-384.129,5.445,4.345,0.919,1
-243.335,-16.516,-384.030,9.608,5.292,0.780,1
-236.658,-16.535,-388.651,5.488,3.095,0.943,1
-230.944,-16.552,-390.074,10.364,7.874,0.930,1
-194.051,-16.656,-390.705,6.477,4.786,0.785,1
-184.721,-16.687,-390.441,8.974,6.928,0.857,0
-181.138,-16.701,-389.685,5.077,3.331,0.764,0
-169.926,-16.742,-390.516,4.960,3.677,0.810,1
-165.152,-16.765,-388.955,13.137,7.220,0.774,1
-157.191,-16.794,-390.574,11.515,7.539,0.862,0
-151.212,-16.816,-391.364,5.535,3.476,0.795,0
-144.512,-16.846,-390.062,6.123,4.807,0.736,1
-139.131,-16.854,-394.848,13.423,10.626,0.758,1
-131.055,-16.884,-394.367,11.173,6.839,0.789,1
-126.075,-16.902,-392.685,4.539,3.228,0.751,1
-110.348,-16.918,-391.778,5.032,2.633,0.963,0
-104.298,-16.907,-392.594,8.884,5.740,0.887,0
-66.998,-16.702,-394.911,12.692,6.775,0.795,0
-62.417,-16.668,-397.625,10.272,6.011,0.852,0
-52.463,-16.586,-397.702,5.762,4.698,0.909,0
-662.929,-20.177,-367.853,8.013,4.423,0.837,1
-657.219,-20.029,-370.187,10.531,7.347,0.806,1
-633.577,-19.803,-373.137,11.515,7.402,0.734,1
-626.981,-19.992,-370.579,13.365,8.442,0.970,1
-620.243,-19.696,-373.899,5.820,4.174,0.810,1
-615.777,-19.885,-371.416,9.562,7.608,0.955,1
-609.162,-19.728,-373.143,5.611,4.198,0.851,0
-598.725,-19.891,-371.213,5.604,3.068,0.775,0
-590.208,-19.017,-375.753,6.911,5.052,0.962,0
-584.542,-18.639,-373.042,10.229,6.541,0.957,0
-496.908,-17.295,-377.641,7.051,5.118,0.801,1
-490.500,-17.899,-382.263,5.860,3.192,0.802,1
-480.750,-17.714,-377.494,4.617,2.782,0.787,1
-429.169,-18.195,-383.570,6.239,3.475,0.826,1
-420.010,-18.071,-385.992,7.713,5.628,0.937,0
-409.391,-17.859,-384.034,8.432,5.463,0.820,1
-401.054,-17.663,-383.878,8.332,4.515,0.968,1
-397.482,-17.601,-385.289,7.389,5.275,0.763,0
-384.725,-17.249,-386.033,10.944,5.947,0.874,1
-373.196,-16.860,-385.965,6.492,3.735,0.828,1
-368.548,-16.706,-385.133,8.472,6.410,0.882,0
-364.432,-16.625,-386.328,11.167,6.990,0.953,1
-357.356,-16.512,-388.097,8.117,5.177,0.975,1
-345.639,-16.472,-386.203,12.526,9.524,0.934,1
-339.948,-16.520,-387.233,6.177,3.555,0.813,0
-334.234,-16.595,-387.205,9.399,6.268,0.737,1
-310.706,-16.561,-391.497,10.546,7.988,0.854,0
-291.875,-16.209,-390.297,4.842,3.323,0.775,0
-286.406,-16.170,-392.071,11.469,8.914,0.974,0
-279.932,-16.175,-392.907,8.889,5.067,0.755,0
-270.704,-16.191,-394.258,8.545,5.455,0.926,1
-265.938,-16.263,-391.766,11.551,7.936,0.914,0
-255.414,-16.396,-390.627,8.286,5.694,0.782,0
-251.242,-16.428,-392.665,13.158,10.347,0.886,0
-240.579,-16.496,-394.221,7.944,6.266,0.745,0
-235.872,-16.532,-392.645,5.938,3.874,0.747,1
-223.050,-16.568,-393.345,8.116,5.813,0.986,1
-209.179,-16.603,-395.573,8.887,5.972,0.770,0
-202.813,-16.617,-397.829,8.107,5.823,0.899,0
-195.598,-16.636,-398.346,6.848,3.798,0.765,0
-189.947,-16.654,-398.678,10.450,7.517,0.790,1
-181.354,-16.684,-397.862,11.456,9.388,0.745,0
-175.605,-16.711,-395.080,10.376,6.307,0.815,0
-166.473,-16.737,-398.783,10.263,7.177,0.937,1
-157.240,-16.779,-396.585,8.948,6.714,0.824,1
-151.344,-16.797,-398.863,12.083,9.648,0.851,0
-146.628,-16.822,-396.834,10.461,7.234,0.987,1
-136.594,-16.852,-400.240,11.904,9.102,0.933,0
-132.617,-16.871,-397.789,5.100,3.345,0.769,1
-124.197,-16.900,-397.953,6.574,4.814,0.824,1
-74.802,-16.816,-404.567,7.925,6.036,0.939,1
-69.353,-16.772,-403.381,4.744,2.964,0.847,0
-60.821,-16.709,-405.953,6.043,4.589,0.854,0
-638.906,-19.547,-376.397,7.169,4.941,0.890,0
-627.123,-19.365,-378.199,9.401,6.471,0.811,0
-621.967,-19.301,-378.771,8.835,6.260,0.830,0
-613.973,-19.415,-377.080,9.928,7.163,0.811,0
-494.751,-18.089,-385.360,7.789,5.307,0.771,0
-438.117,-18.392,-389.796,7.016,3.728,0.906,0
-433.461,-18.314,-389.088,6.010,3.561,0.805,1
-427.852,-18.258,-392.207,9.158,6.675,0.800,1
-416.244,-18.094,-393.618,12.812,10.229,0.758,1
-412.993,-18.029,-392.971,11.974,9.780,0.796,0
-402.153,-17.840,-393.814,5.331,2.897,0.770,0
-399.860,-17.781,-392.361,12.736,8.677,0.971,1
-391.458,-17.574,-392.972,4.599,3.635,0.768,0
-382.858,-17.310,-391.379,5.489,3.756,0.878,1
-376.065,-17.116,-392.769,6.771,3.588,0.880,1
-366.623,-16.850,-395.257,10.068,5.571,0.889,0
-362.744,-16.665,-392.785,8.012,4.676,0.882,0
-356.671,-16.555,-392.281,5.293,2.923,0.764,1
-341.090,-16.440,-395.776,9.033,5.152,0.743,0
-334.164,-16.539,-394.695,7.192,5.560,0.866,1
-322.364,-16.652,-398.816,10.977,6.811,0.996,1
-314.340,-16.589,-395.515,5.687,4.537,0.846,0
-301.603,-16.456,-397.518,5.737,3.365,0.794,1
-290.269,-16.261,-400.200,10.004,6.324,0.900,1
-286.466,-16.186,-398.633,6.161,4.454,0.887,1
-280.069,-16.173,-399.316,6.359,4.995,0.873,1
-271.033,-16.169,-401.479,13.096,6.843,0.746,1
-265.576,-16.221,-399.237,12.853,9.440,0.731,0
-257.664,-16.306,-401.292,12.809,9.167,0.754,0
-251.036,-16.399,-399.036,10.508,6.259,0.779,0
-241.247,-16.466,-402.299,7.532,5.517,0.959,1
-233.868,-16.517,-402.665,7.790,5.382,0.763,1
-231.634,-16.529,-401.559,13.156,9.133,0.846,0
-220.424,-16.561,-403.754,5.755,3.750,0.901,1
-214.778,-16.575,-404.437,11.092,8.699,0.841,1
-207.324,-16.596,-402.804,4.560,2.583,0.872,1
-198.804,-16.615,-405.429,5.244,4.249,0.959,1
-193.049,-16.637,-402.914,10.544,7.859,0.772,1
-185.065,-16.656,-406.011,6.922,4.045,0.756,1
-178.338,-16.683,-403.705,10.700,7.848,0.902,1
-167.051,-16.715,-407.339,12.407,9.875,0.926,1
-150.341,-16.784,-405.977,5.261,2.941,0.799,1
-144.199,-16.806,-407.235,11.138,8.933,0.846,1
-132.083,-16.858,-405.696,12.115,8.926,0.922,0
-95.025,-16.913,-409.302,8.319,5.022,0.907,1
-91.341,-16.902,-407.788,8.686,4.716,0.935,1
-81.174,-16.870,-411.384,9.692,5.278,0.776,0
-73.912,-16.842,-412.261,7.552,4.413,0.924,0
-68.627,-16.806,-413.124,6.970,5.146,0.928,0
-62.212,-16.752,-412.899,12.871,7.496,0.825,0
-625.355,-18.752,-385.561,7.361,5.109,0.821,0
-618.815,-18.759,-385.251,6.310,3.435,0.971,1
-460.244,-18.728,-398.270,4.283,2.371,0.909,0
-450.685,-18.601,-395.788,4.952,3.155,0.995,1
-447.443,-18.564,-396.481,9.410,7.710,0.844,1
-439.702,-18.484,-399.340,10.905,8.152,0.955,0
-426.780,-18.278,-396.008,10.587,6.121,0.996,1
-416.112,-18.155,-400.215,7.587,5.844,0.805,0
-412.234,-18.069,-397.444,7.037,5.429,0.847,0
-402.720,-17.876,-396.060,5.193,2.726,0.894,1
-398.458,-17.859,-400.810,10.124,7.268,0.979,0
-392.669,-17.742,-400.589,5.691,3.926,0.863,0
-385.731,-17.518,-398.437,10.363,7.575,0.844,1
-377.232,-17.336,-401.232,9.250,5.822,0.809,1
-371.078,-17.127,-400.689,6.095,3.858,0.759,0
-364.859,-16.868,-398.684,6.069,3.804,0.952,1
-354.879,-16.615,-402.194,6.954,5.581,0.750,0
-347.272,-16.504,-402.654,7.323,4.218,0.988,0
-343.651,-16.460,-402.253,7.154,5.069,0.820,0
-323.202,-16.628,-401.372,8.794,5.489,0.892,1
-294.643,-16.403,-406.899,5.851,4.157,0.982,0
-285.159,-16.248,-407.526,8.888,5.503,0.848,0
-280.304,-16.160,-403.334,5.162,3.723,0.887,1
-269.378,-16.152,-408.907,12.046,7.009,0.753,1
-262.955,-16.213,-408.742,9.646,6.213,0.814,0
-260.201,-16.236,-409.615,7.777,4.262,0.889,0
-250.263,-16.353,-408.047,11.588,7.133,0.820,1
-245.732,-16.390,-409.696,5.329,4.218,0.897,1
-234.605,-16.496,-408.834,8.358,6.472,0.840,0
-232.502,-16.510,-407.377,12.752,7.115,0.995,1
-215.551,-16.564,-412.104,7.657,4.778,0.859,1
-206.749,-16.586,-411.246,10.528,5.487,0.800,1
-201.861,-16.598,-411.193,6.250,3.996,0.980,0
-187.304,-16.643,-409.815,12.337,7.125,0.826,1
-183.198,-16.652,-411.455,9.134,7.250,0.755,0
-173.493,-16.688,-409.625,9.367,5.144,0.838,1
-169.543,-16.702,-409.495,8.173,5.316,0.856,0
-158.847,-16.736,-411.959,7.484,5.709,0.881,0
-155.387,-16.751,-411.524,10.764,6.875,0.985,0
-116.013,-16.889,-415.470,11.247,7.410,0.934,0
-112.902,-16.899,-414.619,10.334,5.942,0.758,0
-106.165,-16.914,-415.558,5.203,4.025,0.919,1
-96.875,-16.913,-416.346,8.742,6.675,0.956,0
-91.320,-16.912,-415.895,7.915,4.551,0.737,0
-84.962,-16.903,-418.491,10.957,8.784,0.867,0
-77.790,-16.867,-416.017,11.533,7.703,0.747,0
-71.046,-16.841,-417.130,9.448,6.180,0.820,1
-64.818,-16.815,-420.658,10.357,8.245,0.747,0
-465.424,-18.807,-402.007,6.861,5.544,0.754,0
-459.577,-18.729,-399.751,6.744,3.663,0.851,0
-455.000,-18.692,-402.424,4.680,3.012,0.923,1
-446.034,-18.606,-405.731,7.958,5.786,0.948,1
-442.236,-18.551,-404.027,5.198,3.813,0.731,1
-431.742,-18.422,-405.166,13.165,7.588,0.755,0
-428.338,-18.357,-402.427,13.123,10.646,0.950,1
-418.720,-18.230,-403.956,11.303,7.554,0.854,1
-411.573,-18.107,-402.457,6.926,4.191,0.861,0
-405.533,-18.068,-407.792,7.789,5.093,0.851,0
-396.699,-17.928,-408.639,6.517,4.610,0.866,0
-389.472,-17.758,-406.970,10.975,8.973,0.982,0
-385.366,-17.673,-407.018,6.458,4.411,0.773,1
-375.869,-17.394,-406.332,12.639,8.875,0.753,0
-371.090,-17.217,-404.874,9.219,5.807,0.928,0
-363.474,-16.975,-405.445,12.329,9.945,0.899,0
-356.443,-16.803,-408.182,7.125,4.878,0.745,1
-350.006,-16.651,-410.697,12.629,7.658,0.836,1
-341.298,-16.456,-408.464,4.654,3.005,1.000,1
-334.806,-16.485,-411.465,10.129,5.885,0.941,0
-328.127,-16.509,-411.599,9.791,6.658,0.843,1
-318.893,-16.607,-408.494,5.027,2.656,0.856,0
-315.867,-16.615,-410.358,5.206,3.234,0.924,0
-299.926,-16.539,-412.293,12.233,8.685,0.826,0
-293.893,-16.418,-410.654,12.061,6.490,0.946,1
-284.839,-16.304,-415.099,11.297,6.623,0.921,0
-279.743,-16.232,-412.890,7.962,5.068,0.885,0
-269.950,-16.141,-410.827,11.843,8.211,0.864,1
-262.770,-16.205,-411.700,6.600,4.992,0.986,0
-256.638,-16.261,-412.161,5.531,3.946,0.813,1
-252.078,-16.281,-416.671,8.683,5.830,0.971,1
-246.495,-16.348,-415.770,6.701,5.055,0.762,1
-238.711,-16.441,-413.374,8.843,5.408,0.801,0
-223.669,-16.523,-417.356,10.196,6.413,0.857,1
-214.785,-16.561,-415.098,9.042,5.078,0.753,1
-211.655,-16.566,-417.139,11.767,7.667,0.982,0
-205.106,-16.580,-418.781,9.374,7.588,0.748,0
-196.010,-16.608,-414.892,9.289,6.343,0.862,1
-186.950,-16.628,-418.810,11.107,6.573,0.785,0
-176.560,-16.665,-416.413,8.188,5.989,0.827,1
-167.899,-16.689,-418.767,8.334,6.668,0.733,1
-160.850,-16.713,-418.901,8.125,4.777,0.932,0
-126.708,-16.843,-421.216,8.053,4.725,0.901,0
-118.650,-16.875,-419.837,13.100,9.193,0.949,0
-111.837,-16.892,-421.310,9.600,5.268,0.807,1
-107.179,-16.903,-422.366,7.683,4.183,0.933,0
-94.693,-16.915,-421.470,4.905,3.921,0.731,0
-89.728,-16.915,-423.765,8.241,6.190,0.877,1
-81.588,-16.902,-423.955,10.924,7.377,0.815,0
-75.075,-16.878,-423.540,8.032,4.678,0.942,1
-66.652,-16.836,-423.836,5.768,4.525,0.925,1
-809.369,-20.347,-392.054,7.357,5.893,0.839,1
-465.584,-18.853,-411.789,5.150,4.065,0.980,0
-463.417,-18.824,-410.156,11.379,8.380,0.939,0
-454.564,-18.717,-407.564,10.158,5.966,0.958,1
-444.862,-18.607,-408.243,5.003,2.802,0.782,1
-442.335,-18.576,-407.995,8.985,6.214,0.766,0
-435.965,-18.524,-411.763,11.526,7.715,0.849,0
-428.649,-18.427,-411.413,8.128,6.548,0.939,1
-419.591,-18.325,-413.830,11.721,9.028,0.904,1
-410.424,-18.187,-412.822,11.379,8.425,0.821,1
-404.663,-18.083,-410.795,5.847,4.168,0.978,1
-398.759,-18.031,-414.604,11.040,7.081,0.822,0
-390.847,-17.884,-414.489,6.136,3.958,0.996,0
-386.096,-17.777,-413.861,11.141,7.420,0.957,1
-379.873,-17.676,-415.881,11.366,6.264,0.992,1
-371.194,-17.410,-414.475,7.279,5.654,0.981,1
-365.665,-17.207,-412.927,8.366,5.111,0.801,1
-354.112,-16.875,-414.747,7.362,4.605,0.832,1
-348.640,-16.727,-416.214,5.906,3.211,0.786,1
-336.502,-16.473,-415.798,6.716,3.897,0.838,0
-327.959,-16.512,-414.497,5.553,3.509,0.897,1
-316.303,-16.582,-417.444,8.504,6.341,0.890,1
-306.424,-16.652,-420.558,5.873,4.423,0.926,0
-302.614,-16.638,-417.446,5.658,4.521,0.977,0
-292.527,-16.503,-421.608,11.314,6.891,0.938,1
-287.946,-16.422,-421.784,13.254,8.893,0.801,1
-279.481,-16.254,-419.168,9.440,7.121,0.805,0
-273.760,-16.192,-420.388,11.553,7.151,0.986,1
-268.068,-16.149,-420.435,6.780,4.867,0.985,1
-258.635,-16.185,-422.181,8.595,6.590,0.940,1
-249.022,-16.280,-422.805,6.115,4.027,0.853,0
-221.109,-16.521,-425.670,7.057,4.135,0.849,0
-215.502,-16.543,-425.297,11.090,5.776,0.912,0
-212.046,-16.551,-426.138,5.322,3.271,0.951,0
-202.704,-16.576,-426.159,8.094,4.505,0.977,0
-197.712,-16.594,-421.682,4.975,2.722,0.928,0
-188.574,-16.617,-422.103,6.513,4.416,0.950,1
-181.954,-16.635,-423.275,9.949,5.929,0.936,1
-176.307,-16.652,-423.583,5.188,3.613,0.851,1
-135.654,-16.785,-429.956,4.538,2.469,0.752,0
-124.363,-16.830,-430.182,5.878,3.258,0.977,0
-121.080,-16.840,-431.253,7.079,4.213,0.835,0
-111.052,-16.886,-427.189,8.919,6.900,0.894,1
-107.402,-16.891,-430.579,10.309,8.081,0.793,1
-97.735,-16.911,-428.992,7.815,4.964,0.831,0
-93.024,-16.919,-428.791,6.386,4.663,0.986,0
-82.531,-16.907,-430.398,12.293,7.193,0.806,1
-75.582,-16.898,-432.912,6.611,4.378,0.841,0
-72.105,-16.890,-431.798,6.610,4.788,0.929,0
-816.655,-20.357,-394.640,9.363,6.513,0.786,0
-810.821,-20.324,-396.170,12.927,9.733,0.853,1
-805.794,-20.298,-397.458,8.462,6.883,0.789,0
-501.526,-19.232,-413.570,9.671,7.232,0.817,0
-489.447,-19.101,-414.849,13.174,10.791,0.917,0
-481.462,-19.014,-413.243,6.461,3.716,0.868,1
-473.178,-18.956,-418.267,5.638,4.117,0.866,0
-452.080,-18.744,-418.052,4.814,3.646,0.990,1
-446.182,-18.663,-414.778,9.969,6.829,0.758,1
-441.254,-18.614,-416.192,10.665,7.700,0.968,0
-431.021,-18.519,-419.931,9.959,7.035,0.898,0
-426.593,-18.447,-417.292,12.346,9.388,0.921,0
-416.808,-18.308,-416.221,8.340,4.891,0.757,0
-410.430,-18.251,-419.596,9.689,6.778,0.782,1
-404.199,-18.159,-419.357,8.270,5.078,0.785,0
-396.670,-18.065,-421.146,6.027,3.748,0.856,1
-390.469,-17.981,-422.760,11.237,7.170,0.887,1
-386.323,-17.914,-423.044,8.565,6.467,0.793,1
-378.949,-17.705,-419.218,4.707,3.057,0.852,0
-368.675,-17.456,-420.067,8.893,5.968,0.934,1
-364.727,-17.364,-421.422,12.436,8.828,0.815,1
-356.035,-17.107,-422.638,6.345,4.464,0.758,0
-342.797,-16.732,-425.817,9.991,6.762,0.838,1
-333.389,-16.450,-420.976,12.524,9.145,0.806,1
-326.758,-16.440,-425.886,12.746,8.568,0.730,0
-323.934,-16.446,-426.579,10.172,7.187,0.785,0
-313.023,-16.601,-424.003,7.513,4.334,0.861,0
-307.814,-16.636,-427.180,11.726,6.142,0.760,0
-300.322,-16.615,-427.357,12.934,7.723,0.883,1
-292.381,-16.567,-427.824,4.644,2.441,0.837,1
-277.577,-16.255,-425.159,5.296,3.812,0.807,0
-272.959,-16.206,-428.791,7.735,6.252,0.941,1
-266.091,-16.176,-429.705,9.292,5.111,0.907,0
-259.747,-16.174,-428.625,4.566,3.097,0.892,1
-222.802,-16.494,-429.551,6.889,5.557,0.953,1
-217.045,-16.530,-430.411,11.184,8.657,0.988,1
-201.077,-16.576,-428.713,10.646,6.296,0.822,0
-194.923,-16.584,-433.697,5.601,3.268,0.913,1
-154.022,-16.706,-434.288,7.791,4.645,0.988,0
-145.489,-16.732,-436.315,5.275,3.931,0.876,1
-138.783,-16.757,-436.285,12.083,6.350,0.754,1
-133.733,-16.783,-434.291,10.178,5.883,0.805,0
-125.342,-16.813,-435.922,7.169,4.635,0.998,1
-119.058,-16.843,-433.202,8.325,4.711,0.968,0
-110.971,-16.867,-436.145,5.895,4.527,0.858,1
-100.766,-16.898,-435.185,5.696,3.311,0.788,0
-86.046,-16.919,-436.447,11.606,7.179,0.879,0
-78.636,-16.912,-439.533,8.258,6.438,0.786,1
-69.411,-16.895,-440.900,8.777,5.530,0.947,1
-818.066,-20.325,-401.907,8.485,6.594,0.837,0
-811.778,-20.306,-400.846,6.529,5.081,0.978,0
-803.928,-20.259,-405.505,13.307,10.391,0.833,0
-505.793,-19.715,-421.766,4.991,3.540,0.736,1
-496.157,-19.196,-420.505,8.139,6.537,0.884,0
-489.810,-19.126,-420.759,10.211,7.328,0.747,0
-481.867,-19.061,-424.622,6.168,4.707,0.873,1
-474.840,-18.985,-421.205,4.630,3.111,0.885,0
-469.372,-18.930,-420.336,7.416,4.769,0.908,0
-460.564,-18.863,-424.519,6.703,4.386,0.904,1
-456.302,-18.824,-425.293,11.161,8.149,0.742,1
-446.757,-18.723,-424.570,11.877,7.929,0.758,0
-443.423,-18.696,-425.909,8.440,6.919,0.976,1
-435.166,-18.587,-422.843,6.735,4.315,0.949,0
-420.974,-18.456,-427.893,8.132,5.348,0.891,1
-411.395,-18.322,-426.441,10.578,7.004,0.951,0
-403.786,-18.225,-427.034,10.620,8.471,0.822,0
-385.124,-17.933,-426.642,9.022,6.042,0.903,0
-378.431,-17.832,-428.766,9.349,6.634,0.773,1
-370.420,-17.643,-428.452,8.416,6.416,0.813,0
-365.238,-17.557,-430.846,6.957,4.261,0.884,1
-354.758,-17.172,-427.524,8.074,6.156,0.891,0
-345.125,-16.938,-431.914,4.929,3.021,0.922,1
-338.832,-16.755,-431.884,6.077,4.941,0.812,0
-330.868,-16.529,-429.961,5.959,3.906,0.852,1
-323.836,-16.432,-428.830,9.378,6.173,0.873,1
-313.466,-16.545,-432.201,5.611,3.218,0.852,1
-305.588,-16.643,-431.849,4.680,2.622,0.808,1
-291.948,-16.582,-434.981,6.288,4.150,0.839,0
-289.885,-16.570,-435.085,13.370,10.021,0.754,0
-278.260,-16.345,-432.053,6.519,3.781,0.970,1
-271.767,-16.253,-436.187,6.516,5.184,0.847,1
-267.250,-16.180,-432.568,10.323,7.599,0.956,0
-221.782,-16.484,-434.233,7.041,5.576,0.768,0
-172.752,-16.634,-439.591,11.746,6.159,0.888,1
-165.814,-16.656,-439.451,4.534,2.770,0.801,0
-161.743,-16.666,-441.162,13.216,10.078,0.782,1
-144.988,-16.727,-439.508,7.660,6.144,0.863,0
-142.526,-16.734,-440.436,12.789,9.257,0.956,0
-131.120,-16.768,-444.766,9.064,5.732,0.853,0
-129.244,-16.778,-443.859,8.438,5.911,0.808,1
-111.786,-16.845,-444.952,4.890,3.789,0.866,0
-108.332,-16.857,-445.552,12.338,10.108,0.995,1
-97.104,-16.893,-445.742,4.573,3.539,0.839,0
-88.994,-16.912,-442.911,12.592,7.997,0.936,0
-85.435,-16.914,-443.108,5.165,3.398,0.821,1
-75.560,-16.917,-446.117,5.486,3.607,0.988,1
-817.377,-20.295,-407.736,6.447,4.178,0.879,1
-812.551,-20.253,-412.962,10.074,7.507,0.941,1
-806.599,-20.249,-409.611,10.290,5.647,0.939,1
-505.610,-19.889,-425.590,8.760,7.067,0.755,0
-488.537,-19.159,-429.819,7.856,6.159,0.869,0
-480.968,-19.070,-429.395,4.986,3.841,0.909,0
-473.784,-19.001,-427.252,10.084,7.517,0.798,0
-468.531,-18.953,-427.543,12.222,9.543,0.964,1
-460.230,-18.899,-433.256,13.481,8.203,0.875,1
-453.809,-18.827,-431.287,4.781,3.824,0.862,1
-448.117,-18.771,-431.356,8.244,5.317,0.821,0
-439.179,-18.680,-431.437,7.846,6.202,0.814,1
-433.945,-18.638,-433.585,4.594,3.283,0.744,1
-427.352,-18.559,-432.387,9.353,5.207,0.815,1
-420.513,-18.475,-431.565,11.870,8.887,0.878,1
-413.250,-18.389,-431.505,8.577,5.818,0.966,1
-406.217,-18.301,-432.170,8.041,4.727,0.794,1
-397.998,-18.222,-435.994,7.059,4.596,0.750,1
-395.076,-18.153,-432.424,7.147,3.762,0.850,1
-387.410,-18.052,-434.704,5.754,4.313,0.766,1
-377.967,-17.878,-432.797,5.586,3.204,1.000,0
-372.924,-17.804,-435.086,12.566,6.828,0.990,0
-364.942,-17.640,-436.316,7.426,4.914,0.739,0
-360.289,-17.536,-436.561,9.058,5.884,0.890,1
-349.127,-17.137,-434.434,8.647,4.765,0.758,1
-342.071,-16.957,-437.021,6.828,3.707,0.744,0
-335.297,-16.757,-438.907,12.990,8.626,0.927,0
-327.017,-16.519,-435.378,7.139,3.926,0.887,0
-322.565,-16.465,-437.765,11.218,7.194,0.895,0
-316.576,-16.459,-440.870,13.269,10.317,0.860,0
-310.828,-16.527,-438.275,8.062,6.564,0.926,1
-299.886,-16.627,-441.082,13.065,10.183,0.904,0
-297.153,-16.646,-439.437,4.533,3.069,0.906,1
-290.146,-16.612,-440.448,10.550,6.881,0.800,1
-272.957,-16.308,-439.741,12.010,8.577,0.932,0
-268.971,-16.270,-443.354,10.559,7.511,0.744,0
-152.992,-16.686,-446.227,9.712,6.176,0.841,0
-146.008,-16.706,-448.099,12.821,8.161,0.933,0
-139.638,-16.722,-451.494,10.484,6.922,0.948,0
-135.036,-16.740,-450.850,5.117,4.078,0.943,0
-129.199,-16.764,-449.830,6.248,4.972,0.776,0
-119.846,-16.807,-447.558,7.052,5.677,0.977,0
-115.463,-16.822,-448.684,5.248,3.978,0.783,0
-105.019,-16.853,-452.976,13.079,10.148,0.778,0
-99.823,-16.872,-451.424,8.673,6.134,0.749,0
-89.965,-16.904,-451.082,8.640,5.998,0.814,1
-82.864,-16.910,-453.493,8.481,6.688,0.737,1
-810.717,-20.231,-418.251,7.211,5.500,0.734,1
-805.503,-20.224,-415.622,7.907,4.681,0.774,0
-797.484,-20.191,-420.727,6.973,4.315,0.901,0
-508.821,-20.136,-432.001,7.436,5.768,0.945,1
-492.275,-19.479,-434.855,9.862,7.794,0.827,1
-485.245,-19.129,-436.531,9.172,4.808,0.762,1
-478.542,-19.077,-438.654,6.934,4.493,0.754,1
-467.970,-18.982,-437.125,6.152,4.115,0.917,1
-460.751,-18.936,-440.309,8.255,4.837,0.914,1
-455.624,-18.864,-435.288,12.612,9.792,0.738,0
-449.349,-18.823,-439.351,10.288,7.613,0.864,1
-439.274,-18.718,-438.521,10.709,7.631,0.856,1
-432.792,-18.641,-436.297,8.144,5.867,0.889,1
-427.364,-18.595,-437.811,11.650,7.592,0.811,0
-419.036,-18.518,-440.069,9.645,5.192,0.788,1
-412.155,-18.425,-438.390,11.363,6.577,0.838,0
-406.621,-18.363,-439.172,9.702,5.669,0.894,0
-402.336,-18.307,-439.262,6.180,4.026,0.895,0
-392.909,-18.192,-440.773,7.150,4.141,0.834,1
-383.525,-18.062,-441.647,9.727,5.792,0.996,1
-377.201,-17.989,-444.550,8.747,5.046,0.840,1
-369.307,-17.829,-441.991,6.523,4.749,0.738,0
-366.135,-17.807,-444.966,10.106,7.085,0.882,1
-356.533,-17.570,-444.495,13.492,7.077,0.949,0
-341.453,-17.129,-444.947,6.438,3.949,0.961,0
-338.326,-16.962,-442.794,9.268,4.878,0.901,1
-329.960,-16.691,-444.122,10.044,6.983,0.928,0
-322.184,-16.546,-444.943,5.091,2.981,0.777,1
-317.898,-16.529,-446.130,6.074,4.553,0.789,1
-311.413,-16.475,-445.466,4.512,2.372,0.911,1
-302.714,-16.540,-447.894,11.237,6.044,0.838,1
-289.844,-16.657,-449.307,7.332,4.242,0.964,1
-283.437,-16.575,-448.570,5.168,3.636,0.832,1
-275.452,-16.422,-447.527,8.369,6.732,0.941,0
-254.062,-16.138,-447.314,12.647,8.534,0.764,1
-141.477,-16.709,-454.452,11.695,7.879,0.780,0
-132.612,-16.738,-455.760,7.189,3.904,0.925,0
-128.222,-16.751,-457.309,13.022,8.472,0.774,0
-121.455,-16.779,-456.404,5.640,3.632,0.927,0
-114.398,-16.808,-456.154,8.250,4.731,0.777,0
-107.823,-16.834,-456.364,8.293,6.100,0.825,0
-102.035,-16.848,-459.944,5.910,3.976,0.994,1
-819.035,-20.230,-426.148,13.074,9.017,0.976,0
-812.750,-20.215,-425.884,4.934,3.603,0.974,0
-805.594,-20.198,-426.899,9.258,5.540,0.847,1
-800.886,-20.195,-424.743,6.462,5.150,0.824,1
-791.417,-20.167,-424.264,6.665,4.214,0.975,0
-517.299,-20.181,-442.321,9.891,5.817,0.855,1
-486.675,-19.185,-440.993,13.395,9.318,0.924,0
-474.711,-19.063,-445.792,7.306,5.483,0.764,1
-468.684,-19.013,-446.274,8.988,7.250,0.847,0
-463.675,-18.970,-444.831,8.077,5.731,0.944,0
-453.901,-18.902,-446.888,9.955,6.586,0.945,0
-447.746,-18.848,-447.666,10.188,5.810,0.885,0
-442.101,-18.794,-447.993,11.411,6.360,0.877,0
-433.355,-18.697,-445.995,9.113,4.965,0.861,0
-427.977,-18.645,-446.064,13.083,10.445,0.922,1
-424.090,-18.619,-448.427,7.167,4.435,0.901,1
-411.764,-18.491,-448.502,11.591,9.017,0.850,0
-406.592,-18.441,-450.364,9.065,5.387,0.990,1
-401.020,-18.352,-447.324,8.002,4.909,0.781,1
-393.274,-18.240,-446.101,6.657,5.188,0.857,0
-388.625,-18.208,-450.089,11.656,9.239,0.994,0
-377.803,-18.044,-448.825,6.506,3.465,0.930,0
-372.782,-17.997,-452.098,10.625,7.915,0.982,0
-365.793,-17.860,-450.535,4.662,3.048,0.936,1
-357.635,-17.669,-448.620,13.460,10.928,0.821,0
-352.785,-17.541,-448.724,7.549,6.155,0.790,0
-341.745,-17.274,-450.533,6.925,4.536,0.824,1
-339.348,-17.173,-449.901,5.530,3.770,0.969,0
-332.391,-16.976,-452.160,8.666,5.066,0.837,1
-324.781,-16.656,-450.416,5.122,3.281,0.823,1
-314.821,-16.538,-454.109,11.387,8.353,0.744,1
-310.966,-16.509,-454.366,13.460,8.668,0.849,1
-300.069,-16.531,-456.374,8.307,5.442,0.966,1
-295.091,-16.581,-456.353,11.370,8.721,0.849,0
-290.347,-16.628,-456.643,4.674,2.435,0.951,1
-281.422,-16.586,-453.103,10.897,8.393,0.787,0
-111.431,-16.807,-461.840,4.270,3.314,0.809,1
-819.568,-20.223,-430.042,9.210,6.596,0.992,0
-811.450,-20.195,-432.442,9.907,6.066,0.924,0
-808.351,-20.189,-432.067,5.046,3.536,0.954,1
-798.818,-20.170,-432.861,12.620,9.726,0.855,1
-486.395,-19.193,-449.658,10.042,8.102,0.914,1
-478.791,-19.105,-448.256,8.987,7.188,0.869,0
-469.621,-19.030,-449.594,8.704,6.015,0.775,0
-466.225,-19.008,-451.720,6.764,4.749,0.936,0
-458.670,-18.945,-449.570,6.653,4.806,0.958,0
-446.788,-18.850,-450.130,11.692,8.021,0.766,0
-443.309,-18.834,-453.759,12.817,10.335,0.970,0
-437.096,-18.768,-452.690,4.533,3.227,0.806,1
-426.862,-18.682,-454.894,7.640,6.078,0.793,1
-418.959,-18.590,-452.310,6.824,4.916,0.894,0
-416.627,-18.568,-452.347,4.651,2.464,0.768,0
-405.630,-18.458,-454.564,10.375,8.120,0.750,0
-399.642,-18.369,-452.218,4.817,3.320,0.940,1
-394.542,-18.328,-455.248,10.214,8.074,0.842,1
-386.818,-18.254,-457.770,7.078,4.279,0.782,1
-372.037,-18.014,-454.543,13.213,7.955,0.747,0
-368.207,-17.954,-454.872,7.264,4.238,0.736,1
-361.092,-17.884,-459.021,11.550,8.452,0.789,1
-353.919,-17.744,-458.856,7.773,5.484,0.909,1
-344.391,-17.535,-460.263,8.046,4.614,0.797,1
-338.161,-17.294,-457.299,5.205,3.375,0.934,0
-329.351,-16.983,-456.954,7.136,5.511,0.850,1
-324.137,-16.873,-460.226,9.557,6.714,0.893,1
-317.246,-16.586,-458.373,10.396,6.663,0.819,1
-311.086,-16.490,-460.070,4.801,3.613,0.945,0
-813.945,-20.193,-438.159,7.176,3.928,0.827,0
-808.353,-20.183,-436.453,6.400,4.089,0.869,0
-802.325,-20.169,-441.438,5.929,4.161,0.903,1
-793.037,-20.152,-442.074,11.606,6.701,0.997,0
-786.234,-20.154,-442.696,8.948,5.554,0.815,0
-520.391,-20.201,-454.262,5.829,3.939,0.810,1
-485.682,-19.397,-454.363,7.098,5.778,0.862,1
-480.841,-19.387,-459.479,8.871,5.652,0.889,0
-468.537,-19.040,-455.708,13.179,8.793,0.990,0
-464.721,-19.019,-458.724,6.220,4.521,0.824,0
-454.477,-18.943,-460.377,11.219,9.016,0.951,0
-441.850,-18.848,-460.559,7.078,4.553,0.922,0
-437.242,-18.800,-458.976,6.891,4.343,0.808,0
-427.104,-18.711,-460.289,13.220,8.596,0.780,1
-423.124,-18.667,-458.659,4.866,2.686,0.994,0
-415.472,-18.615,-462.627,7.399,4.254,0.769,1
-406.296,-18.510,-461.817,13.179,10.262,0.856,0
-401.916,-18.459,-461.510,9.905,6.559,0.841,0
-394.116,-18.355,-459.902,5.921,4.327,0.951,1
-386.872,-18.280,-461.040,7.238,5.350,0.744,0
-374.797,-18.121,-461.425,4.722,3.784,0.845,1
-365.824,-18.030,-465.167,12.961,9.485,0.902,1
-358.450,-17.905,-464.735,13.230,9.664,0.932,1
-352.233,-17.770,-463.721,7.153,4.438,0.751,0
-347.224,-17.681,-464.508,11.532,8.941,0.906,1
-339.294,-17.534,-467.873,9.333,6.651,0.886,0
-328.542,-17.170,-466.420,11.897,8.189,0.948,0
-326.004,-17.037,-464.145,12.307,9.481,0.940,0
-816.027,-20.182,-447.471,4.737,3.464,0.950,0
-807.340,-20.171,-443.326,8.215,5.122,0.945,0
-802.497,-20.163,-444.888,5.146,3.136,0.997,1
-791.758,-20.147,-446.640,11.905,6.793,0.872,0
-788.289,-20.150,-445.878,13.295,10.247,0.985,0
-518.502,-20.208,-461.876,7.677,6.065,0.782,1
-511.255,-20.197,-460.004,10.650,6.348,0.953,0
-474.168,-19.366,-466.427,10.308,6.542,0.730,1
-464.372,-19.039,-465.809,6.392,4.989,0.889,1
-457.912,-18.994,-467.981,11.607,6.647,0.754,1
-451.207,-18.931,-464.790,12.502,9.083,0.755,0
-444.550,-18.883,-465.700,12.019,6.574,0.757,1
-438.557,-18.839,-466.564,8.495,6.790,0.942,1
-430.390,-18.782,-468.911,6.764,4.071,0.910,1
-424.759,-18.727,-467.889,6.145,3.518,0.905,0
-415.209,-18.630,-465.796,10.743,8.517,0.861,1
-410.192,-18.606,-470.897,11.502,7.668,0.746,1
-401.893,-18.513,-470.780,6.703,4.098,0.894,0
-394.500,-18.406,-466.774,8.237,5.334,0.944,1
-385.776,-18.327,-469.600,12.734,8.349,0.819,0
-381.349,-18.295,-471.972,4.695,2.862,0.802,1
-371.655,-18.172,-471.861,11.560,8.124,0.943,0
-357.347,-17.934,-468.835,4.933,2.616,0.763,1
-352.726,-17.897,-472.761,8.191,5.434,0.925,0
-348.250,-17.815,-473.219,5.179,4.239,0.891,1
-341.310,-17.652,-471.438,10.131,6.252,0.774,0
-329.686,-17.286,-470.211,5.347,4.361,0.923,1
-193.972,-16.506,-481.392,11.290,8.816,0.978,0
-168.747,-16.581,-483.967,11.328,5.989,0.855,0
-162.882,-16.600,-480.583,7.403,5.548,0.928,0
-157.166,-16.608,-485.247,4.564,3.248,0.975,1
-144.132,-16.643,-485.275,6.285,4.674,0.831,1
-816.219,-20.176,-452.364,11.905,7.706,0.887,1
-806.109,-20.158,-452.199,6.041,4.596,0.849,0
-800.816,-20.153,-451.388,6.189,4.474,0.930,1
-793.430,-20.145,-454.307,11.380,7.729,0.733,0
-532.707,-20.229,-469.038,5.546,4.342,0.886,0
-525.857,-20.221,-466.888,7.343,4.411,0.750,1
-521.593,-20.221,-470.487,7.765,5.766,0.843,0
-513.882,-20.212,-469.746,8.824,4.848,0.867,0
-505.612,-20.205,-471.980,10.254,8.318,0.774,0
-477.623,-19.755,-469.419,7.233,4.623,0.845,1
-470.165,-19.307,-469.592,12.196,7.756,0.747,0
-463.619,-19.154,-473.964,11.463,6.267,0.810,1
-458.279,-19.009,-471.577,11.691,9.426,0.858,0
-452.962,-18.973,-473.256,6.084,4.517,0.940,0
-444.625,-18.914,-474.900,7.495,4.559,0.828,1
-434.744,-18.829,-472.221,5.588,3.470,0.833,0
-422.378,-18.733,-474.369,7.015,5.354,0.847,0
-416.331,-18.693,-477.615,10.313,6.974,0.762,0
-402.558,-18.535,-473.203,8.468,6.422,0.982,0
-394.519,-18.454,-474.208,10.603,7.479,0.755,1
-387.040,-18.393,-476.281,9.843,6.030,0.803,0
-380.530,-18.318,-476.094,12.507,7.792,0.905,0
-374.719,-18.238,-474.967,8.786,4.697,0.845,1
-367.152,-18.143,-475.678,11.587,7.761,0.902,0
-343.095,-17.765,-477.013,5.139,3.190,0.735,1
-268.753,-16.620,-481.433,4.311,2.837,0.928,1
-259.418,-16.460,-483.061,8.719,5.893,0.898,0
-253.512,-16.348,-482.946,9.402,7.099,0.945,1
-249.383,-16.301,-484.698,7.882,6.275,0.790,1
-241.373,-16.223,-487.625,8.007,6.519,0.841,1
-236.626,-16.157,-485.492,8.534,5.657,0.951,1
-227.371,-16.189,-486.337,7.903,4.702,0.900,0
-207.564,-16.372,-487.556,10.114,6.896,0.869,1
-199.250,-16.460,-486.653,5.552,3.785,0.787,1
-191.103,-16.500,-489.067,6.271,3.839,0.993,1
-183.650,-16.530,-490.687,13.357,9.633,0.890,0
-177.312,-16.555,-489.640,8.379,5.724,0.993,1
-171.681,-16.566,-491.180,12.678,10.255,0.873,0
-166.526,-16.579,-489.672,12.249,6.506,0.786,0
-159.611,-16.594,-490.392,10.361,6.822,0.848,1
-149.233,-16.622,-489.542,12.320,9.814,0.929,0
-142.180,-16.642,-489.371,13.455,7.966,0.799,1
-134.643,-16.659,-493.015,7.599,4.966,0.804,0
-130.069,-16.679,-489.947,7.638,4.855,0.898,0
-816.061,-20.171,-459.151,10.524,7.084,0.927,1
-809.329,-20.155,-460.559,10.741,5.656,0.880,1
-802.762,-20.153,-459.340,11.581,8.357,0.867,1
-792.510,-20.144,-462.325,11.998,9.778,0.948,1
-787.378,-20.157,-463.714,7.459,5.714,0.816,1
-528.297,-20.232,-476.641,9.166,4.907,0.918,1
-523.533,-20.226,-474.337,8.741,5.691,0.946,1
-512.839,-20.219,-477.473,6.538,5.153,0.985,0
-474.648,-20.193,-479.973,6.282,4.305,0.985,1
-463.675,-19.457,-478.772,8.948,5.490,0.829,1
-458.282,-19.166,-479.883,7.584,6.191,0.876,0
-450.702,-18.972,-478.146,5.161,3.655,0.759,1
-446.435,-18.954,-482.342,9.464,5.948,0.956,0
-437.485,-18.884,-481.675,8.032,5.901,0.851,0
-430.634,-18.820,-478.640,7.298,3.912,0.922,0
-421.817,-18.756,-481.465,6.835,3.842,0.992,1
-415.742,-18.695,-479.550,12.807,9.882,0.827,0
-399.782,-18.563,-483.207,4.716,3.712,0.866,0
-390.051,-18.455,-481.425,11.363,7.865,0.837,0
-382.020,-18.389,-483.510,7.129,4.181,0.964,1
-372.156,-18.284,-485.154,8.725,6.833,0.753,1
-365.161,-18.174,-482.559,7.746,5.243,0.747,0
-350.497,-17.969,-483.281,5.384,3.532,0.865,1
-275.079,-16.587,-489.778,5.850,3.253,0.847,1
-272.053,-16.619,-491.584,8.241,5.848,0.962,1
-256.816,-16.500,-491.660,7.904,4.184,0.839,1
-245.788,-16.284,-490.632,12.264,9.186,0.910,1
-242.425,-16.248,-492.253,11.854,8.606,0.782,0
-235.484,-16.174,-494.929,9.683,6.684,0.801,1
-225.962,-16.172,-491.161,9.257,7.410,0.865,0
-219.284,-16.232,-491.234,10.473,5.566,0.749,1
-211.735,-16.303,-492.705,6.446,3.483,0.848,1
-208.816,-16.342,-491.334,10.617,6.724,0.769,0
-198.804,-16.434,-493.234,8.670,4.873,0.992,1
-194.757,-16.465,-493.397,11.957,6.808,0.918,0
-186.056,-16.513,-494.205,10.336,5.756,0.906,0
-177.839,-16.544,-494.804,8.999,6.915,0.997,0
-173.550,-16.558,-493.923,9.517,5.970,0.930,1
-162.766,-16.578,-497.450,12.584,6.925,0.989,0
-160.068,-16.588,-494.159,12.630,9.370,0.848,0
-149.499,-16.608,-497.677,6.792,4.532,0.831,0
-137.918,-16.636,-500.582,13.173,7.326,0.880,1
-128.156,-16.664,-500.983,9.585,6.873,0.958,0
-125.472,-16.675,-499.662,9.762,5.939,0.951,0
-118.068,-16.700,-499.296,7.812,5.407,0.912,1
-815.325,-20.160,-467.199,12.901,9.588,0.769,0
-798.347,-20.147,-465.927,10.449,7.233,0.824,1
-529.264,-20.236,-480.701,8.066,6.100,0.866,0
-522.751,-20.231,-480.958,5.609,3.562,0.787,1
-514.453,-20.226,-483.924,4.724,2.826,0.828,0
-508.571,-20.223,-486.331,12.302,6.870,0.756,0
-486.242,-20.196,-483.857,8.263,4.618,0.731,0
-478.936,-20.198,-485.610,8.697,5.971,0.974,0
-474.499,-20.198,-488.023,8.162,5.528,0.990,1
-468.265,-20.121,-484.513,7.566,5.432,0.840,0
-457.273,-19.641,-488.399,7.906,6.257,0.918,0
-453.034,-19.255,-486.873,12.559,7.505,0.907,0
-442.726,-18.940,-486.514,8.487,4.985,0.823,0
-437.136,-18.911,-489.778,6.450,4.353,0.834,0
-433.174,-18.882,-489.913,8.729,6.092,0.934,0
-422.361,-18.786,-487.852,10.353,6.027,0.784,0
-417.197,-18.757,-490.795,6.890,4.214,0.780,1
-402.910,-18.613,-487.424,5.814,4.694,0.757,1
-396.259,-18.561,-489.179,6.102,4.379,0.847,1
-387.911,-18.505,-492.972,4.508,3.652,0.890,0
-384.306,-18.445,-488.942,6.160,3.240,0.913,0
-376.250,-18.369,-489.701,5.923,3.456,0.803,1
-291.360,-16.566,-494.151,7.018,4.368,0.927,0
-274.637,-16.561,-496.700,9.773,6.111,0.948,1
-270.982,-16.613,-495.827,5.127,3.615,0.895,0
-261.602,-16.596,-499.713,10.860,5.922,0.943,0
-254.514,-16.526,-497.251,10.819,7.132,0.972,0
-247.556,-16.384,-497.022,10.528,6.417,0.988,0
-241.657,-16.270,-497.852,12.273,7.743,0.733,1
-233.273,-16.165,-498.046,11.464,7.765,0.951,0
-221.223,-16.170,-499.221,5.911,3.260,0.846,0
-211.955,-16.237,-502.998,9.553,5.035,0.964,1
-208.062,-16.290,-501.785,6.395,4.348,0.996,0
-198.898,-16.389,-502.980,13.095,7.096,0.763,0
-190.430,-16.468,-499.545,6.433,3.914,0.831,1
-183.432,-16.504,-502.476,8.410,6.556,0.987,0
-179.323,-16.525,-503.391,11.362,7.195,0.917,1
-170.132,-16.548,-505.524,13.332,10.635,0.763,0
-164.679,-16.568,-501.983,4.789,2.931,0.988,0
-156.134,-16.587,-502.407,11.059,7.389,0.778,1
-153.096,-16.594,-502.504,10.513,5.576,0.964,1
-146.159,-16.608,-503.722,10.759,6.981,0.858,1
-139.198,-16.623,-506.030,7.822,4.655,0.863,1
-131.351,-16.648,-504.979,9.529,7.798,0.738,0
-123.624,-16.670,-505.431,12.446,8.399,0.758,0
-115.007,-16.695,-506.887,12.346,7.367,0.858,1
-814.444,-20.156,-473.787,10.426,8.209,0.994,1
-810.587,-20.150,-471.916,9.212,5.395,0.790,1
-513.551,-20.227,-488.996,6.321,5.080,0.928,1
-471.675,-20.198,-490.703,11.174,7.167,0.782,1
-466.766,-20.198,-495.504,12.784,8.295,0.796,1
-450.897,-19.676,-495.304,6.036,3.552,0.959,1
-446.045,-19.346,-495.441,5.571,4.098,0.907,0
-439.395,-19.000,-497.296,8.839,6.224,0.948,1
-431.931,-18.887,-493.940,9.815,6.192,0.924,0
-422.264,-18.826,-496.570,7.256,5.761,0.852,0
-415.095,-18.756,-494.231,8.820,5.231,0.745,1
-298.966,-17.039,-505.219,9.252,5.126,0.818,0
-290.135,-16.595,-501.794,12.225,6.523,0.873,1
-283.141,-16.563,-502.939,10.418,7.759,0.737,0
-277.138,-16.563,-505.543,11.117,6.729,0.931,1
-272.030,-16.570,-501.933,8.031,5.416,0.765,1
-261.443,-16.595,-507.134,6.810,4.410,0.946,0
-255.388,-16.569,-504.359,5.206,3.201,0.944,0
-249.299,-16.519,-505.416,10.474,7.520,0.847,0
-244.334,-16.438,-507.806,11.963,8.308,0.941,0
-237.281,-16.277,-506.602,9.274,5.932,0.769,0
-228.424,-16.180,-505.025,7.414,4.360,0.964,0
-221.787,-16.173,-507.622,13.212,10.641,0.869,0
-213.909,-16.185,-509.938,12.194,8.896,0.783,0
-209.899,-16.233,-507.914,12.096,6.351,0.836,1
-198.857,-16.355,-509.021,12.759,9.120,0.948,1
-194.555,-16.409,-507.120,8.395,5.791,0.992,0
-187.681,-16.457,-507.560,10.172,6.112,0.962,0
-178.725,-16.508,-510.919,10.801,8.682,0.769,1
-171.640,-16.534,-512.644,6.391,4.228,0.834,0
-162.643,-16.565,-508.305,7.218,5.284,0.900,1
-157.331,-16.575,-510.174,5.692,3.346,0.989,0
-152.693,-16.583,-511.434,11.228,7.643,0.986,1
-142.573,-16.603,-513.725,10.828,7.775,0.896,0
-139.039,-16.612,-513.858,5.347,3.720,0.753,1
-132.741,-16.628,-513.937,9.561,5.626,0.790,0
-124.297,-16.657,-511.290,10.966,6.312,0.899,1
-116.986,-16.679,-511.774,12.926,8.410,0.867,1
-111.131,-16.691,-515.285,4.923,2.584,0.924,1
-102.311,-16.727,-512.232,9.550,7.478,0.869,1
-94.269,-16.747,-516.536,7.269,5.368,0.783,0
-568.608,-20.257,-495.090,3.848,2.070,0.884,1
-471.870,-20.198,-498.916,11.774,9.019,0.933,0
-463.664,-20.198,-499.666,11.223,8.832,0.768,1
-462.101,-20.198,-500.843,10.625,7.224,0.949,0
-454.441,-20.174,-499.204,11.141,6.224,0.941,1
-446.776,-19.863,-502.395,11.854,6.238,0.769,0
-416.699,-18.804,-501.715,5.548,3.290,0.874,1
-297.026,-17.072,-509.232,8.842,5.842,0.891,1
-291.631,-16.944,-512.412,11.550,7.285,0.974,1
-284.178,-16.598,-510.211,12.418,10.103,0.844,1
-278.447,-16.525,-509.241,8.323,5.963,0.947,1
-268.983,-16.530,-511.376,12.486,6.900,0.849,1
-265.880,-16.579,-511.085,11.276,6.324,0.989,0
-256.124,-16.616,-511.495,11.975,7.000,0.944,1
-251.667,-16.618,-513.774,6.290,4.668,0.937,1
-244.384,-16.470,-510.990,11.827,8.964,0.783,0
-236.363,-16.347,-515.675,6.845,4.513,0.992,1
-231.276,-16.222,-511.579,12.081,7.963,0.831,0
-219.861,-16.158,-512.537,8.459,4.424,0.917,0
-213.428,-16.174,-515.188,7.810,5.638,0.981,0
-201.762,-16.278,-516.759,6.162,4.044,0.896,0
-188.888,-16.413,-516.569,7.709,4.649,0.836,0
-180.756,-16.473,-519.131,7.868,5.940,0.866,1
-171.862,-16.523,-515.970,12.535,9.495,0.741,0
-164.063,-16.553,-514.805,8.992,6.571,0.853,0
-159.624,-16.560,-518.107,10.705,6.165,0.934,0
-153.977,-16.569,-520.482,5.318,3.212,0.795,0
-146.263,-16.588,-519.172,9.542,5.702,0.955,0
-139.911,-16.604,-518.283,13.128,9.905,0.832,1
-130.540,-16.626,-519.155,9.670,7.746,0.764,0
-124.491,-16.643,-519.386,9.869,7.341,0.887,0
-117.748,-16.658,-522.160,9.105,6.927,0.731,0
-103.312,-16.705,-521.557,6.604,3.767,0.824,0
-96.464,-16.731,-520.588,9.765,6.464,0.858,0
-89.735,-16.757,-519.463,12.064,6.931,0.968,0
-81.845,-16.785,-520.696,10.232,6.956,0.966,1
-475.499,-20.208,-505.354,10.134,7.932,0.901,1
-465.247,-20.199,-507.659,8.497,5.449,0.839,0
-454.086,-20.198,-506.886,6.584,5.203,0.977,1
-419.223,-18.847,-509.925,7.256,5.889,0.780,0
-328.132,-17.977,-517.131,12.166,6.756,0.857,1
-310.837,-17.684,-518.840,8.787,5.845,0.918,0
-304.932,-17.439,-513.701,7.033,3.785,0.823,1
-300.677,-17.348,-515.932,12.789,7.839,0.933,0
-289.795,-16.992,-516.763,10.774,8.652,0.875,1
-285.489,-16.780,-515.009,6.207,3.807,0.982,0
-277.552,-16.581,-518.241,8.926,4.878,0.884,1
-271.966,-16.445,-520.691,6.807,4.584,0.795,0
-262.648,-16.555,-518.355,11.435,7.076,0.841,1
-256.745,-16.617,-520.945,9.364,5.310,0.799,1
-247.443,-16.572,-518.168,11.249,7.228,0.860,0
-241.183,-16.457,-517.450,6.492,3.730,0.772,0
-236.132,-16.367,-518.177,8.386,5.113,0.882,0
-228.402,-16.276,-520.761,13.334,9.029,0.877,1
-212.703,-16.164,-520.640,8.131,5.929,0.789,0
-210.487,-16.172,-523.254,12.890,8.166,0.961,0
-203.091,-16.250,-520.856,5.426,3.964,0.821,1
-192.270,-16.340,-523.922,7.461,5.514,0.912,0
-185.210,-16.402,-525.701,5.344,4.037,0.859,1
-178.033,-16.482,-521.113,11.542,9.088,0.982,1
-172.971,-16.499,-523.200,6.803,4.839,0.965,0
-167.409,-16.526,-521.758,4.738,3.756,0.957,1
-158.582,-16.554,-524.647,13.208,9.036,0.929,1
-150.526,-16.571,-525.784,9.839,6.233,0.800,1
-146.880,-16.580,-524.626,11.793,7.562,0.941,1
-139.417,-16.593,-528.162,5.331,4.056,0.982,0
-129.228,-16.619,-527.428,12.382,8.799,0.788,1
-123.809,-16.637,-524.220,7.600,4.399,0.760,0
-115.964,-16.652,-529.261,6.835,4.805,0.880,1
-109.277,-16.674,-528.049,9.046,4.873,0.934,1
-102.824,-16.700,-525.115,11.196,8.521,0.893,0
-94.092,-16.721,-529.928,11.186,5.964,0.739,0
-90.467,-16.736,-528.643,6.373,4.595,0.890,0
-84.926,-16.755,-528.424,6.237,3.955,0.880,1
-77.800,-16.775,-531.300,9.658,6.350,0.986,0
-71.053,-16.799,-532.178,8.033,5.399,0.942,0
-63.789,-16.827,-532.621,9.596,6.487,0.843,1
-56.839,-16.855,-531.921,7.669,4.363,0.930,0
-467.736,-20.208,-513.039,6.995,4.109,0.943,0
-332.579,-18.054,-519.667,11.873,8.268,0.850,0
-328.607,-18.046,-524.674,9.072,6.454,0.890,1
-319.100,-17.871,-521.650,7.483,5.030,0.887,0
-312.074,-17.772,-524.155,7.477,5.382,0.772,1
-305.488,-17.595,-520.971,7.164,5.606,0.977,0
-302.125,-17.585,-525.279,7.427,5.866,0.923,1
-294.989,-17.385,-526.328,12.690,8.972,0.799,0
-284.668,-16.950,-522.245,13.008,9.605,0.790,1
-278.927,-16.776,-523.809,12.799,7.762,0.793,0
-269.289,-16.481,-525.621,11.367,8.219,0.848,0
-264.343,-16.468,-525.507,9.972,7.777,0.866,0
-255.890,-16.590,-525.859,4.882,3.861,0.890,1
-247.959,-16.629,-529.255,5.825,4.241,0.970,0
-243.452,-16.564,-525.263,10.000,6.642,0.843,1
-237.144,-16.470,-526.721,13.018,9.954,0.760,1
-228.749,-16.304,-525.853,12.255,9.015,0.829,0
-220.404,-16.199,-526.423,7.965,5.673,0.903,0
-215.309,-16.156,-530.574,13.351,9.143,0.746,1
-202.102,-16.225,-526.955,8.093,4.295,0.804,1
-188.498,-16.343,-531.754,7.069,5.743,0.871,1
-179.756,-16.446,-527.903,6.535,5.045,0.940,1
-171.871,-16.487,-531.198,13.167,7.897,0.744,1
-167.399,-16.508,-531.556,8.784,6.244,0.962,1
-157.934,-16.540,-534.037,7.175,4.073,0.921,0
-151.292,-16.559,-534.127,4.578,2.417,0.744,1
-147.068,-16.574,-530.058,9.414,5.752,0.795,0
-138.762,-16.588,-534.248,11.895,7.718,0.964,0
-133.168,-16.600,-534.173,7.549,5.427,0.942,0
-126.880,-16.614,-534.903,10.629,5.752,0.923,1
-112.041,-16.660,-531.605,5.763,3.814,0.884,0
-104.726,-16.676,-535.477,7.467,4.233,0.906,1
-95.590,-16.702,-537.251,9.166,5.247,0.871,0
-90.460,-16.725,-534.315,5.416,3.369,0.957,0
-84.288,-16.742,-536.130,11.846,8.086,0.778,0
-76.104,-16.773,-534.754,11.484,6.327,0.967,1
-71.240,-16.792,-534.706,13.238,7.237,0.852,0
-63.226,-16.823,-535.224,9.097,6.586,0.807,0
-53.380,-16.860,-535.288,4.621,3.412,0.748,1
-510.496,-20.236,-517.283,4.230,3.177,0.778,1
-355.496,-18.361,-524.881,11.734,8.504,0.951,1
-351.224,-18.328,-527.242,8.760,6.490,0.876,1
-342.619,-18.226,-526.719,4.568,2.875,0.757,1
-332.706,-18.149,-530.813,11.586,7.141,0.863,0
-329.155,-18.077,-527.537,6.205,4.853,0.798,1
-323.187,-18.006,-527.974,9.327,6.020,0.876,1
-313.038,-17.868,-530.201,8.023,5.573,0.748,1
-292.032,-17.363,-529.373,4.663,2.931,0.818,0
-284.004,-17.099,-529.816,7.056,5.494,0.808,0
-280.287,-17.070,-534.527,8.741,7.027,0.880,1
-273.218,-16.735,-531.199,8.063,5.981,0.845,0
-263.279,-16.535,-532.079,8.989,6.108,0.801,0
-255.847,-16.522,-535.063,6.074,3.325,0.949,1
-250.983,-16.605,-531.790,9.265,5.631,0.842,0
-244.025,-16.597,-534.393,11.198,8.464,0.993,1
-234.840,-16.509,-533.455,10.099,7.982,0.774,1
-228.386,-16.421,-537.494,7.473,3.949,0.966,1
-224.754,-16.281,-532.318,12.198,9.073,0.897,0
-218.192,-16.202,-537.073,8.520,4.458,0.940,1
-207.528,-16.178,-538.188,11.212,6.795,0.838,1
-202.039,-16.175,-537.060,6.206,4.432,0.829,0
-196.619,-16.220,-536.672,6.883,4.694,0.839,1
-187.550,-16.332,-535.338,4.860,3.047,0.891,0
-180.976,-16.386,-538.939,12.515,7.962,0.929,1
-176.196,-16.439,-535.143,11.169,7.400,0.829,0
-167.772,-16.478,-539.618,5.391,3.212,0.761,0
-161.288,-16.520,-539.559,8.738,5.516,0.989,1
-152.011,-16.545,-541.197,12.875,9.793,0.804,0
-143.930,-16.571,-538.917,6.838,4.842,0.903,1
-139.245,-16.580,-540.512,5.083,2.703,0.914,1
-127.323,-16.606,-540.441,6.603,3.609,0.998,1
-120.917,-16.619,-542.477,7.892,4.495,0.967,0
-110.038,-16.654,-539.229,9.056,5.704,0.829,0
-103.441,-16.669,-541.768,11.793,6.320,0.908,1
-98.029,-16.688,-540.948,6.961,4.961,0.936,0
-91.154,-16.708,-542.250,11.605,7.371,0.967,1
-81.343,-16.734,-545.016,7.328,5.428,0.923,1
-73.529,-16.769,-540.825,5.136,3.990,0.757,1
-71.832,-16.774,-541.188,4.819,2.991,0.734,0
-62.279,-16.802,-545.750,9.201,5.099,0.996,1
-54.513,-16.830,-547.110,13.339,8.887,0.891,0
-42.412,-16.871,-547.852,7.777,4.673,0.828,1
