point_index,distance_m,latitude_deg,longitude_deg,elevation_m,x_m,y_m,z_m,heading_deg,grade_percent,curvature_per_m,distance_3d_m,width_left_m,width_right_m,width_m,banking_deg,pitch_deg,cross_slope_center_percent,cross_curve_per_m,crown_mid_m,left_edge_x_m,left_edge_y_m,left_edge_z_m,right_edge_x_m,right_edge_y_m,right_edge_z_m,forward_x,forward_y,forward_z,normal_x,normal_y,normal_z,ground_apron_left_dy_m,ground_apron_right_dy_m,width_left_inferred,width_right_inferred,banking_fit_rmse_m,banking_inferred,surface_id
0,0.000,57.83575693,18.83085609,38.520,0.000,0.013,0.000,73.263,0.3861,0.0003475,0.000,3.470,9.899,13.369,-1.0329,0.2212,-1.2030,-0.0009334,0.0417,-0.999,0.044,3.323,2.850,-0.198,-9.480,0.9576584,0.0038610,0.2878810,-0.0002344,0.9999202,-0.0126309,-0.002,0.233,1,0,0.0086,0,1
1,3.000,57.83576467,18.83090446,38.532,2.873,0.025,0.862,73.322,0.4023,0.0003412,3.000,3.548,9.930,13.478,-1.0152,0.2305,-1.1793,-0.0009286,0.0422,1.855,0.055,4.260,5.723,-0.184,-8.650,0.9579148,0.0040230,0.2870244,-0.0004687,0.9999224,-0.0124509,-0.012,0.257,0,0,0.0091,0,1
2,6.000,57.83577239,18.83095284,38.544,5.747,0.037,1.722,73.380,0.4236,0.0003350,6.000,3.621,9.954,13.575,-0.9991,0.2427,-1.1593,-0.0009231,0.0425,4.711,0.067,5.192,8.594,-0.170,-7.816,0.9582159,0.0042360,0.2860147,-0.0007433,0.9999238,-0.0123191,-0.020,0.279,1,0,0.0096,0,1
3,9.000,57.83578008,18.83100124,38.557,8.622,0.050,2.578,73.437,0.4496,0.0003290,9.000,3.686,9.972,13.657,-0.9850,0.2576,-1.1427,-0.0009174,0.0428,7.572,0.080,6.111,11.464,-0.155,-6.980,0.9585156,0.0044960,0.2850046,-0.0010527,0.9999246,-0.0122335,-0.028,0.298,1,0,0.0100,0,1
4,12.000,57.83578774,18.83104965,38.571,11.498,0.064,3.432,73.493,0.4800,0.0003230,12.000,3.739,9.984,13.723,-0.9733,0.2750,-1.1294,-0.0009118,0.0429,10.436,0.093,7.017,14.335,-0.140,-6.140,0.9587686,0.0047999,0.2841475,-0.0013928,0.9999247,-0.0121916,-0.036,0.313,0,0,0.0105,0,1
5,14.999,57.83579538,18.83109808,38.586,14.375,0.079,4.283,73.548,0.5145,0.0003172,15.000,3.782,9.992,13.774,-0.9637,0.2948,-1.1191,-0.0009066,0.0430,13.304,0.108,7.910,17.205,-0.123,-5.300,0.9590524,0.0051449,0.2831821,-0.0017651,0.9999242,-0.0121892,-0.044,0.326,0,0,0.0109,0,1
6,17.999,57.83580300,18.83114652,38.602,17.252,0.095,5.131,73.602,0.5528,0.0003113,18.000,3.819,9.997,13.816,-0.9560,0.3167,-1.1115,-0.0009018,0.0430,16.174,0.124,8.795,20.075,-0.106,-4.460,0.9593031,0.0055279,0.2823244,-0.0021650,0.9999230,-0.0122222,-0.052,0.335,0,0,0.0100,0,1
7,20.999,57.83581059,18.83119497,38.619,20.131,0.112,5.977,73.655,0.5942,0.0003055,20.999,3.854,10.002,13.856,-0.9497,0.3404,-1.1061,-0.0008973,0.0431,19.046,0.141,9.675,22.946,-0.088,-3.621,0.9595526,0.0059419,0.2814666,-0.0025883,0.9999212,-0.0122849,-0.061,0.341,1,0,0.0091,0,1
8,23.999,57.83581816,18.83124344,38.638,23.010,0.130,6.820,73.707,0.6377,0.0002997,23.999,3.890,10.007,13.897,-0.9447,0.3654,-1.1026,-0.0008932,0.0431,21.919,0.159,10.553,25.818,-0.070,-2.785,0.9598198,0.0063769,0.2805447,-0.0030274,0.9999189,-0.0123709,-0.070,0.344,1,0,0.0082,0,1
9,26.999,57.83582570,18.83129192,38.658,25.889,0.150,7.660,73.758,0.6814,0.0002940,26.999,3.924,10.014,13.939,-0.9408,0.3904,-1.1007,-0.0008891,0.0432,24.791,0.180,11.428,28.690,-0.049,-1.955,0.9600673,0.0068138,0.2796863,-0.0034631,0.9999162,-0.0124728,-0.079,0.345,0,0,0.0073,0,1
10,29.999,57.83583322,18.83134041,38.679,28.770,0.171,8.498,73.809,0.7233,0.0002883,29.999,3.954,10.024,13.978,-0.9382,0.4144,-1.1004,-0.0008849,0.0432,27.667,0.201,12.295,31.565,-0.028,-1.129,0.9603139,0.0072328,0.2788277,-0.0038775,0.9999133,-0.0125833,-0.089,0.343,0,0,0.0064,0,1
11,32.999,57.83584072,18.83138891,38.701,31.651,0.194,9.333,73.858,0.7608,0.0002826,32.999,3.974,10.038,14.011,-0.9369,0.4359,-1.1015,-0.0008803,0.0432,30.546,0.224,13.150,34.442,-0.005,-0.309,0.9605470,0.0076078,0.2780136,-0.0042452,0.9999104,-0.0126950,-0.100,0.339,0,0,0.0061,0,1
12,35.999,57.83584820,18.83143743,38.724,34.533,0.217,10.166,73.906,0.7914,0.0002769,35.999,3.978,10.054,14.033,-0.9372,0.4534,-1.1042,-0.0008750,0.0431,33.430,0.247,13.989,37.320,0.018,0.506,0.9607927,0.0079138,0.2771549,-0.0045432,0.9999077,-0.0128015,-0.111,0.334,0,0,0.0057,0,1
13,38.999,57.83585566,18.83148595,38.748,37.416,0.241,10.996,73.953,0.8131,0.0002713,38.999,3.967,10.073,14.041,-0.9390,0.4659,-1.1085,-0.0008689,0.0428,36.319,0.271,14.809,40.201,0.041,1.315,0.9609811,0.0081307,0.2764946,-0.0047484,0.9999055,-0.0129001,-0.123,0.327,0,0,0.0054,0,1
14,41.998,57.83586309,18.83153449,38.773,40.299,0.266,11.825,73.999,0.8243,0.0002657,41.999,3.941,10.093,14.035,-0.9424,0.4723,-1.1148,-0.0008618,0.0424,39.212,0.297,15.614,43.082,0.066,2.123,0.9612141,0.0082427,0.2756803,-0.0048497,0.9999039,-0.0129873,-0.137,0.318,0,0,0.0050,0,1
15,44.998,57.83587051,18.83158304,38.798,43.183,0.291,12.650,74.044,0.8247,0.0002601,44.999,3.905,10.112,14.017,-0.9472,0.4725,-1.1233,-0.0008537,0.0419,42.110,0.322,16.404,45.962,0.090,2.927,0.9614598,0.0082467,0.2748218,-0.0048417,0.9999029,-0.0130659,-0.151,0.308,0,0,0.0047,0,1
16,47.998,57.83587790,18.83163160,38.823,46.068,0.315,13.474,74.088,0.8148,0.0002545,47.999,3.862,10.129,13.990,-0.9531,0.4668,-1.1343,-0.0008445,0.0413,45.009,0.346,17.188,48.845,0.113,3.733,0.9616491,0.0081477,0.2741617,-0.0047253,0.9999025,-0.0131412,-0.165,0.296,0,0,0.0055,0,1
17,50.998,57.83588528,18.83168017,38.847,48.953,0.339,14.295,74.132,0.7960,0.0002490,50.999,3.817,10.141,13.958,-0.9600,0.4561,-1.1480,-0.0008342,0.0406,47.910,0.371,17.967,51.725,0.137,4.540,0.9618825,0.0079597,0.2733473,-0.0045182,0.9999024,-0.0132176,-0.180,0.283,0,0,0.0063,0,1
18,53.998,57.83589263,18.83172876,38.870,51.839,0.363,15.114,74.174,0.7706,0.0002434,53.999,3.774,10.150,13.923,-0.9678,0.4415,-1.1645,-0.0008230,0.0399,50.809,0.395,18.745,54.608,0.160,5.350,0.9620282,0.0077058,0.2728413,-0.0042359,0.9999025,-0.0133042,-0.195,0.269,0,0,0.0072,0,1
19,56.998,57.83589997,18.83177735,38.893,54.725,0.386,15.932,74.215,0.7407,0.0002379,56.999,3.734,10.154,13.887,-0.9764,0.4244,-1.1836,-0.0008110,0.0391,53.709,0.419,19.525,57.489,0.182,6.162,0.9622175,0.0074068,0.2721811,-0.0039054,0.9999025,-0.0134038,-0.210,0.254,0,0,0.0080,0,1
20,59.998,57.83590728,18.83182595,38.915,57.612,0.407,16.747,74.256,0.7089,0.0002325,59.999,3.698,10.154,13.851,-0.9856,0.4062,-1.2051,-0.0007982,0.0383,56.609,0.441,20.306,60.367,0.202,6.974,0.9624623,0.0070888,0.2713227,-0.0035530,0.9999023,-0.0135208,-0.223,0.237,0,0,0.0088,0,1
21,62.998,57.83591458,18.83187456,38.935,60.500,0.428,17.560,74.295,0.6769,0.0002270,62.999,3.667,10.149,13.817,-0.9952,0.3878,-1.2285,-0.0007849,0.0375,59.507,0.462,21.090,63.247,0.222,7.789,0.9626506,0.0067688,0.2706622,-0.0031910,0.9999016,-0.0136568,-0.236,0.220,0,0,0.0087,0,1
22,65.998,57.83592186,18.83192318,38.955,63.388,0.448,18.371,74.334,0.6465,0.0002216,65.999,3.644,10.141,13.785,-1.0049,0.3704,-1.2531,-0.0007709,0.0366,62.404,0.483,21.879,66.126,0.242,8.607,0.9628382,0.0064649,0.2700014,-0.0028411,0.9999006,-0.0138099,-0.247,0.203,0,0,0.0085,0,1
23,68.997,57.83592913,18.83197181,38.974,66.277,0.467,19.180,74.371,0.6184,0.0002162,68.999,3.628,10.128,13.756,-1.0140,0.3543,-1.2783,-0.0007564,0.0358,65.300,0.503,22.674,69.005,0.260,9.427,0.9630252,0.0061839,0.2693404,-0.0025121,0.9998992,-0.0139751,-0.256,0.186,0,0,0.0084,0,1
24,71.997,57.83593638,18.83202045,38.992,69.166,0.485,19.987,74.408,0.5931,0.0002107,71.999,3.621,10.110,13.731,-1.0223,0.3398,-1.3034,-0.0007413,0.0349,68.193,0.522,23.475,71.882,0.277,10.249,0.9632115,0.0059309,0.2686792,-0.0022106,0.9998975,-0.0141469,-0.263,0.168,0,0,0.0082,0,1
25,74.997,57.83594361,18.83206909,39.010,72.056,0.502,20.792,74.444,0.5709,0.0002054,74.999,3.622,10.089,13.711,-1.0294,0.3271,-1.3277,-0.0007255,0.0341,71.085,0.541,24.282,74.762,0.294,11.073,0.9633540,0.0057089,0.2681724,-0.0019390,0.9998956,-0.0143206,-0.268,0.152,0,0,0.0081,0,1
26,77.997,57.83595082,18.83211775,39.027,74.946,0.519,21.596,74.479,0.5517,0.0002000,77.999,3.631,10.064,13.695,-1.0352,0.3161,-1.3509,-0.0007088,0.0332,73.974,0.559,25.094,77.640,0.311,11.899,0.9634961,0.0055169,0.2676656,-0.0016997,0.9998936,-0.0144908,-0.270,0.135,0,0,0.0075,0,1
27,80.997,57.83595802,18.83216641,39.043,77.837,0.536,22.398,74.512,0.5351,0.0001946,80.999,3.643,10.038,13.681,-1.0395,0.3066,-1.3725,-0.0006911,0.0323,76.864,0.577,25.908,80.517,0.329,12.724,0.9636806,0.0053509,0.2670039,-0.0014919,0.9998915,-0.0146539,-0.270,0.119,0,0,0.0069,0,1
28,83.997,57.83596521,18.83221508,39.059,80.728,0.551,23.198,74.545,0.5208,0.0001893,83.999,3.655,10.010,13.665,-1.0425,0.2984,-1.3926,-0.0006720,0.0314,79.754,0.593,26.721,83.396,0.344,13.550,0.9638217,0.0052079,0.2664968,-0.0013081,0.9998895,-0.0148091,-0.268,0.104,0,0,0.0063,0,1
29,86.997,57.83597238,18.83226376,39.074,83.620,0.567,23.997,74.577,0.5084,0.0001840,86.999,3.664,9.981,13.645,-1.0443,0.2913,-1.4114,-0.0006513,0.0303,82.645,0.610,27.529,86.275,0.361,14.376,0.9639625,0.0050839,0.2659896,-0.0011464,0.9998875,-0.0149564,-0.263,0.090,0,0,0.0057,0,1
30,89.997,57.83597953,18.83231245,39.089,86.512,0.582,24.794,74.609,0.4976,0.0001787,89.999,3.668,9.949,13.618,-1.0450,0.2851,-1.4291,-0.0006288,0.0292,85.539,0.626,28.331,89.152,0.378,15.201,0.9641338,0.0049759,0.2653702,-0.0010049,0.9998855,-0.0150978,-0.257,0.078,0,0,0.0050,0,1
31,92.997,57.83598667,18.83236114,39.104,89.404,0.597,25.589,74.639,0.4876,0.0001733,92.998,3.665,9.915,13.580,-1.0448,0.2794,-1.4461,-0.0006043,0.0279,88.433,0.642,29.123,92.030,0.394,16.028,0.9642738,0.0048759,0.2648628,-0.0008714,0.9998836,-0.0152347,-0.250,0.066,1,0,0.0051,0,1
32,95.996,57.83599380,18.83240984,39.118,92.297,0.611,26.383,74.668,0.4779,0.0001681,95.998,3.655,9.877,13.532,-1.0439,0.2738,-1.4628,-0.0005775,0.0264,91.330,0.657,29.908,94.909,0.410,16.858,0.9643827,0.0047789,0.2644678,-0.0007401,0.9998816,-0.0153691,-0.242,0.057,1,0,0.0051,0,1
33,98.996,57.83600092,18.83245855,39.133,95.191,0.625,27.176,74.697,0.4679,0.0001628,98.998,3.639,9.836,13.475,-1.0422,0.2681,-1.4793,-0.0005486,0.0249,94.230,0.672,30.686,97.788,0.426,17.689,0.9645105,0.0046789,0.2640029,-0.0006074,0.9998797,-0.0155020,-0.233,0.050,1,0,0.0051,0,1
34,101.996,57.83600802,18.83250726,39.147,98.084,0.639,27.967,74.724,0.4568,0.0001575,101.998,3.618,9.792,13.410,-1.0401,0.2617,-1.4960,-0.0005176,0.0233,97.131,0.686,31.458,100.663,0.443,18.521,0.9646806,0.0045680,0.2633826,-0.0004664,0.9998777,-0.0156330,-0.224,0.045,1,0,0.0052,0,1
35,104.996,57.83601511,18.83255598,39.160,100.978,0.653,28.756,74.751,0.4443,0.0001522,104.998,3.594,9.746,13.340,-1.0376,0.2546,-1.5128,-0.0004849,0.0216,100.033,0.701,32.223,103.541,0.460,19.353,0.9647889,0.0044430,0.2629879,-0.0003080,0.9998757,-0.0157622,-0.214,0.044,1,0,0.0052,0,1
36,107.996,57.83602219,18.83260471,39.173,103.873,0.666,29.545,74.776,0.4300,0.0001470,107.998,3.567,9.698,13.265,-1.0349,0.2464,-1.5298,-0.0004512,0.0198,102.936,0.715,32.987,106.420,0.475,20.188,0.9648855,0.0043000,0.2626355,-0.0001313,0.9998738,-0.0158880,-0.206,0.046,1,0,0.0063,0,1
37,110.996,57.83602925,18.83265344,39.186,106.768,0.679,30.332,74.801,0.4138,0.0001417,110.998,3.539,9.649,13.188,-1.0321,0.2371,-1.5467,-0.0004172,0.0181,105.840,0.729,33.747,109.298,0.491,21.020,0.9650128,0.0041380,0.2621701,0.0000617,0.9998719,-0.0160087,-0.197,0.051,1,0,0.0074,0,1
38,113.996,57.83603631,18.83270218,39.198,109.663,0.691,31.118,74.825,0.3960,0.0001365,113.998,3.509,9.600,13.109,-1.0295,0.2269,-1.5634,-0.0003836,0.0165,108.745,0.741,34.505,112.175,0.506,21.853,0.9651399,0.0039600,0.2617046,0.0002696,0.9998700,-0.0161238,-0.189,0.061,1,0,0.0085,0,1
39,116.996,57.83604335,18.83275092,39.210,112.558,0.702,31.902,74.848,0.3768,0.0001312,116.998,3.480,9.550,13.030,-1.0272,0.2159,-1.5799,-0.0003512,0.0149,111.649,0.753,35.261,115.054,0.519,22.684,0.9652362,0.0037680,0.2613522,0.0004920,0.9998681,-0.0162324,-0.181,0.074,1,0,0.0096,0,1
40,119.996,57.83605039,18.83279967,39.221,115.454,0.713,32.686,74.870,0.3566,0.0001260,119.998,3.450,9.500,12.950,-1.0255,0.2043,-1.5960,-0.0003207,0.0134,114.554,0.764,36.016,117.933,0.532,23.515,0.9653323,0.0035660,0.2609997,0.0007230,0.9998663,-0.0163351,-0.174,0.091,1,0,0.0106,0,1
41,122.995,57.83605741,18.83284842,39.231,118.350,0.724,33.468,74.892,0.3360,0.0001208,122.998,3.420,9.450,12.870,-1.0244,0.1925,-1.6117,-0.0002925,0.0121,117.458,0.776,36.770,120.813,0.546,24.345,0.9654169,0.0033600,0.2606892,0.0009577,0.9998645,-0.0164338,-0.167,0.112,1,0,0.0098,0,1
42,125.995,57.83606443,18.83289718,39.241,121.246,0.733,34.250,74.912,0.3154,0.0001156,125.998,3.390,9.399,12.789,-1.0241,0.1807,-1.6274,-0.0002666,0.0109,120.363,0.785,37.523,123.693,0.556,25.175,0.9655127,0.0031540,0.2603368,0.0011912,0.9998626,-0.0165313,-0.160,0.134,1,0,0.0089,0,1
43,128.995,57.83607143,18.83294594,39.250,124.143,0.743,35.030,74.931,0.2952,0.0001103,128.997,3.360,9.349,12.709,-1.0247,0.1691,-1.6432,-0.0002429,0.0098,123.269,0.795,38.274,126.574,0.568,26.003,0.9656083,0.0029520,0.2599843,0.0014213,0.9998607,-0.0166317,-0.154,0.159,1,0,0.0080,0,1
44,131.995,57.83607843,18.83299471,39.258,127.040,0.751,35.810,74.950,0.2756,0.0001051,131.997,3.330,9.298,12.628,-1.0262,0.1579,-1.6595,-0.0002208,0.0088,126.175,0.804,39.026,129.454,0.578,26.831,0.9656925,0.0027560,0.2596736,0.0016476,0.9998585,-0.0167390,-0.149,0.184,1,0,0.0072,0,1
45,134.995,57.83608542,18.83304348,39.266,129.937,0.759,36.588,74.967,0.2572,0.0000999,134.997,3.300,9.246,12.546,-1.0286,0.1474,-1.6769,-0.0001995,0.0079,129.081,0.812,39.775,132.335,0.587,27.659,0.9657765,0.0025720,0.2593628,0.0018649,0.9998561,-0.0168594,-0.144,0.209,1,0,0.0063,0,1
46,137.995,57.83609240,18.83309225,39.274,132.834,0.767,37.366,74.984,0.2400,0.0000947,137.997,3.270,9.193,12.463,-1.0319,0.1375,-1.6956,-0.0001783,0.0069,131.986,0.821,40.525,135.216,0.596,28.487,0.9658299,0.0024000,0.2591657,0.0020762,0.9998534,-0.0169965,-0.140,0.233,1,0,0.0066,0,1
47,140.995,57.83609937,18.83314103,39.281,135.732,0.774,38.143,75.000,0.2245,0.0000895,140.997,3.241,9.139,12.379,-1.0360,0.1286,-1.7162,-0.0001563,0.0060,134.893,0.828,41.273,138.097,0.604,29.316,0.9659248,0.0022450,0.2588132,0.0022728,0.9998503,-0.0171554,-0.136,0.256,1,0,0.0069,0,1
48,143.995,57.83610634,18.83318981,39.287,138.630,0.780,38.919,75.015,0.2110,0.0000842,143.997,3.211,9.084,12.295,-1.0409,0.1209,-1.7386,-0.0001331,0.0050,137.800,0.834,42.021,140.978,0.611,30.144,0.9660084,0.0021100,0.2585022,0.0024558,0.9998467,-0.0173383,-0.132,0.277,1,0,0.0072,0,1
49,146.995,57.83611330,18.83323860,39.294,141.528,0.786,39.694,75.029,0.1998,0.0000790,146.997,3.183,9.028,12.211,-1.0464,0.1145,-1.7630,-0.0001086,0.0040,140.706,0.841,42.769,143.860,0.618,30.972,0.9660502,0.0019980,0.2583468,0.0026242,0.9998426,-0.0175452,-0.128,0.295,1,0,0.0075,0,1
50,149.994,57.83612026,18.83328739,39.299,144.426,0.792,40.469,75.042,0.1913,0.0000738,149.997,3.156,8.972,12.128,-1.0526,0.1096,-1.7890,-0.0000830,0.0031,143.611,0.848,43.518,146.743,0.625,31.801,0.9660919,0.0019130,0.2581912,0.0027706,0.9998382,-0.0177749,-0.123,0.311,1,0,0.0077,0,1
51,152.994,57.83612721,18.83333618,39.305,147.324,0.798,41.243,75.054,0.1857,0.0000686,152.997,3.132,8.916,12.048,-1.0594,0.1064,-1.8162,-0.0000572,0.0021,146.516,0.854,44.269,149.623,0.632,32.628,0.9661751,0.0018570,0.2578801,0.0028890,0.9998334,-0.0180237,-0.116,0.322,1,0,0.0079,0,1
52,155.994,57.83613415,18.83338497,39.311,150.222,0.803,42.016,75.066,0.1834,0.0000633,155.996,3.111,8.862,11.973,-1.0670,0.1051,-1.8438,-0.0000325,0.0012,149.420,0.860,45.022,152.506,0.637,33.454,0.9662278,0.0018340,0.2576830,0.0029787,0.9998284,-0.0182850,-0.108,0.331,1,0,0.0081,0,1
53,158.994,57.83614109,18.83343377,39.316,153.121,0.809,42.789,75.076,0.1846,0.0000581,158.996,3.096,8.808,11.904,-1.0754,0.1058,-1.8711,-0.0000107,0.0004,152.324,0.867,45.780,155.389,0.643,34.278,0.9662803,0.0018460,0.2574859,0.0030335,0.9998233,-0.0185519,-0.098,0.335,1,0,0.0083,0,1
54,161.994,57.83614802,18.83348257,39.322,156.020,0.814,43.561,75.086,0.1897,0.0000528,161.996,3.087,8.757,11.844,-1.0848,0.1087,-1.8971,0.0000062,-0.0002,155.226,0.873,46.544,158.273,0.648,35.099,0.9663217,0.0018970,0.2573302,0.0030481,0.9998183,-0.0188168,-0.087,0.336,1,0,0.0085,0,1
55,164.994,57.83615495,18.83353137,39.328,158.919,0.820,44.333,75.094,0.1988,0.0000476,164.996,3.086,8.707,11.793,-1.0953,0.1139,-1.9210,0.0000162,-0.0006,158.125,0.879,47.316,161.158,0.654,35.919,0.9663629,0.0019880,0.2571745,0.0030188,0.9998136,-0.0190721,-0.073,0.333,0,0,0.0087,0,1
56,167.994,57.83616188,18.83358017,39.334,161.818,0.826,45.104,75.102,0.2124,0.0000423,167.996,3.095,8.658,11.754,-1.1071,0.1217,-1.9422,0.0000175,-0.0006,161.022,0.886,48.095,164.045,0.659,36.737,0.9663627,0.0021240,0.2571745,0.0029417,0.9998092,-0.0193113,-0.058,0.327,0,0,0.0079,0,1
57,170.994,57.83616880,18.83362898,39.340,164.717,0.833,45.876,75.109,0.2304,0.0000371,170.996,3.113,8.612,11.725,-1.1200,0.1320,-1.9600,0.0000089,-0.0003,163.917,0.894,48.885,166.930,0.665,37.554,0.9664037,0.0023040,0.2570187,0.0028104,0.9998053,-0.0195296,-0.041,0.318,0,0,0.0070,0,1
58,173.994,57.83617572,18.83367778,39.348,167.616,0.840,46.646,75.115,0.2530,0.0000318,173.996,3.140,8.566,11.706,-1.1341,0.1450,-1.9739,-0.0000105,0.0004,166.809,0.902,49.681,169.816,0.670,38.367,0.9664445,0.0025300,0.2568629,0.0026246,0.9998020,-0.0197228,-0.022,0.305,0,0,0.0062,0,1
59,176.993,57.83618263,18.83372659,39.356,170.515,0.848,47.417,75.120,0.2797,0.0000265,176.996,3.175,8.522,11.697,-1.1489,0.1603,-1.9838,-0.0000406,0.0014,169.700,0.911,50.485,172.704,0.676,39.181,0.9664549,0.0027970,0.2568213,0.0023911,0.9997994,-0.0198867,-0.003,0.291,0,0,0.0053,0,1
60,179.993,57.83618955,18.83377540,39.364,173.415,0.857,48.187,75.124,0.3101,0.0000212,179.996,3.215,8.478,11.693,-1.1640,0.1777,-1.9894,-0.0000805,0.0028,172.590,0.920,51.295,175.591,0.683,39.993,0.9664953,0.0031010,0.2566654,0.0021087,0.9997974,-0.0200198,0.016,0.275,0,0,0.0045,0,1
61,182.993,57.83619646,18.83382421,39.374,176.314,0.867,48.957,75.127,0.3431,0.0000159,182.996,3.261,8.434,11.695,-1.1786,0.1966,-1.9909,-0.0001285,0.0044,175.477,0.931,52.109,178.479,0.690,40.806,0.9664833,0.0034310,0.2567065,0.0017944,0.9997960,-0.0201186,0.035,0.257,0,0,0.0049,0,1
62,185.993,57.83620337,18.83387302,39.385,179.213,0.878,49.727,75.129,0.3777,0.0000106,185.995,3.310,8.388,11.698,-1.1921,0.2164,-1.9883,-0.0001824,0.0062,178.363,0.942,52.926,181.366,0.698,41.620,0.9664931,0.0037770,0.2566648,0.0014526,0.9997953,-0.0201824,0.054,0.239,0,0,0.0053,0,1
63,188.993,57.83621028,18.83392183,39.397,182.113,0.889,50.497,75.131,0.4125,0.0000052,188.995,3.362,8.342,11.704,-1.2037,0.2363,-1.9819,-0.0002396,0.0082,181.250,0.953,53.746,184.254,0.707,42.435,0.9664918,0.0041250,0.2566645,0.0010998,0.9997952,-0.0202094,0.072,0.222,0,0,0.0056,0,1
64,191.993,57.83621720,18.83397064,39.410,185.012,0.902,51.267,75.131,0.4461,-0.0000001,191.995,3.416,8.293,11.709,-1.2128,0.2556,-1.9719,-0.0002975,0.0102,184.135,0.966,54.568,187.141,0.718,43.252,0.9664904,0.0044610,0.2566641,0.0007496,0.9997957,-0.0201996,0.088,0.204,0,0,0.0060,0,1
65,194.993,57.83622411,18.83401945,39.424,187.912,0.916,52.037,75.131,0.4771,-0.0000055,194.995,3.470,8.243,11.713,-1.2189,0.2734,-1.9590,-0.0003537,0.0121,187.022,0.980,55.391,190.026,0.730,44.070,0.9665303,0.0047709,0.2565080,0.0004135,0.9997968,-0.0201538,0.102,0.188,0,0,0.0064,0,1
66,197.993,57.83623102,18.83406826,39.438,190.811,0.931,52.806,75.129,0.5046,-0.0000109,197.995,3.524,8.191,11.715,-1.2219,0.2891,-1.9435,-0.0004060,0.0139,189.907,0.994,56.212,192.912,0.745,44.889,0.9665180,0.0050459,0.2565490,0.0001090,0.9997985,-0.0200751,0.114,0.173,0,0,0.0078,0,1
67,200.993,57.83623793,18.83411707,39.454,193.710,0.946,53.576,75.127,0.5277,-0.0000163,200.995,3.577,8.137,11.714,-1.2219,0.3023,-1.9263,-0.0004532,0.0155,192.792,1.009,57.033,195.798,0.759,45.712,0.9664865,0.0052769,0.2566631,-0.0001561,0.9998006,-0.0199678,0.124,0.160,0,0,0.0092,0,1
68,203.992,57.83624484,18.83416588,39.470,196.610,0.963,54.346,75.124,0.5459,-0.0000217,203.995,3.628,8.081,11.709,-1.2192,0.3128,-1.9079,-0.0004947,0.0170,195.678,1.026,57.853,198.685,0.777,46.536,0.9664442,0.0054589,0.2568185,-0.0003758,0.9998031,-0.0198374,0.133,0.150,0,0,0.0105,0,1
69,206.992,57.83625176,18.83421469,39.487,199.509,0.979,55.117,75.119,0.5592,-0.0000271,206.995,3.678,8.023,11.701,-1.2143,0.3204,-1.8892,-0.0005306,0.0182,198.564,1.041,58.671,201.570,0.793,47.363,0.9664325,0.0055919,0.2568597,-0.0005516,0.9998060,-0.0196906,0.141,0.143,0,0,0.0119,0,1
70,209.992,57.83625867,18.83426349,39.503,202.408,0.996,55.887,75.114,0.5677,-0.0000326,209.995,3.726,7.964,11.690,-1.2080,0.3253,-1.8707,-0.0005614,0.0192,201.451,1.058,59.488,204.453,0.811,48.190,0.9664431,0.0056769,0.2568182,-0.0006821,0.9998090,-0.0195337,0.148,0.138,0,0,0.0133,0,1
71,212.992,57.83626559,18.83431230,39.521,205.308,1.013,56.658,75.108,0.5719,-0.0000383,212.995,3.774,7.904,11.677,-1.2006,0.3277,-1.8529,-0.0005881,0.0200,204.338,1.075,60.305,207.339,0.830,49.020,0.9664015,0.0057189,0.2569738,-0.0007652,0.9998120,-0.0193729,0.154,0.137,0,0,0.0115,0,1
72,215.992,57.83627252,18.83436111,39.538,208.207,1.030,57.429,75.102,0.5724,-0.0000476,215.995,3.822,7.843,11.664,-1.1929,0.3280,-1.8362,-0.0006121,0.0208,207.224,1.091,61.122,210.224,0.848,49.850,0.9663490,0.0057239,0.2571708,-0.0008091,0.9998151,-0.0192128,0.160,0.138,0,0,0.0096,0,1
73,218.992,57.83627944,18.83440991,39.555,211.106,1.048,58.201,75.097,0.5698,-0.0000664,218.995,3.871,7.781,11.652,-1.1851,0.3265,-1.8207,-0.0006344,0.0215,210.110,1.109,61.941,213.108,0.868,50.682,0.9663077,0.0056979,0.2573265,-0.0008208,0.9998181,-0.0190564,0.167,0.142,0,0,0.0078,0,1
74,221.992,57.83628637,18.83445871,39.572,214.005,1.065,58.973,75.089,0.5649,-0.0001009,221.995,3.921,7.720,11.640,-1.1776,0.3237,-1.8064,-0.0006560,0.0222,212.996,1.126,62.762,215.992,0.886,51.514,0.9662969,0.0056489,0.2573680,-0.0008094,0.9998209,-0.0189058,0.174,0.147,0,0,0.0060,0,1
75,224.992,57.83629330,18.83450751,39.589,216.903,1.081,59.745,75.077,0.5586,-0.0001560,224.995,3.971,7.659,11.630,-1.1704,0.3201,-1.7932,-0.0006777,0.0229,215.880,1.142,63.583,218.875,0.904,52.345,0.9662558,0.0055859,0.2575238,-0.0007795,0.9998237,-0.0187621,0.181,0.152,0,0,0.0042,0,1
76,227.992,57.83630024,18.83455631,39.605,219.802,1.098,60.518,75.053,0.5517,-0.0002338,227.994,4.021,7.599,11.620,-1.1636,0.3161,-1.7809,-0.0006997,0.0236,218.765,1.158,64.403,221.761,0.922,53.176,0.9661732,0.0055169,0.2578351,-0.0007385,0.9998262,-0.0186259,0.189,0.158,0,0,0.0049,0,1
77,230.991,57.83630720,18.83460510,39.622,222.700,1.115,61.292,75.013,0.5452,-0.0003334,230.994,4.069,7.541,11.610,-1.1573,0.3124,-1.7693,-0.0007221,0.0243,221.648,1.175,65.223,224.649,0.941,54.007,0.9659961,0.0054519,0.2584990,-0.0006928,0.9998287,-0.0184981,0.197,0.163,0,0,0.0055,0,1
78,233.991,57.83631417,18.83465387,39.638,225.598,1.131,62.069,74.951,0.5397,-0.0004511,233.994,4.112,7.487,11.598,-1.1513,0.3092,-1.7584,-0.0007445,0.0250,224.530,1.191,66.040,227.542,0.958,54.839,0.9656821,0.0053969,0.2596708,-0.0006456,0.9998309,-0.0183791,0.205,0.167,0,0,0.0062,0,1
79,236.991,57.83632118,18.83470263,39.654,228.494,1.147,62.850,74.865,0.5361,-0.0005806,236.994,4.149,7.437,11.586,-1.1457,0.3072,-1.7480,-0.0007661,0.0257,227.410,1.206,66.855,230.437,0.975,55.671,0.9652712,0.0053609,0.2611949,-0.0006089,0.9998329,-0.0182709,0.213,0.169,0,0,0.0068,0,1
80,239.991,57.83632824,18.83475137,39.670,231.389,1.163,63.636,74.753,0.5349,-0.0007152,239.994,4.179,7.395,11.574,-1.1406,0.3065,-1.7384,-0.0007859,0.0263,230.290,1.222,67.668,233.334,0.991,56.502,0.9647846,0.0053489,0.2629867,-0.0005889,0.9998346,-0.0181754,0.220,0.171,0,0,0.0075,0,1
81,242.991,57.83633535,18.83480008,39.686,234.283,1.179,64.428,74.618,0.5363,-0.0008494,242.994,4.202,7.361,11.562,-1.1361,0.3073,-1.7295,-0.0008029,0.0268,233.168,1.237,68.479,236.236,1.008,57.331,0.9641436,0.0053629,0.2653270,-0.0005817,0.9998361,-0.0180953,0.227,0.171,0,0,0.0067,0,1
82,245.991,57.83634253,18.83484876,39.702,237.174,1.195,65.228,74.460,0.5403,-0.0009809,245.994,4.216,7.337,11.553,-1.1322,0.3096,-1.7218,-0.0008157,0.0272,236.044,1.253,69.290,239.140,1.025,58.159,0.9633987,0.0054029,0.2680182,-0.0005904,0.9998372,-0.0180334,0.233,0.171,0,0,0.0059,0,1
83,248.991,57.83634978,18.83489739,39.719,240.063,1.211,66.036,74.279,0.5466,-0.0011093,248.994,4.223,7.325,11.548,-1.1291,0.3132,-1.7156,-0.0008231,0.0274,238.918,1.269,70.101,242.048,1.041,58.985,0.9625591,0.0054659,0.2710167,-0.0006116,0.9998379,-0.0179927,0.238,0.171,0,0,0.0051,0,1
84,251.991,57.83635712,18.83494598,39.735,242.949,1.228,66.854,74.076,0.5545,-0.0012341,251.994,4.222,7.326,11.548,-1.1269,0.3177,-1.7113,-0.0008237,0.0275,241.790,1.286,70.914,244.960,1.058,59.809,0.9615658,0.0055449,0.2745188,-0.0006339,0.9998382,-0.0179751,0.241,0.172,0,0,0.0042,0,1
85,254.990,57.83636456,18.83499452,39.752,245.832,1.245,67.683,73.852,0.5630,-0.0013547,254.994,4.213,7.340,11.553,-1.1255,0.3226,-1.7093,-0.0008163,0.0272,244.660,1.303,71.729,247.874,1.076,60.633,0.9605151,0.0056299,0.2781710,-0.0006529,0.9998381,-0.0179812,0.243,0.173,0,0,0.0034,0,1
86,257.990,57.83637210,18.83504300,39.769,248.712,1.262,68.523,73.607,0.5711,-0.0014709,257.994,4.194,7.367,11.561,-1.1249,0.3272,-1.7097,-0.0008000,0.0267,247.529,1.320,72.546,250.791,1.093,61.455,0.9593472,0.0057109,0.2821707,-0.0006545,0.9998376,-0.0180108,0.243,0.175,0,0,0.0041,0,1
87,260.990,57.83637976,18.83509141,39.786,251.588,1.279,69.376,73.343,0.5778,-0.0015823,260.994,4.165,7.407,11.571,-1.1249,0.3311,-1.7127,-0.0007740,0.0259,250.394,1.337,73.366,253.711,1.110,62.280,0.9580119,0.0057779,0.2866702,-0.0006255,0.9998367,-0.0180615,0.240,0.179,0,0,0.0048,0,1
88,263.990,57.83638755,18.83513976,39.804,254.460,1.296,70.243,73.060,0.5819,-0.0016885,263.994,4.123,7.460,11.583,-1.1253,0.3334,-1.7180,-0.0007382,0.0248,253.258,1.354,74.187,256.635,1.127,63.107,0.9565486,0.0058189,0.2915148,-0.0005577,0.9998355,-0.0181276,0.235,0.184,0,0,0.0055,0,1
89,266.990,57.83639546,18.83518803,39.821,257.327,1.314,71.125,72.759,0.5825,-0.0017893,266.994,4.068,7.525,11.593,-1.1256,0.3337,-1.7252,-0.0006929,0.0233,256.121,1.373,75.010,259.558,1.145,63.939,0.9550138,0.0058249,0.2965043,-0.0004475,0.9998343,-0.0182007,0.227,0.190,0,0,0.0062,0,1
90,269.990,57.83640351,18.83523622,39.839,260.190,1.331,72.022,72.441,0.5788,-0.0018843,269.994,3.999,7.602,11.602,-1.1249,0.3316,-1.7333,-0.0006392,0.0215,258.983,1.390,75.835,262.483,1.162,64.774,0.9533902,0.0057879,0.3016847,-0.0002890,0.9998331,-0.0182686,0.217,0.195,0,0,0.0069,0,1
91,272.990,57.83641171,18.83528433,39.856,263.047,1.349,72.935,72.112,0.5703,-0.0019908,272.993,3.917,7.691,11.608,-1.1225,0.3268,-1.7409,-0.0005788,0.0195,261.844,1.408,76.662,265.410,1.181,65.616,0.9516256,0.0057029,0.3072072,-0.0000791,0.9998323,-0.0183157,0.203,0.200,0,0,0.0070,0,1
92,275.990,57.83642006,18.83533234,39.873,265.899,1.365,73.865,71.788,0.5568,-0.0021835,275.993,3.821,7.790,11.612,-1.1171,0.3190,-1.7460,-0.0005138,0.0173,264.703,1.424,77.494,268.337,1.198,66.466,0.9497463,0.0055679,0.3129713,0.0001762,0.9998321,-0.0183223,0.187,0.202,0,0,0.0070,0,1
93,278.990,57.83642857,18.83538026,39.889,268.746,1.382,74.813,71.465,0.5383,-0.0025704,278.993,3.716,7.898,11.614,-1.1075,0.3084,-1.7463,-0.0004469,0.0151,267.560,1.441,78.334,271.266,1.216,67.328,0.9476986,0.0053829,0.3191213,0.0004714,0.9998331,-0.0182650,0.169,0.201,0,0,0.0071,0,1
94,281.989,57.83643725,18.83542807,39.905,271.586,1.398,75.780,71.105,0.5150,-0.0032639,281.993,3.604,8.010,11.614,-1.0924,0.2951,-1.7392,-0.0003807,0.0128,270.413,1.456,79.188,274.192,1.234,68.206,0.9455763,0.0051499,0.3253596,0.0007887,0.9998355,-0.0181179,0.148,0.197,0,0,0.0072,0,1
95,284.989,57.83644609,18.83547577,39.920,274.419,1.413,76.765,70.634,0.4876,-0.0043624,284.993,3.492,8.123,11.615,-1.0705,0.2794,-1.7214,-0.0003176,0.0107,273.258,1.469,80.058,277.119,1.252,69.104,0.9431329,0.0048759,0.3323802,0.0011228,0.9998400,-0.0178533,0.125,0.189,0,0,0.0073,0,1
96,287.989,57.83645514,18.83552333,39.934,277.244,1.427,77.774,69.954,0.4567,-0.0059421,287.993,3.385,8.233,11.618,-1.0404,0.2617,-1.6900,-0.0002600,0.0088,276.083,1.481,80.953,280.068,1.270,70.040,0.9393254,0.0045670,0.3429971,0.0015065,0.9998468,-0.0174385,0.102,0.176,0,0,0.0066,0,1
97,290.989,57.83646456,18.83557064,39.948,280.055,1.440,78.823,68.958,0.4234,-0.0080559,290.993,3.287,8.337,11.624,-1.0012,0.2426,-1.6418,-0.0002094,0.0071,278.873,1.492,81.890,283.054,1.289,71.044,0.9330620,0.0042340,0.3596906,0.0019545,0.9998563,-0.0168396,0.078,0.160,0,0,0.0059,0,1
98,293.989,57.83647452,18.83561756,39.960,282.842,1.452,79.932,67.544,0.3887,-0.0107411,293.993,3.205,8.432,11.636,-0.9517,0.2227,-1.5741,-0.0001668,0.0056,281.613,1.501,82.892,286.076,1.307,72.145,0.9235034,0.0038870,0.3835706,0.0024477,0.9998686,-0.0160255,0.054,0.140,1,1,0.0053,0,1
99,296.989,57.83648522,18.83566391,39.971,285.595,1.464,81.124,65.617,0.3538,-0.0140210,296.993,3.138,8.516,11.655,-0.8914,0.2027,-1.4846,-0.0001328,0.0045,284.293,1.509,83.979,289.129,1.328,73.376,0.9098233,0.0035380,0.4149808,0.0029414,0.9998836,-0.0149735,0.032,0.118,1,1,0.0046,0,1
100,299.988,57.83649686,18.83570944,39.981,288.299,1.474,82.421,63.076,0.3200,-0.0178923,299.992,3.088,8.591,11.680,-0.8198,0.1833,-1.3717,-0.0001075,0.0037,286.895,1.515,85.172,292.206,1.348,74.769,0.8906223,0.0032000,0.4547326,0.0033873,0.9999008,-0.0136707,0.011,0.095,1,1,0.0039,0,1
101,302.988,57.83650970,18.83575383,39.990,290.936,1.483,83.851,59.752,0.2888,-0.0221795,302.992,3.053,8.658,11.711,-0.7365,0.1655,-1.2348,-0.0000906,0.0031,289.396,1.520,86.488,295.302,1.369,76.375,0.8635211,0.0028880,0.5043044,0.0037330,0.9999196,-0.0121182,-0.007,0.073,1,1,0.0042,0,1
102,305.987,57.83652401,18.83579660,39.998,293.477,1.491,85.445,55.465,0.2616,-0.0265151,305.991,3.030,8.717,11.747,-0.6420,0.1499,-1.0740,-0.0000820,0.0028,291.765,1.523,87.946,298.400,1.391,78.251,0.8252349,0.0026160,0.5647837,0.0039067,0.9999389,-0.0103398,-0.023,0.051,1,1,0.0044,0,1
103,308.986,57.83654009,18.83583710,40.006,295.882,1.498,87.236,50.173,0.2395,-0.0303673,308.990,3.017,8.771,11.788,-0.5370,0.1372,-0.8904,-0.0000815,0.0028,293.963,1.524,89.563,301.462,1.414,80.469,0.7715616,0.0023950,0.6361501,0.0038163,0.9999575,-0.0083933,-0.036,0.031,1,1,0.0047,0,1
104,311.984,57.83655822,18.83587441,40.013,298.098,1.505,89.255,44.042,0.2232,-0.0331030,311.988,3.009,8.821,11.830,-0.4228,0.1279,-0.6861,-0.0000891,0.0031,295.942,1.525,91.354,304.417,1.438,83.101,0.6976872,0.0022320,0.7163991,0.0033578,0.9999740,-0.0063856,-0.045,0.014,1,1,0.0050,0,1
105,314.982,57.83657859,18.83590739,40.019,300.058,1.512,91.524,37.437,0.2131,-0.0341806,314.986,3.006,8.866,11.872,-0.3010,0.1221,-0.4638,-0.0001051,0.0037,297.667,1.525,93.346,307.110,1.463,86.151,0.6059965,0.0021310,0.7954644,0.0023984,0.9999870,-0.0045060,-0.051,-0.001,1,1,0.0052,0,1
106,317.980,57.83660097,18.83593546,40.025,301.725,1.518,94.016,30.837,0.2096,-0.0334151,317.984,3.008,8.906,11.914,-0.1740,0.1201,-0.2272,-0.0001296,0.0046,299.135,1.524,95.546,309.393,1.487,89.487,0.5085875,0.0020960,0.8610078,0.0008904,0.9999952,-0.0029603,-0.053,-0.013,1,1,0.0056,0,1
107,320.979,57.83662488,18.83595866,40.032,303.103,1.524,96.679,24.694,0.2123,-0.0310843,320.983,3.013,8.939,11.952,-0.0441,0.1216,0.0197,-0.0001629,0.0058,300.362,1.522,97.929,311.235,1.513,92.969,0.4150091,0.0021230,0.9098148,-0.0010600,0.9999977,-0.0018499,-0.051,-0.022,1,1,0.0061,0,1
108,323.978,57.83664990,18.83597732,40.038,304.211,1.531,99.466,19.307,0.2208,-0.0277566,323.982,3.025,8.960,11.985,0.0863,0.1265,0.2722,-0.0002049,0.0074,301.356,1.521,100.464,312.669,1.539,96.510,0.3299110,0.0022080,0.9440094,-0.0032984,0.9999939,-0.0011862,-0.044,-0.029,1,1,0.0065,0,1
109,326.977,57.83667567,18.83599196,40.045,305.080,1.538,102.336,14.769,0.2336,-0.0240354,326.981,3.045,8.965,12.010,0.2147,0.1338,0.5256,-0.0002551,0.0092,302.136,1.520,103.114,313.747,1.565,100.045,0.2555434,0.0023360,0.9667948,-0.0056786,0.9999835,-0.0009152,-0.034,-0.034,1,1,0.0069,0,1
110,329.976,57.83670193,18.83600312,40.052,305.743,1.545,105.262,11.013,0.2487,-0.0204159,329.980,3.077,8.948,12.025,0.3389,0.1425,0.7748,-0.0003122,0.0113,302.723,1.518,105.853,314.524,1.589,103.544,0.1919447,0.0024870,0.9814026,-0.0080815,0.9999669,-0.0009534,-0.019,-0.037,1,1,0.0073,0,1
111,332.976,57.83672850,18.83601135,40.060,306.231,1.553,108.221,7.928,0.2637,-0.0171742,332.980,3.125,8.904,12.029,0.4575,0.1511,1.0150,-0.0003745,0.0135,303.137,1.518,108.654,315.049,1.614,106.986,0.1387357,0.0026370,0.9903259,-0.0104167,0.9999450,-0.0012033,-0.001,-0.038,1,1,0.0076,0,1
112,335.975,57.83675526,18.83601714,40.068,306.575,1.561,111.201,5.398,0.2764,-0.0144166,335.979,3.189,8.831,12.020,0.5691,0.1584,1.2414,-0.0004397,0.0159,303.400,1.517,111.504,315.366,1.636,110.362,0.0950290,0.0027640,0.9954707,-0.0126190,0.9999191,-0.0015717,0.020,-0.038,1,1,0.0078,0,1
113,338.975,57.83678212,18.83602094,40.077,306.801,1.569,114.192,3.301,0.2849,-0.0121615,338.979,3.271,8.729,12.000,0.6729,0.1632,1.4500,-0.0005049,0.0182,303.536,1.516,114.385,315.514,1.657,113.677,0.0590150,0.0028490,0.9982530,-0.0146413,0.9998908,-0.0019881,0.043,-0.037,1,0,0.0081,0,1
114,341.975,57.83680903,18.83602311,40.085,306.929,1.578,117.189,1.526,0.2876,-0.0103622,341.979,3.367,8.601,11.968,0.7682,0.1648,1.6377,-0.0005672,0.0203,303.563,1.516,117.284,315.527,1.677,116.945,0.0283360,0.0028760,0.9995943,-0.0164492,0.9998618,-0.0024105,0.066,-0.035,0,0,0.0083,0,1
115,344.975,57.83683596,18.83602382,40.094,306.971,1.586,120.189,359.985,0.2839,-0.0089350,344.979,3.472,8.457,11.929,0.8544,0.1627,1.8021,-0.0006236,0.0222,303.499,1.516,120.192,315.428,1.694,120.181,0.0010002,0.0028390,0.9999955,-0.0180205,0.9998336,-0.0028205,0.090,-0.032,0,0,0.0086,0,1
116,347.974,57.83686289,18.83602322,40.102,306.935,1.595,123.188,358.618,0.2737,-0.0077785,347.978,3.579,8.306,11.884,0.9308,0.1568,1.9422,-0.0006716,0.0237,303.357,1.517,123.104,315.238,1.710,123.382,-0.0233386,0.0027370,0.9997239,-0.0193486,0.9998077,-0.0031889,0.112,-0.028,0,0,0.0082,0,1
117,350.974,57.83688981,18.83602146,40.110,306.831,1.603,126.186,357.397,0.2578,-0.0067919,350.978,3.678,8.159,11.837,0.9969,0.1477,2.0579,-0.0007093,0.0248,303.157,1.518,126.021,314.982,1.724,126.552,-0.0448329,0.0025780,0.9989912,-0.0204387,0.9997850,-0.0034973,0.132,-0.024,0,0,0.0077,0,1
118,353.974,57.83691670,18.83601869,40.118,306.666,1.610,129.182,356.320,0.2374,-0.0058910,353.978,3.763,8.027,11.790,1.0524,0.1360,2.1505,-0.0007353,0.0256,302.911,1.519,128.942,314.677,1.735,129.694,-0.0638306,0.0023740,0.9979579,-0.0213049,0.9997660,-0.0037410,0.149,-0.019,0,0,0.0073,0,1
119,356.974,57.83694357,18.83601503,40.124,306.448,1.617,132.174,355.393,0.2140,-0.0050282,356.978,3.829,7.918,11.747,1.0973,0.1226,2.2219,-0.0007493,0.0259,302.632,1.521,131.868,314.341,1.746,132.808,-0.0800100,0.0021400,0.9967918,-0.0219710,0.9997510,-0.0039099,0.163,-0.013,0,0,0.0068,0,1
120,359.974,57.83697040,18.83601063,40.130,306.186,1.623,135.162,354.611,0.1893,-0.0041951,359.978,3.873,7.837,11.710,1.1324,0.1085,2.2746,-0.0007514,0.0258,302.330,1.524,134.800,313.989,1.755,135.895,-0.0935109,0.0018930,0.9956165,-0.0224634,0.9997396,-0.0040107,0.173,-0.006,0,0,0.0064,0,1
121,362.974,57.83699720,18.83600560,40.136,305.887,1.628,138.147,353.969,0.1649,-0.0033901,362.978,3.895,7.786,11.681,1.1587,0.0945,2.3115,-0.0007425,0.0253,302.013,1.527,137.739,313.630,1.763,138.962,-0.1046673,0.0016490,0.9945059,-0.0228097,0.9997316,-0.0040583,0.180,0.001,0,0,0.0066,0,1
122,365.974,57.83702397,18.83600006,40.140,305.558,1.633,141.129,353.462,0.1419,-0.0026104,365.978,3.898,7.763,11.662,1.1778,0.0813,2.3356,-0.0007238,0.0246,301.685,1.531,140.687,313.271,1.771,142.009,-0.1133396,0.0014190,0.9935553,-0.0230388,0.9997263,-0.0040560,0.184,0.008,0,0,0.0069,0,1
123,368.973,57.83705072,18.83599414,40.144,305.207,1.637,144.108,353.085,0.1214,-0.0018518,368.978,3.885,7.766,11.652,1.1911,0.0696,2.3497,-0.0006968,0.0236,301.350,1.535,143.642,312.917,1.777,145.040,-0.1200127,0.0012140,0.9927716,-0.0231748,0.9997233,-0.0040240,0.185,0.015,0,0,0.0071,0,1
124,371.973,57.83707745,18.83598795,40.148,304.838,1.640,147.085,352.836,0.1038,-0.0011104,371.977,3.861,7.790,11.651,1.2005,0.0595,2.3560,-0.0006631,0.0225,301.007,1.539,146.605,312.568,1.783,148.054,-0.1243424,0.0010380,0.9922388,-0.0232419,0.9997220,-0.0039584,0.184,0.022,0,0,0.0074,0,1
125,374.973,57.83710417,18.83598159,40.150,304.461,1.643,150.061,352.712,0.0893,-0.0003822,374.977,3.831,7.828,11.659,1.2071,0.0512,2.3567,-0.0006243,0.0212,300.661,1.544,149.577,312.226,1.789,151.050,-0.1263318,0.0008930,0.9919876,-0.0232590,0.9997220,-0.0038620,0.180,0.029,0,0,0.0077,0,1
126,377.973,57.83713089,18.83597518,40.153,304.080,1.646,153.037,352.711,0.0777,0.0003372,377.977,3.800,7.873,11.672,1.2124,0.0445,2.3533,-0.0005819,0.0198,300.311,1.548,152.556,311.889,1.795,154.033,-0.1264958,0.0007770,0.9919668,-0.0232389,0.9997229,-0.0037465,0.175,0.035,0,0,0.0075,0,1
127,380.973,57.83715761,18.83596882,40.155,303.702,1.648,156.013,352.831,0.0684,0.0010519,380.977,3.775,7.916,11.691,1.2170,0.0392,2.3469,-0.0005372,0.0184,299.957,1.552,155.543,311.557,1.800,156.999,-0.1245065,0.0006840,0.9922186,-0.0231948,0.9997245,-0.0035997,0.170,0.041,0,0,0.0074,0,1
128,383.973,57.83718434,18.83596262,40.157,303.333,1.650,158.990,353.080,0.0605,0.0017393,383.977,3.761,7.952,11.713,1.2216,0.0347,2.3384,-0.0004916,0.0169,299.599,1.555,158.537,311.227,1.805,159.947,-0.1203413,0.0006050,0.9927324,-0.0231353,0.9997265,-0.0034138,0.165,0.046,0,0,0.0072,0,1
129,386.973,57.83721109,18.83595669,40.159,302.980,1.651,161.969,353.472,0.0528,0.0023201,386.977,3.764,7.972,11.737,1.2265,0.0303,2.3285,-0.0004459,0.0154,299.240,1.557,161.540,310.900,1.808,162.878,-0.1140167,0.0005280,0.9934787,-0.0230671,0.9997289,-0.0031786,0.161,0.049,0,0,0.0071,0,1
130,389.973,57.83723786,18.83595112,40.160,302.649,1.653,164.950,353.997,0.0439,0.0026915,389.977,3.789,7.971,11.760,1.2316,0.0252,2.3177,-0.0004011,0.0139,298.881,1.559,164.550,310.576,1.812,165.791,-0.1055090,0.0004390,0.9944183,-0.0229951,0.9997314,-0.0028812,0.157,0.052,0,0,0.0069,0,1
131,392.972,57.83726466,18.83594604,40.161,302.347,1.654,167.935,354.606,0.0325,0.0027596,392.977,3.835,7.946,11.781,1.2369,0.0186,2.3063,-0.0003579,0.0124,298.529,1.560,167.571,310.257,1.815,168.689,-0.0948327,0.0003250,0.9954932,-0.0229224,0.9997341,-0.0025100,0.154,0.054,0,0,0.0071,0,1
132,395.972,57.83729149,18.83594154,40.162,302.080,1.655,170.923,355.221,0.0174,0.0024620,395.977,3.903,7.894,11.797,1.2421,0.0100,2.2948,-0.0003170,0.0110,298.190,1.561,170.598,309.947,1.816,171.580,-0.0831696,0.0001740,0.9965354,-0.0228479,0.9997368,-0.0020814,0.151,0.055,0,0,0.0073,0,1
133,398.972,57.83731834,18.83593764,40.162,301.848,1.655,173.914,355.746,-0.0021,0.0017803,398.976,3.988,7.817,11.805,1.2469,-0.0012,2.2834,-0.0002789,0.0097,297.870,1.559,173.621,309.644,1.816,174.489,-0.0735094,-0.0000210,0.9972945,-0.0227682,0.9997394,-0.0016572,0.148,0.055,0,0,0.0075,0,1
134,401.972,57.83734521,18.83593412,40.162,301.639,1.655,176.906,356.090,-0.0265,0.0007427,401.976,4.086,7.719,11.805,1.2512,-0.0152,2.2726,-0.0002437,0.0085,297.563,1.558,176.627,309.340,1.816,177.432,-0.0681672,-0.0002650,0.9976739,-0.0226851,0.9997418,-0.0012844,0.144,0.055,0,0,0.0077,0,1
135,404.972,57.83737209,18.83593077,40.161,301.439,1.653,179.900,356.184,-0.0554,-0.0005839,404.976,4.189,7.607,11.796,1.2546,-0.0317,2.2625,-0.0002118,0.0074,297.259,1.555,179.619,309.029,1.813,180.411,-0.0671605,-0.0005540,0.9977420,-0.0226050,0.9997440,-0.0009665,0.139,0.055,0,0,0.0079,0,1
136,407.972,57.83739896,18.83592735,40.159,301.236,1.651,182.893,355.995,-0.0883,-0.0021109,407.976,4.293,7.488,11.781,1.2573,-0.0506,2.2533,-0.0001829,0.0063,296.953,1.551,182.590,308.705,1.809,183.422,-0.0706784,-0.0008830,0.9974988,-0.0225331,0.9997458,-0.0007116,0.131,0.055,0,0,0.0080,0,1
137,410.972,57.83742582,18.83592363,40.156,301.015,1.648,185.884,355.517,-0.1243,-0.0037560,410.976,4.394,7.370,11.764,1.2594,-0.0712,2.2451,-0.0001571,0.0054,296.634,1.546,185.537,308.362,1.805,186.466,-0.0790032,-0.0012430,0.9968736,-0.0224735,0.9997473,-0.0005345,0.122,0.054,0,0,0.0082,0,1
138,413.972,57.83745266,18.83591937,40.151,300.762,1.644,188.874,354.752,-0.1624,-0.0054781,413.976,4.489,7.259,11.749,1.2608,-0.0930,2.2380,-0.0001340,0.0046,296.292,1.541,188.459,307.990,1.799,189.544,-0.0923389,-0.0016240,0.9957263,-0.0224284,0.9997484,-0.0004493,0.111,0.053,0,0,0.0084,0,1
139,416.971,57.83747946,18.83591431,40.146,300.461,1.638,191.858,353.686,-0.2016,-0.0072806,416.976,4.576,7.162,11.739,1.2617,-0.1155,2.2318,-0.0001132,0.0039,295.913,1.533,191.351,307.579,1.792,192.652,-0.1108521,-0.0020160,0.9938349,-0.0223979,0.9997490,-0.0004703,0.099,0.053,0,0,0.0085,0,1
140,419.971,57.83750620,18.83590818,40.139,300.097,1.632,194.836,352.301,-0.2412,-0.0091636,419.975,4.654,7.082,11.736,1.2622,-0.1382,2.2263,-0.0000946,0.0033,295.486,1.526,194.208,307.114,1.785,195.791,-0.1348376,-0.0024120,0.9908648,-0.0223796,0.9997494,-0.0006118,0.086,0.052,0,0,0.0087,0,1
141,422.971,57.83753283,18.83590070,40.131,299.652,1.624,197.803,350.579,-0.2805,-0.0111168,422.975,4.721,7.018,11.739,1.2624,-0.1607,2.2215,-0.0000778,0.0027,294.996,1.517,197.026,306.575,1.776,198.958,-0.1645335,-0.0028050,0.9863675,-0.0223684,0.9997494,-0.0008882,0.073,0.051,0,0,0.0090,0,1
142,425.971,57.83755932,18.83589158,40.122,299.110,1.615,200.753,348.502,-0.3190,-0.0131161,425.975,4.774,6.973,11.747,1.2622,-0.1828,2.2172,-0.0000628,0.0022,294.433,1.508,199.798,305.942,1.767,202.148,-0.2000570,-0.0031900,0.9797791,-0.0223562,0.9997492,-0.0013098,0.060,0.049,0,0,0.0093,0,1
143,428.970,57.83758560,18.83588051,40.112,298.452,1.605,203.680,346.058,-0.3563,-0.0151174,428.975,4.812,6.944,11.756,1.2618,-0.2041,2.2133,-0.0000497,0.0017,293.783,1.497,202.517,305.190,1.756,205.358,-0.2415924,-0.0035630,0.9703713,-0.0223322,0.9997488,-0.0018892,0.049,0.048,0,0,0.0096,0,1
144,431.970,57.83761158,18.83586720,40.101,297.661,1.594,206.573,343.242,-0.3917,-0.0170581,431.974,4.834,6.930,11.764,1.2613,-0.2244,2.2098,-0.0000387,0.0013,293.032,1.486,205.177,304.295,1.745,208.573,-0.2886765,-0.0039170,0.9574187,-0.0222824,0.9997483,-0.0026283,0.038,0.047,0,0,0.0099,0,1
145,434.970,57.83763716,18.83585137,40.089,296.721,1.581,209.421,340.067,-0.4250,-0.0188571,434.974,4.842,6.927,11.770,1.2607,-0.2435,2.2070,-0.0000301,0.0010,292.169,1.473,207.770,303.233,1.732,211.783,-0.3410302,-0.0042500,0.9400427,-0.0221910,0.9997475,-0.0035306,0.029,0.046,0,0,0.0102,0,1
146,437.969,57.83766219,18.83583277,40.075,295.616,1.568,212.210,336.557,-0.4553,-0.0204142,437.973,4.840,6.934,11.774,1.2604,-0.2609,2.2053,-0.0000246,0.0009,291.176,1.461,210.284,301.977,1.720,214.969,-0.3979169,-0.0045530,0.9174102,-0.0220384,0.9997466,-0.0045973,0.021,0.044,0,0,0.0097,0,1
147,440.968,57.83768655,18.83581121,40.061,294.335,1.554,214.922,332.758,-0.4820,-0.0216033,440.973,4.834,6.945,11.779,1.2606,-0.2762,2.2053,-0.0000229,0.0008,290.037,1.447,212.709,300.510,1.706,218.101,-0.4577196,-0.0048199,0.8890836,-0.0218081,0.9997453,-0.0058074,0.014,0.043,0,0,0.0092,0,1
148,443.968,57.83771006,18.83578659,40.047,292.872,1.539,217.540,328.755,-0.5045,-0.0223245,443.972,4.832,6.955,11.787,1.2616,-0.2891,2.2077,-0.0000259,0.0009,288.741,1.432,215.035,298.819,1.691,221.146,-0.5184578,-0.0050449,0.8550883,-0.0214886,0.9997437,-0.0071306,0.007,0.043,0,0,0.0087,0,1
149,446.967,57.83773257,18.83575890,40.031,291.227,1.524,220.048,324.665,-0.5219,-0.0225498,446.971,4.839,6.960,11.799,1.2639,-0.2990,2.2135,-0.0000343,0.0012,287.279,1.416,217.249,296.904,1.676,224.073,-0.5783704,-0.0052189,0.8157576,-0.0210700,0.9997415,-0.0085426,0.001,0.042,1,1,0.0082,0,1
150,449.966,57.83775396,18.83572822,40.015,289.405,1.508,222.430,320.615,-0.5340,-0.0223454,449.970,4.861,6.954,11.815,1.2678,-0.3060,2.2234,-0.0000491,0.0017,285.651,1.399,219.341,294.775,1.660,226.849,-0.6353882,-0.0053399,0.7721744,-0.0205566,0.9997387,-0.0100015,-0.005,0.042,1,1,0.0077,0,1
151,452.965,57.83777414,18.83569477,39.999,287.418,1.492,224.677,316.704,-0.5406,-0.0218607,452.970,4.900,6.936,11.837,1.2740,-0.3097,2.2384,-0.0000710,0.0025,283.857,1.381,221.311,292.458,1.644,229.442,-0.6869709,-0.0054059,0.7266648,-0.0199745,0.9997350,-0.0114460,-0.011,0.041,1,1,0.0073,0,1
152,455.965,57.83779309,18.83565889,39.983,285.286,1.476,226.787,312.978,-0.5423,-0.0212969,455.969,4.955,6.906,11.861,1.2829,-0.3107,2.2590,-0.0001003,0.0035,281.911,1.362,223.158,289.989,1.627,231.844,-0.7322359,-0.0054229,0.6810295,-0.0193504,0.9997303,-0.0128447,-0.017,0.040,1,1,0.0070,0,1
153,458.964,57.83781081,18.83562087,39.967,283.028,1.459,228.760,309.428,-0.5399,-0.0208661,458.969,5.024,6.863,11.888,1.2948,-0.3093,2.2854,-0.0001371,0.0048,279.837,1.341,224.879,287.387,1.609,234.062,-0.7724579,-0.0053989,0.6350431,-0.0186789,0.9997244,-0.0142215,-0.023,0.039,1,1,0.0066,0,1
154,461.964,57.83782728,18.83558091,39.950,280.654,1.443,230.595,305.983,-0.5351,-0.0207559,461.968,5.104,6.812,11.915,1.3099,-0.3066,2.3174,-0.0001805,0.0064,277.656,1.320,226.465,284.656,1.592,236.107,-0.8092362,-0.0053509,0.5874591,-0.0179389,0.9997173,-0.0156052,-0.027,0.037,1,1,0.0062,0,1
155,464.963,57.83784244,18.83553918,39.934,278.175,1.427,232.283,302.545,-0.5295,-0.0211037,464.968,5.191,6.753,11.944,1.3280,-0.3034,2.3540,-0.0002292,0.0082,275.384,1.299,227.907,281.806,1.576,237.976,-0.8431067,-0.0052949,0.5377203,-0.0171173,0.9997090,-0.0169945,-0.031,0.034,1,1,0.0059,0,1
156,467.962,57.83785623,18.83549581,39.919,275.599,1.411,233.819,299.005,-0.5255,-0.0219807,467.967,5.282,6.690,11.972,1.3486,-0.3011,2.3938,-0.0002809,0.0101,273.040,1.277,229.198,278.840,1.559,239.671,-0.8747738,-0.0052549,0.4845030,-0.0161901,0.9996998,-0.0183887,-0.034,0.031,1,1,0.0062,0,1
157,470.962,57.83786852,18.83545088,39.903,272.930,1.396,235.188,295.232,-0.5256,-0.0232986,470.966,5.376,6.625,12.001,1.3709,-0.3011,2.4347,-0.0003325,0.0120,270.640,1.255,230.324,275.752,1.543,241.181,-0.9047079,-0.0052559,0.4260000,-0.0151223,0.9996900,-0.0197817,-0.035,0.027,1,1,0.0066,0,1
158,473.961,57.83787917,18.83540450,39.887,270.175,1.380,236.373,291.089,-0.5322,-0.0247910,473.966,5.471,6.560,12.030,1.3936,-0.3049,2.4742,-0.0003805,0.0138,268.199,1.233,231.272,272.544,1.526,242.490,-0.9324697,-0.0053219,0.3612090,-0.0138953,0.9996799,-0.0211421,-0.034,0.023,1,1,0.0069,0,1
159,476.960,57.83788797,18.83535678,39.871,267.341,1.364,237.353,286.516,-0.5468,-0.0260679,476.965,5.565,6.497,12.061,1.4151,-0.3133,2.5095,-0.0004206,0.0153,265.738,1.211,232.024,269.212,1.509,243.574,-0.9576143,-0.0054679,0.2880018,-0.0124596,0.9996703,-0.0224491,-0.032,0.018,1,1,0.0072,0,1
160,479.959,57.83789467,18.83530788,39.854,264.436,1.347,238.099,281.583,-0.5700,-0.0266891,479.964,5.657,6.439,12.096,1.4336,-0.3266,2.5376,-0.0004490,0.0164,263.281,1.189,232.561,265.750,1.492,244.402,-0.9789340,-0.0056999,0.2040976,-0.0107557,0.9996619,-0.0236708,-0.029,0.013,1,1,0.0076,0,1
161,482.958,57.83789895,18.83525804,39.837,261.475,1.330,238.576,276.501,-0.6010,-0.0262782,482.963,5.747,6.389,12.136,1.4471,-0.3443,2.5559,-0.0004617,0.0170,260.826,1.168,232.866,262.197,1.474,244.924,-0.9935775,-0.0060099,0.1129938,-0.0088565,0.9996555,-0.0247079,-0.024,0.008,1,1,0.0083,0,1
162,485.957,57.83790075,18.83520767,39.818,258.483,1.311,238.776,271.573,-0.6380,-0.0246520,485.962,5.835,6.353,12.188,1.4540,-0.3655,2.5618,-0.0004553,0.0169,258.335,1.146,232.943,258.644,1.455,245.127,-0.9996580,-0.0063799,0.0253627,-0.0070253,0.9996517,-0.0254393,-0.020,0.003,1,1,0.0089,0,1
163,488.956,57.83790031,18.83515718,39.799,255.484,1.291,238.728,267.117,-0.6787,-0.0218787,488.961,5.923,6.336,12.258,1.4525,-0.3889,2.5533,-0.0004274,0.0161,255.789,1.125,232.813,255.157,1.436,245.055,-0.9986478,-0.0067868,-0.0515420,-0.0054600,0.9996512,-0.0258396,-0.016,-0.001,1,1,0.0096,0,1
164,491.955,57.83789798,18.83510688,39.778,252.496,1.270,238.467,263.379,-0.7202,-0.0182241,491.960,6.014,6.342,12.356,1.4415,-0.4126,2.5287,-0.0003762,0.0144,253.188,1.104,232.493,251.766,1.415,244.767,-0.9933327,-0.0072018,-0.1150578,-0.0042431,0.9996545,-0.0259391,-0.013,-0.005,1,1,0.0102,0,1
165,494.955,57.83789412,18.83505690,39.755,249.527,1.248,238.038,260.482,-0.7591,-0.0140464,494.960,6.117,6.378,12.494,1.4203,-0.4349,2.4872,-0.0003006,0.0117,250.531,1.085,232.004,248.481,1.394,244.329,-0.9864195,-0.0075908,-0.1640698,-0.0034061,0.9996621,-0.0257717,-0.012,-0.008,1,1,0.0109,0,1
166,497.955,57.83788914,18.83500727,39.732,246.580,1.225,237.483,258.451,-0.7920,-0.0097702,497.960,6.241,6.444,12.685,1.3887,-0.4538,2.4282,-0.0002001,0.0081,247.822,1.066,231.367,245.297,1.373,243.798,-0.9799622,-0.0079198,-0.1990262,-0.0029277,0.9996740,-0.0253643,-0.014,-0.011,0,0,0.0115,0,1
167,500.954,57.83788341,18.83495793,39.708,243.648,1.201,236.844,257.258,-0.8156,-0.0057830,500.960,6.398,6.541,12.939,1.3466,-0.4673,2.3518,-0.0000747,0.0031,245.057,1.047,230.603,242.208,1.352,243.225,-0.9754317,-0.0081557,-0.2201512,-0.0027774,0.9996903,-0.0247287,-0.018,-0.014,0,1,0.0121,0,1
168,503.954,57.83787729,18.83490875,39.683,240.727,1.176,236.162,256.821,-0.8278,-0.0023592,503.960,6.594,6.665,13.259,1.2941,-0.4743,2.2584,0.0000760,-0.0033,242.234,1.030,229.742,239.204,1.330,242.651,-0.9735083,-0.0082777,-0.2285019,-0.0028974,0.9997108,-0.0238716,-0.024,-0.017,0,0,0.0127,0,1
169,506.954,57.83787110,18.83485959,39.658,237.807,1.151,235.473,256.988,-0.8274,0.0003184,506.960,6.831,6.809,13.639,1.2309,-0.4741,2.1492,0.0002523,-0.0117,239.343,1.016,228.817,236.276,1.309,242.107,-0.9743607,-0.0082737,-0.2248396,-0.0032290,0.9997349,-0.0227956,-0.034,-0.020,0,0,0.0133,0,1
170,509.954,57.83786518,18.83481033,39.634,234.881,1.126,234.813,257.559,-0.8140,0.0021742,509.960,7.099,6.964,14.063,1.1567,-0.4664,2.0253,0.0004547,-0.0225,236.393,1.005,227.877,233.397,1.289,241.617,-0.9770099,-0.0081397,-0.2130385,-0.0036375,0.9997619,-0.0215169,-0.046,-0.024,0,0,0.0139,0,1
171,512.954,57.83785963,18.83476091,39.610,231.946,1.102,234.195,258.330,-0.7885,0.0032396,512.960,7.381,7.122,14.503,1.0719,-0.4518,1.8886,0.0006839,-0.0360,233.420,1.000,226.963,230.524,1.271,241.174,-0.9798322,-0.0078848,-0.1996664,-0.0039543,0.9997906,-0.0200763,-0.061,-0.029,0,0,0.0150,0,1
172,515.954,57.83785442,18.83471136,39.586,229.002,1.079,233.615,259.129,-0.7520,0.0036459,515.960,7.655,7.275,14.929,0.9772,-0.4309,1.7415,0.0009400,-0.0524,230.437,1.001,226.096,227.638,1.255,240.761,-0.9822392,-0.0075198,-0.1874820,-0.0041209,0.9998201,-0.0185124,-0.077,-0.035,0,0,0.0161,0,1
173,518.954,57.83784954,18.83466169,39.564,226.052,1.057,233.070,259.850,-0.7066,0.0035921,518.960,7.898,7.415,15.313,0.8751,-0.4048,1.5864,0.0012223,-0.0717,227.443,1.008,225.296,224.746,1.242,240.369,-0.9843349,-0.0070658,-0.1761670,-0.0041600,0.9998492,-0.0168584,-0.094,-0.041,0,0,0.0172,0,1
174,521.953,57.83784494,18.83461193,39.544,223.096,1.037,232.558,260.465,-0.6543,0.0033000,521.960,8.094,7.538,15.632,0.7687,-0.3749,1.4266,0.0015284,-0.0934,224.438,1.022,224.576,221.846,1.231,239.992,-0.9861285,-0.0065429,-0.1658549,-0.0040858,0.9998769,-0.0151516,-0.112,-0.048,0,0,0.0183,0,1
175,524.953,57.83784061,18.83456208,39.525,220.136,1.018,232.075,261.000,-0.5970,0.0029480,524.959,8.237,7.642,15.879,0.6617,-0.3421,1.2653,0.0018538,-0.1168,221.425,1.040,223.940,218.940,1.223,239.622,-0.9876560,-0.0059699,-0.1565247,-0.0039155,0.9999021,-0.0134302,-0.130,-0.055,0,0,0.0194,0,1
176,527.953,57.83783651,18.83451217,39.508,217.171,1.001,231.619,261.475,-0.5370,0.0026005,527.959,8.329,7.724,16.053,0.5577,-0.3077,1.1061,0.0021919,-0.1412,218.406,1.061,223.382,216.025,1.217,239.257,-0.9889245,-0.0053699,-0.1483220,-0.0036697,0.9999244,-0.0117346,-0.147,-0.063,0,0,0.0276,0,1
177,530.953,57.83783261,18.83446220,39.493,214.202,0.986,231.185,261.891,-0.4764,0.0022585,530.959,8.381,7.784,16.165,0.4591,-0.2730,0.9526,0.0025342,-0.1656,215.386,1.084,222.888,213.102,1.214,238.891,-0.9899516,-0.0047639,-0.1413264,-0.0033697,0.9999433,-0.0101033,-0.164,-0.071,0,0,0.0357,0,1
178,533.953,57.83782890,18.83441218,39.480,211.231,0.972,230.771,262.248,-0.4174,0.0019217,533.959,8.405,7.822,16.227,0.3671,-0.2392,0.8081,0.0028708,-0.1890,212.366,1.107,222.443,210.175,1.211,238.522,-0.9908337,-0.0041740,-0.1350228,-0.0030446,0.9999586,-0.0085697,-0.179,-0.079,0,0,0.0439,0,1
179,536.953,57.83782534,18.83436212,39.468,208.258,0.961,230.375,262.548,-0.3622,0.0015895,536.959,8.414,7.839,16.253,0.2818,-0.2075,0.6753,0.0031912,-0.2108,209.350,1.130,222.032,207.240,1.210,238.148,-0.9915287,-0.0036220,-0.1298371,-0.0027145,0.9999706,-0.0071655,-0.194,-0.086,0,0,0.0520,0,1
180,539.953,57.83782191,18.83431202,39.458,205.282,0.951,229.992,262.792,-0.3131,0.0012615,539.959,8.418,7.837,16.255,0.2028,-0.1794,0.5564,0.0034859,-0.2303,206.340,1.151,221.641,204.297,1.209,237.767,-0.9920691,-0.0031310,-0.1256543,-0.0024070,0.9999796,-0.0059130,-0.206,-0.093,0,0,0.0602,0,1
181,542.953,57.83781858,18.83426191,39.449,202.305,0.942,229.621,262.979,-0.2722,0.0009371,542.959,8.423,7.819,16.242,0.1297,-0.1560,0.4527,0.0037468,-0.2471,203.336,1.170,221.261,201.348,1.206,237.381,-0.9924831,-0.0027220,-0.1223518,-0.0021476,0.9999860,-0.0048259,-0.218,-0.099,0,0,0.0608,0,1
182,545.953,57.83781532,18.83421178,39.441,199.328,0.934,229.258,263.112,-0.2413,0.0006157,545.959,8.431,7.790,16.221,0.0630,-0.1383,0.3646,0.0039687,-0.2611,200.341,1.185,220.888,198.392,1.203,236.991,-0.9927496,-0.0024130,-0.1201767,-0.0019573,0.9999904,-0.0039094,-0.227,-0.104,0,0,0.0614,0,1
183,548.952,57.83781211,18.83416163,39.435,196.349,0.927,228.900,263.190,-0.2220,0.0002965,548.959,8.442,7.754,16.197,0.0034,-0.1272,0.2916,0.0041488,-0.2721,197.352,1.198,220.517,195.428,1.199,236.599,-0.9929130,-0.0022200,-0.1188229,-0.0018578,0.9999933,-0.0031586,-0.236,-0.108,0,0,0.0621,0,1
184,551.952,57.83780892,18.83411148,39.428,193.370,0.921,228.545,263.212,-0.2150,-0.0000185,551.959,8.455,7.718,16.173,-0.0481,-0.1232,0.2323,0.0042878,-0.2804,194.371,1.208,220.149,192.457,1.194,236.208,-0.9929720,-0.0021500,-0.1183300,-0.0018600,0.9999950,-0.0025612,-0.242,-0.111,0,0,0.0627,0,1
185,554.952,57.83780574,18.83406134,39.422,190.391,0.914,228.190,263.177,-0.2206,-0.0003172,554.958,8.467,7.685,16.153,-0.0906,-0.1264,0.1850,0.0043885,-0.2863,191.397,1.213,219.783,189.478,1.187,235.821,-0.9929107,-0.0022060,-0.1188426,-0.0019705,0.9999959,-0.0020992,-0.247,-0.113,0,0,0.0633,0,1
186,557.952,57.83780252,18.83401119,39.415,187.413,0.907,227.832,263.085,-0.2384,-0.0005820,557.958,8.477,7.661,16.138,-0.1240,-0.1366,0.1475,0.0044560,-0.2901,188.433,1.215,219.416,186.491,1.180,235.437,-0.9927298,-0.0023840,-0.1203410,-0.0021892,0.9999961,-0.0017507,-0.251,-0.114,0,0,0.0629,0,1
187,560.952,57.83779925,18.83396106,39.407,184.435,0.900,227.468,262.943,-0.2676,-0.0007957,560.958,8.484,7.645,16.129,-0.1491,-0.1533,0.1173,0.0044963,-0.2924,185.476,1.214,219.048,183.497,1.172,235.055,-0.9924426,-0.0026760,-0.1226802,-0.0025119,0.9999957,-0.0014924,-0.253,-0.114,0,0,0.0624,0,1
188,563.952,57.83779591,18.83391095,39.399,181.459,0.891,227.096,262.764,-0.3071,-0.0009465,563.958,8.487,7.637,16.124,-0.1670,-0.1760,0.0923,0.0045160,-0.2935,182.528,1.208,218.676,180.497,1.161,234.672,-0.9920251,-0.0030710,-0.1260032,-0.0029302,0.9999949,-0.0013025,-0.254,-0.114,0,0,0.0619,0,1
189,566.952,57.83779247,18.83386086,39.389,178.483,0.881,226.712,262.566,-0.3554,-0.0010303,566.958,8.486,7.637,16.123,-0.1795,-0.2036,0.0704,0.0045213,-0.2938,179.583,1.201,218.298,177.493,1.150,234.285,-0.9915504,-0.0035540,-0.1296733,-0.0034327,0.9999934,-0.0011590,-0.253,-0.114,0,0,0.0615,0,1
190,569.952,57.83778893,18.83381080,39.377,175.510,0.870,226.318,262.364,-0.4114,-0.0010516,569.958,8.480,7.643,16.123,-0.1880,-0.2357,0.0500,0.0045180,-0.2936,176.638,1.191,217.914,174.493,1.138,233.893,-0.9911056,-0.0041140,-0.1330142,-0.0040109,0.9999914,-0.0010424,-0.251,-0.114,0,0,0.0610,0,1
191,572.952,57.83778530,18.83376075,39.364,172.537,0.857,225.914,262.171,-0.4738,-0.0010231,572.958,8.468,7.653,16.121,-0.1935,-0.2715,0.0297,0.0045105,-0.2930,173.690,1.178,217.525,171.495,1.123,233.496,-0.9906745,-0.0047379,-0.1361677,-0.0046534,0.9999887,-0.0009394,-0.248,-0.114,0,0,0.0555,0,1
192,575.951,57.83778159,18.83371073,39.349,169.566,0.841,225.501,261.995,-0.5415,-0.0009624,575.958,8.448,7.668,16.117,-0.1962,-0.3103,0.0088,0.0045022,-0.2924,170.742,1.162,217.135,168.499,1.106,233.095,-0.9902525,-0.0054149,-0.1391787,-0.0053500,0.9999853,-0.0008408,-0.243,-0.113,0,0,0.0500,0,1
193,578.951,57.83777781,18.83366073,39.331,166.596,0.824,225.079,261.835,-0.6133,-0.0008873,578.958,8.421,7.689,16.110,-0.1960,-0.3514,-0.0131,0.0044953,-0.2917,167.792,1.144,216.743,165.504,1.089,232.690,-0.9898474,-0.0061329,-0.1420020,-0.0060894,0.9999812,-0.0007409,-0.238,-0.113,0,0,0.0445,0,1
194,581.951,57.83777395,18.83361075,39.312,163.627,0.805,224.649,261.689,-0.6878,-0.0008100,581.958,8.384,7.717,16.101,-0.1924,-0.3941,-0.0360,0.0044909,-0.2911,164.839,1.124,216.353,162.512,1.070,232.285,-0.9894813,-0.0068778,-0.1444973,-0.0068577,0.9999763,-0.0006372,-0.231,-0.113,0,0,0.0390,0,1
195,584.951,57.83777002,18.83356078,39.290,160.659,0.783,224.212,261.557,-0.7634,-0.0007326,584.958,8.338,7.751,16.090,-0.1851,-0.4374,-0.0595,0.0044888,-0.2905,161.883,1.100,215.964,159.521,1.048,231.879,-0.9891325,-0.0076338,-0.1468283,-0.0076384,0.9999707,-0.0005322,-0.224,-0.112,0,0,0.0335,0,1
196,587.951,57.83776604,18.83351084,39.266,157.692,0.759,223.768,261.437,-0.8383,-0.0006551,587.958,8.283,7.793,16.076,-0.1736,-0.4803,-0.0828,0.0044883,-0.2900,158.925,1.074,215.577,156.532,1.025,231.474,-0.9888269,-0.0083827,-0.1488324,-0.0084125,0.9999645,-0.0004293,-0.216,-0.111,0,0,0.0386,0,1
197,590.951,57.83776201,18.83346090,39.240,154.726,0.733,223.319,261.331,-0.9104,-0.0005774,590.958,8.221,7.839,16.060,-0.1581,-0.5216,-0.1047,0.0044877,-0.2894,155.965,1.045,215.192,153.545,1.001,231.069,-0.9885417,-0.0091036,-0.1506730,-0.0091574,0.9999580,-0.0003367,-0.207,-0.109,0,0,0.0437,0,1
198,593.951,57.83775793,18.83341098,39.212,151.761,0.704,222.864,261.239,-0.9774,-0.0004996,593.958,8.153,7.891,16.044,-0.1383,-0.5600,-0.1240,0.0044850,-0.2886,153.003,1.012,214.806,150.559,0.973,230.663,-0.9882821,-0.0097735,-0.1523254,-0.0098484,0.9999515,-0.0002629,-0.198,-0.106,0,0,0.0488,0,1
199,596.951,57.83775381,18.83336107,39.181,148.796,0.674,222.405,261.160,-1.0375,-0.0004217,596.958,8.080,7.947,16.027,-0.1141,-0.5944,-0.1393,0.0044775,-0.2875,150.038,0.978,214.421,147.575,0.946,230.258,-0.9880706,-0.0103744,-0.1536517,-0.0104653,0.9999452,-0.0002176,-0.188,-0.103,0,0,0.0539,0,1
200,599.950,57.83774965,18.83331117,39.149,145.832,0.642,221.942,261.094,-1.0891,-0.0003436,599.958,8.006,8.007,16.013,-0.0849,-0.6240,-0.1490,0.0044624,-0.2860,147.072,0.940,214.033,144.592,0.916,229.853,-0.9878794,-0.0108904,-0.1548406,-0.0109897,0.9999396,-0.0002145,-0.178,-0.098,0,0,0.0590,0,1
201,602.950,57.83774547,18.83326128,39.116,142.869,0.609,221.476,261.041,-1.1309,-0.0002654,602.958,7.929,8.072,16.002,-0.0504,-0.6479,-0.1515,0.0044367,-0.2840,144.103,0.900,213.643,141.612,0.886,229.450,-0.9877430,-0.0113083,-0.1556787,-0.0114062,0.9999349,-0.0002641,-0.168,-0.093,0,0,0.0573,0,1
202,605.950,57.83774127,18.83321140,39.082,139.906,0.574,221.008,261.003,-1.1625,-0.0001872,605.958,7.852,8.142,15.994,-0.0101,-0.6660,-0.1454,0.0043976,-0.2812,141.134,0.857,213.253,138.633,0.854,229.050,-0.9876367,-0.0116242,-0.1563286,-0.0117085,0.9999314,-0.0003815,-0.157,-0.087,0,0,0.0556,0,1
203,608.950,57.83773705,18.83316152,39.046,136.943,0.539,220.538,260.977,-1.1842,-0.0001087,608.958,7.774,8.216,15.990,0.0361,-0.6785,-0.1293,0.0043421,-0.2775,138.162,0.811,212.861,135.654,0.822,228.653,-0.9875569,-0.0118412,-0.1568159,-0.0118973,0.9999291,-0.0005806,-0.146,-0.081,0,0,0.0539,0,1
204,611.950,57.83773282,18.83311164,39.011,133.980,0.503,220.067,260.965,-1.1969,-0.0000302,611.958,7.694,8.292,15.986,0.0879,-0.6857,-0.1020,0.0042678,-0.2727,135.188,0.763,212.468,132.678,0.788,228.256,-0.9875295,-0.0119681,-0.1569782,-0.0119798,0.9999279,-0.0008721,-0.134,-0.074,0,0,0.0522,0,1
205,614.950,57.83772859,18.83306177,38.975,131.017,0.467,219.596,260.967,-1.2020,0.0000485,614.958,7.613,8.367,15.980,0.1446,-0.6887,-0.0625,0.0041728,-0.2664,132.211,0.714,212.077,129.705,0.754,227.860,-0.9875507,-0.0120191,-0.1568414,-0.0119685,0.9999276,-0.0012676,-0.123,-0.066,0,0,0.0505,0,1
206,617.950,57.83772437,18.83301189,38.938,128.055,0.431,219.126,260.982,-1.2014,0.0001273,617.958,7.531,8.440,15.971,0.2053,-0.6883,-0.0104,0.0040557,-0.2586,129.235,0.662,211.688,126.733,0.719,227.462,-0.9875765,-0.0120131,-0.1566788,-0.0118810,0.9999278,-0.0017797,-0.111,-0.059,0,0,0.0476,0,1
207,620.950,57.83772015,18.83296201,38.902,125.092,0.395,218.656,261.010,-1.1973,0.0002063,620.958,7.448,8.509,15.957,0.2694,-0.6860,0.0548,0.0039161,-0.2493,126.256,0.608,211.300,123.762,0.683,227.060,-0.9876367,-0.0119721,-0.1563022,-0.0117393,0.9999282,-0.0024128,-0.100,-0.051,0,0,0.0447,0,1
208,623.950,57.83771596,18.83291212,38.867,122.128,0.359,218.188,261.052,-1.1922,0.0002853,623.959,7.366,8.573,15.940,0.3358,-0.6830,0.1330,0.0037542,-0.2385,123.273,0.553,210.911,120.795,0.646,226.657,-0.9877656,-0.0119212,-0.1554893,-0.0115693,0.9999281,-0.0031679,-0.089,-0.043,0,0,0.0418,0,1
209,626.949,57.83771178,18.83286223,38.831,119.165,0.324,217.723,261.108,-1.1883,0.0003646,626.959,7.288,8.634,15.922,0.4039,-0.6808,0.2238,0.0035713,-0.2263,120.291,0.497,210.523,117.831,0.610,226.254,-0.9879192,-0.0118822,-0.1545134,-0.0113936,0.9999269,-0.0040474,-0.078,-0.036,0,0,0.0390,0,1
210,629.949,57.83770763,18.83281233,38.795,116.201,0.288,217.261,261.178,-1.1879,0.0004439,629.959,7.213,8.693,15.906,0.4728,-0.6806,0.3264,0.0033696,-0.2131,117.307,0.440,210.134,114.868,0.571,225.851,-0.9881046,-0.0118782,-0.1533237,-0.0112372,0.9999241,-0.0050464,-0.068,-0.029,0,0,0.0361,0,1
211,632.949,57.83770352,18.83276242,38.760,113.236,0.252,216.803,261.261,-1.1930,0.0005235,632.959,7.143,8.749,15.892,0.5418,-0.6835,0.4395,0.0031518,-0.1990,114.321,0.381,209.743,111.908,0.532,225.450,-0.9883341,-0.0119292,-0.1518335,-0.0111234,0.9999192,-0.0061552,-0.058,-0.023,0,0,0.0332,0,1
212,635.949,57.83769945,18.83271249,38.724,110.271,0.216,216.350,261.358,-1.2048,0.0006031,635.959,7.079,8.801,15.880,0.6102,-0.6903,0.5617,0.0029218,-0.1842,111.334,0.323,209.351,108.949,0.492,225.052,-0.9885891,-0.0120471,-0.1501549,-0.0110669,0.9999117,-0.0073620,-0.050,-0.017,0,0,0.0303,0,1
213,638.949,57.83769543,18.83266256,38.687,107.304,0.180,215.902,261.468,-1.2243,0.0006829,638.959,7.021,8.849,15.870,0.6771,-0.7014,0.6912,0.0026836,-0.1690,108.345,0.264,208.959,105.991,0.451,224.653,-0.9888647,-0.0122421,-0.1483130,-0.0110812,0.9999012,-0.0086510,-0.042,-0.012,0,0,0.0274,0,1
214,641.949,57.83769146,18.83261260,38.650,104.337,0.143,215.460,261.592,-1.2516,0.0007629,641.959,6.968,8.890,15.858,0.7422,-0.7171,0.8261,0.0024418,-0.1535,105.356,0.204,208.567,103.037,0.409,224.255,-0.9891805,-0.0125150,-0.1461687,-0.0111726,0.9998876,-0.0100011,-0.036,-0.007,0,0,0.0245,0,1
215,644.949,57.83768756,18.83256263,38.612,101.369,0.105,215.025,261.730,-1.2862,0.0008429,644.959,6.921,8.924,15.845,0.8050,-0.7369,0.9644,0.0022008,-0.1381,102.365,0.144,208.176,100.085,0.366,223.856,-0.9895180,-0.0128609,-0.1438359,-0.0113395,0.9998708,-0.0113922,-0.031,-0.003,0,1,0.0216,0,1
216,647.949,57.83768372,18.83251265,38.573,98.400,0.066,214.597,261.882,-1.3272,0.0009231,647.959,6.881,8.949,15.830,0.8654,-0.7604,1.1039,0.0019653,-0.1231,99.371,0.083,207.785,97.137,0.322,223.457,-0.9898989,-0.0132708,-0.1411523,-0.0115791,0.9998510,-0.0128001,-0.027,-0.000,0,1,0.0221,0,1
217,650.949,57.83767995,18.83246264,38.533,95.429,0.025,214.178,262.047,-1.3732,0.0010034,650.960,6.847,8.967,15.814,0.9231,-0.7867,1.2426,0.0017393,-0.1087,96.376,0.021,207.397,94.189,0.276,223.059,-0.9902914,-0.0137307,-0.1383275,-0.0118789,0.9998286,-0.0142039,-0.024,0.002,0,1,0.0225,0,1
218,653.948,57.83767627,18.83241261,38.491,92.458,-0.017,213.767,262.227,-1.4224,0.0010838,653.960,6.821,8.976,15.797,0.9783,-0.8149,1.3785,0.0015265,-0.0952,93.380,-0.040,207.009,91.245,0.230,222.661,-0.9907198,-0.0142226,-0.1351739,-0.0122275,0.9998039,-0.0155783,-0.022,0.005,0,1,0.0230,0,1
219,656.948,57.83767267,18.83236256,38.447,89.485,-0.060,213.367,262.420,-1.4734,0.0011643,656.960,6.803,8.978,15.781,1.0305,-0.8441,1.5096,0.0013297,-0.0828,90.382,-0.101,206.623,88.301,0.183,222.267,-0.9911654,-0.0147324,-0.1318110,-0.0126126,0.9997776,-0.0169026,-0.020,0.007,0,1,0.0234,0,1
220,659.948,57.83766916,18.83231249,38.402,86.510,-0.105,212.976,262.627,-1.5247,0.0012448,659.960,6.794,8.971,15.766,1.0796,-0.8735,1.6339,0.0011512,-0.0715,87.382,-0.163,206.238,85.359,0.134,221.873,-0.9916175,-0.0152452,-0.1283054,-0.0130210,0.9997504,-0.0181562,-0.019,0.009,0,1,0.0239,0,1
221,662.948,57.83766576,18.83226239,38.356,83.534,-0.152,212.597,262.848,-1.5753,0.0013248,662.960,6.795,8.954,15.749,1.1251,-0.9025,1.7497,0.0009924,-0.0615,84.380,-0.225,205.855,82.419,0.084,221.481,-0.9920957,-0.0157510,-0.1244911,-0.0134482,0.9997230,-0.0193170,-0.018,0.010,0,1,0.0227,0,1
222,665.948,57.83766246,18.83221227,38.308,80.557,-0.200,212.229,263.085,-1.6245,0.0013972,665.961,6.806,8.923,15.729,1.1664,-0.9307,1.8552,0.0008540,-0.0528,81.377,-0.287,205.473,79.482,0.034,221.087,-0.9925817,-0.0162429,-0.1204897,-0.0138867,0.9996961,-0.0203685,-0.018,0.012,0,1,0.0216,0,1
223,668.948,57.83765927,18.83216212,38.258,77.578,-0.249,211.874,263.338,-1.6721,0.0014486,668.961,6.827,8.876,15.703,1.2029,-0.9580,1.9489,0.0007359,-0.0454,78.370,-0.348,205.093,76.548,-0.018,220.690,-0.9931093,-0.0167187,-0.1159933,-0.0143425,0.9996705,-0.0212903,-0.018,0.014,0,1,0.0204,0,1
224,671.948,57.83765621,18.83211194,38.207,74.598,-0.300,211.533,263.605,-1.7180,0.0014648,671.961,6.858,8.809,15.668,1.2339,-0.9842,2.0295,0.0006374,-0.0391,75.363,-0.409,204.717,73.616,-0.072,220.288,-0.9936166,-0.0171775,-0.1114944,-0.0148045,0.9996467,-0.0220763,-0.018,0.016,0,1,0.0193,0,1
225,674.948,57.83765327,18.83206174,38.155,71.616,-0.352,211.205,263.876,-1.7621,0.0014346,674.962,6.900,8.722,15.622,1.2589,-1.0095,2.0960,0.0005572,-0.0340,72.353,-0.470,204.344,70.684,-0.127,219.877,-0.9941214,-0.0176183,-0.1068285,-0.0152749,0.9996253,-0.0227145,-0.019,0.018,0,1,0.0181,0,1
226,677.948,57.83765046,18.83201152,38.102,68.633,-0.406,210.892,264.138,-1.8043,0.0013525,677.962,6.952,8.613,15.565,1.2775,-1.0337,2.1480,0.0004937,-0.0299,69.342,-0.531,203.976,67.754,-0.184,219.460,-0.9946213,-0.0180401,-0.1019953,-0.0157515,0.9996068,-0.0231995,-0.020,0.021,0,0,0.0157,0,1
227,680.947,57.83764777,18.83196127,38.047,65.648,-0.460,210.593,264.379,-1.8444,0.0012197,680.962,7.014,8.486,15.500,1.2895,-1.0566,2.1854,0.0004449,-0.0267,66.334,-0.591,203.612,64.818,-0.243,219.038,-0.9950332,-0.0184409,-0.0978202,-0.0162107,0.9995914,-0.0235442,-0.022,0.023,0,0,0.0132,0,1
228,683.947,57.83764519,18.83191100,37.991,62.662,-0.516,210.305,264.587,-1.8818,0.0010443,683.963,7.086,8.344,15.431,1.2948,-1.0781,2.2088,0.0004089,-0.0243,63.331,-0.652,203.250,61.875,-0.303,218.612,-0.9953641,-0.0188147,-0.0943205,-0.0166434,0.9995793,-0.0237545,-0.024,0.025,0,0,0.0108,0,1
229,686.947,57.83764269,18.83186071,37.934,59.675,-0.573,210.027,264.755,-1.9159,0.0008388,686.963,7.168,8.192,15.361,1.2937,-1.0976,2.2191,0.0003833,-0.0226,60.331,-0.712,202.889,58.925,-0.365,218.185,-0.9956226,-0.0191555,-0.0914806,-0.0170409,0.9995705,-0.0238405,-0.027,0.027,0,0,0.0084,0,1
230,689.947,57.83764026,18.83181041,37.876,56.687,-0.631,209.756,264.882,-1.9460,0.0006179,689.964,7.259,8.035,15.295,1.2868,-1.1148,2.2178,0.0003662,-0.0214,57.335,-0.773,202.526,55.969,-0.429,217.759,-0.9958132,-0.0194563,-0.0893166,-0.0173934,0.9995650,-0.0238174,-0.030,0.029,0,0,0.0059,0,1
231,692.947,57.83763788,18.83176011,37.817,53.699,-0.690,209.491,264.969,-1.9712,0.0003931,692.964,7.358,7.878,15.235,1.2747,-1.1293,2.2067,0.0003554,-0.0206,54.345,-0.833,202.162,53.007,-0.494,217.338,-0.9959420,-0.0197082,-0.0878135,-0.0176899,0.9995625,-0.0237031,-0.033,0.030,0,0,0.0080,0,1
232,695.947,57.83763553,18.83170980,37.758,50.710,-0.749,209.229,265.017,-1.9910,0.0001686,695.965,7.463,7.722,15.184,1.2586,-1.1406,2.1879,0.0003489,-0.0201,51.359,-0.893,201.795,50.038,-0.559,216.922,-0.9960106,-0.0199061,-0.0869864,-0.0179231,0.9995627,-0.0235181,-0.037,0.031,0,0,0.0102,0,1
233,698.947,57.83763319,18.83165949,37.698,47.722,-0.809,208.969,265.026,-2.0052,-0.0000555,698.965,7.571,7.570,15.141,1.2393,-1.1487,2.1634,0.0003452,-0.0198,48.379,-0.953,201.426,47.065,-0.625,216.511,-0.9960222,-0.0200480,-0.0868207,-0.0180898,0.9995652,-0.0232831,-0.040,0.031,0,0,0.0123,0,1
234,701.947,57.83763085,18.83160917,37.638,44.733,-0.870,208.708,264.997,-2.0135,-0.0002790,701.966,7.681,7.424,15.105,1.2181,-1.1535,2.1350,0.0003425,-0.0195,45.404,-1.014,201.057,44.085,-0.693,216.104,-0.9959772,-0.0201309,-0.0873167,-0.0181856,0.9995697,-0.0230173,-0.042,0.031,0,0,0.0144,0,1
235,704.947,57.83762849,18.83155886,37.577,41.745,-0.930,208.445,264.930,-2.0164,-0.0005019,704.966,7.787,7.286,15.073,1.1959,-1.1552,2.1046,0.0003396,-0.0193,42.434,-1.073,200.688,41.100,-0.759,215.702,-0.9958731,-0.0201599,-0.0884887,-0.0182144,0.9995755,-0.0227381,-0.043,0.031,0,0,0.0165,0,1
236,707.946,57.83762609,18.83150856,37.517,38.757,-0.991,208.177,264.824,-2.0142,-0.0007240,707.967,7.886,7.155,15.041,1.1737,-1.1539,2.0732,0.0003354,-0.0190,39.469,-1.134,200.323,38.111,-0.825,215.303,-0.9957090,-0.0201379,-0.0903221,-0.0181791,0.9995825,-0.0224578,-0.044,0.030,0,0,0.0159,0,1
237,710.946,57.83762362,18.83145827,37.456,35.770,-1.051,207.903,264.680,-2.0078,-0.0009451,710.967,7.971,7.035,15.007,1.1520,-1.1502,2.0417,0.0003290,-0.0185,36.509,-1.193,199.966,35.118,-0.891,214.908,-0.9954963,-0.0200740,-0.0926508,-0.0180921,0.9995903,-0.0221811,-0.043,0.028,0,0,0.0154,0,1
238,713.946,57.83762109,18.83140799,37.396,32.783,-1.111,207.621,264.499,-1.9983,-0.0011650,713.968,8.036,6.928,14.964,1.1313,-1.1448,2.0103,0.0003200,-0.0179,33.554,-1.252,199.622,32.118,-0.956,214.517,-0.9951822,-0.0199790,-0.0959854,-0.0179535,0.9995985,-0.0219196,-0.042,0.027,0,0,0.0148,0,1
239,716.946,57.83761845,18.83135773,37.336,29.798,-1.171,207.327,264.279,-1.9871,-0.0013837,716.968,8.075,6.834,14.909,1.1115,-1.1384,1.9785,0.0003081,-0.0171,30.604,-1.311,199.293,29.116,-1.021,214.127,-0.9948077,-0.0198671,-0.0998140,-0.0177896,0.9996071,-0.0216611,-0.040,0.025,0,0,0.0143,0,1
240,719.946,57.83761571,18.83130749,37.277,26.813,-1.230,207.022,264.022,-1.9757,-0.0016008,719.969,8.083,6.756,14.839,1.0922,-1.1318,1.9454,0.0002934,-0.0162,27.655,-1.368,198.983,26.109,-1.085,213.741,-0.9943652,-0.0197531,-0.1041525,-0.0176162,0.9996158,-0.0213980,-0.037,0.023,0,0,0.0137,0,1
241,722.946,57.83761284,18.83125728,37.218,23.831,-1.289,206.702,263.725,-1.9655,-0.0018086,722.969,8.063,6.694,14.757,1.0724,-1.1260,1.9097,0.0002762,-0.0150,24.713,-1.425,198.687,23.099,-1.149,213.356,-0.9938111,-0.0196512,-0.1093309,-0.0174422,0.9996247,-0.0211242,-0.034,0.021,0,0,0.0125,0,1
242,725.946,57.83760982,18.83120709,37.159,20.850,-1.348,206.366,263.387,-1.9581,-0.0019863,725.970,8.026,6.649,14.675,1.0510,-1.1218,1.8699,0.0002570,-0.0138,21.774,-1.482,198.393,20.084,-1.212,212.971,-0.9931556,-0.0195772,-0.1151461,-0.0172909,0.9996337,-0.0208219,-0.031,0.019,0,0,0.0114,0,1
243,728.946,57.83760664,18.83115694,37.100,17.871,-1.407,206.011,263.010,-1.9547,-0.0021084,728.970,7.993,6.621,14.614,1.0264,-1.1198,1.8241,0.0002365,-0.0126,18.842,-1.538,198.077,17.067,-1.276,212.583,-0.9924030,-0.0195433,-0.1214677,-0.0171800,0.9996428,-0.0204732,-0.028,0.017,0,0,0.0102,0,1
244,731.946,57.83760328,18.83110684,37.042,14.894,-1.466,205.637,262.608,-1.9560,-0.0021535,731.970,7.995,6.609,14.604,0.9973,-1.1206,1.7707,0.0002155,-0.0115,15.920,-1.594,197.709,14.046,-1.340,212.192,-0.9915404,-0.0195563,-0.1283170,-0.0171198,0.9996521,-0.0200636,-0.026,0.015,0,0,0.0091,0,1
245,734.945,57.83759972,18.83105678,36.983,11.921,-1.524,205.241,262.201,-1.9625,-0.0021090,734.971,8.063,6.613,14.675,0.9624,-1.1243,1.7082,0.0001948,-0.0105,13.016,-1.649,197.253,11.023,-1.403,211.792,-0.9905398,-0.0196212,-0.1358159,-0.0171169,0.9996617,-0.0195826,-0.023,0.014,0,0,0.0079,0,1
246,737.945,57.83759596,18.83100677,36.924,8.950,-1.583,204.822,261.813,-1.9737,-0.0019739,737.971,8.223,6.629,14.852,0.9210,-1.1307,1.6355,0.0001749,-0.0096,10.123,-1.706,196.683,8.004,-1.467,211.384,-0.9895793,-0.0197332,-0.1426301,-0.0171963,0.9996716,-0.0189974,-0.021,0.012,0,0,0.0087,0,1
247,740.945,57.83759204,18.83095680,36.865,5.982,-1.643,204.385,261.466,-1.9888,-0.0017592,740.972,8.482,6.658,15.140,0.8730,-1.1393,1.5523,0.0001566,-0.0090,7.240,-1.763,195.997,4.994,-1.533,210.969,-0.9887396,-0.0198841,-0.1483193,-0.0173596,0.9996819,-0.0182956,-0.020,0.010,0,0,0.0096,0,1
248,743.945,57.83758797,18.83090688,36.805,3.017,-1.703,203.932,261.172,-2.0063,-0.0014854,743.972,8.823,6.697,15.520,0.8186,-1.1494,1.4586,0.0001401,-0.0084,4.370,-1.821,195.214,1.990,-1.599,210.550,-0.9879755,-0.0200590,-0.1533037,-0.0175838,0.9996925,-0.0174842,-0.019,0.009,0,0,0.0104,0,1
249,746.945,57.83758377,18.83085699,36.744,0.053,-1.763,203.465,260.939,-2.0243,-0.0011778,746.973,9.206,6.745,15.951,0.7588,-1.1597,1.3553,0.0001255,-0.0080,1.501,-1.877,194.374,-1.008,-1.666,210.126,-0.9873422,-0.0202389,-0.1573082,-0.0178531,0.9997034,-0.0165642,-0.018,0.008,1,0,0.0112,0,1
250,749.945,57.83757949,18.83080713,36.683,-2.908,-1.824,202.988,260.765,-2.0407,-0.0008593,749.973,9.575,6.801,16.376,0.6947,-1.1691,1.2440,0.0001130,-0.0076,-1.373,-1.933,193.536,-3.998,-1.734,209.701,-0.9868558,-0.0204028,-0.1603099,-0.0181432,0.9997145,-0.0155464,-0.018,0.008,0,0,0.0121,0,1
251,752.945,57.83757514,18.83075729,36.622,-5.869,-1.885,202.503,260.644,-2.0533,-0.0005407,752.974,9.877,6.862,16.739,0.6279,-1.1763,1.1267,0.0001021,-0.0072,-4.264,-1.986,192.757,-6.984,-1.803,209.274,-0.9864995,-0.0205287,-0.1624725,-0.0184240,0.9997258,-0.0144504,-0.018,0.008,0,0,0.0113,0,1
252,755.945,57.83757074,18.83070747,36.560,-8.828,-1.947,202.013,260.579,-2.0603,-0.0002221,755.974,10.068,6.927,16.995,0.5598,-1.1803,1.0061,0.0000927,-0.0067,-7.182,-2.039,192.080,-9.961,-1.873,208.847,-0.9863329,-0.0205986,-0.1634723,-0.0186757,0.9997372,-0.0132912,-0.019,0.008,0,0,0.0105,0,1
253,758.944,57.83756633,18.83065765,36.498,-11.788,-2.009,201.522,260.567,-2.0606,0.0000976,758.975,10.129,6.994,17.123,0.4919,-1.1805,0.8849,0.0000841,-0.0062,-10.130,-2.090,191.529,-12.933,-1.943,208.421,-0.9863059,-0.0206016,-0.1636345,-0.0188752,0.9997486,-0.0120988,-0.020,0.008,0,0,0.0097,0,1
254,761.944,57.83756192,18.83060782,36.436,-14.747,-2.071,201.031,260.611,-2.0536,0.0004193,761.975,10.065,7.060,17.125,0.4256,-1.1765,0.7655,0.0000758,-0.0056,-13.106,-2.140,191.100,-15.898,-2.013,207.996,-0.9864147,-0.0205317,-0.1629859,-0.0190087,0.9997599,-0.0108982,-0.021,0.008,0,0,0.0089,0,1
255,764.944,57.83755755,18.83055799,36.375,-17.707,-2.132,200.544,260.710,-2.0400,0.0007439,764.976,9.899,7.123,17.022,0.3620,-1.1687,0.6505,0.0000673,-0.0049,-16.110,-2.190,190.775,-18.856,-2.082,207.573,-0.9866929,-0.0203958,-0.1613104,-0.0190788,0.9997708,-0.0097088,-0.022,0.008,0,0,0.0081,0,1
256,767.944,57.83755323,18.83050814,36.314,-20.668,-2.193,200.063,260.864,-2.0210,0.0010725,767.976,9.664,7.180,16.844,0.3019,-1.1578,0.5414,0.0000580,-0.0041,-19.135,-2.240,190.521,-21.807,-2.151,207.152,-0.9871307,-0.0202059,-0.1586341,-0.0190908,0.9997812,-0.0085501,-0.024,0.009,0,0,0.0085,0,1
257,770.944,57.83754900,18.83045827,36.254,-23.631,-2.254,199.592,261.075,-1.9987,0.0014061,770.977,9.397,7.230,16.626,0.2458,-1.1450,0.4392,0.0000474,-0.0033,-22.176,-2.291,190.308,-24.750,-2.220,206.734,-0.9877448,-0.0199830,-0.1547933,-0.0190620,0.9997907,-0.0074322,-0.025,0.009,0,0,0.0089,0,1
258,773.944,57.83754488,18.83040836,36.194,-26.596,-2.313,199.134,261.343,-1.9756,0.0017456,773.977,9.129,7.267,16.396,0.1934,-1.1318,0.3441,0.0000352,-0.0024,-25.224,-2.341,190.109,-27.688,-2.286,206.319,-0.9884432,-0.0197521,-0.1502994,-0.0190104,0.9997990,-0.0063706,-0.027,0.009,0,0,0.0093,0,1
259,776.944,57.83754090,18.83035841,36.135,-29.563,-2.372,198.690,261.671,-1.9543,0.0020909,776.978,8.885,7.290,16.176,0.1443,-1.1196,0.2553,0.0000210,-0.0014,-28.277,-2.393,189.898,-30.618,-2.352,205.904,-0.9892885,-0.0195393,-0.1446601,-0.0189643,0.9998058,-0.0053523,-0.028,0.009,0,0,0.0097,0,1
260,779.944,57.83753709,18.83030841,36.077,-32.532,-2.430,198.266,262.063,-1.9371,0.0024255,779.978,8.682,7.295,15.978,0.0977,-1.1097,0.1712,0.0000049,-0.0003,-31.334,-2.444,189.667,-33.539,-2.417,205.492,-0.9902446,-0.0193674,-0.1379876,-0.0189458,0.9998110,-0.0043678,-0.029,0.009,0,0,0.0102,0,1
261,782.944,57.83753347,18.83025837,36.019,-35.505,-2.488,197.862,262.525,-1.9257,0.0027138,782.979,8.530,7.280,15.810,0.0523,-1.1032,0.0896,-0.0000132,0.0008,-34.393,-2.497,189.405,-36.454,-2.482,205.080,-0.9912870,-0.0192534,-0.1303053,-0.0189724,0.9998142,-0.0033977,-0.031,0.009,0,0,0.0097,0,1
262,785.943,57.83753007,18.83020827,35.961,-38.481,-2.546,197.484,263.049,-1.9211,0.0029149,785.979,8.431,7.242,15.673,0.0069,-1.1006,0.0081,-0.0000330,0.0020,-37.458,-2.549,189.115,-39.360,-2.547,204.673,-0.9924271,-0.0192075,-0.1213244,-0.0190557,0.9998155,-0.0024109,-0.031,0.009,0,0,0.0092,0,1
263,788.943,57.83752693,18.83015811,35.904,-41.460,-2.604,197.134,263.614,-1.9236,0.0029939,788.980,8.385,7.183,15.567,-0.0399,-1.1020,-0.0762,-0.0000545,0.0033,-40.526,-2.601,188.801,-42.260,-2.612,204.272,-0.9935979,-0.0192324,-0.1113256,-0.0191977,0.9998147,-0.0013844,-0.032,0.009,0,0,0.0087,0,1
264,791.943,57.83752407,18.83010790,35.846,-44.443,-2.661,196.816,264.187,-1.9326,0.0029308,791.980,8.387,7.102,15.489,-0.0893,-1.1072,-0.1658,-0.0000774,0.0046,-43.594,-2.653,188.472,-45.161,-2.677,203.881,-0.9946834,-0.0193224,-0.1011514,-0.0193909,0.9998119,-0.0003060,-0.032,0.008,0,0,0.0083,0,1
265,794.943,57.83752148,18.83005763,35.788,-47.429,-2.720,196.527,264.731,-1.9468,0.0027239,794.980,8.431,7.000,15.431,-0.1423,-1.1153,-0.2628,-0.0001015,0.0060,-46.656,-2.705,188.131,-48.071,-2.743,203.498,-0.9956015,-0.0194643,-0.0916453,-0.0196232,0.9998071,0.0008323,-0.032,0.008,0,0,0.0078,0,1
266,797.943,57.83751914,18.83000732,35.729,-50.418,-2.778,196.266,265.213,-1.9644,0.0023907,797.981,8.510,6.880,15.390,-0.1995,-1.1254,-0.3688,-0.0001267,0.0075,-49.709,-2.756,187.786,-50.991,-2.809,203.122,-0.9963294,-0.0196402,-0.0833191,-0.0198791,0.9998003,0.0020379,-0.032,0.008,0,0,0.0080,0,1
267,800.943,57.83751699,18.82995697,35.670,-53.408,-2.837,196.027,265.609,-1.9834,0.0019640,800.981,8.616,6.740,15.356,-0.2611,-1.1363,-0.4845,-0.0001531,0.0090,-52.747,-2.807,187.436,-53.925,-2.877,202.748,-0.9968604,-0.0198301,-0.0766559,-0.0201429,0.9997916,0.0033090,-0.032,0.008,0,0,0.0083,0,1
268,803.943,57.83751500,18.82990661,35.610,-56.400,-2.897,195.806,265.913,-2.0017,0.0014838,803.982,8.742,6.583,15.325,-0.3269,-1.1467,-0.6094,-0.0001804,0.0106,-55.775,-2.858,187.086,-56.871,-2.945,202.372,-0.9972403,-0.0200130,-0.0714933,-0.0203971,0.9997812,0.0046464,-0.031,0.008,0,0,0.0085,0,1
269,806.943,57.83751314,18.82985623,35.550,-59.392,-2.958,195.598,266.127,-2.0173,0.0009856,806.982,8.881,6.410,15.291,-0.3958,-1.1557,-0.7425,-0.0002088,0.0122,-58.790,-2.909,186.737,-59.827,-3.014,201.993,-0.9974936,-0.0201689,-0.0678216,-0.0206254,0.9997690,0.0060378,-0.031,0.008,0,0,0.0088,0,1
270,809.943,57.83751135,18.82980584,35.489,-62.386,-3.018,195.399,266.253,-2.0288,0.0004854,809.983,9.027,6.224,15.251,-0.4668,-1.1623,-0.8814,-0.0002378,0.0138,-61.795,-2.958,186.392,-62.794,-3.082,201.610,-0.9976472,-0.0202838,-0.0654878,-0.0208167,0.9997554,0.0074648,-0.030,0.008,0,0,0.0091,0,1
271,812.942,57.83750960,18.82975544,35.428,-65.379,-3.079,195.205,266.292,-2.0352,-0.0000130,812.983,9.173,6.029,15.202,-0.5383,-1.1659,-1.0235,-0.0002673,0.0154,-64.784,-3.008,186.051,-65.770,-3.150,201.222,-0.9976892,-0.0203478,-0.0648240,-0.0209674,0.9997406,0.0088917,-0.030,0.007,0,0,0.0090,0,1
272,815.942,57.83750785,18.82970504,35.367,-68.373,-3.140,195.010,266.245,-2.0368,-0.0005061,815.984,9.314,5.832,15.147,-0.6085,-1.1668,-1.1655,-0.0002968,0.0170,-67.760,-3.057,185.716,-68.757,-3.218,200.830,-0.9976237,-0.0203638,-0.0658195,-0.0210853,0.9997248,0.0102858,-0.030,0.007,0,0,0.0090,0,1
273,818.942,57.83750606,18.82965465,35.306,-71.366,-3.201,194.810,266.113,-2.0341,-0.0009908,818.984,9.447,5.639,15.085,-0.6761,-1.1653,-1.3041,-0.0003257,0.0185,-70.724,-3.107,185.385,-71.749,-3.285,200.436,-0.9974789,-0.0203368,-0.0679872,-0.0211745,0.9997082,0.0116243,-0.030,0.006,0,0,0.0090,0,1
274,821.942,57.83750419,18.82960427,35.245,-74.359,-3.262,194.602,265.897,-2.0287,-0.0014640,821.985,9.567,5.454,15.021,-0.7397,-1.1622,-1.4365,-0.0003534,0.0199,-73.673,-3.157,185.060,-74.750,-3.351,200.042,-0.9972230,-0.0202828,-0.0716587,-0.0212578,0.9996912,0.0128699,-0.030,0.004,0,1,0.0090,0,1
275,824.942,57.83750219,18.82955391,35.184,-77.350,-3.323,194.380,265.600,-2.0224,-0.0019227,824.985,9.672,5.283,14.955,-0.7986,-1.1586,-1.5603,-0.0003794,0.0212,-76.605,-3.208,184.737,-77.757,-3.416,199.647,-0.9968271,-0.0202199,-0.0769866,-0.0213585,0.9996739,0.0139953,-0.031,0.002,0,0,0.0090,0,1
276,827.942,57.83750004,18.82950357,35.124,-80.341,-3.384,194.140,265.225,-2.0170,-0.0023641,827.986,9.760,5.130,14.890,-0.8523,-1.1555,-1.6743,-0.0004033,0.0224,-79.526,-3.259,184.414,-80.769,-3.481,199.252,-0.9963051,-0.0201659,-0.0834837,-0.0214903,0.9996566,0.0149956,-0.031,-0.000,0,1,0.0084,0,1
277,830.942,57.83749770,18.82945326,35.063,-83.329,-3.444,193.879,264.774,-2.0145,-0.0027854,830.986,9.829,4.998,14.827,-0.9011,-1.1541,-1.7781,-0.0004249,0.0234,-82.431,-3.310,184.091,-83.786,-3.543,198.856,-0.9956171,-0.0201409,-0.0913288,-0.0216772,0.9996392,0.0158611,-0.031,-0.003,0,1,0.0079,0,1
278,833.942,57.83749512,18.82940298,35.003,-86.315,-3.505,193.592,264.248,-2.0162,-0.0031714,833.987,9.879,4.890,14.769,-0.9457,-1.1550,-1.8724,-0.0004444,0.0242,-85.324,-3.363,183.763,-86.806,-3.607,198.458,-0.9947522,-0.0201579,-0.1003083,-0.0219305,0.9996217,0.0166003,-0.032,-0.006,0,1,0.0073,0,1
279,836.941,57.83749229,18.82935276,34.942,-89.299,-3.565,193.277,263.641,-2.0232,-0.0034648,836.987,9.907,4.810,14.717,-0.9872,-1.1591,-1.9586,-0.0004620,0.0250,-88.204,-3.416,183.431,-89.831,-3.670,198.057,-0.9936723,-0.0202279,-0.1104821,-0.0222636,0.9996038,0.0172237,-0.032,-0.010,0,0,0.0067,0,1
280,839.941,57.83748917,18.82930260,34.881,-92.278,-3.626,192.929,262.962,-2.0356,-0.0035914,839.988,9.914,4.758,14.672,-1.0269,-1.1662,-2.0390,-0.0004783,0.0257,-91.070,-3.471,183.089,-92.858,-3.734,197.652,-0.9923418,-0.0203518,-0.1218344,-0.0226796,0.9995852,0.0177500,-0.032,-0.014,0,0,0.0061,0,1
281,842.941,57.83748573,18.82925251,34.820,-95.253,-3.687,192.546,262.248,-2.0535,-0.0034860,842.988,9.900,4.735,14.635,-1.0661,-1.1764,-2.1159,-0.0004937,0.0264,-93.925,-3.526,182.736,-95.888,-3.798,197.238,-0.9907507,-0.0205307,-0.1341329,-0.0231780,0.9995656,0.0182049,-0.033,-0.019,0,0,0.0069,0,1
282,845.941,57.83748194,18.82920251,34.758,-98.224,-3.749,192.124,261.559,-2.0764,-0.0031094,845.989,9.868,4.738,14.605,-1.1061,-1.1895,-2.1918,-0.0005090,0.0271,-96.777,-3.582,182.363,-98.919,-3.864,196.810,-0.9889724,-0.0207595,-0.1466379,-0.0237433,0.9995445,0.0186269,-0.033,-0.023,0,1,0.0078,0,1
283,848.941,57.83747782,18.82915260,34.695,-101.188,-3.812,191.666,260.966,-2.1041,-0.0024564,848.989,9.820,4.761,14.582,-1.1477,-1.2054,-2.2687,-0.0005245,0.0279,-99.643,-3.640,181.968,-101.937,-3.932,196.368,-0.9873218,-0.0210363,-0.1573315,-0.0243374,0.9995216,0.0190840,-0.033,-0.028,0,1,0.0087,0,1
284,851.941,57.83747346,18.82910277,34.632,-104.148,-3.876,191.180,260.534,-2.1366,-0.0015560,851.990,9.763,4.799,14.562,-1.1916,-1.2240,-2.3481,-0.0005403,0.0286,-102.540,-3.698,181.551,-104.938,-4.001,195.914,-0.9861238,-0.0213611,-0.1646317,-0.0249284,0.9994964,0.0196327,-0.034,-0.032,0,1,0.0095,0,1
285,854.941,57.83746895,18.82905298,34.567,-107.106,-3.940,190.678,260.310,-2.1748,-0.0004628,854.991,9.701,4.842,14.543,-1.2377,-1.2459,-2.4309,-0.0005565,0.0294,-105.476,-3.757,181.115,-107.919,-4.071,195.451,-0.9855553,-0.0217429,-0.1679526,-0.0255092,0.9994685,0.0202997,-0.035,-0.037,0,0,0.0104,0,1
286,857.941,57.83746441,18.82900320,34.501,-110.063,-4.006,190.172,260.314,-2.2200,0.0007567,857.991,9.642,4.881,14.522,-1.2859,-1.2718,-2.5172,-0.0005725,0.0302,-108.448,-3.817,180.667,-110.881,-4.142,194.984,-0.9856281,-0.0221945,-0.1674651,-0.0260881,0.9994372,0.0210855,-0.036,-0.041,0,0,0.0110,0,1
287,860.940,57.83745993,18.82895340,34.434,-113.021,-4.074,189.673,260.543,-2.2750,0.0020444,860.992,9.593,4.906,14.499,-1.3353,-1.3033,-2.6062,-0.0005875,0.0309,-111.453,-3.878,180.210,-113.823,-4.216,194.513,-0.9862870,-0.0227441,-0.1634647,-0.0266892,0.9994021,0.0219782,-0.038,-0.045,0,0,0.0116,0,1
288,863.940,57.83745560,18.82890355,34.364,-115.982,-4.143,189.191,260.990,-2.3432,0.0033778,863.992,9.560,4.913,14.473,-1.3850,-1.3423,-2.6968,-0.0006004,0.0314,-114.492,-3.940,179.747,-116.748,-4.290,194.044,-0.9875095,-0.0234256,-0.1558085,-0.0273312,0.9993624,0.0229718,-0.039,-0.049,0,0,0.0121,0,1
289,866.940,57.83745153,18.82885363,34.293,-118.947,-4.215,188.738,261.661,-2.4290,0.0047795,866.993,9.551,4.896,14.447,-1.4341,-1.3914,-2.7874,-0.0006100,0.0318,-117.570,-4.004,179.287,-119.653,-4.366,193.583,-0.9892605,-0.0242828,-0.1441318,-0.0280358,0.9993172,0.0240643,-0.041,-0.053,0,0,0.0127,0,1
290,869.940,57.83744783,18.82880361,34.218,-121.919,-4.289,188.326,262.570,-2.5371,0.0062799,869.994,9.566,4.858,14.423,-1.4817,-1.4533,-2.8762,-0.0006149,0.0320,-120.690,-4.070,178.840,-122.543,-4.443,193.143,-0.9913898,-0.0253628,-0.1284641,-0.0288355,0.9992653,0.0252446,-0.041,-0.056,0,1,0.0133,0,1
291,872.940,57.83744461,18.82875347,34.140,-124.897,-4.367,187.967,263.737,-2.6723,0.0079089,872.995,9.600,4.799,14.400,-1.5274,-1.5308,-2.9614,-0.0006142,0.0318,-123.858,-4.139,178.423,-125.416,-4.523,192.738,-0.9937764,-0.0267135,-0.1081423,-0.0297462,0.9992054,0.0265280,-0.041,-0.058,0,0,0.0124,0,1
292,875.940,57.83744200,18.82870320,34.058,-127.883,-4.449,187.677,265.189,-2.8385,0.0096962,875.996,9.644,4.727,14.370,-1.5712,-1.6259,-3.0413,-0.0006068,0.0313,-127.084,-4.212,178.066,-128.275,-4.606,192.388,-0.9961618,-0.0283736,-0.0828052,-0.0307802,0.9991358,0.0279332,-0.040,-0.060,0,0,0.0115,0,1
293,878.940,57.83744014,18.82865282,33.970,-130.876,-4.537,187.470,266.957,-3.0386,0.0116661,878.997,9.676,4.647,14.323,-1.6135,-1.7405,-3.1147,-0.0005923,0.0304,-130.373,-4.291,177.807,-131.118,-4.695,192.111,-0.9981855,-0.0303720,-0.0519923,-0.0319348,0.9990546,0.0294963,-0.037,-0.061,0,0,0.0105,0,1
294,881.939,57.83743920,18.82860235,33.875,-133.873,-4.632,187.365,269.080,-3.2733,0.0138318,881.998,9.672,4.569,14.240,-1.6550,-1.8748,-3.1805,-0.0005708,0.0289,-133.728,-4.378,177.694,-133.942,-4.789,191.933,-0.9993522,-0.0327155,-0.0149978,-0.0331720,0.9989601,0.0312781,-0.032,-0.062,0,0,0.0096,0,1
295,884.939,57.83743933,18.82855186,33.773,-136.873,-4.734,187.380,271.603,-3.5413,0.0161881,884.999,9.605,4.499,14.104,-1.6961,-2.0282,-3.2383,-0.0005429,0.0270,-137.150,-4.473,177.779,-136.743,-4.891,191.877,-0.9989577,-0.0353908,0.0288273,-0.0344245,0.9988506,0.0333529,-0.025,-0.061,0,0,0.0087,0,1
296,887.938,57.83744075,18.82850143,33.663,-139.868,-4.845,187.538,274.570,-3.8392,0.0186999,888.001,9.457,4.445,13.902,-1.7370,-2.1986,-3.2879,-0.0005096,0.0246,-140.628,-4.580,178.112,-139.511,-5.001,191.969,-0.9960304,-0.0383637,0.0803223,-0.0355795,0.9987249,0.0358133,-0.017,-0.060,0,0,0.0112,0,1
297,890.938,57.83744366,18.82845123,33.543,-142.850,-4.965,187.862,278.031,-4.1610,0.0212609,891.003,9.218,4.414,13.632,-1.7771,-2.3827,-3.3296,-0.0004726,0.0220,-144.140,-4.698,178.735,-142.232,-5.121,192.233,-0.9893058,-0.0415740,0.1398059,-0.0364898,0.9985830,0.0387359,-0.007,-0.058,0,0,0.0137,0,1
298,893.937,57.83744829,18.82840149,33.413,-145.805,-5.094,188.377,282.027,-4.4991,0.0236566,894.005,8.897,4.409,13.306,-1.8152,-2.5761,-3.3639,-0.0004336,0.0192,-147.653,-4.829,179.674,-144.889,-5.251,192.689,-0.9772076,-0.0449455,0.2074733,-0.0369655,0.9984258,0.0421827,0.005,-0.056,0,0,0.0163,0,1
299,896.936,57.83745484,18.82835251,33.273,-148.714,-5.234,189.107,286.527,-4.8425,0.0256220,897.007,8.518,4.430,12.948,-1.8502,-2.7724,-3.3915,-0.0003944,0.0165,-151.125,-4.974,180.937,-147.460,-5.392,193.356,-0.9579981,-0.0483683,0.2826661,-0.0367833,0.9982570,0.0461523,0.016,-0.052,0,0,0.0188,0,1
300,899.935,57.83746350,18.82830471,33.123,-151.553,-5.384,190.073,291.410,-5.1770,0.0269117,900.010,8.111,4.476,12.587,-1.8807,-2.9636,-3.4134,-0.0003569,0.0141,-154.505,-5.131,182.518,-149.924,-5.544,194.242,-0.9301596,-0.0517008,0.3634972,-0.0357259,0.9980829,0.0505391,0.027,-0.047,0,0,0.0213,0,1
301,902.934,57.83747442,18.82825856,32.963,-154.295,-5.544,191.288,296.482,-5.4870,0.0273743,903.013,7.709,4.545,12.255,-1.9064,-3.1407,-3.4306,-0.0003225,0.0121,-157.740,-5.299,184.391,-152.264,-5.707,195.354,-0.8932837,-0.0547876,0.4461419,-0.0336895,0.9979128,0.0550922,0.036,-0.041,0,0,0.0188,0,1
302,905.933,57.83748755,18.82821448,32.795,-156.913,-5.713,192.750,301.525,-5.7581,0.0270124,906.017,7.339,4.633,11.972,-1.9272,-3.2955,-3.4440,-0.0002923,0.0105,-160.765,-5.476,186.503,-154.481,-5.879,196.694,-0.8497633,-0.0574858,0.5240207,-0.0308649,0.9977567,0.0594040,0.045,-0.035,0,0,0.0162,0,1
303,908.932,57.83750265,18.82817269,32.619,-159.395,-5.889,194.433,306.347,-5.9787,0.0259793,909.021,7.016,4.736,11.752,-1.9437,-3.4215,-3.4546,-0.0002669,0.0092,-163.561,-5.660,188.788,-156.583,-6.059,198.244,-0.8032063,-0.0596804,0.5927039,-0.0275297,0.9976246,0.0631456,0.051,-0.027,1,1,0.0136,0,1
304,911.931,57.83751949,18.82813329,32.437,-161.736,-6.071,196.309,310.830,-6.1398,0.0245250,912.026,6.743,4.851,11.594,-1.9568,-3.5134,-3.4632,-0.0002465,0.0083,-166.145,-5.849,191.207,-158.564,-6.245,199.980,-0.7551908,-0.0612826,0.6526341,-0.0237507,0.9975247,0.0661850,0.055,-0.020,1,1,0.0111,0,1
305,914.930,57.83753785,18.82809634,32.251,-163.931,-6.257,198.353,314.942,-6.2333,0.0229157,915.031,6.516,4.976,11.492,-1.9675,-3.5668,-3.4708,-0.0002308,0.0076,-168.532,-6.041,193.739,-160.418,-6.435,201.876,-0.7067353,-0.0622123,0.7047374,-0.0195811,0.9974646,0.0684168,0.057,-0.012,1,1,0.0085,0,1
306,917.930,57.83755750,18.82806182,32.063,-165.981,-6.444,200.542,318.726,-6.2524,0.0213657,918.036,6.325,5.107,11.432,-1.9766,-3.5777,-3.4779,-0.0002191,0.0072,-170.733,-6.233,196.367,-162.144,-6.627,203.913,-0.6587285,-0.0624021,0.7497885,-0.0151000,0.9974504,0.0697480,0.057,-0.004,1,1,0.0111,0,1
307,920.929,57.83757828,18.82802971,31.876,-167.888,-6.632,202.857,322.240,-6.1930,0.0199852,921.041,6.159,5.245,11.404,-1.9850,-3.5438,-3.4852,-0.0002105,0.0068,-172.756,-6.425,199.083,-163.743,-6.821,206.070,-0.6115329,-0.0618116,0.7888009,-0.0103749,0.9974845,0.0701210,0.056,0.002,1,1,0.0137,0,1
308,923.929,57.83760005,18.82799996,31.692,-169.655,-6.816,205.281,325.526,-6.0554,0.0187941,924.046,6.008,5.386,11.395,-1.9932,-3.4653,-3.4929,-0.0002039,0.0066,-174.606,-6.613,201.878,-165.216,-7.010,208.332,-0.5654224,-0.0604433,0.8225838,-0.0055031,0.9975655,0.0695182,0.053,0.008,1,1,0.0163,0,1
309,926.928,57.83762265,18.82797252,31.513,-171.285,-6.994,207.799,328.622,-5.8431,0.0177922,927.051,5.864,5.532,11.396,-2.0016,-3.3440,-3.5014,-0.0001982,0.0064,-176.290,-6.795,204.743,-166.564,-7.194,210.682,-0.5202389,-0.0583315,0.8520264,-0.0005647,0.9976880,0.0679590,0.051,0.013,1,1,0.0190,0,1
310,929.928,57.83764600,18.82794735,31.342,-172.780,-7.166,210.399,331.563,-5.5628,0.0169724,930.055,5.722,5.680,11.402,-2.0103,-3.1840,-3.5108,-0.0001919,0.0062,-177.811,-6.971,207.672,-167.786,-7.372,213.106,-0.4758483,-0.0555421,0.8777719,0.0043438,0.9978435,0.0654946,0.048,0.016,1,1,0.0216,0,1
311,932.927,57.83766999,18.82792441,31.180,-174.143,-7.328,213.071,334.379,-5.2234,0.0163229,933.059,5.579,5.830,11.409,-2.0192,-2.9901,-3.5211,-0.0001840,0.0060,-179.173,-7.137,210.657,-168.887,-7.540,215.594,-0.4320932,-0.0521629,0.9003191,0.0091253,0.9980218,0.0622032,0.046,0.019,1,1,0.0217,0,1
312,935.927,57.83769455,18.82790366,31.029,-175.375,-7.479,215.806,337.100,-4.8354,0.0158343,936.063,5.434,5.981,11.415,-2.0283,-2.7683,-3.5321,-0.0001734,0.0056,-180.381,-7.292,213.690,-169.866,-7.696,218.134,-0.3888321,-0.0482976,0.9200418,0.0136868,0.9982120,0.0581855,0.045,0.020,1,1,0.0218,0,1
313,938.926,57.83771959,18.82788509,30.890,-176.478,-7.618,218.596,339.752,-4.4107,0.0154950,939.066,5.290,6.129,11.420,-2.0372,-2.5255,-3.5437,-0.0001592,0.0052,-181.441,-7.435,216.764,-170.728,-7.841,220.718,-0.3459407,-0.0440642,0.9372211,0.0179429,0.9984032,0.0535637,0.045,0.020,1,1,0.0220,0,1
314,941.926,57.83774507,18.82786870,30.764,-177.452,-7.743,221.433,342.359,-3.9612,0.0152979,942.068,5.151,6.272,11.422,-2.0455,-2.2684,-3.5557,-0.0001410,0.0046,-182.360,-7.564,219.872,-171.475,-7.972,223.334,-0.3029042,-0.0395810,0.9521987,0.0218449,0.9985863,0.0484583,0.047,0.020,0,0,0.0221,0,1
315,944.926,57.83777091,18.82785448,30.652,-178.296,-7.855,224.311,344.946,-3.4986,0.0152365,945.070,5.021,6.404,11.425,-2.0527,-2.0037,-3.5677,-0.0001189,0.0039,-183.145,-7.679,223.007,-172.112,-8.088,225.973,-0.2594440,-0.0349646,0.9651250,0.0253402,0.9987539,0.0429949,0.050,0.020,0,0,0.0222,0,1
316,947.925,57.83779707,18.82784247,30.554,-179.009,-7.953,227.225,347.535,-3.0330,0.0153081,948.071,4.908,6.519,11.428,-2.0587,-1.7372,-3.5796,-0.0000931,0.0030,-183.802,-7.780,226.166,-172.643,-8.190,228.631,-0.2156308,-0.0303161,0.9760043,0.0283786,0.9989012,0.0372970,0.054,0.020,0,0,0.0199,0,1
317,950.925,57.83782349,18.82783269,30.470,-179.590,-8.037,230.168,350.149,-2.5728,0.0155046,951.072,4.818,6.613,11.431,-2.0632,-1.4738,-3.5908,-0.0000646,0.0021,-184.337,-7.866,229.344,-173.074,-8.277,231.299,-0.1710172,-0.0257195,0.9849323,0.0309475,0.9990258,0.0314610,0.060,0.021,0,0,0.0176,0,1
318,953.925,57.83785013,18.82782520,30.400,-180.035,-8.107,233.134,352.811,-2.1235,0.0158171,954.072,4.754,6.681,11.435,-2.0662,-1.2165,-3.6011,-0.0000344,0.0011,-184.752,-7.937,232.539,-173.406,-8.349,233.970,-0.1250326,-0.0212302,0.9919255,0.0330442,0.9991273,0.0255496,0.066,0.021,0,0,0.0153,0,1
319,956.924,57.83787692,18.82782006,30.343,-180.340,-8.164,236.118,355.542,-1.6872,0.0162371,957.072,4.721,6.719,11.440,-2.0679,-0.9666,-3.6099,-0.0000037,0.0001,-185.047,-7.994,235.751,-173.641,-8.407,236.640,-0.0776927,-0.0168696,0.9968346,0.0346518,0.9992070,0.0196105,0.073,0.023,0,0,0.0130,0,1
320,959.924,57.83790382,18.82781735,30.299,-180.501,-8.208,239.113,358.358,-1.2628,0.0167579,960.072,4.720,6.726,11.446,-2.0683,-0.7235,-3.6166,0.0000260,-0.0009,-185.219,-8.037,238.978,-173.777,-8.450,239.305,-0.0285099,-0.0126270,0.9995138,0.0357652,0.9992671,0.0136440,0.079,0.025,0,0,0.0108,0,1
321,962.923,57.83793075,18.82781718,30.268,-180.511,-8.240,242.113,1.273,-0.8458,0.0173781,963.072,4.749,6.705,11.454,-2.0674,-0.4846,-3.6203,0.0000538,-0.0018,-185.259,-8.067,242.221,-173.808,-8.480,241.961,0.0226751,-0.0084577,0.9997071,0.0363605,0.9993096,0.0076296,0.086,0.027,0,0,0.0105,0,1
322,965.923,57.83795765,18.82781963,30.248,-180.365,-8.259,245.109,4.303,-0.4298,0.0181031,966.071,4.807,6.657,11.464,-2.0649,-0.2463,-3.6200,0.0000786,-0.0026,-185.158,-8.083,245.472,-173.727,-8.497,244.606,0.0755354,-0.0042980,0.9971339,0.0363974,0.9993362,0.0015503,0.091,0.029,0,0,0.0103,0,1
323,968.922,57.83798444,18.82782480,30.242,-180.058,-8.266,248.093,7.464,-0.0072,0.0189394,969.071,4.891,6.587,11.478,-2.0604,-0.0041,-3.6146,0.0001000,-0.0033,-184.907,-8.087,248.731,-173.527,-8.500,247.234,0.1304157,-0.0000720,0.9914594,0.0358228,0.9993474,-0.0046395,0.096,0.032,0,0,0.0100,0,1
324,971.922,57.83801103,18.82783279,30.248,-179.583,-8.259,251.054,10.779,0.4296,0.0198965,972.070,4.997,6.497,11.494,-2.0530,0.2461,-3.6024,0.0001177,-0.0039,-184.491,-8.076,251.991,-173.201,-8.488,249.836,0.1874476,0.0042960,0.9822652,0.0345576,0.9993426,-0.0109653,0.099,0.034,0,0,0.0098,0,1
325,974.921,57.83803732,18.82784371,30.268,-178.934,-8.240,253.983,14.275,0.8863,0.0209698,975.070,5.121,6.391,11.512,-2.0418,0.5078,-3.5819,0.0001316,-0.0044,-183.897,-8.053,255.247,-172.741,-8.464,252.406,0.2468006,0.0088627,0.9690258,0.0325014,0.9993199,-0.0174175,0.100,0.037,0,0,0.0096,0,1
326,977.921,57.83806320,18.82785771,30.301,-178.103,-8.206,256.865,18.009,1.3657,0.0220540,978.069,5.261,6.267,11.529,-2.0255,0.7824,-3.5510,0.0001421,-0.0047,-183.107,-8.015,258.490,-172.142,-8.423,254.929,0.3088838,0.0136557,0.9510018,0.0295328,0.9992771,-0.0239411,0.100,0.039,0,0,0.0105,0,1
327,980.920,57.83808852,18.82787489,30.349,-177.082,-8.158,259.685,22.019,1.8670,0.0229198,981.069,5.414,6.128,11.542,-2.0026,1.0696,-3.5072,0.0001492,-0.0050,-182.104,-7.964,261.707,-171.398,-8.367,257.396,0.3734242,0.0186667,0.9274729,0.0255407,0.9992116,-0.0303939,0.099,0.041,0,0,0.0115,0,1
328,983.919,57.83811313,18.82789539,30.413,-175.864,-8.095,262.426,26.266,2.3842,0.0232878,984.069,5.577,5.972,11.549,-1.9711,1.3658,-3.4477,0.0001534,-0.0051,-180.872,-7.898,264.881,-170.502,-8.295,259.798,0.4400005,0.0238352,0.8976811,0.0204465,0.9991226,-0.0365506,0.095,0.044,0,0,0.0124,0,1
329,986.918,57.83813685,18.82791929,30.492,-174.444,-8.015,265.067,30.615,2.9061,0.0229059,987.069,5.749,5.800,11.548,-1.9292,1.6646,-3.3691,0.0001550,-0.0052,-179.396,-7.816,267.987,-169.448,-8.205,262.122,0.5076659,0.0290487,0.8610641,0.0142489,0.9990117,-0.0421034,0.090,0.046,0,0,0.0133,0,1
330,989.917,57.83815949,18.82794664,30.587,-172.820,-7.921,267.589,34.857,3.4172,0.0216343,990.070,5.927,5.614,11.540,-1.8744,1.9571,-3.2678,0.0001541,-0.0051,-177.680,-7.722,270.981,-168.217,-8.100,264.376,0.5719860,0.0341521,0.8195521,0.0072320,0.9988841,-0.0466725,0.084,0.048,0,0,0.0143,0,1
331,992.917,57.83818098,18.82797705,30.696,-171.013,-7.811,269.983,38.755,3.9002,0.0194940,993.071,6.107,5.418,11.525,-1.8045,2.2335,-3.1401,0.0001510,-0.0050,-175.769,-7.614,273.814,-166.794,-7.977,266.584,0.6268389,0.0389724,0.7781736,-0.0000125,0.9987488,-0.0500091,0.076,0.051,0,0,0.0138,0,1
332,995.916,57.83820142,18.82800995,30.820,-169.059,-7.687,272.258,42.109,4.3386,0.0166526,996.073,6.284,5.219,11.503,-1.7171,2.4843,-2.9823,0.0001462,-0.0048,-173.720,-7.494,276.473,-165.188,-7.839,268.758,0.6700646,0.0433452,0.7410362,-0.0069684,0.9986170,-0.0521108,0.067,0.053,0,0,0.0133,0,1
333,998.916,57.83822092,18.82804477,30.956,-166.991,-7.551,274.431,44.797,4.7175,0.0133632,999.076,6.450,5.025,11.476,-1.6104,2.7009,-2.7915,0.0001400,-0.0046,-171.573,-7.365,278.971,-163.421,-7.688,270.894,0.7030666,0.0471226,0.7095610,-0.0133544,0.9985010,-0.0530791,0.057,0.055,0,0,0.0128,0,1
334,1001.916,57.83823967,18.82808102,31.103,-164.837,-7.404,276.519,46.794,5.0236,0.0099053,1002.079,6.595,4.849,11.443,-1.4832,2.8759,-2.5660,0.0001334,-0.0044,-169.359,-7.229,281.320,-161.513,-7.525,272.989,0.7270433,0.0501727,0.6847559,-0.0189468,0.9984127,-0.0530378,0.047,0.057,0,0,0.0123,0,1
335,1004.915,57.83825786,18.82811828,31.257,-162.624,-7.250,278.544,48.135,5.2464,0.0065640,1005.083,6.708,4.700,11.408,-1.3353,3.0032,-2.3055,0.0001271,-0.0041,-167.107,-7.090,283.534,-159.483,-7.356,275.048,0.7429103,0.0523919,0.6673375,-0.0235842,0.9983620,-0.0521253,0.036,0.058,0,0,0.0118,0,1
336,1007.915,57.83827567,18.82815616,31.417,-160.374,-7.090,280.528,48.870,5.3812,0.0035339,1008.087,6.780,4.590,11.370,-1.1678,3.0802,-2.0118,0.0001222,-0.0039,-164.836,-6.948,285.632,-157.353,-7.180,277.072,0.7517677,0.0537343,0.6572351,-0.0272263,0.9983538,-0.0504810,0.025,0.059,0,1,0.0119,0,1
337,1010.915,57.83829332,18.82819432,31.580,-158.107,-6.927,282.493,49.070,5.4291,0.0009247,1011.091,6.804,4.530,11.334,-0.9830,3.1076,-1.6886,0.0001196,-0.0038,-162.566,-6.807,287.632,-155.139,-7.001,279.072,0.7542263,0.0542112,0.6543729,-0.0298937,0.9983876,-0.0482556,0.013,0.060,0,1,0.0120,0,1
338,1013.915,57.83831097,18.82823245,31.743,-155.842,-6.765,284.460,48.839,5.3965,-0.0012045,1014.096,6.778,4.525,11.303,-0.7841,3.0890,-1.3416,0.0001203,-0.0038,-160.308,-6.669,289.559,-152.861,-6.823,281.056,0.7511429,0.0538866,0.6579366,-0.0317059,0.9984575,-0.0455786,0.003,0.059,0,1,0.0122,0,1
339,1016.915,57.83832881,18.82827029,31.903,-153.594,-6.604,286.446,48.291,5.2939,-0.0028523,1017.100,6.702,4.578,11.280,-0.5755,3.0304,-0.9780,0.0001245,-0.0040,-158.063,-6.533,291.441,-150.541,-6.646,283.034,0.7442297,0.0528650,0.6658284,-0.0328855,0.9985541,-0.0425247,-0.008,0.058,0,0,0.0123,0,1
340,1019.915,57.83834689,18.82830773,32.060,-151.371,-6.447,288.460,47.541,5.1346,-0.0040703,1020.104,6.581,4.688,11.268,-0.3617,2.9393,-0.6062,0.0001321,-0.0042,-155.822,-6.401,293.307,-148.200,-6.473,285.007,0.7355829,0.0512784,0.6754912,-0.0336738,0.9986661,-0.0391422,-0.018,0.057,0,0,0.0124,0,1
341,1022.915,57.83836524,18.82834470,32.211,-149.175,-6.296,290.504,46.672,4.9331,-0.0049565,1023.107,6.421,4.846,11.266,-0.1476,2.8242,-0.2351,0.0001427,-0.0045,-153.585,-6.275,295.171,-145.847,-6.304,286.982,0.7259409,0.0492711,0.6859900,-0.0341987,0.9987827,-0.0355469,-0.027,0.056,0,0,0.0110,0,1
342,1025.914,57.83838389,18.82838114,32.355,-147.010,-6.152,292.581,45.728,4.7025,-0.0056371,1026.111,6.231,5.041,11.272,0.0620,2.6924,0.1267,0.0001550,-0.0049,-151.361,-6.154,297.042,-143.491,-6.142,288.972,0.7150953,0.0469731,0.6974469,-0.0345113,0.9988954,-0.0318911,-0.037,0.055,0,0,0.0096,0,1
343,1028.914,57.83840286,18.82841699,32.493,-144.880,-6.015,294.693,44.710,4.4533,-0.0062384,1029.114,6.022,5.258,11.281,0.2627,2.5499,0.4713,0.0001679,-0.0053,-149.160,-6.037,298.929,-141.142,-5.986,290.994,0.7027336,0.0444889,0.7100607,-0.0346408,0.9989988,-0.0283090,-0.045,0.054,0,0,0.0082,0,1
344,1031.914,57.83842219,18.82845217,32.622,-142.790,-5.885,296.845,43.596,4.1920,-0.0068500,1032.116,5.806,5.484,11.289,0.4503,2.4004,0.7918,0.0001800,-0.0057,-146.997,-5.925,300.846,-138.817,-5.836,293.066,0.6886133,0.0418832,0.7239182,-0.0345973,0.9990913,-0.0248937,-0.054,0.054,0,0,0.0067,0,1
345,1034.914,57.83844189,18.82848661,32.744,-140.745,-5.764,299.040,42.375,3.9214,-0.0074951,1035.119,5.594,5.702,11.296,0.6216,2.2456,1.0829,0.0001905,-0.0061,-144.879,-5.819,302.808,-136.531,-5.696,295.199,0.6730759,0.0391839,0.7385347,-0.0343898,0.9991735,-0.0216707,-0.061,0.055,0,0,0.0053,0,1
346,1037.914,57.83846199,18.82852021,32.857,-138.749,-5.650,301.279,41.041,3.6405,-0.0081767,1038.121,5.399,5.901,11.299,0.7741,2.0849,1.3411,0.0001986,-0.0063,-142.822,-5.717,304.823,-134.298,-5.564,297.406,0.6559670,0.0363809,0.7539123,-0.0339884,0.9992483,-0.0186471,-0.068,0.056,0,0,0.0059,0,1
347,1040.914,57.83848253,18.82855289,32.962,-136.807,-5.545,303.566,39.586,3.3466,-0.0088975,1041.122,5.231,6.071,11.303,0.9060,1.9167,1.5643,0.0002043,-0.0065,-140.839,-5.621,306.899,-132.128,-5.442,299.698,0.6367403,0.0334473,0.7703525,-0.0333560,0.9993184,-0.0158179,-0.075,0.057,0,0,0.0065,0,1
348,1043.913,57.83850352,18.82858454,33.058,-134.927,-5.449,305.903,38.004,3.0360,-0.0096582,1044.124,5.100,6.208,11.308,1.0169,1.7390,1.7520,0.0002076,-0.0066,-138.947,-5.533,309.042,-130.034,-5.332,302.083,0.6150759,0.0303460,0.7878837,-0.0324722,0.9993862,-0.0131422,-0.080,0.059,0,0,0.0071,0,1
349,1046.913,57.83852498,18.82861505,33.144,-133.116,-5.363,308.294,36.286,2.7063,-0.0104575,1047.125,5.011,6.307,11.318,1.1067,1.5502,1.9047,0.0002089,-0.0067,-137.157,-5.453,311.258,-128.031,-5.235,304.564,0.5912411,0.0270531,0.8060410,-0.0313481,0.9994528,-0.0105503,-0.085,0.061,0,0,0.0077,0,1
350,1049.913,57.83854695,18.82864428,33.220,-131.379,-5.287,310.740,34.425,2.3578,-0.0112928,1050.125,4.966,6.367,11.333,1.1764,1.3507,2.0244,0.0002083,-0.0067,-135.476,-5.382,313.546,-126.126,-5.150,307.142,0.5648854,0.0235714,0.8248326,-0.0300106,0.9995175,-0.0080107,-0.088,0.062,0,0,0.0083,0,1
351,1052.913,57.83856942,18.82867210,33.286,-129.726,-5.222,313.244,32.414,1.9943,-0.0121580,1053.126,4.965,6.387,11.353,1.2275,1.1425,2.1134,0.0002055,-0.0066,-133.919,-5.322,315.904,-124.332,-5.079,309.823,0.5355602,0.0199390,0.8442616,-0.0285172,0.9995781,-0.0055172,-0.090,0.063,0,0,0.0084,0,1
352,1055.912,57.83859243,18.82869838,33.340,-128.166,-5.167,315.805,30.247,1.6235,-0.0130428,1056.126,5.007,6.368,11.375,1.2615,0.9301,2.1749,0.0002000,-0.0065,-132.492,-5.271,318.325,-122.664,-5.020,312.600,0.5033277,0.0162329,0.8639431,-0.0269553,0.9996319,-0.0030784,-0.091,0.064,0,0,0.0085,0,1
353,1058.912,57.83861596,18.82872294,33.383,-126.707,-5.124,318.426,27.919,1.2566,-0.0139284,1059.126,5.088,6.309,11.397,1.2807,0.7199,2.2123,0.0001906,-0.0062,-131.204,-5.232,320.807,-121.132,-4.977,315.474,0.4679274,0.0125650,0.8836776,-0.0254233,0.9996765,-0.0007522,-0.091,0.063,0,0,0.0086,0,1
354,1061.912,57.83864002,18.82874563,33.416,-125.359,-5.092,321.106,25.419,0.9066,-0.0147615,1062.126,5.206,6.212,11.418,1.2872,0.5194,2.2292,0.0001762,-0.0057,-130.061,-5.203,323.341,-119.749,-4.947,318.440,0.4292364,0.0090656,0.9031467,-0.0240187,0.9997106,0.0013804,-0.090,0.062,0,0,0.0088,0,1
355,1064.911,57.83866460,18.82876627,33.438,-124.132,-5.069,323.844,22.753,0.5869,-0.0154699,1065.126,5.356,6.079,11.436,1.2836,0.3363,2.2295,0.0001557,-0.0051,-129.071,-5.184,325.918,-118.527,-4.928,321.490,0.3871408,0.0058689,0.9220019,-0.0228224,0.9997344,0.0032192,-0.088,0.060,0,0,0.0089,0,1
356,1067.911,57.83868967,18.82878470,33.451,-123.037,-5.056,326.636,19.949,0.3093,-0.0159865,1068.125,5.533,5.916,11.449,1.2728,0.1772,2.2169,0.0001282,-0.0042,-128.237,-5.175,328.526,-117.477,-4.920,324.615,0.3415272,0.0030930,0.9398668,-0.0218866,0.9997496,0.0046631,-0.086,0.057,0,0,0.0081,0,1
357,1070.910,57.83871521,18.82880076,33.457,-122.084,-5.051,329.480,17.058,0.0825,-0.0162657,1071.125,5.730,5.728,11.458,1.2575,0.0473,2.1951,0.0000937,-0.0031,-127.562,-5.174,331.159,-116.607,-4.922,327.801,0.2931248,0.0008250,0.9560738,-0.0212231,0.9997588,0.0056441,-0.083,0.054,0,0,0.0073,0,1
358,1073.910,57.83874115,18.82881431,33.456,-121.279,-5.051,332.370,14.144,-0.0891,-0.0162956,1074.124,5.938,5.524,11.461,1.2405,-0.0511,2.1675,0.0000529,-0.0017,-127.037,-5.178,333.818,-115.922,-4.930,331.023,0.2437909,-0.0008910,0.9698274,-0.0207993,0.9997648,0.0061469,-0.081,0.050,0,0,0.0065,0,1
359,1076.910,57.83876743,18.82882536,33.452,-120.622,-5.056,335.296,11.267,-0.2060,-0.0161023,1077.124,6.148,5.311,11.459,1.2242,-0.1180,2.1375,0.0000071,-0.0002,-126.652,-5.187,336.494,-115.412,-4.942,334.261,0.1949291,-0.0020600,0.9808152,-0.0205584,0.9997695,0.0061856,-0.079,0.045,0,0,0.0056,0,1
360,1079.909,57.83879397,18.82883398,33.444,-120.110,-5.063,338.252,8.473,-0.2729,-0.0157431,1080.123,6.350,5.101,11.451,1.2103,-0.1564,2.1076,-0.0000413,0.0014,-126.391,-5.198,339.187,-115.064,-4.957,337.501,0.1472067,-0.0027290,0.9891020,-0.0204400,0.9997743,0.0058005,-0.077,0.040,0,0,0.0048,0,1
361,1082.909,57.83882070,18.82884023,33.435,-119.739,-5.072,341.229,5.783,-0.2981,-0.0152920,1083.123,6.535,4.903,11.439,1.2000,-0.1708,2.0801,-0.0000896,0.0029,-126.241,-5.212,341.888,-114.861,-4.972,340.734,0.1008734,-0.0029810,0.9948948,-0.0203898,0.9997793,0.0050630,-0.076,0.035,0,0,0.0059,0,1
362,1085.908,57.83884755,18.82884417,33.426,-119.505,-5.081,344.219,3.194,-0.2917,-0.0148200,1086.123,6.696,4.726,11.423,1.1934,-0.1671,2.0567,-0.0001349,0.0044,-126.191,-5.225,344.593,-114.786,-4.987,343.955,0.0558576,-0.0029170,0.9984345,-0.0203673,0.9997843,0.0040604,-0.076,0.030,0,0,0.0071,0,1
363,1088.908,57.83887446,18.82884587,33.418,-119.404,-5.089,347.217,0.689,-0.2644,-0.0143762,1089.122,6.826,4.579,11.405,1.1901,-0.1515,2.0384,-0.0001741,0.0057,-126.229,-5.236,347.300,-114.825,-4.999,347.161,0.0121718,-0.0026440,0.9999224,-0.0203459,0.9997888,0.0028913,-0.075,0.025,0,0,0.0082,0,1
364,1091.908,57.83890140,18.82884540,33.411,-119.432,-5.097,350.216,358.259,-0.2264,-0.0139726,1092.122,6.920,4.466,11.387,1.1892,-0.1297,2.0258,-0.0002042,0.0066,-126.349,-5.247,350.007,-114.968,-5.011,350.351,-0.0301780,-0.0022640,0.9995420,-0.0203128,0.9997923,0.0016513,-0.076,0.020,0,0,0.0093,0,1
365,1094.907,57.83892829,18.82884282,33.405,-119.585,-5.103,353.212,355.897,-0.1857,-0.0136126,1095.122,6.978,4.392,11.370,1.1896,-0.1064,2.0190,-0.0002229,0.0072,-126.545,-5.255,352.714,-115.204,-5.019,353.525,-0.0713536,-0.0018570,0.9974494,-0.0202664,0.9997945,0.0004116,-0.076,0.016,0,0,0.0104,0,1
366,1097.907,57.83895511,18.82883818,33.400,-119.860,-5.107,356.199,353.593,-0.1484,-0.0132989,1098.121,6.998,4.357,11.355,1.1904,-0.0850,2.0176,-0.0002283,0.0074,-126.815,-5.259,355.420,-115.530,-5.023,356.684,-0.1113645,-0.0014840,0.9937785,-0.0202113,0.9997954,-0.0007719,-0.077,0.012,0,0,0.0100,0,1
367,1100.907,57.83898181,18.82883156,33.396,-120.253,-5.111,359.173,351.340,-0.1183,-0.0130321,1101.121,6.985,4.357,11.342,1.1908,-0.0678,2.0210,-0.0002193,0.0071,-127.159,-5.263,358.123,-115.945,-5.027,359.828,-0.1503781,-0.0011830,0.9886278,-0.0201540,0.9997951,-0.0018692,-0.077,0.008,0,0,0.0097,0,1
368,1103.906,57.83900836,18.82882299,33.393,-120.762,-5.115,362.129,349.130,-0.0971,-0.0128129,1104.121,6.944,4.387,11.331,1.1907,-0.0556,2.0284,-0.0001959,0.0063,-127.582,-5.265,360.820,-116.454,-5.030,362.956,-0.1885443,-0.0009710,0.9820642,-0.0200993,0.9997939,-0.0028703,-0.078,0.005,0,0,0.0094,0,1
369,1106.906,57.83903471,18.82881252,33.390,-121.384,-5.117,365.064,346.953,-0.0855,-0.0126419,1107.121,6.885,4.436,11.322,1.1903,-0.0490,2.0388,-0.0001589,0.0051,-128.092,-5.265,363.510,-117.062,-5.030,366.065,-0.2257116,-0.0008550,0.9741938,-0.0200507,0.9997919,-0.0037681,-0.079,0.003,0,0,0.0090,0,1
370,1109.906,57.83906082,18.82880019,33.388,-122.116,-5.120,367.973,344.803,-0.0832,-0.0125194,1110.120,6.820,4.492,11.311,1.1897,-0.0477,2.0511,-0.0001103,0.0035,-128.697,-5.265,366.186,-117.781,-5.030,369.150,-0.2620592,-0.0008320,0.9650514,-0.0200079,0.9997894,-0.0045712,-0.079,0.002,0,0,0.0087,0,1
371,1112.906,57.83908668,18.82878605,33.385,-122.956,-5.122,370.853,342.669,-0.0896,-0.0124457,1113.120,6.760,4.540,11.300,1.1893,-0.0513,2.0642,-0.0000529,0.0017,-129.409,-5.264,368.839,-118.622,-5.029,372.206,-0.2979141,-0.0008960,0.9545923,-0.0199676,0.9997866,-0.0052932,-0.079,0.001,0,0,0.0079,0,1
372,1115.905,57.83911224,18.82877011,33.382,-123.903,-5.125,373.699,340.539,-0.1045,-0.0124054,1116.120,6.718,4.569,11.287,1.1888,-0.0599,2.0772,0.0000097,-0.0003,-130.237,-5.264,371.461,-119.595,-5.030,375.221,-0.3331339,-0.0010450,0.9428790,-0.0199296,0.9997838,-0.0059334,-0.079,0.000,0,0,0.0072,0,1
373,1118.905,57.83913746,18.82875241,33.379,-124.954,-5.129,376.508,338.394,-0.1275,-0.0123394,1119.119,6.703,4.569,11.272,1.1880,-0.0731,2.0893,0.0000732,-0.0023,-131.187,-5.266,374.043,-120.705,-5.032,378.188,-0.3677659,-0.0012750,0.9299175,-0.0198934,0.9997810,-0.0064967,-0.078,0.000,0,0,0.0064,0,1
374,1121.905,57.83916232,18.82873296,33.374,-126.109,-5.133,379.277,336.230,-0.1585,-0.0121645,1122.119,6.719,4.536,11.255,1.1863,-0.0908,2.0999,0.0001333,-0.0042,-132.261,-5.268,376.574,-121.956,-5.035,381.102,-0.4022520,-0.0015850,0.9155276,-0.0198582,0.9997783,-0.0069942,-0.077,0.000,0,0,0.0057,0,1
375,1124.904,57.83918677,18.82871178,33.369,-127.367,-5.138,382.000,334.074,-0.1972,-0.0117993,1125.119,6.766,4.472,11.238,1.1836,-0.1130,2.1087,0.0001859,-0.0059,-133.455,-5.272,379.047,-123.343,-5.040,383.952,-0.4364444,-0.0019720,0.8997290,-0.0198285,0.9997758,-0.0074272,-0.076,0.000,0,0,0.0049,0,1
376,1127.904,57.83921078,18.82868889,33.363,-128.727,-5.145,384.674,331.978,-0.2432,-0.0111846,1128.119,6.838,4.385,11.222,1.1800,-0.1393,2.1156,0.0002275,-0.0072,-134.764,-5.279,381.463,-124.856,-5.048,386.733,-0.4696088,-0.0024320,0.8828712,-0.0198158,0.9997733,-0.0077862,-0.074,0.001,0,0,0.0052,0,1
377,1130.904,57.83923432,18.82866436,33.355,-130.184,-5.153,387.296,330.011,-0.2953,-0.0102975,1131.118,6.923,4.287,11.209,1.1764,-0.1692,2.1209,0.0002556,-0.0080,-136.180,-5.288,383.835,-126.472,-5.057,389.439,-0.4999560,-0.0029530,0.8660458,-0.0198399,0.9997708,-0.0080443,-0.073,0.001,0,0,0.0054,0,1
378,1133.904,57.83925742,18.82863839,33.345,-131.726,-5.163,389.869,328.242,-0.3520,-0.0091549,1134.118,7.010,4.193,11.203,1.1739,-0.2017,2.1248,0.0002689,-0.0084,-137.686,-5.299,386.180,-128.161,-5.069,392.076,-0.5262595,-0.0035200,0.8503167,-0.0199155,0.9997681,-0.0081870,-0.071,0.001,0,0,0.0056,0,1
379,1136.903,57.83928012,18.82861120,33.333,-133.341,-5.174,392.397,326.724,-0.4111,-0.0078087,1137.118,7.084,4.119,11.203,1.1735,-0.2355,2.1276,0.0002670,-0.0084,-139.265,-5.311,388.512,-129.897,-5.082,394.656,-0.5483714,-0.0041110,0.8362248,-0.0200413,0.9997653,-0.0082276,-0.070,0.001,0,0,0.0058,0,1
380,1139.903,57.83930246,18.82858300,33.320,-135.016,-5.187,394.886,325.484,-0.4701,-0.0063314,1140.118,7.134,4.078,11.211,1.1759,-0.2693,2.1294,0.0002513,-0.0079,-140.897,-5.326,390.848,-131.655,-5.096,397.194,-0.5660273,-0.0047009,0.8243731,-0.0202106,0.9997623,-0.0081758,-0.068,0.002,0,0,0.0061,0,1
381,1142.903,57.83932452,18.82855402,33.305,-136.737,-5.202,397.343,324.522,-0.5258,-0.0047950,1143.118,7.147,4.078,11.226,1.1810,-0.3013,2.1302,0.0002236,-0.0070,-142.561,-5.343,393.199,-133.414,-5.111,399.707,-0.5797470,-0.0052579,0.8147796,-0.0204002,0.9997594,-0.0080639,-0.067,0.003,0,0,0.0067,0,1
382,1145.903,57.83934635,18.82852444,33.289,-138.494,-5.219,399.774,323.827,-0.5751,-0.0032424,1146.118,7.118,4.127,11.244,1.1880,-0.3295,2.1297,0.0001870,-0.0059,-144.242,-5.361,395.577,-135.161,-5.128,402.208,-0.5897268,-0.0057509,0.8075823,-0.0205863,0.9997568,-0.0079135,-0.066,0.004,0,0,0.0072,0,1
383,1148.903,57.83936803,18.82849446,33.271,-140.275,-5.237,402.188,323.398,-0.6148,-0.0016764,1149.118,7.039,4.225,11.264,1.1955,-0.3523,2.1276,0.0001448,-0.0046,-145.929,-5.380,397.995,-136.881,-5.145,404.704,-0.5956068,-0.0061479,0.8032526,-0.0207470,0.9997549,-0.0077319,-0.066,0.005,0,0,0.0078,0,1
384,1151.903,57.83938963,18.82846428,33.252,-142.068,-5.255,404.594,323.238,-0.6421,-0.0000915,1152.117,6.911,4.371,11.282,1.2018,-0.3679,2.1233,0.0001002,-0.0032,-147.609,-5.397,400.463,-138.564,-5.160,407.206,-0.5976917,-0.0064209,0.8017003,-0.0208553,0.9997541,-0.0075412,-0.065,0.007,0,0,0.0084,0,1
385,1154.903,57.83941121,18.82843407,33.232,-143.861,-5.275,406.998,323.350,-0.6544,0.0015194,1155.117,6.737,4.560,11.297,1.2053,-0.3749,2.1164,0.0000566,-0.0018,-149.269,-5.415,402.981,-140.200,-5.177,409.717,-0.5962468,-0.0065439,0.8027745,-0.0208868,0.9997547,-0.0073638,-0.066,0.009,0,0,0.0090,0,1
386,1157.903,57.83943287,18.82840405,33.213,-145.645,-5.295,409.410,323.738,-0.6499,0.0031648,1158.117,6.522,4.787,11.309,1.2052,-0.3724,2.1066,0.0000166,-0.0005,-150.907,-5.432,405.557,-141.783,-5.194,412.238,-0.5908019,-0.0064989,0.8067905,-0.0208311,0.9997571,-0.0072011,-0.066,0.012,0,0,0.0104,0,1
387,1160.902,57.83945468,18.82837440,33.194,-147.406,-5.314,411.839,324.411,-0.6274,0.0048502,1161.117,6.276,5.044,11.320,1.2009,-0.3595,2.0941,-0.0000180,0.0006,-152.513,-5.446,408.191,-143.302,-5.209,414.770,-0.5812110,-0.0062739,0.8137287,-0.0206820,0.9997611,-0.0070641,-0.067,0.015,0,0,0.0118,0,1
388,1163.902,57.83947670,18.82834533,33.175,-149.132,-5.332,414.292,325.377,-0.5862,0.0065788,1164.117,6.009,5.321,11.330,1.1928,-0.3359,2.0789,-0.0000459,0.0015,-154.080,-5.459,410.883,-144.751,-5.223,417.311,-0.5673960,-0.0058619,0.8234242,-0.0204401,0.9997668,-0.0069674,-0.069,0.017,0,0,0.0132,0,1
389,1166.902,57.83949903,18.82831708,33.158,-150.810,-5.349,416.779,326.648,-0.5266,0.0083460,1167.117,5.732,5.609,11.341,1.1816,-0.3017,2.0617,-0.0000668,0.0021,-155.600,-5.469,413.632,-146.122,-5.235,419.859,-0.5490638,-0.0052659,0.8357638,-0.0201179,0.9997737,-0.0069174,-0.071,0.020,0,0,0.0146,0,1
390,1169.902,57.83952172,18.82828987,33.144,-152.426,-5.364,419.306,328.232,-0.4495,0.0101404,1170.117,5.456,5.897,11.353,1.1683,-0.2575,2.0429,-0.0000809,0.0026,-157.066,-5.478,416.436,-147.410,-5.246,422.408,-0.5259418,-0.0044950,0.8505087,-0.0197353,0.9997813,-0.0069201,-0.074,0.022,0,0,0.0160,0,1
391,1172.902,57.83954484,18.82826397,33.132,-153.965,-5.376,421.881,330.144,-0.3561,0.0119164,1173.117,5.193,6.174,11.367,1.1541,-0.2040,2.0232,-0.0000889,0.0029,-158.470,-5.483,419.298,-148.609,-5.254,424.952,-0.4974278,-0.0035610,0.8674981,-0.0193188,0.9997891,-0.0069735,-0.077,0.023,0,0,0.0139,0,1
392,1175.901,57.83956844,18.82823964,33.122,-155.410,-5.385,424.510,332.401,-0.2485,0.0135597,1176.116,4.952,6.429,11.381,1.1397,-0.1424,2.0030,-0.0000919,0.0030,-159.798,-5.486,422.216,-149.713,-5.260,427.488,-0.4632766,-0.0024850,0.8862103,-0.0188981,0.9997964,-0.0070757,-0.081,0.024,0,0,0.0118,0,1
393,1178.901,57.83959257,18.82821718,33.117,-156.744,-5.391,427.197,334.988,-0.1290,0.0149233,1179.116,4.742,6.652,11.394,1.1257,-0.0739,1.9823,-0.0000912,0.0030,-161.040,-5.487,425.189,-150.718,-5.263,430.014,-0.4235148,-0.0012900,0.9058882,-0.0185002,0.9998027,-0.0072254,-0.085,0.025,0,0,0.0097,0,1
394,1181.901,57.83961723,18.82819687,33.115,-157.950,-5.393,429.943,337.837,-0.0007,0.0158739,1182.116,4.571,6.834,11.405,1.1120,-0.0004,1.9609,-0.0000881,0.0029,-162.182,-5.484,428.216,-151.623,-5.263,432.525,-0.3778795,-0.0000070,0.9258548,-0.0181544,0.9998078,-0.0074020,-0.089,0.024,0,0,0.0076,0,1
395,1184.900,57.83964242,18.82817901,33.117,-159.010,-5.391,432.749,340.836,0.1333,0.0163280,1185.115,4.443,6.970,11.413,1.0981,0.0764,1.9380,-0.0000837,0.0027,-163.208,-5.479,431.293,-152.425,-5.260,435.034,-0.3278089,0.0013330,0.9447431,-0.0178686,0.9998114,-0.0076108,-0.092,0.023,0,0,0.0055,0,1
396,1187.900,57.83966809,18.82816377,33.123,-159.916,-5.385,435.609,343.854,0.2692,0.0162758,1188.115,4.360,7.058,11.418,1.0832,0.1542,1.9121,-0.0000791,0.0026,-164.106,-5.470,434.402,-153.134,-5.254,437.563,-0.2767896,0.0026920,0.9609268,-0.0176257,0.9998136,-0.0078779,-0.094,0.021,0,0,0.0068,0,1
397,1190.899,57.83969416,18.82815106,33.133,-160.670,-5.374,438.512,346.771,0.4029,0.0157840,1191.114,4.321,7.099,11.420,1.0659,0.2308,1.8813,-0.0000749,0.0024,-164.877,-5.457,437.527,-153.758,-5.244,440.130,-0.2279499,0.0040290,0.9736645,-0.0173962,0.9998150,-0.0082099,-0.096,0.018,0,0,0.0081,0,1
398,1193.899,57.83972052,18.82814075,33.147,-161.283,-5.360,441.448,349.503,0.5306,0.0149792,1194.114,4.320,7.097,11.417,1.0444,0.3040,1.8430,-0.0000718,0.0023,-165.530,-5.441,440.661,-154.305,-5.233,442.741,-0.1822419,0.0053059,0.9832394,-0.0171511,0.9998161,-0.0085743,-0.096,0.015,0,0,0.0094,0,1
399,1196.898,57.83974711,18.82813267,33.165,-161.763,-5.343,444.409,352.018,0.6485,0.0140124,1197.114,4.346,7.062,11.408,1.0169,0.3716,1.7940,-0.0000700,0.0023,-166.067,-5.422,443.804,-154.770,-5.220,445.392,-0.1392008,0.0064849,0.9902429,-0.0168593,0.9998181,-0.0089175,-0.095,0.011,0,0,0.0107,0,1
400,1199.898,57.83977385,18.82812668,33.186,-162.118,-5.322,447.388,354.329,0.7536,0.0130220,1200.113,4.390,7.004,11.394,0.9811,0.4318,1.7308,-0.0000699,0.0023,-166.486,-5.399,446.953,-155.149,-5.204,448.083,-0.0991873,0.0075358,0.9950402,-0.0164721,0.9998219,-0.0092140,-0.093,0.007,0,0,0.0120,0,1
401,1202.898,57.83980070,18.82812264,33.210,-162.358,-5.298,450.378,356.468,0.8434,0.0120870,1203.113,4.437,6.935,11.372,0.9350,0.4832,1.6498,-0.0000713,0.0023,-166.786,-5.373,450.103,-155.436,-5.187,450.808,-0.0620128,0.0084337,0.9980397,-0.0159407,0.9998284,-0.0094393,-0.089,0.003,0,0,0.0107,0,1
402,1205.898,57.83982761,18.82812041,33.236,-162.490,-5.271,453.375,358.451,0.9163,0.0112219,1206.113,4.476,6.865,11.341,0.8765,0.5250,1.5477,-0.0000742,0.0024,-166.964,-5.342,453.252,-155.627,-5.168,453.564,-0.0275068,0.0091626,0.9995796,-0.0152164,0.9998383,-0.0095837,-0.084,-0.001,0,0,0.0093,0,1
403,1208.897,57.83985454,18.82811987,33.265,-162.523,-5.243,456.374,0.289,0.9719,0.0104265,1209.113,4.499,6.804,11.303,0.8041,0.5568,1.4216,-0.0000783,0.0025,-167.022,-5.309,456.395,-155.719,-5.150,456.342,0.0046680,0.0097185,0.9999419,-0.0142594,0.9998518,-0.0096511,-0.077,-0.005,0,0,0.0080,0,1
404,1211.897,57.83988147,18.82812088,33.295,-162.462,-5.213,459.373,1.998,1.0108,0.0096990,1212.113,4.501,6.757,11.258,0.7169,0.5791,1.2700,-0.0000834,0.0026,-166.961,-5.272,459.528,-155.709,-5.131,459.140,0.0345064,0.0101075,0.9993534,-0.0130396,0.9998683,-0.0096624,-0.070,-0.008,0,0,0.0066,0,1
405,1214.897,57.83990837,18.82812335,33.325,-162.316,-5.182,462.369,3.587,1.0344,0.0090364,1215.113,4.484,6.724,11.208,0.6145,0.5926,1.0926,-0.0000891,0.0028,-166.791,-5.233,462.648,-155.605,-5.113,461.951,0.0621674,0.0103434,0.9980121,-0.0115463,0.9998868,-0.0096436,-0.063,-0.012,0,0,0.0053,0,1
406,1217.897,57.83993523,18.82812716,33.356,-162.089,-5.151,465.361,5.069,1.0446,0.0084341,1218.113,4.452,6.703,11.155,0.4980,0.5985,0.8907,-0.0000951,0.0030,-166.523,-5.193,465.754,-155.412,-5.096,464.770,0.0881711,0.0104454,0.9960506,-0.0097923,0.9999058,-0.0096190,-0.055,-0.015,0,0,0.0047,0,1
407,1220.897,57.83996202,18.82813224,33.388,-161.787,-5.120,468.345,6.454,1.0433,0.0078876,1221.113,4.411,6.690,11.101,0.3692,0.5977,0.6674,-0.0001012,0.0031,-166.170,-5.151,468.840,-155.139,-5.080,467.594,0.1121817,0.0104324,0.9936329,-0.0078022,0.9999233,-0.0096176,-0.047,-0.019,0,0,0.0041,0,1
408,1223.896,57.83998875,18.82813849,33.419,-161.416,-5.088,471.322,7.751,1.0324,0.0073919,1224.113,4.369,6.679,11.048,0.2308,0.5915,0.4275,-0.0001072,0.0033,-165.746,-5.109,471.910,-154.798,-5.064,470.424,0.1345035,0.0103234,0.9908593,-0.0056244,0.9999376,-0.0096545,-0.039,-0.022,0,0,0.0035,0,1
409,1226.896,57.84001540,18.82814583,33.450,-160.980,-5.058,474.290,8.968,1.0129,0.0069423,1227.113,4.336,6.666,11.002,0.0861,0.5803,0.1767,-0.0001131,0.0034,-165.263,-5.068,474.965,-154.396,-5.051,473.252,0.1556807,0.0101285,0.9877555,-0.0033218,0.9999471,-0.0097299,-0.032,-0.026,0,0,0.0029,0,1
410,1229.896,57.84004196,18.82815420,33.480,-160.482,-5.028,477.248,10.113,0.9852,0.0065326,1230.113,4.318,6.646,10.963,-0.0609,0.5645,-0.0785,-0.0001192,0.0036,-164.733,-5.027,478.005,-153.939,-5.038,476.083,0.1753552,0.0098515,0.9844559,-0.0009546,0.9999512,-0.0098366,-0.025,-0.030,0,0,0.0023,0,1
411,1232.896,57.84006843,18.82816354,33.509,-159.928,-4.999,480.196,11.195,0.9487,0.0061497,1233.113,4.321,6.618,10.938,-0.2065,0.5435,-0.3314,-0.0001260,0.0038,-164.167,-4.987,481.034,-153.436,-5.026,478.913,0.1938312,0.0094866,0.9809890,0.0014119,0.9999495,-0.0099489,-0.018,-0.035,0,0,0.0035,0,1
412,1235.896,57.84009481,18.82817379,33.536,-159.319,-4.971,483.134,12.219,0.9020,0.0057781,1236.113,4.349,6.579,10.928,-0.3470,0.5168,-0.5757,-0.0001344,0.0040,-163.570,-4.949,484.053,-152.889,-5.015,481.744,0.2113414,0.0090196,0.9773707,0.0037203,0.9999428,-0.0100324,-0.012,-0.040,0,0,0.0047,0,1
413,1238.896,57.84012108,18.82818488,33.563,-158.660,-4.945,486.060,13.186,0.8432,0.0054005,1239.113,4.406,6.528,10.934,-0.4795,0.4831,-0.8062,-0.0001452,0.0043,-162.950,-4.912,487.064,-152.303,-5.004,484.573,0.2278327,0.0084317,0.9736638,0.0059280,0.9999320,-0.0100463,-0.007,-0.045,0,0,0.0059,0,1
414,1241.895,57.84014726,18.82819679,33.587,-157.952,-4.921,488.976,14.093,0.7703,0.0050010,1242.113,4.492,6.464,10.955,-0.6018,0.4413,-1.0188,-0.0001597,0.0048,-162.309,-4.878,490.069,-151.682,-4.994,487.403,0.2433126,0.0077028,0.9699173,0.0080068,0.9999184,-0.0099496,-0.002,-0.051,0,0,0.0071,0,1
415,1244.895,57.84017333,18.82820945,33.609,-157.200,-4.899,491.880,14.932,0.6816,0.0045675,1245.113,4.605,6.384,10.989,-0.7121,0.3905,-1.2111,-0.0001790,0.0054,-161.650,-4.847,493.066,-151.032,-4.984,490.236,0.2575218,0.0068158,0.9662485,0.0099461,0.9999034,-0.0097041,0.002,-0.058,0,0,0.0084,0,1
416,1247.895,57.84019931,18.82822280,33.628,-156.407,-4.880,494.773,15.694,0.5765,0.0040928,1248.112,4.744,6.287,11.031,-0.8098,0.3303,-1.3820,-0.0002041,0.0062,-160.974,-4.819,496.056,-150.354,-4.975,493.073,0.2703549,0.0057649,0.9627435,0.0117456,0.9998879,-0.0092857,0.006,-0.064,0,0,0.0074,0,1
417,1250.895,57.84022520,18.82823675,33.643,-155.578,-4.864,497.656,16.369,0.4557,0.0035759,1251.112,4.905,6.174,11.079,-0.8948,0.2611,-1.5319,-0.0002357,0.0072,-160.284,-4.795,499.037,-149.653,-4.968,495.918,0.2815136,0.0045570,0.9595464,0.0134147,0.9998723,-0.0086841,0.008,-0.070,0,0,0.0065,0,1
418,1253.895,57.84025100,18.82825124,33.655,-154.718,-4.852,500.530,16.948,0.3212,0.0030206,1254.112,5.082,6.051,11.133,-0.9674,0.1840,-1.6620,-0.0002742,0.0085,-159.580,-4.775,502.010,-148.930,-4.963,498.768,0.2911667,0.0032120,0.9566669,0.0149625,0.9998568,-0.0079109,0.010,-0.076,0,0,0.0056,0,1
419,1256.895,57.84027673,18.82826617,33.663,-153.831,-4.845,503.396,17.427,0.1767,0.0024347,1257.112,5.272,5.924,11.195,-1.0285,0.1012,-1.7744,-0.0003193,0.0100,-158.861,-4.760,504.973,-148.179,-4.961,501.624,0.2991760,0.0017670,0.9541963,0.0163997,0.9998411,-0.0069934,0.011,-0.082,0,0,0.0047,0,1
420,1259.895,57.84030240,18.82828146,33.666,-152.923,-4.842,506.255,17.801,0.0270,0.0018248,1260.112,5.467,5.805,11.272,-1.0792,0.0155,-1.8713,-0.0003701,0.0118,-158.129,-4.751,507.925,-147.396,-4.963,504.482,0.3055074,0.0002700,0.9521897,0.0177324,0.9998249,-0.0059729,0.012,-0.086,0,0,0.0038,0,1
421,1262.895,57.84032803,18.82829702,33.664,-151.998,-4.843,509.109,18.067,-0.1219,0.0011954,1263.112,5.664,5.708,11.372,-1.1210,-0.0698,-1.9549,-0.0004253,0.0138,-157.383,-4.746,510.864,-146.571,-4.968,507.340,0.3098697,-0.0012190,0.9507783,0.0189612,0.9998082,-0.0048978,0.012,-0.089,0,0,0.0040,0,1
422,1265.894,57.84035362,18.82831275,33.658,-151.064,-4.849,511.959,18.222,-0.2641,0.0005511,1266.112,5.857,5.646,11.503,-1.1556,-0.1513,-2.0274,-0.0004831,0.0160,-156.628,-4.747,513.789,-145.701,-4.979,510.195,0.3123736,-0.0026410,0.9499557,0.0200800,0.9997911,-0.0038233,0.012,-0.091,0,0,0.0042,0,1
423,1268.894,57.84037920,18.82832857,33.648,-150.124,-4.859,514.808,18.263,-0.3935,-0.0001032,1269.112,6.043,5.629,11.672,-1.1846,-0.2255,-2.0902,-0.0005411,0.0184,-155.863,-4.752,516.700,-144.778,-4.994,513.045,0.3131736,-0.0039350,0.9496877,0.0210777,0.9997739,-0.0028082,0.012,-0.092,0,0,0.0044,0,1
424,1271.894,57.84040479,18.82834438,33.635,-149.185,-4.873,517.657,18.190,-0.5050,-0.0007625,1272.112,6.217,5.663,11.880,-1.2096,-0.2893,-2.1445,-0.0005970,0.0211,-155.092,-4.763,519.596,-143.805,-5.014,515.891,0.3118205,-0.0050499,0.9501276,0.0219448,0.9997574,-0.0018883,0.012,-0.091,0,0,0.0046,0,1
425,1274.894,57.84043039,18.82836007,33.618,-148.253,-4.889,520.509,18.001,-0.5946,-0.0014219,1275.112,6.376,5.744,12.120,-1.2317,-0.3407,-2.1912,-0.0006485,0.0238,-154.318,-4.776,522.477,-142.790,-5.036,518.736,0.3086623,-0.0059459,0.9511531,0.0226711,0.9997424,-0.0011074,0.012,-0.090,0,0,0.0049,0,1
426,1277.894,57.84045602,18.82837556,33.599,-147.333,-4.908,523.364,17.698,-0.6597,-0.0020760,1278.111,6.518,5.860,12.377,-1.2518,-0.3780,-2.2308,-0.0006933,0.0266,-153.543,-4.792,525.343,-141.750,-5.063,521.584,0.3036924,-0.0065969,0.9527473,0.0232517,0.9997295,-0.0004894,0.012,-0.087,0,0,0.0052,0,1
427,1280.894,57.84048171,18.82839075,33.579,-146.431,-4.929,526.225,17.280,-0.6993,-0.0027195,1281.111,6.638,5.993,12.631,-1.2700,-0.4007,-2.2640,-0.0007297,0.0291,-152.770,-4.811,528.196,-140.709,-5.091,524.446,0.2968533,-0.0069928,0.9548975,0.0236883,0.9997194,-0.0000430,0.013,-0.084,0,0,0.0055,0,1
428,1283.894,57.84050747,18.82840553,33.557,-145.552,-4.950,529.093,16.749,-0.7138,-0.0033354,1284.111,6.736,6.118,12.854,-1.2857,-0.4090,-2.2911,-0.0007562,0.0312,-152.002,-4.830,531.033,-139.693,-5.118,527.331,0.2880286,-0.0071378,0.9575952,0.0239890,0.9997122,0.0002363,0.014,-0.080,0,0,0.0059,0,1
429,1286.894,57.84053330,18.82841983,33.536,-144.703,-4.971,531.970,16.095,-0.7052,-0.0038653,1287.111,6.809,6.215,13.023,-1.2986,-0.4040,-2.3128,-0.0007717,0.0327,-151.245,-4.849,533.857,-138.732,-5.145,530.248,0.2771567,-0.0070518,0.9607988,0.0241690,0.9997078,0.0003655,0.015,-0.076,0,0,0.0062,0,1
430,1289.893,57.84055922,18.82843354,33.515,-143.889,-4.992,534.858,15.327,-0.6767,-0.0042313,1290.111,6.856,6.263,13.120,-1.3082,-0.3877,-2.3296,-0.0007755,0.0334,-150.501,-4.869,536.674,-137.849,-5.168,533.199,0.2648173,-0.0067668,0.9642749,0.0242493,0.9997059,0.0003559,0.016,-0.072,0,0,0.0066,0,1
431,1292.893,57.84058525,18.82844658,33.496,-143.114,-5.012,537.756,14.482,-0.6321,-0.0043635,1293.111,6.879,6.254,13.133,-1.3144,-0.3622,-2.3424,-0.0007675,0.0331,-149.773,-4.887,539.481,-137.060,-5.189,536.187,0.2508357,-0.0063209,0.9680090,0.0242532,0.9997058,0.0002432,0.017,-0.068,0,0,0.0072,0,1
432,1295.893,57.84061137,18.82845887,33.477,-142.384,-5.030,540.666,13.619,-0.5759,-0.0042188,1296.111,6.876,6.187,13.063,-1.3177,-0.3300,-2.3517,-0.0007479,0.0319,-149.067,-4.904,542.285,-136.371,-5.204,539.209,0.2355055,-0.0057589,0.9718560,0.0242049,0.9997070,0.0000585,0.018,-0.064,0,0,0.0078,0,1
433,1298.893,57.84063760,18.82847036,33.461,-141.701,-5.046,543.587,12.812,-0.5129,-0.0037905,1299.111,6.849,6.070,12.919,-1.3190,-0.2939,-2.3584,-0.0007174,0.0299,-148.380,-4.918,545.102,-135.781,-5.216,542.244,0.2211787,-0.0051289,0.9752198,0.0241270,0.9997089,-0.0002142,0.019,-0.061,0,0,0.0084,0,1
434,1301.893,57.84066391,18.82848120,33.447,-141.057,-5.061,546.517,12.129,-0.4475,-0.0031102,1302.111,6.798,5.920,12.718,-1.3196,-0.2564,-2.3629,-0.0006773,0.0274,-147.704,-4.932,547.944,-135.268,-5.225,545.275,0.2098457,-0.0044750,0.9777243,0.0240353,0.9997109,-0.0005830,0.020,-0.059,0,0,0.0090,0,1
435,1304.893,57.84069027,18.82849155,33.434,-140.442,-5.073,549.453,11.620,-0.3836,-0.0022402,1305.111,6.726,5.759,12.486,-1.3205,-0.2198,-2.3659,-0.0006293,0.0245,-147.030,-4.942,550.810,-134.801,-5.230,548.291,0.2016891,-0.0038360,0.9794421,0.0239398,0.9997129,-0.0010144,0.020,-0.057,0,0,0.0097,0,1
436,1307.893,57.84071667,18.82850157,33.424,-139.847,-5.084,552.393,11.307,-0.3244,-0.0012596,1308.111,6.638,5.608,12.245,-1.3224,-0.1859,-2.3677,-0.0005757,0.0216,-146.355,-4.952,553.698,-134.349,-5.235,551.291,0.1965318,-0.0032440,0.9804921,0.0238463,0.9997146,-0.0014722,0.020,-0.055,0,0,0.0100,0,1
437,1310.893,57.84074309,18.82851140,33.415,-139.263,-5.093,555.335,11.183,-0.2719,-0.0002443,1311.111,6.537,5.483,12.019,-1.3255,-0.1558,-2.3686,-0.0005192,0.0188,-145.675,-4.960,556.605,-133.885,-5.238,554.269,0.1943521,-0.0027190,0.9809281,0.0237562,0.9997159,-0.0019358,0.020,-0.054,0,0,0.0104,0,1
438,1313.892,57.84076951,18.82852121,33.407,-138.681,-5.100,558.278,11.233,-0.2272,0.0007607,1314.111,6.430,5.392,11.823,-1.3294,-0.1302,-2.3687,-0.0004628,0.0162,-144.988,-4.967,559.534,-133.392,-5.241,557.225,0.1953144,-0.0022720,0.9807381,0.0236679,0.9997170,-0.0023975,0.019,-0.053,0,0,0.0108,0,1
439,1316.892,57.84079592,18.82853113,33.401,-138.091,-5.106,561.220,11.452,-0.1903,0.0017538,1317.110,6.326,5.337,11.663,-1.3333,-0.1090,-2.3680,-0.0004095,0.0139,-144.291,-4.973,562.480,-132.861,-5.244,560.157,0.1991596,-0.0019030,0.9799652,0.0235777,0.9997179,-0.0028504,0.018,-0.052,0,0,0.0111,0,1
440,1319.892,57.84082230,18.82854131,33.396,-137.486,-5.111,564.158,11.839,-0.1602,0.0027412,1320.110,6.233,5.308,11.540,-1.3364,-0.0918,-2.3663,-0.0003621,0.0121,-143.585,-4.978,565.440,-132.292,-5.247,563.066,0.2056910,-0.0016020,0.9786157,0.0234801,0.9997189,-0.0032986,0.017,-0.051,0,0,0.0115,0,1
441,1322.892,57.84084864,18.82855190,33.392,-136.857,-5.116,567.091,12.394,-0.1352,0.0037282,1323.110,6.159,5.292,11.450,-1.3379,-0.0775,-2.3635,-0.0003230,0.0106,-142.871,-4.983,568.415,-131.689,-5.250,565.953,0.2150238,-0.0013520,0.9766079,0.0233663,0.9997199,-0.0037606,0.016,-0.051,0,0,0.0103,0,1
442,1325.892,57.84087491,18.82856304,33.388,-136.196,-5.119,570.017,13.118,-0.1135,0.0047193,1326.110,6.112,5.275,11.387,-1.3374,-0.0650,-2.3592,-0.0002938,0.0095,-142.148,-4.986,571.407,-131.059,-5.252,568.818,0.2273665,-0.0011350,0.9738086,0.0232256,0.9997212,-0.0042576,0.016,-0.051,0,0,0.0092,0,1
443,1328.892,57.84090110,18.82857487,33.385,-135.493,-5.123,572.933,14.013,-0.0925,0.0057170,1329.110,6.101,5.246,11.347,-1.3345,-0.0530,-2.3530,-0.0002753,0.0089,-141.412,-4.990,574.414,-130.404,-5.254,571.660,0.2426924,-0.0009250,0.9701029,0.0230449,0.9997229,-0.0048119,0.015,-0.050,0,0,0.0080,0,1
444,1331.892,57.84092717,18.82858754,33.382,-134.740,-5.125,575.837,15.080,-0.0703,0.0067216,1332.110,6.132,5.197,11.330,-1.3288,-0.0403,-2.3446,-0.0002676,0.0086,-140.660,-4.991,577.436,-129.722,-5.254,574.482,0.2606906,-0.0007030,0.9654221,0.0228120,0.9997250,-0.0054319,0.014,-0.050,0,0,0.0068,0,1
445,1334.892,57.84095310,18.82860120,33.381,-133.929,-5.127,578.725,16.322,-0.0451,0.0077310,1335.110,6.209,5.128,11.337,-1.3200,-0.0258,-2.3334,-0.0002697,0.0087,-139.887,-4.993,580.473,-129.009,-5.254,577.281,0.2815165,-0.0004510,0.9595563,0.0225114,0.9997278,-0.0061346,0.014,-0.049,0,0,0.0057,0,1
446,1337.891,57.84097886,18.82861597,33.380,-133.051,-5.128,581.594,17.740,-0.0156,0.0087405,1338.109,6.332,5.043,11.376,-1.3079,-0.0089,-2.3192,-0.0002800,0.0091,-139.081,-4.992,583.526,-128.248,-5.252,580.055,0.3050539,-0.0001560,0.9523351,0.0221286,0.9997312,-0.0069245,0.013,-0.048,0,0,0.0060,0,1
447,1340.891,57.84100440,18.82863201,33.380,-132.099,-5.128,584.438,19.326,0.0186,0.0097744,1341.109,6.497,4.956,11.453,-1.2924,0.0107,-2.3018,-0.0002964,0.0097,-138.229,-4.991,586.591,-127.423,-5.249,582.796,0.3313897,0.0001860,0.9434939,0.0216497,0.9997352,-0.0078013,0.013,-0.047,0,0,0.0064,0,1
448,1343.891,57.84102968,18.82864945,33.381,-131.063,-5.127,587.254,21.041,0.0572,0.0109969,1344.109,6.693,4.882,11.576,-1.2738,0.0328,-2.2810,-0.0003165,0.0106,-137.306,-4.989,589.667,-126.509,-5.246,585.494,0.3605311,0.0005720,0.9327470,0.0210638,0.9997398,-0.0087548,0.013,-0.046,0,0,0.0067,0,1
449,1346.891,57.84105464,18.82866842,33.383,-129.936,-5.124,590.034,22.868,0.0989,0.0127219,1347.109,6.908,4.842,11.750,-1.2529,0.0567,-2.2569,-0.0003379,0.0117,-136.291,-4.984,592.742,-125.481,-5.241,588.136,0.3919664,0.0009890,0.9199790,0.0203705,0.9997449,-0.0097538,0.013,-0.044,0,0,0.0070,0,1
450,1349.890,57.84107923,18.82868903,33.387,-128.712,-5.121,592.772,24.859,0.1418,0.0154152,1350.108,7.123,4.854,11.976,-1.2310,0.0812,-2.2301,-0.0003581,0.0128,-135.158,-4.980,595.802,-124.320,-5.238,590.707,0.4254754,0.0014180,0.9049689,0.0195736,0.9997504,-0.0107691,0.013,-0.043,0,0,0.0074,0,1
451,1352.890,57.84110338,18.82871139,33.391,-127.384,-5.116,595.462,27.185,0.1834,0.0196664,1353.108,7.318,4.930,12.248,-1.2096,0.1051,-2.2011,-0.0003754,0.0141,-133.873,-4.975,598.845,-123.012,-5.234,593.183,0.4622860,0.0018340,0.8867290,0.0186652,0.9997562,-0.0117986,0.013,-0.042,0,0,0.0063,0,1
452,1355.890,57.84112698,18.82873570,33.398,-125.939,-5.110,598.091,30.260,0.2211,0.0258831,1356.108,7.476,5.074,12.550,-1.1901,0.1267,-2.1706,-0.0003882,0.0153,-132.379,-4.969,601.888,-121.568,-5.230,595.514,0.5078569,0.0022110,0.8614386,0.0175717,0.9997621,-0.0129254,0.013,-0.041,0,0,0.0053,0,1
453,1358.889,57.84114976,18.82876265,33.405,-124.339,-5.103,600.627,34.833,0.2532,0.0339380,1359.107,7.584,5.277,12.861,-1.1735,0.1451,-2.1398,-0.0003958,0.0164,-130.571,-4.963,604.948,-120.002,-5.227,597.620,0.5697808,0.0025320,0.8217928,0.0161381,0.9997679,-0.0142695,0.014,-0.041,0,0,0.0042,0,1
454,1361.887,57.84117120,18.82879319,33.413,-122.525,-5.094,603.015,41.626,0.2793,0.0434997,1362.106,7.635,5.520,13.155,-1.1603,0.1600,-2.1094,-0.0003978,0.0172,-128.302,-4.956,608.007,-118.348,-5.223,599.406,0.6538522,0.0027930,0.7566171,0.0141309,0.9997737,-0.0159022,0.014,-0.041,0,0,0.0032,0,1
455,1364.884,57.84119041,18.82882852,33.422,-120.426,-5.086,605.155,51.048,0.2990,0.0538711,1365.103,7.631,5.775,13.405,-1.1499,0.1713,-2.0805,-0.0003945,0.0177,-125.355,-4.950,610.981,-116.696,-5.219,600.747,0.7634147,0.0029900,0.6459018,0.0111532,0.9997792,-0.0178105,0.015,-0.042,0,0,0.0022,0,1
456,1367.878,57.84120579,18.82886986,33.431,-117.971,-5.077,606.868,62.967,0.3104,0.0630122,1368.096,7.580,6.011,13.590,-1.1419,0.1778,-2.0539,-0.0003867,0.0179,-121.511,-4.944,613.570,-115.164,-5.214,601.553,0.8842337,0.0031040,0.4670343,0.0068463,0.9997843,-0.0196068,0.016,-0.043,0,0,0.0030,0,1
457,1370.870,57.84121532,18.82891695,33.440,-115.174,-5.068,607.929,76.521,0.3106,0.0673536,1371.088,7.494,6.202,13.696,-1.1352,0.1780,-2.0301,-0.0003755,0.0176,-116.908,-4.937,615.220,-113.739,-5.208,601.896,0.9728503,0.0031060,0.2314143,0.0016759,0.9997892,-0.0204642,0.018,-0.045,0,0,0.0038,0,1
458,1373.861,57.84121812,18.82896704,33.449,-112.199,-5.059,608.241,90.236,0.2987,0.0646631,1374.079,7.388,6.329,13.717,-1.1292,0.1711,-2.0094,-0.0003622,0.0170,-112.073,-4.930,615.628,-112.307,-5.201,601.913,0.9998510,0.0029870,-0.0170008,-0.0033275,0.9997937,-0.0200361,0.019,-0.047,0,0,0.0046,0,1
459,1376.855,57.84121441,18.82901696,33.457,-109.234,-5.050,607.828,102.608,0.2787,0.0566919,1377.073,7.274,6.386,13.660,-1.1234,0.1597,-1.9919,-0.0003479,0.0162,-107.517,-4.924,614.897,-110.742,-5.191,601.623,0.9717263,0.0027870,-0.2360937,-0.0074094,0.9997978,-0.0186938,0.021,-0.050,0,0,0.0055,0,1
460,1379.851,57.84120549,18.82906455,33.465,-106.408,-5.042,606.834,112.728,0.2558,0.0469548,1380.069,7.163,6.372,13.535,-1.1176,0.1466,-1.9773,-0.0003341,0.0153,-103.552,-4.918,613.403,-108.949,-5.182,600.990,0.9170617,0.0025580,-0.3987370,-0.0102280,0.9998013,-0.0171095,0.022,-0.053,0,0,0.0063,0,1
461,1382.849,57.84119301,18.82910927,33.473,-103.751,-5.035,605.444,120.397,0.2334,0.0375724,1383.067,7.059,6.298,13.356,-1.1118,0.1337,-1.9652,-0.0003216,0.0143,-100.160,-4.912,611.521,-106.955,-5.172,600.022,0.8609042,0.0023340,-0.5087617,-0.0120051,0.9998042,-0.0157279,0.024,-0.057,0,0,0.0065,0,1
462,1385.848,57.84117813,18.82915136,33.479,-101.252,-5.028,603.787,125.911,0.2122,0.0292320,1386.066,6.966,6.175,13.140,-1.1059,0.1216,-1.9550,-0.0003112,0.0134,-97.187,-4.907,609.443,-104.856,-5.161,598.773,0.8120259,0.0021220,-0.5836175,-0.0131304,0.9998067,-0.0146340,0.025,-0.061,0,0,0.0067,0,1
463,1388.847,57.84116160,18.82919123,33.485,-98.884,-5.022,601.946,129.786,0.1925,0.0222223,1389.066,6.886,6.018,12.904,-1.0998,0.1103,-1.9461,-0.0003033,0.0126,-94.506,-4.902,607.261,-102.710,-5.150,597.301,0.7718566,0.0019250,-0.6357937,-0.0138565,0.9998088,-0.0137948,0.026,-0.064,0,0,0.0069,0,1
464,1391.847,57.84114390,18.82922929,33.491,-96.623,-5.016,599.974,132.583,0.1746,0.0167001,1392.065,6.820,5.843,12.663,-1.0935,0.1000,-1.9378,-0.0002980,0.0119,-92.030,-4.898,605.016,-100.557,-5.139,595.655,0.7392671,0.0017460,-0.6734100,-0.0143377,0.9998108,-0.0131476,0.026,-0.068,0,0,0.0072,0,1
465,1394.847,57.84112533,18.82926588,33.496,-94.450,-5.011,597.907,134.694,0.1590,0.0125403,1395.065,6.771,5.660,12.431,-1.0866,0.0911,-1.9296,-0.0002952,0.0114,-89.702,-4.894,602.735,-98.419,-5.130,593.871,0.7129992,0.0015900,-0.7011631,-0.0146605,0.9998126,-0.0126408,0.027,-0.071,0,0,0.0074,0,1
466,1397.846,57.84110613,18.82930130,33.500,-92.346,-5.007,595.768,136.303,0.1462,0.0093672,1398.065,6.741,5.482,12.223,-1.0792,0.0838,-1.9209,-0.0002943,0.0110,-87.481,-4.891,600.434,-96.302,-5.121,591.973,0.6922014,0.0014620,-0.7217029,-0.0148724,0.9998145,-0.0122391,0.028,-0.074,0,0,0.0065,0,1
467,1400.846,57.84108646,18.82933580,33.505,-90.297,-5.003,593.577,137.519,0.1361,0.0068394,1401.064,6.729,5.318,12.048,-1.0712,0.0780,-1.9115,-0.0002947,0.0107,-85.342,-4.888,598.130,-94.213,-5.113,589.979,0.6765538,0.0013610,-0.7363919,-0.0149938,0.9998164,-0.0119276,0.028,-0.077,0,0,0.0056,0,1
468,1403.846,57.84106647,18.82936964,33.509,-88.287,-4.999,591.350,138.409,0.1289,0.0046975,1404.064,6.734,5.176,11.911,-1.0628,0.0739,-1.9012,-0.0002957,0.0105,-83.259,-4.884,595.830,-92.152,-5.105,587.906,0.6652629,0.0012890,-0.7466080,-0.0150490,0.9998185,-0.0116832,0.029,-0.078,0,0,0.0048,0,1
469,1406.846,57.84104624,18.82940300,33.512,-86.306,-4.995,589.098,139.009,0.1244,0.0027544,1407.064,6.751,5.062,11.813,-1.0541,0.0713,-1.8901,-0.0002964,0.0103,-81.218,-4.881,593.535,-90.121,-5.098,585.771,0.6572051,0.0012440,-0.7537108,-0.0150606,0.9998207,-0.0114820,0.029,-0.079,0,0,0.0039,0,1
470,1409.846,57.84102587,18.82943603,33.516,-84.344,-4.991,586.828,139.326,0.1223,0.0008828,1410.064,6.771,4.979,11.751,-1.0458,0.0701,-1.8785,-0.0002960,0.0102,-79.214,-4.877,591.247,-88.117,-5.092,583.578,0.6526556,0.0012230,-0.7576538,-0.0150282,0.9998229,-0.0113317,0.030,-0.080,0,0,0.0030,0,1
471,1412.846,57.84100543,18.82946893,33.520,-82.390,-4.988,584.552,139.344,0.1220,-0.0009901,1413.064,6.786,4.932,11.718,-1.0383,0.0699,-1.8669,-0.0002937,0.0101,-77.245,-4.875,588.977,-86.129,-5.087,581.336,0.6520254,0.0012200,-0.7581962,-0.0149478,0.9998250,-0.0112459,0.031,-0.079,0,0,0.0033,0,1
472,1415.846,57.84098502,18.82950190,33.523,-80.432,-4.984,582.279,139.030,0.1231,-0.0028817,1416.064,6.785,4.922,11.707,-1.0324,0.0705,-1.8559,-0.0002890,0.0099,-75.310,-4.871,586.729,-84.148,-5.082,579.051,0.6558687,0.0012310,-0.7548740,-0.0148145,0.9998271,-0.0112410,0.031,-0.078,0,0,0.0036,0,1
473,1418.845,57.84096477,18.82953519,33.527,-78.455,-4.980,580.023,138.341,0.1248,-0.0047021,1419.064,6.758,4.953,11.711,-1.0285,0.0715,-1.8461,-0.0002814,0.0096,-73.406,-4.868,584.515,-82.156,-5.078,576.730,0.6647357,0.0012480,-0.7470776,-0.0146189,0.9998289,-0.0113374,0.032,-0.075,0,0,0.0039,0,1
474,1421.845,57.84094478,18.82956905,33.531,-76.444,-4.976,577.797,137.253,0.1262,-0.0062103,1422.064,6.696,5.029,11.725,-1.0273,0.0723,-1.8383,-0.0002707,0.0093,-71.523,-4.865,582.338,-80.140,-5.075,574.387,0.6781134,0.0012620,-0.7349562,-0.0143640,0.9998303,-0.0115363,0.032,-0.073,0,0,0.0042,0,1
475,1424.845,57.84092518,18.82960369,33.535,-74.387,-4.973,575.614,135.830,0.1263,-0.0071337,1425.063,6.594,5.150,11.744,-1.0290,0.0724,-1.8332,-0.0002569,0.0089,-69.648,-4.863,580.200,-78.088,-5.074,572.033,0.6954264,0.0012630,-0.7185962,-0.0140491,0.9998312,-0.0118388,0.033,-0.069,0,0,0.0045,0,1
476,1427.845,57.84090608,18.82963929,33.538,-72.272,-4.969,573.486,134.231,0.1243,-0.0072731,1428.063,6.449,5.317,11.766,-1.0336,0.0712,-1.8314,-0.0002402,0.0083,-67.768,-4.861,578.102,-75.985,-5.073,569.680,0.7157204,0.0012430,-0.6983858,-0.0136774,0.9998316,-0.0122374,0.033,-0.065,0,0,0.0046,0,1
477,1430.845,57.84088756,18.82967597,33.542,-70.093,-4.965,571.424,132.669,0.1191,-0.0065504,1431.063,6.263,5.525,11.788,-1.0410,0.0682,-1.8334,-0.0002212,0.0077,-65.854,-4.859,576.034,-73.833,-5.073,567.357,0.7360733,0.0011910,-0.6769008,-0.0132846,0.9998313,-0.0126867,0.032,-0.061,0,0,0.0046,0,1
478,1433.844,57.84086961,18.82971363,33.546,-67.856,-4.962,569.425,131.362,0.1101,-0.0050162,1434.063,6.040,5.765,11.805,-1.0507,0.0631,-1.8395,-0.0002006,0.0070,-63.873,-4.858,573.966,-71.658,-5.075,565.091,0.7517703,0.0011010,-0.6594242,-0.0129556,0.9998302,-0.0131005,0.032,-0.057,0,0,0.0047,0,1
479,1436.844,57.84085204,18.82975191,33.549,-65.583,-4.959,567.468,130.485,0.0970,-0.0028228,1437.063,5.792,6.022,11.814,-1.0621,0.0556,-1.8498,-0.0001793,0.0063,-61.823,-4.858,571.873,-69.492,-5.077,562.887,0.7606665,0.0009700,-0.6491421,-0.0127434,0.9998285,-0.0134387,0.032,-0.054,0,0,0.0048,0,1
480,1439.844,57.84083465,18.82979047,33.551,-63.293,-4.956,565.531,130.134,0.0796,-0.0001707,1440.062,5.531,6.279,11.810,-1.0747,0.0456,-1.8640,-0.0001584,0.0055,-59.721,-4.858,569.755,-67.347,-5.079,560.737,0.7635694,0.0007960,-0.6457253,-0.0126421,0.9998260,-0.0137167,0.032,-0.050,0,0,0.0049,0,1
481,1442.844,57.84081726,18.82982904,33.554,-61.002,-4.954,563.594,130.328,0.0583,0.0027455,1443.062,5.277,6.516,11.794,-1.0879,0.0334,-1.8818,-0.0001388,0.0048,-57.579,-4.859,567.611,-65.229,-5.083,558.634,0.7611121,0.0005830,-0.6486201,-0.0126469,0.9998228,-0.0139417,0.032,-0.048,0,0,0.0056,0,1
482,1445.844,57.84079970,18.82986735,33.555,-58.726,-4.952,561.639,131.036,0.0340,0.0057905,1446.062,5.048,6.718,11.766,-1.1014,0.0195,-1.9022,-0.0001216,0.0042,-55.404,-4.859,565.440,-63.146,-5.085,556.580,0.7530101,0.0003400,-0.6580088,-0.0127707,0.9998191,-0.0140978,0.033,-0.046,0,0,0.0064,0,1
483,1448.844,57.84078181,18.82990511,33.556,-56.484,-4.952,559.646,132.270,0.0081,0.0088571,1449.062,4.863,6.870,11.734,-1.1149,0.0046,-1.9245,-0.0001076,0.0037,-53.208,-4.861,563.240,-61.112,-5.089,554.569,0.7390266,0.0000810,-0.6736762,-0.0130225,0.9998149,-0.0141656,0.034,-0.044,0,0,0.0071,0,1
484,1451.844,57.84076342,18.82994200,33.555,-54.293,-4.952,557.598,134.089,-0.0176,0.0118209,1452.062,4.738,6.964,11.702,-1.1281,-0.0101,-1.9475,-0.0000973,0.0033,-50.997,-4.862,561.002,-59.138,-5.092,552.595,0.7183522,-0.0001760,-0.6956796,-0.0134193,0.9998104,-0.0141096,0.035,-0.043,0,0,0.0079,0,1
485,1454.843,57.84074434,18.82997765,33.555,-52.175,-4.953,555.473,136.507,-0.0412,0.0144873,1455.062,4.683,6.997,11.680,-1.1406,-0.0236,-1.9699,-0.0000911,0.0031,-48.783,-4.863,558.701,-57.243,-5.095,550.650,0.6893845,-0.0004120,-0.7243955,-0.0139831,0.9998059,-0.0138759,0.037,-0.043,0,0,0.0086,0,1
486,1457.843,57.84072441,18.83001162,33.553,-50.158,-4.954,553.253,139.455,-0.0607,0.0166389,1458.061,4.700,6.970,11.670,-1.1519,-0.0348,-1.9905,-0.0000891,0.0030,-46.589,-4.862,556.311,-55.451,-5.097,548.717,0.6507363,-0.0006070,-0.7593035,-0.0147163,0.9998018,-0.0134114,0.039,-0.043,0,0,0.0082,0,1
487,1460.842,57.84070347,18.83004336,33.551,-48.273,-4.956,550.920,142.785,-0.0744,0.0180899,1461.060,4.783,6.892,11.676,-1.1615,-0.0426,-2.0083,-0.0000909,0.0031,-44.460,-4.862,553.808,-53.767,-5.099,546.758,0.6038093,-0.0007440,-0.7971284,-0.0155560,0.9997981,-0.0127165,0.042,-0.044,0,0,0.0078,0,1
488,1463.842,57.84068150,18.83007257,33.549,-46.538,-4.959,548.474,146.300,-0.0810,0.0187455,1464.060,4.919,6.774,11.692,-1.1686,-0.0464,-2.0221,-0.0000960,0.0033,-42.440,-4.862,551.195,-52.181,-5.100,544.727,0.5531981,-0.0008100,-0.8330493,-0.0163934,0.9997953,-0.0118584,0.044,-0.045,0,0,0.0073,0,1
489,1466.841,57.84065862,18.83009920,33.546,-44.956,-4.961,545.925,149.802,-0.0802,0.0186345,1467.059,5.087,6.628,11.715,-1.1728,-0.0460,-2.0312,-0.0001039,0.0036,-40.557,-4.860,548.479,-50.688,-5.100,542.597,0.5021072,-0.0008020,-0.8648050,-0.0171600,0.9997934,-0.0108903,0.046,-0.047,0,0,0.0069,0,1
490,1469.841,57.84063494,18.83012326,33.544,-43.527,-4.964,543.288,153.135,-0.0724,0.0179034,1470.059,5.264,6.471,11.736,-1.1739,-0.0415,-2.0353,-0.0001138,0.0039,-38.830,-4.860,545.666,-49.300,-5.100,540.365,0.4517435,-0.0007240,-0.8921476,-0.0178273,0.9997927,-0.0098383,0.048,-0.048,0,0,0.0065,0,1
491,1472.840,57.84061058,18.83014481,33.542,-42.247,-4.966,540.575,156.221,-0.0587,0.0167628,1473.058,5.431,6.316,11.746,-1.1717,-0.0336,-2.0342,-0.0001251,0.0043,-37.278,-4.859,542.766,-48.026,-5.099,538.026,0.4035375,-0.0005870,-0.9149629,-0.0183715,0.9997930,-0.0087440,0.049,-0.050,0,0,0.0064,0,1
492,1475.840,57.84058567,18.83016400,33.540,-41.107,-4.967,537.801,159.047,-0.0408,0.0154147,1476.058,5.569,6.173,11.742,-1.1666,-0.0234,-2.0281,-0.0001372,0.0047,-35.907,-4.858,539.795,-46.871,-5.097,535.591,0.3579844,-0.0004080,-0.9337275,-0.0187866,0.9997943,-0.0076395,0.049,-0.051,0,0,0.0063,0,1
493,1478.839,57.84056030,18.83018096,33.539,-40.100,-4.968,534.975,161.608,-0.0210,0.0139684,1479.058,5.671,6.050,11.721,-1.1590,-0.0120,-2.0174,-0.0001499,0.0051,-34.719,-4.858,536.767,-45.840,-5.096,533.064,0.3159277,-0.0002100,-0.9487833,-0.0190705,0.9997965,-0.0065714,0.049,-0.052,0,0,0.0062,0,1
494,1481.839,57.84053458,18.83019591,33.539,-39.212,-4.968,532.110,163.898,-0.0014,0.0124745,1482.057,5.737,5.949,11.687,-1.1494,-0.0008,-2.0030,-0.0001628,0.0056,-33.701,-4.858,533.704,-44.927,-5.093,530.457,0.2779123,-0.0000140,-0.9606064,-0.0192328,0.9997995,-0.0055788,0.048,-0.054,0,0,0.0061,0,1
495,1484.839,57.84050857,18.83020903,33.539,-38.433,-4.968,529.213,165.915,0.0160,0.0109712,1485.057,5.775,5.869,11.644,-1.1385,0.0092,-1.9856,-0.0001759,0.0060,-32.833,-4.859,530.621,-44.125,-5.091,527.782,0.2438689,0.0001600,-0.9698082,-0.0192918,0.9998029,-0.0046862,0.046,-0.055,0,0,0.0060,0,1
496,1487.838,57.84048234,18.83022055,33.540,-37.749,-4.967,526.292,167.664,0.0296,0.0094881,1488.057,5.796,5.804,11.600,-1.1266,0.0170,-1.9663,-0.0001891,0.0064,-32.088,-4.859,527.535,-43.418,-5.087,525.048,0.2143879,0.0002960,-0.9767486,-0.0192660,0.9998067,-0.0039257,0.044,-0.055,0,0,0.0060,0,1
497,1490.838,57.84045595,18.83023067,33.541,-37.147,-4.966,523.354,169.156,0.0385,0.0080432,1491.057,5.814,5.748,11.562,-1.1141,0.0221,-1.9461,-0.0002022,0.0068,-31.438,-4.860,524.452,-42.791,-5.085,522.268,0.1888659,0.0003850,-0.9820028,-0.0191801,0.9998106,-0.0032969,0.042,-0.056,0,0,0.0060,0,1
498,1493.838,57.84042945,18.83023962,33.542,-36.616,-4.965,520.401,170.400,0.0425,0.0066470,1494.056,5.840,5.693,11.533,-1.1015,0.0244,-1.9258,-0.0002152,0.0072,-30.858,-4.860,521.378,-42.229,-5.082,519.448,0.1673444,0.0004250,-0.9858984,-0.0190543,0.9998145,-0.0028032,0.039,-0.056,0,0,0.0060,0,1
499,1496.838,57.84040285,18.83024759,33.544,-36.143,-4.964,517.439,171.408,0.0420,0.0053016,1497.056,5.883,5.632,11.515,-1.0888,0.0241,-1.9062,-0.0002274,0.0075,-30.327,-4.860,518.322,-41.711,-5.079,516.594,0.1500276,0.0004200,-0.9886817,-0.0189058,0.9998183,-0.0024441,0.036,-0.056,0,0,0.0061,0,1
500,1499.838,57.84037619,18.83025478,33.545,-35.716,-4.963,514.470,172.191,0.0379,0.0040051,1500.056,5.946,5.559,11.505,-1.0762,0.0217,-1.8878,-0.0002383,0.0079,-29.825,-4.859,515.283,-41.223,-5.075,513.710,0.1366599,0.0003790,-0.9906179,-0.0187491,0.9998218,-0.0022040,0.033,-0.056,0,0,0.0061,0,1
501,1502.838,57.84034948,18.83026138,33.546,-35.323,-4.962,511.495,172.756,0.0312,0.0027583,1503.056,6.031,5.471,11.502,-1.0639,0.0179,-1.8709,-0.0002471,0.0082,-29.341,-4.858,512.260,-40.750,-5.072,510.801,0.1268238,0.0003120,-0.9919252,-0.0185945,0.9998250,-0.0020629,0.030,-0.055,0,0,0.0062,0,1
502,1505.838,57.84032275,18.83026758,33.547,-34.955,-4.961,508.518,173.100,0.0233,0.0015928,1506.056,6.134,5.368,11.502,-1.0521,0.0133,-1.8558,-0.0002530,0.0084,-28.866,-4.857,509.257,-40.284,-5.068,507.871,0.1205056,0.0002330,-0.9927126,-0.0184478,0.9998278,-0.0020047,0.027,-0.054,0,0,0.0063,0,1
503,1508.837,57.84029601,18.83027355,33.547,-34.600,-4.960,505.539,173.231,0.0152,0.0005588,1509.056,6.253,5.254,11.507,-1.0409,0.0087,-1.8425,-0.0002551,0.0084,-28.391,-4.855,506.276,-39.817,-5.064,504.920,0.1178372,0.0001520,-0.9930329,-0.0183110,0.9998303,-0.0020198,0.024,-0.053,0,0,0.0065,0,1
504,1511.837,57.84026926,18.83027948,33.548,-34.248,-4.960,502.560,173.173,0.0077,-0.0002944,1512.056,6.383,5.135,11.518,-1.0307,0.0044,-1.8307,-0.0002531,0.0084,-27.910,-4.853,503.318,-39.347,-5.061,501.951,0.1186785,0.0000770,-0.9929327,-0.0181841,0.9998325,-0.0020959,0.021,-0.051,0,0,0.0066,0,1
505,1514.837,57.84024252,18.83028554,33.548,-33.888,-4.960,499.582,172.972,0.0014,-0.0009331,1515.055,6.521,5.022,11.543,-1.0218,0.0008,-1.8205,-0.0002467,0.0082,-27.416,-4.852,500.381,-38.872,-5.058,498.967,0.1225164,0.0000140,-0.9924665,-0.0180666,0.9998343,-0.0022162,0.018,-0.049,0,0,0.0067,0,1
506,1517.837,57.84021580,18.83029187,33.548,-33.513,-4.960,496.606,172.680,-0.0034,-0.0013474,1518.055,6.663,4.926,11.590,-1.0143,-0.0019,-1.8116,-0.0002362,0.0079,-26.905,-4.850,497.459,-38.399,-5.055,495.975,0.1280136,-0.0000340,-0.9917724,-0.0179595,0.9998359,-0.0023524,0.016,-0.047,0,0,0.0065,0,1
507,1520.837,57.84018909,18.83029849,33.547,-33.120,-4.960,493.632,172.355,-0.0065,-0.0015545,1521.055,6.805,4.861,11.666,-1.0086,-0.0037,-1.8038,-0.0002225,0.0076,-26.376,-4.848,494.542,-37.938,-5.053,492.982,0.1336702,-0.0000650,-0.9910259,-0.0178647,0.9998373,-0.0024752,0.013,-0.044,0,0,0.0062,0,1
508,1523.837,57.84016241,18.83030537,33.547,-32.711,-4.960,490.660,172.036,-0.0081,-0.0015962,1524.055,6.943,4.837,11.780,-1.0046,-0.0046,-1.7971,-0.0002067,0.0072,-25.835,-4.845,491.624,-37.501,-5.052,489.989,0.1388309,-0.0000810,-0.9903161,-0.0177828,0.9998386,-0.0025747,0.011,-0.041,0,0,0.0060,0,1
509,1526.837,57.84013574,18.83031250,33.547,-32.287,-4.960,487.690,171.749,-0.0082,-0.0015300,1527.055,7.075,4.858,11.933,-1.0022,-0.0047,-1.7914,-0.0001900,0.0068,-25.286,-4.843,488.705,-37.095,-5.052,486.993,0.1434977,-0.0000820,-0.9896507,-0.0177138,0.9998396,-0.0026513,0.009,-0.037,0,0,0.0057,0,1
510,1529.837,57.84010910,18.83031987,33.547,-31.850,-4.961,484.722,171.493,-0.0073,-0.0014154,1530.055,7.195,4.923,12.118,-1.0010,-0.0042,-1.7867,-0.0001737,0.0064,-24.734,-4.841,485.786,-36.719,-5.053,483.994,0.1478351,-0.0000730,-0.9890120,-0.0176567,0.9998404,-0.0027131,0.007,-0.034,0,0,0.0054,0,1
511,1532.837,57.84008247,18.83032744,33.547,-31.400,-4.961,481.756,171.260,-0.0056,-0.0012933,1533.055,7.304,5.022,12.326,-1.0007,-0.0032,-1.7830,-0.0001592,0.0060,-24.181,-4.839,482.865,-36.364,-5.055,480.993,0.1518443,-0.0000560,-0.9884044,-0.0176119,0.9998411,-0.0027623,0.006,-0.030,0,0,0.0063,0,1
512,1535.836,57.84005585,18.83033521,33.546,-30.939,-4.961,478.792,171.048,-0.0036,-0.0011713,1536.055,7.398,5.140,12.538,-1.0010,-0.0021,-1.7805,-0.0001471,0.0058,-23.631,-4.837,479.943,-36.016,-5.056,477.993,0.1555260,-0.0000360,-0.9878318,-0.0175798,0.9998415,-0.0028042,0.005,-0.027,0,0,0.0072,0,1
513,1538.836,57.84002925,18.83034315,33.546,-30.467,-4.961,475.830,170.857,-0.0020,-0.0010494,1539.055,7.479,5.259,12.738,-1.0018,-0.0011,-1.7792,-0.0001379,0.0056,-23.083,-4.836,477.018,-35.659,-5.058,474.995,0.1588290,-0.0000200,-0.9873061,-0.0175605,0.9998418,-0.0028452,0.004,-0.024,0,0,0.0081,0,1
514,1541.836,57.84000267,18.83035125,33.546,-29.986,-4.961,472.868,170.687,-0.0014,-0.0009272,1542.054,7.546,5.362,12.909,-1.0029,-0.0008,-1.7794,-0.0001319,0.0055,-22.539,-4.834,474.089,-35.278,-5.060,472.000,0.1618309,-0.0000140,-0.9868185,-0.0175540,0.9998417,-0.0028929,0.003,-0.021,0,0,0.0090,0,1
515,1544.836,57.83997609,18.83035949,33.546,-29.496,-4.961,469.909,170.538,-0.0025,-0.0008047,1545.054,7.601,5.441,13.042,-1.0044,-0.0014,-1.7810,-0.0001287,0.0055,-21.998,-4.833,471.158,-34.863,-5.062,469.015,0.1643449,-0.0000250,-0.9864029,-0.0175605,0.9998414,-0.0029511,0.003,-0.019,0,0,0.0099,0,1
516,1547.836,57.83994953,18.83036785,33.546,-29.000,-4.961,466.950,170.410,-0.0058,-0.0006815,1548.054,7.645,5.492,13.137,-1.0063,-0.0033,-1.7841,-0.0001281,0.0055,-21.462,-4.832,468.223,-34.415,-5.063,466.036,0.1665068,-0.0000580,-0.9860403,-0.0175790,0.9998409,-0.0030273,0.003,-0.018,0,0,0.0104,0,1
517,1550.836,57.83992297,18.83037632,33.546,-28.497,-4.961,463.993,170.303,-0.0115,-0.0005575,1551.054,7.679,5.516,13.195,-1.0087,-0.0066,-1.7886,-0.0001294,0.0056,-20.928,-4.831,465.287,-33.935,-5.064,463.063,0.1685058,-0.0001150,-0.9857007,-0.0176082,0.9998401,-0.0031268,0.004,-0.018,0,0,0.0109,0,1
518,1553.836,57.83989643,18.83038486,33.545,-27.989,-4.962,461.036,170.218,-0.0192,-0.0004325,1554.054,7.704,5.522,13.226,-1.0115,-0.0110,-1.7945,-0.0001323,0.0058,-20.397,-4.832,462.344,-33.431,-5.065,460.098,0.1698288,-0.0001920,-0.9854736,-0.0176485,0.9998390,-0.0032362,0.004,-0.018,0,0,0.0114,0,1
519,1556.836,57.83986989,18.83039347,33.545,-27.478,-4.963,458.080,170.154,-0.0281,-0.0003063,1557.054,7.722,5.516,13.238,-1.0147,-0.0161,-1.8012,-0.0001362,0.0060,-19.870,-4.832,459.399,-32.913,-5.066,457.138,0.1708558,-0.0002810,-0.9852960,-0.0176964,0.9998378,-0.0033538,0.005,-0.019,0,0,0.0118,0,1
520,1559.836,57.83984335,18.83040213,33.544,-26.964,-4.964,455.125,170.113,-0.0368,-0.0001818,1560.054,7.734,5.505,13.239,-1.0180,-0.0211,-1.8082,-0.0001407,0.0062,-19.345,-4.833,456.453,-32.388,-5.068,454.180,0.1716647,-0.0003680,-0.9851554,-0.0177478,0.9998365,-0.0034661,0.005,-0.020,0,0,0.0123,0,1
521,1562.835,57.83981682,18.83041081,33.543,-26.448,-4.965,452.169,170.096,-0.0433,-0.0000705,1563.054,7.741,5.495,13.237,-1.0209,-0.0248,-1.8146,-0.0001452,0.0064,-18.822,-4.833,453.500,-31.861,-5.069,451.224,0.1719882,-0.0004330,-0.9850989,-0.0177983,0.9998353,-0.0035469,0.005,-0.021,0,0,0.0111,0,1
522,1565.835,57.83979028,18.83041951,33.541,-25.932,-4.966,449.214,170.104,-0.0452,0.0000122,1566.054,7.746,5.490,13.236,-1.0228,-0.0259,-1.8190,-0.0001493,0.0065,-18.301,-4.834,450.547,-31.340,-5.070,448.270,0.1720164,-0.0004520,-0.9850940,-0.0178385,0.9998345,-0.0035737,0.005,-0.023,0,0,0.0099,0,1
523,1568.835,57.83976375,18.83042819,33.540,-25.416,-4.967,446.259,170.130,-0.0398,0.0000520,1569.053,7.750,5.490,13.240,-1.0229,-0.0228,-1.8198,-0.0001523,0.0067,-17.781,-4.835,447.588,-30.824,-5.071,445.317,0.1715029,-0.0003980,-0.9851835,-0.0178576,0.9998344,-0.0035126,0.005,-0.024,0,0,0.0087,0,1
524,1571.835,57.83973721,18.83043683,33.539,-24.903,-4.968,443.303,170.162,-0.0243,0.0000391,1572.053,7.753,5.496,13.249,-1.0199,-0.0139,-1.8149,-0.0001533,0.0067,-17.264,-4.837,444.628,-30.318,-5.072,442.364,0.1708558,-0.0002430,-0.9852960,-0.0178378,0.9998353,-0.0033398,0.005,-0.025,0,0,0.0075,0,1
525,1574.835,57.83971067,18.83044544,33.539,-24.391,-4.969,440.348,170.186,0.0040,-0.0000292,1575.053,7.756,5.507,13.263,-1.0127,0.0023,-1.8017,-0.0001515,0.0067,-16.748,-4.838,441.669,-29.817,-5.073,439.410,0.1703423,0.0000400,-0.9853850,-0.0177579,0.9998377,-0.0030292,0.005,-0.025,0,0,0.0064,0,1
526,1577.835,57.83968413,18.83045404,33.539,-23.881,-4.968,437.391,170.189,0.0471,-0.0001483,1578.053,7.760,5.518,13.279,-0.9995,0.0270,-1.7774,-0.0001461,0.0064,-16.234,-4.839,438.713,-29.319,-5.071,436.451,0.1703143,0.0004710,-0.9853897,-0.0175918,0.9998420,-0.0025626,0.005,-0.024,0,0,0.0067,0,1
527,1580.835,57.83965759,18.83046265,33.542,-23.369,-4.966,434.435,170.161,0.1067,-0.0003072,1581.053,7.764,5.524,13.288,-0.9786,0.0611,-1.7388,-0.0001364,0.0060,-15.719,-4.839,435.763,-28.811,-5.066,433.490,0.1710175,0.0010670,-0.9852674,-0.0173114,0.9998483,-0.0019220,0.004,-0.023,0,0,0.0071,0,1
528,1583.835,57.83963105,18.83047131,33.546,-22.855,-4.962,431.480,170.096,0.1834,-0.0004905,1584.053,7.768,5.513,13.281,-0.9481,0.1051,-1.6825,-0.0001223,0.0054,-15.202,-4.839,432.816,-28.286,-5.058,430.532,0.1720161,0.0018340,-0.9850924,-0.0168877,0.9998568,-0.0010874,0.004,-0.022,0,0,0.0074,0,1
529,1586.835,57.83960452,18.83048004,33.553,-22.337,-4.955,428.525,169.995,0.2773,-0.0006831,1587.053,7.771,5.475,13.246,-0.9061,0.1589,-1.6055,-0.0001041,0.0046,-14.684,-4.837,429.876,-27.729,-5.046,427.573,0.1738227,0.0027730,-0.9847731,-0.0162907,0.9998673,-0.0000600,0.003,-0.020,0,0,0.0078,0,1
530,1589.834,57.83957800,18.83048887,33.563,-21.812,-4.945,425.571,169.860,0.3873,-0.0008754,1590.053,7.771,5.400,13.171,-0.8510,0.2219,-1.5049,-0.0000826,0.0036,-14.163,-4.833,426.940,-27.127,-5.029,424.620,0.1761700,0.0038730,-0.9843521,-0.0154944,0.9998793,0.0011610,0.003,-0.018,0,0,0.0081,0,1
531,1592.834,57.83955149,18.83049783,33.576,-21.280,-4.931,422.619,169.693,0.5114,-0.0010653,1593.053,7.766,5.280,13.046,-0.7815,0.2930,-1.3787,-0.0000592,0.0025,-13.639,-4.827,424.009,-26.474,-5.005,421.674,0.1790298,0.0051139,-0.9838304,-0.0144784,0.9998919,0.0025628,0.003,-0.016,0,0,0.0080,0,1
532,1595.834,57.83952500,18.83050695,33.593,-20.738,-4.914,419.669,169.492,0.6470,-0.0012517,1596.053,7.755,5.115,12.870,-0.6970,0.3707,-1.2260,-0.0000356,0.0015,-13.113,-4.821,421.084,-25.767,-4.978,418.736,0.1825032,0.0064699,-0.9831840,-0.0132334,0.9999039,0.0041234,0.002,-0.014,0,0,0.0080,0,1
533,1598.834,57.83949853,18.83051626,33.615,-20.185,-4.893,416.720,169.259,0.7909,-0.0014336,1599.053,7.736,4.914,12.650,-0.5978,0.4531,-1.0473,-0.0000136,0.0005,-12.585,-4.813,418.163,-25.012,-4.945,415.804,0.1864859,0.0079088,-0.9824258,-0.0117632,0.9999139,0.0058166,0.002,-0.012,0,0,0.0079,0,1
534,1601.834,57.83947208,18.83052578,33.641,-19.619,-4.867,413.774,168.995,0.9395,-0.0016098,1602.053,7.707,4.693,12.400,-0.4851,0.5383,-0.8450,0.0000053,-0.0002,-12.054,-4.802,415.246,-24.226,-4.907,412.878,0.1910085,0.0093946,-0.9815434,-0.0100883,0.9999202,0.0076073,0.002,-0.011,0,0,0.0079,0,1
535,1604.834,57.83944565,18.83053555,33.671,-19.039,-4.836,410.831,168.701,1.0893,-0.0017795,1605.053,7.666,4.476,12.142,-0.3608,0.6241,-0.6232,0.0000204,-0.0008,-11.522,-4.787,412.334,-23.428,-4.863,409.954,0.1960083,0.0108924,-0.9805417,-0.0082456,0.9999213,0.0094593,0.002,-0.010,0,0,0.0078,0,1
536,1607.834,57.83941925,18.83054558,33.706,-18.443,-4.801,407.891,168.379,1.2370,-0.0019418,1608.053,7.609,4.286,11.895,-0.2281,0.7087,-0.3876,0.0000315,-0.0011,-10.990,-4.770,409.424,-22.641,-4.817,407.027,0.2014823,0.0123691,-0.9794141,-0.0062885,0.9999160,0.0113343,0.001,-0.009,0,0,0.0082,0,1
537,1610.834,57.83939288,18.83055591,33.745,-17.830,-4.762,404.954,168.028,1.3801,-0.0020958,1611.053,7.536,4.142,11.678,-0.0908,0.7907,-0.1452,0.0000392,-0.0013,-10.458,-4.749,406.517,-21.882,-4.767,404.095,0.2073346,0.0137997,-0.9781727,-0.0042814,0.9999037,0.0131988,0.000,-0.009,0,0,0.0085,0,1
538,1613.833,57.83936655,18.83056654,33.789,-17.199,-4.718,402.022,167.652,1.5166,-0.0022417,1614.053,7.441,4.057,11.498,0.0466,0.8689,0.0965,0.0000448,-0.0015,-9.930,-4.723,403.613,-21.162,-4.713,401.154,0.2138164,0.0151643,-0.9767561,-0.0022997,0.9998846,0.0150199,-0.001,-0.008,0,0,0.0088,0,1
539,1616.833,57.83934026,18.83057751,33.836,-16.547,-4.671,399.093,167.255,1.6453,-0.0023900,1617.053,7.321,4.034,11.355,0.1798,0.9426,0.3301,0.0000497,-0.0016,-9.407,-4.693,400.710,-20.482,-4.657,398.202,0.2207988,0.0164508,-0.9751806,-0.0004133,0.9998592,0.0167735,-0.003,-0.008,0,0,0.0091,0,1
540,1619.833,57.83931401,18.83058884,33.888,-15.874,-4.620,396.170,166.840,1.7658,-0.0025613,1620.054,7.174,4.070,11.244,0.3048,1.0116,0.5491,0.0000550,-0.0017,-8.889,-4.657,397.806,-19.837,-4.597,395.242,0.2279632,0.0176552,-0.9735097,0.0013203,0.9998291,0.0184417,-0.005,-0.007,0,0,0.0094,0,1
541,1622.833,57.83928781,18.83060054,33.942,-15.179,-4.565,393.251,166.403,1.8785,-0.0027783,1623.054,6.999,4.156,11.155,0.4188,1.0762,0.7485,0.0000618,-0.0019,-8.376,-4.614,394.898,-19.218,-4.533,392.273,0.2353104,0.0187817,-0.9717388,0.0028530,0.9997956,0.0200148,-0.007,-0.005,0,0,0.0099,0,1
542,1625.833,57.83926166,18.83061262,34.000,-14.462,-4.507,390.339,165.932,1.9840,-0.0030608,1626.054,6.806,4.281,11.087,0.5200,1.1366,0.9252,0.0000702,-0.0022,-7.861,-4.567,391.994,-18.615,-4.466,389.298,0.2431545,0.0198361,-0.9697847,0.0041485,0.9997605,0.0214894,-0.009,-0.004,0,0,0.0104,0,1
543,1628.833,57.83923556,18.83062511,34.061,-13.720,-4.446,387.432,165.410,2.0833,-0.0034212,1629.055,6.607,4.435,11.042,0.6080,1.1935,1.0784,0.0000797,-0.0024,-7.326,-4.514,389.097,-18.012,-4.397,386.314,0.2519601,0.0208285,-0.9675135,0.0051847,0.9997250,0.0228721,-0.010,-0.001,0,0,0.0108,0,1
544,1631.833,57.83920953,18.83063807,34.125,-12.950,-4.382,384.533,164.816,2.1772,-0.0038634,1632.055,6.427,4.608,11.035,0.6834,1.2472,1.2091,0.0000895,-0.0027,-6.747,-4.456,386.217,-17.397,-4.324,383.326,0.2619551,0.0217668,-0.9648346,0.0059622,0.9996900,0.0241719,-0.012,0.001,0,0,0.0113,0,1
545,1634.833,57.83918357,18.83065158,34.192,-12.148,-4.315,381.642,164.134,2.2666,-0.0043823,1635.056,6.292,4.789,11.081,0.7477,1.2984,1.3199,0.0000984,-0.0030,-6.096,-4.394,383.363,-16.755,-4.250,380.332,0.2734399,0.0226602,-0.9616221,0.0064937,0.9996562,0.0254029,-0.012,0.004,0,0,0.0118,0,1
546,1637.832,57.83915771,18.83066571,34.261,-11.309,-4.246,378.762,163.348,2.3518,-0.0049665,1638.057,6.224,4.972,11.195,0.8028,1.3472,1.4144,0.0001054,-0.0033,-5.347,-4.330,380.547,-16.072,-4.173,377.336,0.2867945,0.0235115,-0.9577036,0.0068001,0.9996236,0.0265770,-0.012,0.007,1,1,0.0115,0,1
547,1640.832,57.83913197,18.83068055,34.333,-10.427,-4.174,375.895,162.454,2.4327,-0.0056030,1641.057,6.232,5.146,11.377,0.8508,1.3936,1.4970,0.0001097,-0.0035,-4.486,-4.263,377.776,-15.333,-4.094,374.342,0.3017519,0.0243198,-0.9530762,0.0069257,0.9995923,0.0276995,-0.011,0.009,0,0,0.0112,0,1
548,1643.832,57.83910636,18.83069619,34.407,-9.498,-4.100,373.042,161.447,2.5088,-0.0062826,1644.058,6.308,5.302,11.610,0.8942,1.4371,1.5719,0.0001110,-0.0037,-3.518,-4.195,375.051,-14.523,-4.014,371.353,0.3184268,0.0250801,-0.9476156,0.0069060,0.9995620,0.0287756,-0.009,0.011,0,0,0.0110,0,1
549,1646.832,57.83908091,18.83071272,34.483,-8.516,-4.024,370.208,160.323,2.5789,-0.0070076,1647.059,6.426,5.431,11.857,0.9351,1.4773,1.6432,0.0001094,-0.0038,-2.466,-4.125,372.375,-13.629,-3.932,368.377,0.3370900,0.0257804,-0.9411194,0.0067702,0.9995328,0.0298055,-0.007,0.012,0,0,0.0107,0,1
550,1649.832,57.83905564,18.83073024,34.562,-7.475,-3.946,367.394,159.071,2.6419,-0.0077862,1650.060,6.549,5.526,12.075,0.9758,1.5133,1.7141,0.0001056,-0.0038,-1.358,-4.054,369.736,-12.635,-3.848,365.418,0.3574019,0.0264098,-0.9335772,0.0065597,0.9995045,0.0307860,-0.004,0.013,0,0,0.0105,0,1
551,1652.832,57.83903060,18.83074884,34.642,-6.371,-3.866,364.605,157.683,2.6965,-0.0086255,1653.061,6.644,5.581,12.224,1.0179,1.5446,1.7873,0.0001001,-0.0037,-0.226,-3.980,367.130,-11.533,-3.763,362.484,0.3799157,0.0269552,-0.9246283,0.0062806,0.9994771,0.0317178,-0.001,0.012,0,0,0.0117,0,1
552,1655.831,57.83900582,18.83076863,34.723,-5.195,-3.784,361.845,156.146,2.7414,-0.0095324,1656.062,6.688,5.594,12.282,1.0622,1.5703,1.8643,0.0000938,-0.0035,0.920,-3.904,364.553,-10.310,-3.677,359.580,0.4047641,0.0274037,-0.9140104,0.0059429,0.9994509,0.0325971,0.001,0.011,0,0,0.0129,0,1
553,1658.831,57.83898135,18.83078973,34.806,-3.942,-3.701,359.120,154.448,2.7759,-0.0105121,1659.063,6.680,5.567,12.247,1.1092,1.5901,1.9459,0.0000871,-0.0033,2.083,-3.827,362.004,-8.963,-3.590,356.717,0.4315783,0.0277483,-0.9016486,0.0055637,0.9994259,0.0334205,0.003,0.010,0,0,0.0141,0,1
554,1661.831,57.83895724,18.83081224,34.890,-2.605,-3.617,356.434,152.574,2.7996,-0.0115675,1662.063,6.635,5.505,12.140,1.1587,1.6036,2.0318,0.0000806,-0.0030,3.283,-3.748,359.493,-7.490,-3.503,353.896,0.4609149,0.0279850,-0.8870030,0.0051170,0.9994022,0.0341902,0.004,0.007,0,0,0.0153,0,1
555,1664.831,57.83893356,18.83083629,34.974,-1.176,-3.533,353.797,150.510,2.8129,-0.0126970,1665.064,6.575,5.420,11.995,1.2102,1.6112,2.1210,0.0000743,-0.0027,4.545,-3.669,357.037,-5.892,-3.416,351.126,0.4926368,0.0281179,-0.8697806,0.0045900,0.9993800,0.0349073,0.004,0.005,0,0,0.0165,0,1
556,1667.830,57.83891038,18.83086200,35.059,0.351,-3.449,351.215,148.241,2.8165,-0.0138943,1668.065,6.519,5.323,11.843,1.2625,1.6133,2.2121,0.0000683,-0.0024,5.893,-3.590,354.648,-4.174,-3.329,348.411,0.5264443,0.0281538,-0.8497434,0.0039686,0.9993593,0.0355696,0.003,0.002,0,0,0.0155,0,1
557,1670.830,57.83888778,18.83088948,35.143,1.983,-3.364,348.698,145.749,2.8115,-0.0151341,1671.066,6.478,5.231,11.709,1.3147,1.6104,2.3028,0.0000624,-0.0021,7.336,-3.511,352.346,-2.340,-3.242,345.752,0.5628764,0.0281039,-0.8260632,0.0031961,0.9993403,0.0361768,0.000,-0.000,0,0,0.0145,0,1
558,1673.830,57.83886587,18.83091886,35.227,3.728,-3.280,346.259,143.007,2.7991,-0.0163274,1674.067,6.448,5.160,11.608,1.3654,1.6033,2.3908,0.0000564,-0.0019,8.878,-3.432,350.139,-0.393,-3.155,343.154,0.6015237,0.0279800,-0.7983648,0.0022498,0.9993231,0.0367181,-0.003,-0.002,0,0,0.0134,0,1
559,1676.829,57.83884477,18.83095024,35.311,5.592,-3.196,343.908,140.014,2.7805,-0.0173463,1677.068,6.418,5.123,11.540,1.4136,1.5927,2.4741,0.0000497,-0.0017,10.512,-3.353,348.029,1.665,-3.068,340.619,0.6418368,0.0277943,-0.7663374,0.0011136,0.9993081,0.0371766,-0.008,-0.004,0,0,0.0124,0,1
560,1679.829,57.83882459,18.83098368,35.394,7.579,-3.113,341.661,136.808,2.7562,-0.0180576,1680.068,6.370,5.134,11.504,1.4582,1.5788,2.5507,0.0000420,-0.0014,12.227,-3.274,346.016,3.832,-2.981,338.151,0.6834597,0.0275515,-0.7294682,-0.0002306,0.9992956,0.0375267,-0.014,-0.005,0,0,0.0114,0,1
561,1682.828,57.83880548,18.83101926,35.476,9.692,-3.031,339.532,133.474,2.7264,-0.0183594,1683.069,6.288,5.203,11.491,1.4984,1.5617,2.6193,0.0000325,-0.0011,14.019,-3.194,344.095,6.112,-2.894,335.756,0.7253500,0.0272539,-0.6878405,-0.0017588,0.9992861,0.0377394,-0.021,-0.005,0,0,0.0112,0,1
562,1685.828,57.83878755,18.83105694,35.557,11.930,-2.950,337.535,130.123,2.6916,-0.0182065,1686.069,6.162,5.336,11.497,1.5337,1.5418,2.6791,0.0000207,-0.0007,15.896,-3.114,342.250,8.495,-2.806,333.452,0.7649973,0.0269063,-0.6434712,-0.0033503,0.9992797,0.0378011,-0.029,-0.004,0,0,0.0111,0,1
563,1688.827,57.83877082,18.83109651,35.638,14.281,-2.870,335.672,126.869,2.6526,-0.0176255,1689.070,5.986,5.532,11.519,1.5637,1.5195,2.7301,0.0000061,-0.0002,17.869,-3.033,340.464,10.965,-2.719,331.244,0.8001986,0.0265167,-0.5991487,-0.0048668,0.9992763,0.0377253,-0.036,-0.003,0,0,0.0110,0,1
564,1691.827,57.83875528,18.83113775,35.717,16.730,-2.791,333.941,123.803,2.6109,-0.0167034,1692.070,5.765,5.790,11.554,1.5884,1.4956,2.7730,-0.0000118,0.0004,19.937,-2.951,338.731,13.509,-2.631,329.130,0.8306881,0.0261001,-0.5561259,-0.0062648,0.9992755,0.0375403,-0.045,-0.002,0,0,0.0108,0,1
565,1694.826,57.83874087,18.83118042,35.794,19.264,-2.713,332.336,120.974,2.5681,-0.0155657,1695.071,5.507,6.100,11.607,1.6077,1.4711,2.8088,-0.0000332,0.0011,22.100,-2.869,337.056,16.122,-2.543,327.107,0.8568866,0.0256725,-0.5148653,-0.0075414,0.9992766,0.0372754,-0.053,-0.000,0,0,0.0107,0,1
566,1697.826,57.83872755,18.83122430,35.871,21.871,-2.637,330.852,118.390,2.5265,-0.0143409,1698.072,5.228,6.454,11.682,1.6220,1.4473,2.8388,-0.0000579,0.0020,24.358,-2.787,335.450,18.800,-2.456,325.175,0.8792789,0.0252569,-0.4756372,-0.0087091,0.9992787,0.0369630,-0.062,0.002,0,0,0.0123,0,1
567,1700.826,57.83871524,18.83126923,35.946,24.540,-2.562,329.482,116.033,2.4881,-0.0131217,1701.072,4.948,6.840,11.788,1.6315,1.4253,2.8645,-0.0000851,0.0030,26.713,-2.706,333.927,21.536,-2.370,323.337,0.8980816,0.0248733,-0.4391251,-0.0097626,0.9992810,0.0366360,-0.070,0.004,0,0,0.0140,0,1
568,1703.825,57.83870389,18.83131502,36.020,27.260,-2.487,328.217,113.891,2.4552,-0.0119413,1704.073,4.687,7.246,11.933,1.6369,1.4064,2.8869,-0.0001138,0.0041,29.160,-2.625,332.501,24.322,-2.284,321.593,0.9138384,0.0245446,-0.4053356,-0.0107305,0.9992827,0.0363182,-0.079,0.006,0,0,0.0157,0,1
569,1706.825,57.83869340,18.83136154,36.093,30.023,-2.414,327.050,111.952,2.4296,-0.0108148,1707.074,4.465,7.663,12.128,1.6390,1.3918,2.9068,-0.0001422,0.0052,31.694,-2.547,331.190,27.155,-2.200,319.944,0.9270373,0.0242888,-0.3741817,-0.0116415,0.9992831,0.0360234,-0.087,0.009,0,0,0.0173,0,1
570,1709.825,57.83868373,18.83140867,36.166,32.822,-2.342,325.972,110.205,2.4123,-0.0097493,1710.074,4.295,8.081,12.376,1.6387,1.3819,2.9245,-0.0001682,0.0064,34.308,-2.471,330.002,30.027,-2.117,318.390,0.9380076,0.0241160,-0.3457747,-0.0125102,0.9992822,0.0357575,-0.094,0.011,0,0,0.0190,0,1
571,1712.825,57.83867478,18.83145630,36.238,35.652,-2.269,324.975,108.637,2.4032,-0.0087473,1713.075,4.184,8.493,12.676,1.6370,1.3767,2.9393,-0.0001889,0.0076,36.991,-2.395,328.939,32.934,-2.033,316.929,0.9471355,0.0240251,-0.3199332,-0.0133520,0.9992800,0.0355124,-0.100,0.014,1,0,0.0175,0,1
572,1715.824,57.83866649,18.83150435,36.310,38.506,-2.197,324.052,107.235,2.4005,-0.0078070,1716.076,4.127,8.889,13.017,1.6350,1.3751,2.9502,-0.0002013,0.0085,39.731,-2.322,327.994,35.868,-1.951,315.563,0.9546931,0.0239981,-0.2966231,-0.0141604,0.9992775,0.0352701,-0.105,0.016,1,0,0.0160,0,1
573,1718.824,57.83865879,18.83155275,36.382,41.381,-2.125,323.195,105.988,2.4015,-0.0069248,1719.076,4.115,9.259,13.374,1.6333,1.3757,2.9553,-0.0002019,0.0090,42.516,-2.250,327.150,38.827,-1.869,314.296,0.9609128,0.0240081,-0.2758083,-0.0149190,0.9992757,0.0350058,-0.109,0.019,1,0,0.0145,0,1
574,1721.824,57.83865163,18.83160144,36.454,44.272,-2.053,322.397,104.886,2.4026,-0.0060939,1722.077,4.131,9.584,13.715,1.6326,1.3763,2.9522,-0.0001871,0.0088,45.335,-2.178,326.389,41.805,-1.787,313.135,0.9660336,0.0240191,-0.2572979,-0.0156071,0.9992764,0.0346864,-0.110,0.022,0,0,0.0130,0,1
575,1724.824,57.83864493,18.83165036,36.526,47.178,-1.981,321.651,103.920,2.4000,-0.0053070,1725.078,4.159,9.844,14.003,1.6332,1.3748,2.9384,-0.0001534,0.0075,48.180,-2.106,325.687,44.806,-1.707,312.098,0.9702443,0.0239931,-0.2409365,-0.0161993,0.9992811,0.0342771,-0.110,0.025,0,0,0.0115,0,1
576,1727.824,57.83863865,18.83169946,36.598,50.095,-1.909,320.951,103.084,2.3900,-0.0045567,1728.078,4.189,10.009,14.198,1.6348,1.3691,2.9108,-0.0000975,0.0049,51.045,-2.033,325.031,47.826,-1.627,311.203,0.9736872,0.0238932,-0.2266327,-0.0166673,0.9992915,0.0337442,-0.108,0.028,1,0,0.0121,0,1
577,1730.824,57.83863271,18.83174873,36.669,53.021,-1.838,320.291,102.373,2.3702,-0.0038386,1731.079,4.220,10.053,14.273,1.6363,1.3578,2.8667,-0.0000172,0.0009,53.926,-1.959,324.413,50.865,-1.552,310.472,0.9764471,0.0236953,-0.2144518,-0.0169891,0.9993089,0.0330610,-0.104,0.031,0,0,0.0127,0,1
578,1733.823,57.83862708,18.83179812,36.740,55.955,-1.767,319.664,101.782,2.3389,-0.0031506,1734.080,4.262,9.953,14.215,1.6348,1.3398,2.8036,0.0000887,-0.0045,56.827,-1.885,323.836,53.919,-1.479,309.921,0.9785975,0.0233826,-0.2044507,-0.0171496,0.9993341,0.0322055,-0.100,0.035,0,0,0.0133,0,1
579,1736.823,57.83862170,18.83184760,36.810,58.894,-1.698,319.064,101.308,2.2962,-0.0024912,1737.081,4.329,9.702,14.030,1.6257,1.3154,2.7198,0.0002200,-0.0108,59.745,-1.812,323.308,56.988,-1.413,309.552,0.9802453,0.0229559,-0.1964490,-0.0171589,0.9993671,0.0311605,-0.096,0.038,0,0,0.0139,0,1
580,1739.823,57.83861650,18.83189716,36.878,61.838,-1.629,318.485,100.944,2.2431,-0.0018575,1740.081,4.435,9.305,13.741,1.6021,1.2850,2.6144,0.0003746,-0.0177,62.681,-1.738,322.840,60.069,-1.353,309.349,0.9815079,0.0224254,-0.1901036,-0.0170402,0.9994072,0.0299149,-0.093,0.042,0,1,0.0145,0,1
581,1742.823,57.83861145,18.83194677,36.944,64.785,-1.563,317.923,100.685,2.1814,-0.0012448,1743.082,4.588,8.791,13.379,1.5571,1.2497,2.4876,0.0005487,-0.0246,65.637,-1.666,322.431,63.153,-1.302,309.285,0.9823752,0.0218088,-0.1856431,-0.0168063,0.9994531,0.0284785,-0.091,0.045,0,1,0.0150,0,1
582,1745.823,57.83860650,18.83199641,37.009,67.733,-1.499,317.371,100.527,2.1133,-0.0006471,1746.082,4.780,8.201,12.981,1.4853,1.2107,2.3408,0.0007370,-0.0310,68.609,-1.594,322.070,66.231,-1.257,309.309,0.9828597,0.0211283,-0.1831405,-0.0164793,0.9995031,0.0268699,-0.091,0.049,1,1,0.0155,0,1
583,1748.823,57.83860159,18.83204607,37.071,70.683,-1.436,316.824,100.468,2.0407,-0.0000570,1749.083,4.990,7.585,12.576,1.3857,1.1691,2.1767,0.0009330,-0.0369,71.591,-1.521,321.731,69.302,-1.217,309.365,0.9830950,0.0204028,-0.1819559,-0.0160975,0.9995552,0.0251067,-0.094,0.052,0,0,0.0160,0,1
584,1751.823,57.83859669,18.83209573,37.131,73.633,-1.376,316.279,100.506,1.9652,0.0005334,1752.083,5.192,6.995,12.187,1.2620,1.1258,1.9993,0.0011299,-0.0420,74.581,-1.449,321.384,72.356,-1.181,309.402,0.9830147,0.0196482,-0.1824718,-0.0156669,0.9996073,0.0232350,-0.099,0.055,0,1,0.0165,0,1
585,1754.823,57.83859175,18.83214538,37.189,76.582,-1.319,315.729,100.644,1.8877,0.0011309,1755.084,5.361,6.472,11.833,1.1230,1.0814,1.8135,0.0013208,-0.0462,77.574,-1.378,320.997,75.385,-1.146,309.369,0.9825610,0.0188736,-0.1849801,-0.0151907,0.9996576,0.0213069,-0.107,0.058,0,1,0.0170,0,1
586,1757.823,57.83858672,18.83219499,37.244,79.529,-1.263,315.169,100.887,1.8091,0.0017393,1758.084,5.480,6.048,11.528,0.9797,1.0364,1.6249,0.0014998,-0.0498,80.566,-1.307,320.550,78.385,-1.110,309.230,0.9817804,0.0180880,-0.1891565,-0.0146859,0.9997045,0.0193720,-0.118,0.060,0,1,0.0179,0,1
587,1760.822,57.83858156,18.83224456,37.297,82.473,-1.210,314.594,101.236,1.7299,0.0023575,1761.085,5.546,5.739,11.284,0.8431,0.9911,1.4395,0.0016622,-0.0529,83.555,-1.239,320.033,81.353,-1.073,308.966,0.9806194,0.0172964,-0.1951573,-0.0141530,0.9997469,0.0174900,-0.130,0.062,0,0,0.0187,0,1
588,1763.822,57.83857621,18.83229406,37.348,85.413,-1.159,313.998,101.693,1.6511,0.0029823,1764.085,5.566,5.545,11.112,0.7216,0.9459,1.2633,0.0018044,-0.0557,86.543,-1.173,319.448,84.287,-1.033,308.568,0.9790448,0.0165087,-0.2029747,-0.0135997,0.9997840,0.0157185,-0.142,0.064,1,1,0.0196,0,1
589,1766.822,57.83857063,18.83234347,37.397,88.348,-1.111,313.376,102.259,1.5742,0.0036106,1767.085,5.556,5.457,11.013,0.6205,0.9019,1.1020,0.0019246,-0.0584,89.529,-1.113,318.805,87.188,-0.994,308.043,0.9770403,0.0157400,-0.2124725,-0.0130384,0.9998154,0.0141104,-0.154,0.065,1,1,0.0205,0,1
590,1769.822,57.83856476,18.83239276,37.443,91.276,-1.065,312.723,102.935,1.5017,0.0042379,1770.085,5.532,5.458,10.989,0.5416,0.8603,0.9602,0.0020220,-0.0610,92.515,-1.056,318.114,90.053,-0.952,307.404,0.9744748,0.0150153,-0.2239942,-0.0124823,0.9998412,0.0127201,-0.164,0.065,1,1,0.0214,0,1
591,1772.822,57.83855855,18.83244190,37.487,94.195,-1.021,312.032,103.720,1.4363,0.0048593,1773.086,5.510,5.528,11.038,0.4845,0.8229,0.8419,0.0020965,-0.0639,95.504,-1.004,317.384,92.882,-0.910,306.662,0.9712843,0.0143615,-0.2374880,-0.0119507,0.9998614,0.0115880,-0.172,0.065,1,1,0.0220,0,1
592,1775.822,57.83855196,18.83249087,37.529,97.104,-0.978,311.298,104.613,1.3811,0.0054696,1776.086,5.507,5.652,11.159,0.4475,0.7913,0.7498,0.0021483,-0.0669,98.495,-0.954,316.626,95.676,-0.867,305.829,0.9674577,0.0138097,-0.2526556,-0.0114667,0.9998765,0.0107436,-0.177,0.065,1,1,0.0227,0,1
593,1778.822,57.83854495,18.83253963,37.570,100.000,-0.938,310.516,105.612,1.3391,0.0060627,1779.086,5.537,5.819,11.356,0.4281,0.7672,0.6857,0.0021777,-0.0702,101.491,-0.909,315.848,98.433,-0.824,304.912,0.9629573,0.0133898,-0.2693214,-0.0110481,0.9998869,0.0102089,-0.177,0.065,1,1,0.0234,0,1
594,1781.822,57.83853745,18.83258814,37.609,102.882,-0.898,309.682,106.715,1.3123,0.0066314,1782.086,5.613,6.019,11.632,0.4232,0.7518,0.6500,0.0021847,-0.0739,104.498,-0.866,315.058,101.150,-0.780,303.918,0.9575969,0.0131219,-0.2878124,-0.0106955,0.9998928,0.0100014,-0.174,0.064,1,1,0.0240,0,1
595,1784.821,57.83852944,18.83263636,37.648,105.746,-0.859,308.789,107.925,1.3013,0.0071325,1785.086,5.744,6.239,11.983,0.4298,0.7455,0.6427,0.0021689,-0.0779,107.514,-0.824,314.254,103.825,-0.734,302.853,0.9513496,0.0130119,-0.3078386,-0.0104012,0.9998947,0.0101202,-0.167,0.063,0,1,0.0247,0,1
596,1787.821,57.83852087,18.83268424,37.687,108.590,-0.820,307.835,109.254,1.3053,0.0074548,1788.086,5.930,6.468,12.398,0.4454,0.7478,0.6627,0.0021296,-0.0818,110.542,-0.784,313.435,106.461,-0.688,301.727,0.9442138,0.0130519,-0.3290745,-0.0101438,0.9998929,0.0105527,-0.157,0.062,0,0,0.0243,0,1
597,1790.821,57.83851171,18.83273173,37.727,111.410,-0.781,306.815,110.675,1.3215,0.0074672,1791.086,6.160,6.688,12.848,0.4683,0.7571,0.7083,0.0020661,-0.0853,113.577,-0.746,312.582,109.058,-0.641,300.555,0.9360074,0.0132138,-0.3517321,-0.0098777,0.9998876,0.0112778,-0.144,0.061,0,0,0.0239,0,1
598,1793.821,57.83850192,18.83277878,37.767,114.205,-0.741,305.725,112.115,1.3456,0.0070624,1794.086,6.413,6.883,13.295,0.4986,0.7709,0.7771,0.0019782,-0.0874,116.612,-0.709,311.669,111.622,-0.594,299.346,0.9267980,0.0134548,-0.3753190,-0.0095540,0.9998793,0.0122524,-0.129,0.060,0,1,0.0235,0,1
599,1796.821,57.83849149,18.83282534,37.807,116.971,-0.700,304.563,113.464,1.3720,0.0061846,1797.086,6.652,7.041,13.693,0.5378,0.7860,0.8661,0.0018664,-0.0875,119.621,-0.675,310.664,114.166,-0.546,298.105,0.9171427,0.0137187,-0.3983229,-0.0091330,0.9998684,0.0134077,-0.113,0.058,0,0,0.0231,0,1
600,1799.820,57.83848046,18.83287142,37.849,119.708,-0.658,303.335,114.600,1.3950,0.0048430,1800.086,6.837,7.157,13.994,0.5883,0.7992,0.9714,0.0017320,-0.0848,122.559,-0.643,309.549,116.723,-0.500,296.830,0.9088053,0.0139486,-0.4169872,-0.0086267,0.9998555,0.0146447,-0.097,0.056,0,0,0.0226,0,1
601,1802.820,57.83846903,18.83291714,37.891,122.424,-0.616,302.061,115.414,1.4087,0.0031083,1803.087,6.929,7.232,14.161,0.6512,0.8071,1.0889,0.0015780,-0.0791,125.397,-0.616,308.320,119.321,-0.455,295.529,0.9031895,0.0140856,-0.4290108,-0.0080514,0.9998415,0.0158770,-0.081,0.054,0,0,0.0199,0,1
602,1805.820,57.83845735,18.83296265,37.933,125.127,-0.574,300.761,115.837,1.4078,0.0010951,1806.087,6.898,7.272,14.171,0.7255,0.8066,1.2137,0.0014082,-0.0707,128.128,-0.591,306.972,121.963,-0.411,294.213,0.9003229,0.0140766,-0.4349949,-0.0073949,0.9998273,0.0170494,-0.067,0.052,0,1,0.0172,0,1
603,1808.820,57.83844559,18.83300809,37.975,127.826,-0.532,299.451,115.849,1.3882,-0.0010635,1809.087,6.732,7.285,14.018,0.8071,0.7953,1.3409,0.0012276,-0.0603,130.754,-0.567,305.513,124.657,-0.369,292.891,0.9003569,0.0138807,-0.4349309,-0.0066660,0.9998138,0.0181093,-0.055,0.050,0,1,0.0144,0,1
604,1811.820,57.83843391,18.83305360,38.017,130.530,-0.491,298.151,115.467,1.3469,-0.0032512,1812.087,6.441,7.277,13.718,0.8898,0.7717,1.4660,0.0010418,-0.0490,133.292,-0.542,303.969,127.409,-0.329,291.577,0.9032924,0.0134678,-0.4288139,-0.0058792,0.9998019,0.0190163,-0.045,0.049,0,1,0.0117,0,1
605,1814.820,57.83842248,18.83309933,38.056,133.246,-0.451,296.878,114.711,1.2829,-0.0054053,1815.087,6.054,7.251,13.305,0.9667,0.7350,1.5848,0.0008569,-0.0379,135.771,-0.516,302.380,130.222,-0.291,290.288,0.9087900,0.0128279,-0.4170566,-0.0050485,0.9997922,0.0197509,-0.037,0.047,0,1,0.0090,0,1
606,1817.820,57.83841144,18.83314540,38.094,135.982,-0.414,295.649,113.575,1.1967,-0.0074905,1818.087,5.618,7.209,12.826,1.0324,0.6856,1.6941,0.0006784,-0.0279,138.226,-0.488,300.799,133.103,-0.257,289.040,0.9167180,0.0119661,-0.3993557,-0.0042043,0.9997850,0.0203061,-0.032,0.046,1,0,0.0096,0,1
607,1820.819,57.83840097,18.83319193,38.128,138.746,-0.379,294.482,112.067,1.0905,-0.0094647,1821.087,5.180,7.151,12.331,1.0841,0.6248,1.7915,0.0005114,-0.0194,140.690,-0.458,299.283,136.062,-0.225,287.854,0.9268268,0.0109044,-0.3753307,-0.0033824,0.9997801,0.0206939,-0.028,0.046,1,0,0.0103,0,1
608,1823.819,57.83839123,18.83323901,38.159,141.543,-0.348,293.397,110.213,0.9682,-0.0113009,1824.087,4.784,7.080,11.864,1.1220,0.5547,1.8760,0.0003597,-0.0127,143.194,-0.430,297.887,139.100,-0.197,286.752,0.9385266,0.0096815,-0.3450711,-0.0026128,0.9997772,0.0209442,-0.025,0.045,0,0,0.0109,0,1
609,1826.819,57.83838238,18.83328671,38.186,144.376,-0.321,292.412,108.056,0.8347,-0.0130053,1827.087,4.460,7.000,11.460,1.1486,0.4782,1.9474,0.0002262,-0.0074,145.753,-0.403,296.654,142.215,-0.174,285.754,0.9511050,0.0083467,-0.3087549,-0.0019258,0.9997756,0.0210952,-0.023,0.046,0,0,0.0116,0,1
610,1829.819,57.83837459,18.83333505,38.209,147.248,-0.298,291.545,105.641,0.6962,-0.0146268,1830.087,4.219,6.918,11.137,1.1668,0.3989,2.0064,0.0001125,-0.0035,148.378,-0.381,295.610,145.396,-0.154,284.880,0.9634635,0.0069618,-0.2677492,-0.0013353,0.9997746,0.0211906,-0.022,0.046,0,0,0.0122,0,1
611,1832.818,57.83836795,18.83338399,38.228,150.155,-0.280,290.806,102.996,0.5594,-0.0162598,1833.087,4.059,6.839,10.898,1.1798,0.3205,2.0541,0.0000190,-0.0006,151.061,-0.363,294.763,148.628,-0.139,284.140,0.9747428,0.0055939,-0.2232604,-0.0008665,0.9997735,0.0212667,-0.020,0.047,1,1,0.0113,0,1
612,1835.818,57.83836257,18.83343347,38.243,153.094,-0.265,290.206,100.117,0.4310,-0.0180341,1836.086,3.967,6.768,10.734,1.1897,0.2469,2.0920,-0.0000545,0.0016,153.786,-0.349,294.112,151.914,-0.126,283.542,0.9846617,0.0043100,-0.1744210,-0.0005948,0.9997720,0.0213465,-0.018,0.048,1,1,0.0103,0,1
613,1838.817,57.83835856,18.83348340,38.254,156.060,-0.254,289.760,96.958,0.3172,-0.0200932,1839.086,3.925,6.706,10.632,1.1981,0.1817,2.1216,-0.0001091,0.0031,156.531,-0.339,293.657,155.255,-0.117,283.102,0.9927601,0.0031720,-0.1200718,-0.0006014,0.9997700,0.0214388,-0.016,0.049,1,1,0.0094,0,1
614,1841.817,57.83835611,18.83353369,38.262,159.047,-0.246,289.486,93.425,0.2233,-0.0225371,1842.085,3.918,6.655,10.573,1.2055,0.1279,2.1443,-0.0001461,0.0041,159.277,-0.332,293.397,158.656,-0.110,282.842,0.9982725,0.0022330,-0.0587121,-0.0009700,0.9997677,0.0215321,-0.014,0.050,1,1,0.0085,0,1
615,1844.816,57.83835540,18.83358417,38.267,162.045,-0.240,289.408,89.366,0.1529,-0.0252744,1845.084,3.931,6.613,10.544,1.2124,0.0876,2.1612,-0.0001669,0.0046,162.002,-0.328,293.339,162.118,-0.104,282.795,0.9999382,0.0015290,0.0110103,-0.0017664,0.9997654,0.0215886,-0.012,0.051,1,1,0.0075,0,1
616,1847.815,57.83835670,18.83363460,38.271,165.041,-0.236,289.552,84.664,0.1080,-0.0280015,1848.083,3.956,6.580,10.535,1.2189,0.0619,2.1732,-0.0001732,0.0048,164.683,-0.325,293.491,165.637,-0.101,282.999,0.9958858,0.0010800,0.0906109,-0.0030440,0.9997634,0.0215395,-0.010,0.051,1,1,0.0081,0,1
617,1850.814,57.83836028,18.83368464,38.274,168.013,-0.234,289.951,79.311,0.0885,-0.0302894,1851.082,3.986,6.555,10.542,1.2250,0.0507,2.1810,-0.0001663,0.0046,167.289,-0.324,293.871,169.204,-0.098,283.505,0.9833634,0.0008850,0.1816468,-0.0048309,0.9997618,0.0212818,-0.009,0.051,1,1,0.0087,0,1
618,1853.812,57.83836646,18.83373377,38.276,170.931,-0.231,290.640,73.454,0.0922,-0.0316743,1854.081,4.020,6.542,10.563,1.2306,0.0528,2.1853,-0.0001473,0.0041,169.794,-0.321,294.496,172.782,-0.094,284.365,0.9591441,0.0009220,0.2829166,-0.0070652,0.9997609,0.0206942,-0.010,0.051,1,1,0.0092,0,1
619,1856.811,57.83837549,18.83378132,38.279,173.756,-0.228,291.645,67.372,0.1156,-0.0318044,1857.079,4.056,6.543,10.598,1.2357,0.0662,2.1863,-0.0001178,0.0033,172.189,-0.319,295.386,176.283,-0.090,285.610,0.9223781,0.0011560,0.3862865,-0.0095094,0.9997604,0.0197148,-0.012,0.051,1,1,0.0098,0,1
620,1859.809,57.83838723,18.83382675,38.283,176.454,-0.224,292.953,61.416,0.1535,-0.0305908,1860.078,4.092,6.558,10.651,1.2403,0.0879,2.1844,-0.0000788,0.0022,174.486,-0.315,296.541,179.608,-0.084,287.203,0.8767501,0.0015350,0.4809438,-0.0118489,0.9997603,0.0184094,-0.016,0.050,1,1,0.0103,0,1
621,1862.808,57.83840135,18.83386974,38.289,179.008,-0.219,294.526,55.913,0.2004,-0.0282430,1863.076,4.130,6.590,10.720,1.2443,0.1148,2.1800,-0.0000319,0.0009,176.688,-0.310,297.942,182.711,-0.077,289.074,0.8272165,0.0020040,0.5618798,-0.0139032,0.9997605,0.0169029,-0.021,0.049,1,1,0.0097,0,1
622,1865.807,57.83841745,18.83391020,38.295,181.411,-0.212,296.320,51.076,0.2508,-0.0251589,1866.075,4.167,6.637,10.804,1.2479,0.1437,2.1731,0.0000214,-0.0006,178.792,-0.302,299.561,185.583,-0.067,291.157,0.7778133,0.0025080,0.6284905,-0.0156050,0.9997608,0.0153230,-0.028,0.048,1,1,0.0090,0,1
623,1868.806,57.83843517,18.83394823,38.304,183.670,-0.204,298.293,46.971,0.2996,-0.0217681,1869.075,4.203,6.698,10.901,1.2512,0.1717,2.1643,0.0000792,-0.0024,180.804,-0.294,301.367,188.237,-0.055,293.394,0.7314402,0.0029960,0.6818991,-0.0169457,0.9997614,0.0137843,-0.036,0.048,1,1,0.0083,0,1
624,1871.806,57.83845416,18.83398403,38.314,185.796,-0.194,300.408,43.550,0.3429,-0.0184110,1872.074,4.236,6.769,11.005,1.2541,0.1965,2.1539,0.0001396,-0.0042,182.729,-0.283,303.330,190.697,-0.042,295.740,0.6897177,0.0034290,0.7240702,-0.0179563,0.9997622,0.0123699,-0.045,0.048,1,1,0.0077,0,1
625,1874.805,57.83847415,18.83401787,38.324,187.806,-0.183,302.635,40.739,0.3782,-0.0152638,1875.074,4.264,6.847,11.112,1.2570,0.2167,2.1424,0.0002006,-0.0062,184.579,-0.271,305.423,192.987,-0.027,298.159,0.6537063,0.0037820,0.7567389,-0.0186801,0.9997634,0.0111402,-0.054,0.049,1,1,0.0070,0,1
626,1877.805,57.83849491,18.83405004,38.336,189.717,-0.171,304.947,38.467,0.4043,-0.0123967,1878.073,4.284,6.931,11.215,1.2599,0.2316,2.1305,0.0002602,-0.0082,186.366,-0.258,307.617,195.137,-0.011,300.628,0.6231843,0.0040430,0.7820646,-0.0191770,0.9997650,0.0101127,-0.063,0.050,1,1,0.0066,0,1
627,1880.805,57.83851627,18.83408081,38.349,191.544,-0.159,307.326,36.660,0.4216,-0.0098249,1881.073,4.293,7.017,11.310,1.2633,0.2416,2.1191,0.0003165,-0.0101,188.104,-0.244,309.893,197.168,0.005,303.129,0.5980727,0.0042160,0.8014308,-0.0195000,0.9997667,0.0092927,-0.071,0.052,1,1,0.0062,0,1
628,1883.805,57.83853808,18.83411045,38.362,193.305,-0.146,309.755,35.260,0.4314,-0.0075235,1884.073,4.287,7.106,11.393,1.2676,0.2472,2.1091,0.0003679,-0.0119,189.808,-0.230,312.234,199.102,0.022,305.645,0.5783911,0.0043140,0.8157482,-0.0196957,0.9997684,0.0086777,-0.079,0.055,1,1,0.0057,0,1
629,1886.804,57.83856021,18.83413922,38.375,195.014,-0.133,312.220,34.219,0.4357,-0.0054501,1887.073,4.264,7.194,11.458,1.2733,0.2496,2.1015,0.0004131,-0.0136,191.491,-0.215,314.622,200.958,0.040,308.167,0.5633573,0.0043570,0.8262019,-0.0198132,0.9997698,0.0082377,-0.086,0.058,1,1,0.0053,0,1
630,1889.804,57.83858258,18.83416735,38.388,196.685,-0.120,314.712,33.501,0.4366,-0.0035549,1890.073,4.225,7.280,11.505,1.2806,0.2502,2.0975,0.0004513,-0.0149,193.165,-0.201,317.047,202.752,0.057,310.687,0.5528090,0.0043660,0.8332966,-0.0198873,0.9997706,0.0079551,-0.091,0.062,0,0,0.0049,0,1
631,1892.804,57.83860510,18.83419507,38.401,198.331,-0.107,317.220,33.079,0.4356,-0.0017882,1893.073,4.172,7.361,11.533,1.2898,0.2496,2.0977,0.0004819,-0.0160,194.838,-0.186,319.501,204.495,0.074,313.196,0.5466693,0.0043560,0.8373373,-0.0199419,0.9997706,0.0078184,-0.096,0.067,0,0,0.0049,0,1
632,1895.804,57.83862769,18.83422258,38.414,199.965,-0.094,319.736,32.939,0.4339,-0.0001053,1896.073,4.111,7.433,11.544,1.3008,0.2486,2.1030,0.0005050,-0.0168,196.517,-0.172,321.975,206.199,0.090,315.688,0.5445379,0.0043390,0.8387250,-0.0199964,0.9997695,0.0078105,-0.099,0.071,0,0,0.0050,0,1
633,1898.804,57.83865028,18.83425008,38.427,201.598,-0.081,322.252,33.085,0.4317,0.0014818,1899.073,4.051,7.492,11.543,1.3134,0.2473,2.1135,0.0005207,-0.0173,198.205,-0.158,324.465,207.873,0.107,318.159,0.5463593,0.0043170,0.8375398,-0.0200558,0.9997674,0.0079301,-0.102,0.076,0,0,0.0050,0,1
634,1901.804,57.83867281,18.83427777,38.440,203.243,-0.068,324.761,33.527,0.4284,0.0028946,1902.073,4.001,7.533,11.534,1.3270,0.2455,2.1294,0.0005298,-0.0176,199.907,-0.145,326.970,209.523,0.122,320.601,0.5521925,0.0042840,0.8337056,-0.0201137,0.9997642,0.0081848,-0.104,0.080,0,0,0.0051,0,1
635,1904.804,57.83869519,18.83430586,38.452,204.911,-0.055,327.254,34.245,0.4231,0.0040311,1905.072,3.969,7.552,11.520,1.3410,0.2424,2.1500,0.0005330,-0.0177,201.629,-0.132,329.485,211.157,0.138,323.010,0.5620588,0.0042310,0.8270865,-0.0201558,0.9997600,0.0085829,-0.105,0.084,0,0,0.0051,0,1
636,1907.803,57.83871736,18.83433455,38.465,206.615,-0.042,329.723,35.174,0.4141,0.0047985,1908.072,3.961,7.543,11.504,1.3547,0.2373,2.1746,0.0005313,-0.0176,203.376,-0.120,332.004,212.782,0.152,325.380,0.5757486,0.0041410,0.8176163,-0.0201589,0.9997551,0.0091320,-0.105,0.087,0,0,0.0051,0,1
637,1910.803,57.83873923,18.83436402,38.477,208.365,-0.030,332.159,36.220,0.3999,0.0051398,1911.072,3.984,7.504,11.487,1.3673,0.2291,2.2018,0.0005257,-0.0173,205.153,-0.109,334.516,214.415,0.165,327.720,0.5915612,0.0039990,0.8062501,-0.0201129,0.9997497,0.0097985,-0.105,0.090,0,0,0.0050,0,1
638,1913.803,57.83876079,18.83439430,38.489,210.164,-0.019,334.560,37.271,0.3790,0.0050489,1914.072,4.038,7.431,11.469,1.3782,0.2171,2.2304,0.0005172,-0.0170,206.953,-0.101,337.009,216.072,0.175,330.053,0.6064555,0.0037900,0.7951084,-0.0200274,0.9997442,0.0105102,-0.105,0.093,0,0,0.0049,0,1
639,1916.803,57.83878206,18.83442527,38.500,212.004,-0.008,336.930,38.227,0.3502,0.0045742,1917.072,4.127,7.324,11.451,1.3867,0.2006,2.2587,0.0005065,-0.0166,208.763,-0.093,339.485,217.756,0.185,332.396,0.6190242,0.0035020,0.7853641,-0.0199019,0.9997389,0.0112288,-0.104,0.095,0,0,0.0049,0,1
640,1919.803,57.83880309,18.83445683,38.510,213.878,0.002,339.272,39.019,0.3126,0.0038088,1920.072,4.250,7.184,11.434,1.3922,0.1791,2.2853,0.0004941,-0.0162,210.575,-0.086,341.947,219.460,0.192,334.751,0.6293965,0.0031260,0.7770780,-0.0197212,0.9997341,0.0119516,-0.104,0.096,0,0,0.0048,0,1
641,1922.803,57.83882392,18.83448885,38.518,215.780,0.011,341.592,39.622,0.2661,0.0028668,1923.072,4.408,7.014,11.423,1.3943,0.1525,2.3089,0.0004801,-0.0157,212.383,-0.081,344.402,221.185,0.197,337.121,0.6373744,0.0026610,0.7705497,-0.0194821,0.9997300,0.0126626,-0.103,0.097,0,0,0.0050,0,1
642,1925.803,57.83884460,18.83452121,38.526,217.702,0.018,343.895,40.042,0.2107,0.0018478,1926.072,4.598,6.823,11.421,1.3929,0.1207,2.3283,0.0004643,-0.0151,214.180,-0.079,346.851,222.928,0.198,339.509,0.6429170,0.0021070,0.7659330,-0.0191827,0.9997268,0.0133516,-0.103,0.097,1,0,0.0052,0,1
643,1928.803,57.83886518,18.83455380,38.531,219.637,0.024,346.187,40.282,0.1473,0.0007907,1929.071,4.815,6.617,11.432,1.3880,0.0844,2.3427,0.0004461,-0.0146,215.962,-0.078,349.298,224.687,0.199,341.912,0.6460835,0.0014730,0.7632653,-0.0188273,0.9997246,0.0140075,-0.102,0.096,0,0,0.0054,0,1
644,1931.802,57.83888571,18.83458648,38.534,221.578,0.027,348.474,40.338,0.0769,-0.0003023,1932.071,5.048,6.408,11.456,1.3801,0.0441,2.3514,0.0004244,-0.0139,217.728,-0.081,351.739,226.465,0.195,344.329,0.6468157,0.0007690,0.7626459,-0.0184254,0.9997234,0.0146189,-0.102,0.095,0,0,0.0056,0,1
645,1934.802,57.83890626,18.83461914,38.536,223.518,0.028,350.763,40.201,0.0009,-0.0014297,1935.071,5.285,6.208,11.493,1.3697,0.0005,2.3542,0.0003983,-0.0132,219.479,-0.085,354.173,228.261,0.189,346.758,0.6451052,0.0000090,0.7640938,-0.0179893,0.9997230,0.0151762,-0.101,0.092,0,0,0.0058,0,1
646,1937.802,57.83892688,18.83465164,38.535,225.449,0.027,353.059,39.868,-0.0789,-0.0025896,1938.071,5.511,6.026,11.537,1.3576,-0.0452,2.3510,0.0003665,-0.0122,221.217,-0.091,356.589,230.076,0.182,349.199,0.6405612,-0.0007890,0.7679067,-0.0175430,0.9997235,0.0156609,-0.100,0.089,0,0,0.0060,0,1
647,1940.802,57.83894762,18.83468385,38.531,227.361,0.024,355.370,39.331,-0.1611,-0.0037791,1941.071,5.708,5.872,11.580,1.3445,-0.0923,2.3417,0.0003282,-0.0110,222.943,-0.099,358.985,231.905,0.173,351.652,0.6332551,-0.0016110,0.7739414,-0.0170987,0.9997246,0.0160715,-0.099,0.085,0,0,0.0063,0,1
648,1943.802,57.83896856,18.83471562,38.525,229.248,0.017,357.702,38.585,-0.2440,-0.0049928,1944.071,5.863,5.752,11.616,1.3311,-0.1398,2.3268,0.0002827,-0.0095,224.663,-0.110,361.357,233.746,0.160,354.117,0.6233101,-0.0024400,0.7819709,-0.0166695,0.9997264,0.0164067,-0.098,0.079,0,0,0.0065,0,1
649,1946.802,57.83898975,18.83474680,38.516,231.101,0.009,360.062,37.625,-0.3262,-0.0062233,1947.071,5.968,5.670,11.638,1.3174,-0.1869,2.3067,0.0002303,-0.0078,226.372,-0.120,363.703,235.594,0.147,356.603,0.6100297,-0.0032620,0.7923719,-0.0162830,0.9997288,0.0166515,-0.096,0.073,0,0,0.0067,0,1
650,1949.802,57.83901124,18.83477724,38.505,232.908,-0.002,362.456,36.448,-0.4067,-0.0074587,1950.071,6.018,5.625,11.643,1.3034,-0.2330,2.2820,0.0001716,-0.0058,228.065,-0.133,366.029,237.435,0.132,359.117,0.5936547,-0.0040670,0.8047096,-0.0159446,0.9997315,0.0168153,-0.093,0.067,0,0,0.0070,0,1
651,1952.801,57.83903309,18.83480677,38.492,234.662,-0.015,364.889,35.049,-0.4842,-0.0086744,1953.070,6.016,5.615,11.631,1.2885,-0.2774,2.2536,0.0001082,-0.0037,229.735,-0.147,368.342,239.260,0.115,361.666,0.5739702,-0.0048419,0.8188619,-0.0156707,0.9997344,0.0168956,-0.090,0.059,0,0,0.0081,0,1
652,1955.801,57.83905535,18.83483521,38.476,236.351,-0.031,367.368,33.419,-0.5579,-0.0097994,1956.070,5.971,5.632,11.604,1.2724,-0.3196,2.2226,0.0000424,-0.0014,231.366,-0.162,370.656,241.053,0.096,364.267,0.5505689,-0.0055789,0.8347711,-0.0154780,0.9997375,0.0168898,-0.086,0.052,0,0,0.0091,0,1
653,1958.801,57.83907805,18.83486238,38.458,237.965,-0.049,369.897,31.568,-0.6271,-0.0107405,1959.070,5.894,5.670,11.564,1.2549,-0.3593,2.1901,-0.0000231,0.0008,232.945,-0.179,372.985,242.795,0.074,366.926,0.5238918,-0.0062709,0.8517617,-0.0153652,0.9997406,0.0168110,-0.081,0.044,0,0,0.0102,0,1
654,1961.801,57.83910123,18.83488812,38.439,239.494,-0.069,372.478,29.537,-0.6910,-0.0114128,1962.070,5.795,5.720,11.515,1.2362,-0.3959,2.1573,-0.0000854,0.0028,234.454,-0.197,375.338,244.469,0.052,369.655,0.4934676,-0.0069098,0.8697367,-0.0153494,0.9997435,0.0166516,-0.076,0.037,0,0,0.0112,0,1
655,1964.800,57.83912490,18.83491222,38.417,240.925,-0.090,375.114,27.396,-0.7493,-0.0117618,1965.070,5.685,5.774,11.459,1.2169,-0.4293,2.1254,-0.0001416,0.0046,235.877,-0.215,377.729,246.052,0.028,372.458,0.4599587,-0.0074928,0.8879087,-0.0154220,0.9997462,0.0164255,-0.071,0.030,0,0,0.0123,0,1
656,1967.800,57.83914905,18.83493457,38.394,242.253,-0.114,377.804,25.231,-0.8018,-0.0117774,1968.069,5.570,5.830,11.400,1.1977,-0.4594,2.0956,-0.0001890,0.0061,237.212,-0.237,380.174,247.529,0.002,375.324,0.4254622,-0.0080177,0.9049407,-0.0155491,0.9997484,0.0161682,-0.066,0.024,0,0,0.0115,0,1
657,1970.800,57.83917363,18.83495519,38.369,243.477,-0.138,380.542,23.122,-0.8485,-0.0114964,1971.069,5.453,5.887,11.341,1.1795,-0.4861,2.0687,-0.0002259,0.0073,238.460,-0.258,382.680,248.893,-0.024,378.233,0.3920936,-0.0084847,0.9198862,-0.0156993,0.9997501,0.0159130,-0.061,0.019,0,0,0.0107,0,1
658,1973.800,57.83919859,18.83497418,38.343,244.605,-0.164,383.322,21.127,-0.8899,-0.0109940,1974.069,5.334,5.952,11.286,1.1629,-0.5099,2.0454,-0.0002509,0.0080,239.630,-0.280,385.244,250.157,-0.051,381.177,0.3603718,-0.0088986,0.9327663,-0.0158690,0.9997513,0.0156686,-0.056,0.014,0,0,0.0100,0,1
659,1976.799,57.83922387,18.83499160,38.316,245.639,-0.192,386.138,19.271,-0.9262,-0.0103658,1977.069,5.210,6.033,11.243,1.1484,-0.5307,2.0264,-0.0002636,0.0083,240.721,-0.305,387.859,251.333,-0.079,384.146,0.3302323,-0.0092616,0.9438543,-0.0160640,0.9997519,0.0154305,-0.052,0.011,0,0,0.0092,0,1
660,1979.799,57.83924943,18.83500754,38.287,246.586,-0.220,388.984,17.552,-0.9578,-0.0097024,1980.069,5.081,6.138,11.219,1.1364,-0.5488,2.0117,-0.0002645,0.0083,241.742,-0.329,390.518,252.438,-0.106,387.131,0.3018753,-0.0095776,0.9532993,-0.0162826,0.9997519,0.0152004,-0.049,0.008,0,0,0.0084,0,1
661,1982.799,57.83927522,18.83502209,38.258,247.450,-0.249,391.857,15.949,-0.9845,-0.0090630,1983.069,4.948,6.276,11.224,1.1272,-0.5641,2.0014,-0.0002546,0.0080,242.693,-0.354,393.218,253.484,-0.133,390.131,0.2750160,-0.0098445,0.9613892,-0.0165307,0.9997513,0.0149661,-0.047,0.006,0,0,0.0090,0,1
662,1985.799,57.83930121,18.83503533,38.228,248.236,-0.279,394.752,14.454,-1.0058,-0.0084580,1986.069,4.817,6.451,11.267,1.1212,-0.5763,1.9955,-0.0002352,0.0075,243.572,-0.381,395.956,254.482,-0.160,393.140,0.2498503,-0.0100575,0.9682323,-0.0168045,0.9997504,0.0147212,-0.046,0.004,0,0,0.0095,0,1
663,1988.799,57.83932738,18.83504733,38.198,248.949,-0.309,397.666,13.061,-1.0208,-0.0078880,1989.069,4.696,6.661,11.357,1.1186,-0.5849,1.9934,-0.0002081,0.0067,244.375,-0.407,398.729,255.437,-0.185,396.158,0.2263325,-0.0102075,0.9739966,-0.0171023,0.9997493,0.0144515,-0.045,0.003,0,0,0.0100,0,1
664,1991.798,57.83935368,18.83505818,38.167,249.594,-0.340,400.596,11.762,-1.0284,-0.0073520,1992.069,4.594,6.901,11.495,1.1197,-0.5892,1.9949,-0.0001751,0.0058,245.097,-0.435,401.534,256.350,-0.211,399.187,0.2041764,-0.0102835,0.9788801,-0.0174242,0.9997482,0.0141370,-0.047,0.003,0,0,0.0105,0,1
665,1994.798,57.83938011,18.83506795,38.136,250.174,-0.371,403.539,10.552,-1.0272,-0.0068486,1995.069,4.518,7.160,11.678,1.1244,-0.5885,1.9991,-0.0001378,0.0047,245.733,-0.464,404.367,257.212,-0.235,402.226,0.1833629,-0.0102715,0.9829916,-0.0177642,0.9997475,0.0137602,-0.048,0.002,0,0,0.0110,0,1
666,1997.798,57.83940663,18.83507671,38.106,250.694,-0.402,406.493,9.426,-1.0161,-0.0063757,1998.069,4.472,7.421,11.893,1.1324,-0.5822,2.0055,-0.0000977,0.0035,246.283,-0.494,407.227,258.015,-0.259,405.276,0.1640121,-0.0101605,0.9864060,-0.0181121,0.9997474,0.0133094,-0.051,0.002,0,0,0.0106,0,1
667,2000.798,57.83943325,18.83508453,38.075,251.158,-0.432,409.457,8.377,-0.9945,-0.0059309,2001.069,4.454,7.667,12.121,1.1430,-0.5698,2.0132,-0.0000560,0.0021,246.752,-0.523,410.107,258.743,-0.281,408.339,0.1458226,-0.0099445,0.9892608,-0.0184615,0.9997480,0.0127713,-0.054,0.001,0,0,0.0102,0,1
668,2003.798,57.83945993,18.83509146,38.046,251.569,-0.461,412.429,7.402,-0.9626,-0.0055116,2004.069,4.458,7.878,12.336,1.1553,-0.5515,2.0213,-0.0000136,0.0005,247.149,-0.551,413.004,259.382,-0.303,411.413,0.1289912,-0.0096256,0.9915990,-0.0187980,0.9997495,0.0121500,-0.057,0.000,0,0,0.0098,0,1
669,2006.798,57.83948666,18.83509757,38.018,251.932,-0.490,415.407,6.496,-0.9214,-0.0051154,2007.069,4.476,8.036,12.512,1.1684,-0.5279,2.0292,0.0000289,-0.0011,247.485,-0.580,415.914,259.916,-0.325,414.496,0.1133349,-0.0092136,0.9935141,-0.0191121,0.9997518,0.0114517,-0.059,-0.001,1,0,0.0095,0,1
670,2009.797,57.83951345,18.83510291,37.991,252.249,-0.517,418.390,5.663,-0.8731,-0.0047625,2010.069,4.501,8.125,12.626,1.1811,-0.5002,2.0360,0.0000709,-0.0028,247.770,-0.607,418.834,260.335,-0.347,417.588,0.0986747,-0.0087307,0.9950814,-0.0193945,0.9997547,0.0106949,-0.062,-0.002,0,0,0.0091,0,1
671,2012.797,57.83954027,18.83510755,37.965,252.524,-0.542,421.377,4.915,-0.8204,-0.0045430,2013.069,4.529,8.137,12.666,1.1926,-0.4700,2.0412,0.0001123,-0.0045,248.011,-0.632,421.763,260.631,-0.368,420.684,0.0851808,-0.0082037,0.9963317,-0.0196342,0.9997581,0.0099105,-0.063,-0.004,1,0,0.0086,0,1
672,2015.797,57.83956712,18.83511152,37.941,252.760,-0.566,424.367,4.244,-0.7667,-0.0045843,2016.069,4.560,8.066,12.626,1.2018,-0.4393,2.0443,0.0001526,-0.0061,248.212,-0.656,424.698,260.805,-0.391,423.781,0.0726662,-0.0076668,0.9973268,-0.0198271,0.9997617,0.0091301,-0.064,-0.007,0,0,0.0082,0,1
673,2018.797,57.83959399,18.83511490,37.919,252.960,-0.588,427.361,3.596,-0.7159,-0.0050129,2019.069,4.598,7.917,12.515,1.2080,-0.4102,2.0451,0.0001914,-0.0075,248.371,-0.678,427.642,260.862,-0.414,426.877,0.0611627,-0.0071588,0.9981021,-0.0199702,0.9997653,0.0083945,-0.064,-0.010,1,0,0.0078,0,1
674,2021.797,57.83962089,18.83511771,37.899,253.127,-0.609,430.356,2.875,-0.6714,-0.0059263,2022.069,4.650,7.699,12.349,1.2106,-0.3847,2.0436,0.0002282,-0.0087,248.483,-0.699,430.587,260.816,-0.438,429.974,0.0496705,-0.0067138,0.9987431,-0.0200726,0.9997687,0.0077190,-0.064,-0.014,1,0,0.0073,0,1
675,2024.797,57.83964780,18.83511991,37.879,253.258,-0.628,433.353,1.958,-0.6361,-0.0073759,2025.068,4.725,7.427,12.152,1.2092,-0.3645,2.0400,0.0002622,-0.0097,248.536,-0.719,433.516,260.680,-0.462,433.097,0.0345018,-0.0063609,0.9993844,-0.0201638,0.9997718,0.0070595,-0.062,-0.018,1,0,0.0069,0,1
676,2027.797,57.83967472,18.83512119,37.860,253.334,-0.647,436.352,0.716,-0.6121,-0.0093544,2028.068,4.829,7.120,11.948,1.2040,-0.3507,2.0347,0.0002925,-0.0104,248.506,-0.738,436.412,260.453,-0.487,436.264,0.0123363,-0.0061209,0.9999052,-0.0202653,0.9997743,0.0063701,-0.061,-0.023,0,0,0.0078,0,1
677,2030.796,57.83970166,18.83512116,37.842,253.332,-0.665,439.351,359.039,-0.6004,-0.0117952,2031.068,4.961,6.799,11.760,1.1954,-0.3440,2.0282,0.0003181,-0.0110,248.372,-0.758,439.263,260.130,-0.512,439.471,-0.0176724,-0.0060039,0.9998258,-0.0203807,0.9997764,0.0056434,-0.058,-0.028,0,0,0.0087,0,1
678,2033.796,57.83972857,18.83511941,37.824,253.228,-0.683,442.349,356.848,-0.6008,-0.0145779,2034.068,5.117,6.486,11.603,1.1844,-0.3442,2.0212,0.0003381,-0.0114,248.119,-0.778,442.062,259.704,-0.538,442.712,-0.0560138,-0.0060079,0.9984119,-0.0205127,0.9997778,0.0048653,-0.056,-0.034,0,0,0.0096,0,1
679,2036.796,57.83975542,18.83511551,37.806,252.996,-0.701,445.340,354.105,-0.6124,-0.0175406,2037.068,5.285,6.199,11.484,1.1724,-0.3509,2.0144,0.0003518,-0.0116,247.739,-0.798,444.793,259.162,-0.563,445.982,-0.1035457,-0.0061239,0.9946058,-0.0206651,0.9997784,0.0040043,-0.053,-0.040,0,0,0.0104,0,1
680,2039.795,57.83978213,18.83510897,37.787,252.607,-0.720,448.314,350.766,-0.6333,-0.0204425,2040.067,5.451,5.953,11.404,1.1608,-0.3628,2.0082,0.0003590,-0.0117,247.227,-0.819,447.439,258.483,-0.588,449.270,-0.1606081,-0.0063329,0.9869979,-0.0208341,0.9997784,0.0030247,-0.050,-0.046,0,0,0.0113,0,1
681,2042.794,57.83980856,18.83509932,37.768,252.033,-0.739,451.258,346.801,-0.6615,-0.0229420,2043.066,5.599,5.758,11.357,1.1509,-0.3790,2.0032,0.0003596,-0.0116,246.580,-0.840,449.989,257.641,-0.612,452.563,-0.2266815,-0.0066149,0.9739465,-0.0210058,0.9997775,0.0019013,-0.047,-0.051,0,0,0.0104,0,1
682,2045.794,57.83983455,18.83508610,37.748,251.248,-0.760,454.153,342.294,-0.6943,-0.0246513,2046.066,5.718,5.618,11.335,1.1436,-0.3978,1.9997,0.0003543,-0.0114,245.796,-0.863,452.431,256.605,-0.636,455.845,-0.3011640,-0.0069428,0.9535471,-0.0211547,0.9997760,0.0005980,-0.044,-0.056,0,0,0.0095,0,1
683,2048.793,57.83985987,18.83506892,37.726,250.228,-0.781,456.973,337.463,-0.7292,-0.0252420,2049.065,5.798,5.533,11.331,1.1391,-0.4178,1.9975,0.0003440,-0.0110,244.869,-0.885,454.759,255.341,-0.660,459.086,-0.3818895,-0.0072918,0.9241792,-0.0212412,0.9997740,-0.0008890,-0.042,-0.060,0,0,0.0086,0,1
684,2051.791,57.83988427,18.83504757,37.704,248.960,-0.803,459.690,332.621,-0.7640,-0.0245693,2052.064,5.838,5.499,11.337,1.1373,-0.4377,1.9964,0.0003300,-0.0106,243.782,-0.908,456.993,253.837,-0.683,462.230,-0.4619592,-0.0076398,0.8868683,-0.0212307,0.9997716,-0.0024465,-0.039,-0.063,0,0,0.0077,0,1
685,2054.790,57.83990759,18.83502233,37.681,247.460,-0.827,462.287,328.093,-0.7979,-0.0227397,2055.063,5.839,5.509,11.348,1.1373,-0.4572,1.9957,0.0003138,-0.0101,242.514,-0.933,459.184,252.126,-0.708,465.215,-0.5314507,-0.0079787,0.8470517,-0.0211405,0.9997691,-0.0038465,-0.037,-0.065,0,0,0.0068,0,1
686,2057.790,57.83992987,18.83499395,37.656,245.774,-0.851,464.768,324.134,-0.8308,-0.0200635,2058.062,5.806,5.553,11.359,1.1381,-0.4760,1.9941,0.0002969,-0.0096,241.073,-0.957,461.361,250.270,-0.731,468.027,-0.5868517,-0.0083077,0.8096518,-0.0210167,0.9997667,-0.0049749,-0.035,-0.065,0,0,0.0072,0,1
687,2060.789,57.83995119,18.83496309,37.631,243.941,-0.877,467.142,320.871,-0.8635,-0.0169364,2061.062,5.746,5.623,11.370,1.1382,-0.4947,1.9903,0.0002805,-0.0091,239.480,-0.982,463.520,248.307,-0.756,470.686,-0.6302678,-0.0086347,0.7763298,-0.0208892,0.9997647,-0.0058392,-0.033,-0.065,0,0,0.0076,0,1
688,2063.789,57.83997167,18.83493030,37.604,241.994,-0.903,469.424,318.292,-0.8966,-0.0137257,2064.062,5.668,5.709,11.377,1.1362,-0.5137,1.9822,0.0002660,-0.0086,237.756,-1.007,465.660,246.263,-0.781,473.215,-0.6639956,-0.0089656,0.7476827,-0.0207698,0.9997634,-0.0064567,-0.031,-0.063,0,0,0.0080,0,1
689,2066.789,57.83999145,18.83489603,37.577,239.958,-0.930,471.627,316.295,-0.9303,-0.0106995,2067.061,5.578,5.801,11.379,1.1305,-0.5330,1.9676,0.0002542,-0.0082,235.920,-1.032,467.779,244.158,-0.807,475.629,-0.6897835,-0.0093026,0.7239559,-0.0206579,0.9997632,-0.0068362,-0.029,-0.060,0,0,0.0083,0,1
690,2069.788,57.84001067,18.83486065,37.548,237.856,-0.959,473.767,314.798,-0.9651,-0.0079988,2070.061,5.483,5.893,11.376,1.1195,-0.5529,1.9441,0.0002455,-0.0079,233.988,-1.058,469.881,242.013,-0.836,477.944,-0.7087387,-0.0096506,0.7054051,-0.0205499,0.9997645,-0.0069693,-0.028,-0.057,0,0,0.0087,0,1
691,2072.788,57.84002946,18.83482446,37.519,235.706,-0.988,475.859,313.754,-1.0009,-0.0056637,2073.061,5.391,5.975,11.366,1.1016,-0.5735,1.9089,0.0002404,-0.0078,231.976,-1.084,471.967,239.840,-0.865,480.173,-0.7219139,-0.0100085,0.6919105,-0.0204298,0.9997678,-0.0068540,-0.027,-0.053,0,0,0.0082,0,1
692,2075.788,57.84004795,18.83478773,37.488,233.525,-1.019,477.918,313.103,-1.0377,-0.0037255,2076.061,5.309,6.042,11.351,1.0753,-0.5945,1.8595,0.0002388,-0.0077,229.897,-1.111,474.042,237.654,-0.898,482.329,-0.7300175,-0.0103764,0.6833497,-0.0202785,0.9997734,-0.0064821,-0.026,-0.049,0,0,0.0076,0,1
693,2078.788,57.84006627,18.83475071,37.457,231.326,-1.051,479.959,312.763,-1.0749,-0.0021974,2079.061,5.243,6.087,11.331,1.0390,-0.6158,1.7933,0.0002404,-0.0077,227.764,-1.138,476.112,235.462,-0.933,484.426,-0.7337060,-0.0107484,0.6793821,-0.0200671,0.9997815,-0.0058543,-0.025,-0.045,0,0,0.0071,0,1
694,2081.788,57.84008455,18.83471362,37.424,229.122,-1.083,481.995,312.644,-1.1114,-0.0010661,2082.062,5.202,6.107,11.309,0.9915,-0.6368,1.7085,0.0002449,-0.0078,225.592,-1.165,478.173,233.265,-0.970,486.481,-0.7345855,-0.0111133,0.6784251,-0.0197523,0.9997924,-0.0050097,-0.024,-0.042,0,0,0.0066,0,1
695,2084.788,57.84010283,18.83467651,37.390,226.918,-1.117,484.030,312.656,-1.1457,-0.0002862,2085.062,5.193,6.098,11.291,0.9316,-0.6564,1.6034,0.0002515,-0.0080,223.394,-1.193,480.215,231.055,-1.010,488.509,-0.7345060,-0.0114562,0.6785055,-0.0192918,0.9998059,-0.0040028,-0.024,-0.039,0,0,0.0060,0,1
696,2087.788,57.84012110,18.83463942,37.355,224.715,-1.152,486.066,312.728,-1.1763,0.0002183,2088.062,5.221,6.057,11.278,0.8586,-0.6739,1.4770,0.0002596,-0.0083,221.170,-1.222,482.233,228.828,-1.053,490.513,-0.7341006,-0.0117622,0.6789389,-0.0186613,0.9998218,-0.0028562,-0.023,-0.036,0,0,0.0068,0,1
697,2090.788,57.84013940,18.83460235,37.320,222.513,-1.188,488.104,312.825,-1.2015,0.0005450,2091.062,5.292,5.985,11.276,0.7721,-0.6884,1.3291,0.0002682,-0.0085,218.915,-1.251,484.223,226.582,-1.099,492.493,-0.7332983,-0.0120141,0.6798009,-0.0178442,0.9998395,-0.0015783,-0.023,-0.034,0,0,0.0076,0,1
698,2093.788,57.84015773,18.83456535,37.283,220.315,-1.224,490.145,312.944,-1.2199,0.0007917,2094.062,5.408,5.881,11.288,0.6720,-0.6989,1.1599,0.0002762,-0.0088,216.630,-1.279,486.187,224.322,-1.146,494.449,-0.7318539,-0.0121981,0.6813524,-0.0168299,0.9998584,-0.0001771,-0.022,-0.032,0,0,0.0084,0,1
699,2096.787,57.84017611,18.83452842,37.246,218.122,-1.261,492.192,313.099,-1.2302,0.0010272,2097.062,5.570,5.747,11.317,0.5589,-0.7048,0.9704,0.0002828,-0.0091,214.316,-1.306,488.126,222.050,-1.196,496.388,-0.7300015,-0.0123011,0.6833348,-0.0156108,0.9998773,0.0013224,-0.022,-0.031,1,0,0.0092,0,1
700,2099.787,57.84019455,18.83449160,37.209,215.935,-1.298,494.245,313.296,-1.2319,0.0012633,2100.062,5.778,5.586,11.363,0.4334,-0.7058,0.7620,0.0002868,-0.0093,211.972,-1.332,490.041,219.766,-1.246,498.310,-0.7276602,-0.0123181,0.6858272,-0.0141899,0.9998951,0.0029036,-0.021,-0.031,0,0,0.0100,0,1
701,2102.787,57.84021306,18.83445491,37.173,213.756,-1.335,496.307,313.535,-1.2249,0.0014972,2103.062,6.029,5.400,11.429,0.2972,-0.7018,0.5369,0.0002876,-0.0094,209.603,-1.357,491.937,217.476,-1.298,500.221,-0.7248244,-0.0122481,0.6888248,-0.0125765,0.9999106,0.0045458,-0.021,-0.031,0,0,0.0094,0,1
702,2105.787,57.84023166,18.83441838,37.136,211.586,-1.371,498.378,313.815,-1.2101,0.0017254,2106.062,6.319,5.194,11.514,0.1522,-0.6933,0.2977,0.0002845,-0.0094,207.211,-1.378,493.818,215.182,-1.348,502.126,-0.7214877,-0.0121001,0.6923215,-0.0107914,0.9999224,0.0062302,-0.020,-0.031,0,0,0.0088,0,1
703,2108.787,57.84025036,18.83438203,37.100,209.427,-1.407,500.461,314.134,-1.1885,0.0019450,2109.062,6.644,4.976,11.620,0.0008,-0.6809,0.0476,0.0002774,-0.0094,204.800,-1.398,495.693,212.892,-1.398,504.032,-0.7176427,-0.0118842,0.6963101,-0.0088607,0.9999293,0.0079339,-0.020,-0.031,0,0,0.0082,0,1
704,2111.787,57.84026918,18.83434589,37.065,207.280,-1.443,502.556,314.491,-1.1622,0.0021530,2112.063,6.995,4.753,11.748,-0.1541,-0.6659,-0.2093,0.0002665,-0.0092,202.377,-1.415,497.566,210.611,-1.447,505.946,-0.7132810,-0.0116212,0.7007819,-0.0068233,0.9999303,0.0096370,-0.020,-0.032,0,0,0.0076,0,1
705,2114.787,57.84028812,18.83430999,37.030,205.147,-1.477,504.666,314.884,-1.1328,0.0023466,2115.063,7.366,4.535,11.900,-0.3093,-0.6490,-0.4683,0.0002523,-0.0089,199.949,-1.429,499.447,208.347,-1.493,507.879,-0.7084766,-0.0113273,0.7056434,-0.0047207,0.9999249,0.0113115,-0.020,-0.033,0,0,0.0070,0,1
706,2117.787,57.84030720,18.83427433,36.997,203.029,-1.511,506.790,315.309,-1.1023,0.0025237,2118.063,7.745,4.331,12.077,-0.4613,-0.6315,-0.7246,0.0002358,-0.0086,197.523,-1.441,501.343,206.108,-1.538,509.836,-0.7032198,-0.0110223,0.7108871,-0.0026007,0.9999130,0.0129310,-0.020,-0.034,0,0,0.0067,0,1
707,2120.786,57.84032642,18.83423895,36.964,200.928,-1.543,508.931,315.764,-1.0720,0.0026824,2121.063,8.125,4.151,12.277,-0.6070,-0.6142,-0.9725,0.0002186,-0.0082,195.106,-1.450,503.263,203.903,-1.580,511.827,-0.6975023,-0.0107194,0.7165024,-0.0005090,0.9998953,0.0144636,-0.021,-0.035,0,0,0.0065,0,1
708,2123.786,57.84034580,18.83420387,36.933,198.844,-1.575,511.089,316.242,-1.0426,0.0028293,2124.063,8.495,4.002,12.497,-0.7436,-0.5973,-1.2070,0.0002023,-0.0079,192.708,-1.458,505.215,201.735,-1.620,513.857,-0.6914840,-0.0104254,0.7223166,0.0015086,0.9998728,0.0158757,-0.021,-0.037,0,0,0.0062,0,1
709,2126.786,57.84036533,18.83416910,36.902,196.779,-1.606,513.265,316.737,-1.0139,0.0029868,2127.063,8.843,3.887,12.730,-0.8689,-0.5809,-1.4231,0.0001885,-0.0076,190.338,-1.465,507.206,199.610,-1.658,515.928,-0.6851579,-0.0101385,0.7283240,0.0034177,0.9998474,0.0171333,-0.022,-0.038,0,1,0.0060,0,1
710,2129.786,57.84038503,18.83413467,36.872,194.733,-1.636,515.459,317.248,-0.9848,0.0031835,2130.063,9.157,3.807,12.964,-0.9814,-0.5642,-1.6171,0.0001792,-0.0075,188.007,-1.473,509.245,197.529,-1.695,518.042,-0.6785171,-0.0098475,0.7345186,0.0051951,0.9998208,0.0182034,-0.022,-0.039,0,1,0.0058,0,1
711,2132.786,57.84040491,18.83410057,36.843,192.708,-1.665,517.672,317.785,-0.9536,0.0034491,2133.063,9.427,3.759,13.186,-1.0805,-0.5464,-1.7863,0.0001759,-0.0076,185.723,-1.481,511.341,195.493,-1.730,520.196,-0.6715547,-0.0095356,0.7408936,0.0068294,0.9997951,0.0190580,-0.022,-0.040,0,1,0.0058,0,1
712,2135.786,57.84042495,18.83406683,36.815,190.704,-1.693,519.904,318.365,-0.9177,0.0038077,2136.063,9.641,3.738,13.379,-1.1661,-0.5258,-1.9295,0.0001797,-0.0080,183.497,-1.490,513.500,193.498,-1.763,522.387,-0.6641807,-0.0091766,0.7475158,0.0083265,0.9997718,0.0196716,-0.021,-0.040,0,1,0.0058,0,1
713,2138.786,57.84044517,18.83403347,36.788,188.723,-1.720,522.157,319.013,-0.8746,0.0042772,2139.063,9.792,3.739,13.531,-1.2390,-0.5011,-2.0470,0.0001912,-0.0088,181.331,-1.501,515.736,191.546,-1.794,524.609,-0.6557616,-0.0087457,0.7549174,0.0097159,0.9997523,0.0200218,-0.020,-0.040,0,1,0.0058,0,1
714,2141.786,57.84046562,18.83400058,36.762,186.769,-1.745,524.434,319.753,-0.8220,0.0048667,2142.063,9.876,3.756,13.632,-1.3000,-0.4710,-2.1404,0.0002105,-0.0098,179.230,-1.513,518.055,189.636,-1.822,526.860,-0.6458831,-0.0082197,0.7633921,0.0110281,0.9997373,0.0200951,-0.018,-0.040,0,1,0.0058,0,1
715,2144.785,57.84048630,18.83396824,36.738,184.848,-1.769,526.737,320.609,-0.7579,0.0055799,2145.063,9.896,3.783,13.679,-1.3504,-0.4342,-2.2123,0.0002371,-0.0111,177.197,-1.527,520.460,187.773,-1.849,529.137,-0.6342448,-0.0075788,0.7730952,0.0122934,0.9997267,0.0198860,-0.015,-0.040,0,0,0.0058,0,1
716,2147.785,57.84050726,18.83393652,36.717,182.964,-1.791,529.072,321.597,-0.6816,0.0064199,2148.063,9.859,3.819,13.678,-1.3915,-0.3905,-2.2660,0.0002700,-0.0126,175.235,-1.541,522.951,185.958,-1.874,531.443,-0.6207910,-0.0068158,0.7839465,0.0135296,0.9997201,0.0194057,-0.012,-0.039,0,1,0.0076,0,1
717,2150.785,57.84052853,18.83390554,36.697,181.123,-1.810,531.441,322.734,-0.5934,0.0073943,2151.063,9.777,3.861,13.638,-1.4247,-0.3400,-2.3051,0.0003075,-0.0143,173.338,-1.555,525.526,184.197,-1.894,533.777,-0.6050177,-0.0059339,0.7961899,0.0147588,0.9997168,0.0186658,-0.009,-0.039,0,1,0.0094,0,1
718,2153.785,57.84055015,18.83387542,36.681,179.334,-1.826,533.849,324.046,-0.4950,0.0085062,2154.063,9.660,3.911,13.571,-1.4511,-0.2836,-2.3331,0.0003480,-0.0160,171.510,-1.568,528.183,182.502,-1.912,536.143,-0.5865479,-0.0049499,0.8098994,0.0159877,0.9997157,0.0176888,-0.006,-0.038,0,1,0.0112,0,1
719,2156.785,57.84057216,18.83384629,36.668,177.604,-1.840,536.300,325.568,-0.3890,0.0097402,2157.062,9.517,3.972,13.489,-1.4718,-0.2229,-2.3532,0.0003897,-0.0177,169.753,-1.581,530.922,180.881,-1.927,538.545,-0.5651158,-0.0038900,0.8250024,0.0172112,0.9997157,0.0165032,-0.002,-0.037,1,0,0.0129,0,1
720,2159.785,57.84059459,18.83381835,36.658,175.944,-1.850,538.798,327.333,-0.2791,0.0110550,2160.062,9.353,4.048,13.401,-1.4876,-0.1599,-2.3684,0.0004309,-0.0193,168.070,-1.591,533.751,179.352,-1.939,540.983,-0.5396428,-0.0027910,0.8418895,0.0184283,0.9997158,0.0151266,0.001,-0.037,0,1,0.0147,0,1
721,2162.784,57.84061750,18.83379179,36.651,174.367,-1.856,541.350,329.361,-0.1692,0.0123870,2163.062,9.171,4.141,13.312,-1.4994,-0.0969,-2.3810,0.0004703,-0.0208,166.477,-1.598,536.676,177.930,-1.947,543.461,-0.5096326,-0.0016920,0.8603905,0.0196180,0.9997152,0.0135863,0.004,-0.037,0,1,0.0133,0,1
722,2165.784,57.84064093,18.83376688,36.648,172.887,-1.860,543.959,331.650,-0.0636,0.0136560,2166.062,8.972,4.253,13.225,-1.5076,-0.0364,-2.3927,0.0005069,-0.0222,164.990,-1.605,539.700,176.631,-1.953,545.978,-0.4746763,-0.0006360,0.8801602,0.0207522,0.9997137,0.0119142,0.006,-0.037,0,1,0.0119,0,1
723,2168.784,57.84066491,18.83374386,36.647,171.520,-1.860,546.629,334.181,0.0337,0.0147770,2169.061,8.760,4.382,13.141,-1.5131,0.0193,-2.4051,0.0005401,-0.0233,163.633,-1.608,542.817,175.465,-1.955,548.536,-0.4351686,0.0003370,0.9003489,0.0217942,0.9997109,0.0101597,0.008,-0.037,0,0,0.0105,0,1
724,2171.783,57.84068942,18.83372294,36.650,170.277,-1.858,549.359,336.910,0.1194,0.0156703,2172.061,8.538,4.523,13.061,-1.5167,0.0684,-2.4189,0.0005700,-0.0243,162.423,-1.610,546.012,174.438,-1.956,551.132,-0.3920264,0.0011940,0.9199532,0.0227143,0.9997069,0.0083819,0.009,-0.038,0,1,0.0091,0,1
725,2174.783,57.84071445,18.83370429,36.654,169.169,-1.853,552.146,339.783,0.1904,0.0162777,2175.060,8.310,4.674,12.984,-1.5191,0.1091,-2.4350,0.0005966,-0.0251,161.371,-1.609,549.275,173.555,-1.954,553.761,-0.3454884,0.0019040,0.9384211,0.0235014,0.9997019,0.0066239,0.010,-0.039,0,0,0.0077,0,1
726,2177.782,57.84073995,18.83368805,36.661,168.205,-1.846,554.987,342.741,0.2449,0.0165676,2178.060,8.078,4.832,12.909,-1.5209,0.1403,-2.4538,0.0006204,-0.0258,160.491,-1.607,552.591,172.819,-1.950,556.420,-0.2966501,0.0024490,0.9549831,0.0241526,0.9996961,0.0049390,0.010,-0.040,0,1,0.0074,0,1
727,2180.782,57.84076587,18.83367433,36.669,167.390,-1.839,557.873,345.720,0.2816,0.0165418,2181.059,7.839,4.997,12.836,-1.5226,0.1613,-2.4757,0.0006420,-0.0264,159.793,-1.605,555.940,172.233,-1.947,559.105,-0.2466128,0.0028160,0.9691100,0.0246791,0.9996897,0.0033753,0.010,-0.041,0,1,0.0072,0,1
728,2183.781,57.84079213,18.83366316,36.678,166.726,-1.830,560.799,348.656,0.3001,0.0162287,2184.059,7.587,5.173,12.760,-1.5242,0.1719,-2.5010,0.0006619,-0.0269,159.287,-1.602,559.308,171.798,-1.942,561.816,-0.1965641,0.0030010,0.9804864,0.0251043,0.9996829,0.0019731,0.009,-0.043,0,0,0.0070,0,1
729,2186.781,57.84081866,18.83365449,36.687,166.211,-1.821,563.754,351.487,0.3009,0.0156868,2187.059,7.316,5.364,12.680,-1.5255,0.1724,-2.5302,0.0006808,-0.0274,158.975,-1.599,562.673,171.516,-1.937,564.546,-0.1477445,0.0030090,0.9890210,0.0254602,0.9996755,0.0007620,0.009,-0.045,0,0,0.0067,0,1
730,2189.781,57.84084539,18.83364824,36.696,165.840,-1.812,566.730,354.173,0.2852,0.0150003,2190.058,7.019,5.571,12.590,-1.5264,0.1634,-2.5635,0.0006992,-0.0277,158.857,-1.598,566.020,171.382,-1.933,567.294,-0.1012202,0.0028520,0.9948600,0.0257836,0.9996675,-0.0002425,0.008,-0.048,0,0,0.0065,0,1
731,2192.780,57.84087224,18.83364427,36.704,165.604,-1.804,569.720,356.697,0.2552,0.0142608,2193.058,6.697,5.794,12.491,-1.5273,0.1462,-2.6015,0.0007176,-0.0280,158.918,-1.598,569.334,171.388,-1.931,570.054,-0.0576858,0.0025520,0.9983315,0.0261104,0.9996585,-0.0010467,0.007,-0.051,0,0,0.0072,0,1
732,2195.780,57.84089916,18.83364243,36.711,165.494,-1.797,572.718,359.064,0.2136,0.0135522,2196.058,6.356,6.029,12.384,-1.5287,0.1224,-2.6447,0.0007362,-0.0282,159.139,-1.599,572.612,171.522,-1.930,572.818,-0.0166699,0.0021360,0.9998588,0.0264696,0.9996482,-0.0016942,0.007,-0.054,0,0,0.0078,0,1
733,2198.780,57.84092609,18.83364260,36.717,165.504,-1.791,575.718,1.298,0.1634,0.0129373,2199.057,6.008,6.267,12.275,-1.5316,0.0936,-2.6933,0.0007553,-0.0285,159.497,-1.602,575.852,171.769,-1.930,575.578,0.0223389,0.0016340,0.9997491,0.0268802,0.9996362,-0.0022344,0.006,-0.057,0,0,0.0085,0,1
734,2201.779,57.84095300,18.83364469,36.721,165.628,-1.787,578.715,3.432,0.1082,0.0124531,2202.057,5.669,6.499,12.168,-1.5370,0.0620,-2.7475,0.0007748,-0.0287,159.969,-1.606,579.053,172.115,-1.933,578.327,0.0596796,0.0010820,0.9982170,0.0273513,0.9996222,-0.0027188,0.006,-0.060,0,0,0.0092,0,1
735,2204.779,57.84097985,18.83364863,36.723,165.862,-1.784,581.706,5.497,0.0516,0.0121102,2205.057,5.352,6.714,12.065,-1.5460,0.0296,-2.8071,0.0007944,-0.0289,160.535,-1.611,582.218,172.545,-1.937,581.064,0.0956902,0.0005160,0.9954110,0.0278819,0.9996061,-0.0031985,0.006,-0.062,0,0,0.0098,0,1
736,2207.779,57.84100661,18.83365435,36.724,166.202,-1.784,584.686,7.520,-0.0030,0.0119020,2208.056,5.067,6.901,11.968,-1.5593,-0.0017,-2.8715,0.0008134,-0.0291,161.179,-1.618,585.348,173.044,-1.943,583.784,0.1307003,-0.0000300,0.9914219,0.0284606,0.9995880,-0.0037217,0.006,-0.064,0,0,0.0096,0,1
737,2210.779,57.84103325,18.83366184,36.723,166.646,-1.785,587.653,9.521,-0.0528,0.0118168,2211.056,4.820,7.055,11.875,-1.5775,-0.0303,-2.9396,0.0008310,-0.0293,161.892,-1.624,588.450,173.604,-1.951,586.486,0.1653721,-0.0005280,0.9862311,0.0290656,0.9995681,-0.0043386,0.006,-0.066,0,0,0.0094,0,1
738,2213.778,57.84105973,18.83367106,36.720,167.194,-1.787,590.602,11.519,-0.0957,0.0118455,2214.056,4.617,7.168,11.785,-1.6004,-0.0548,-3.0099,0.0008460,-0.0294,162.670,-1.630,591.524,174.218,-1.959,589.170,0.1997378,-0.0009570,0.9798489,0.0296700,0.9995469,-0.0050719,0.006,-0.068,0,0,0.0092,0,1
739,2216.778,57.84108602,18.83368201,36.717,167.844,-1.790,593.530,13.533,-0.1303,0.0119834,2217.056,4.457,7.239,11.697,-1.6280,-0.0747,-3.0806,0.0008570,-0.0293,163.510,-1.636,594.573,174.882,-1.968,591.836,0.2340536,-0.0013030,0.9722228,0.0302405,0.9995250,-0.0059405,0.007,-0.068,0,0,0.0090,0,1
740,2219.778,57.84111209,18.83369470,36.713,168.598,-1.795,596.434,15.580,-0.1565,0.0122299,2220.055,4.344,7.268,11.612,-1.6595,-0.0897,-3.1494,0.0008625,-0.0291,164.414,-1.642,597.601,175.599,-1.978,594.481,0.2687267,-0.0015650,0.9632152,0.0307407,0.9995032,-0.0069524,0.007,-0.068,0,0,0.0088,0,1
741,2222.777,57.84113790,18.83370916,36.708,169.456,-1.800,599.308,17.679,-0.1749,0.0125852,2223.055,4.276,7.257,11.533,-1.6939,-0.1002,-3.2140,0.0008610,-0.0286,165.382,-1.647,600.608,176.370,-1.988,597.103,0.3038981,-0.0017490,0.9527029,0.0311356,0.9994824,-0.0080969,0.007,-0.068,0,0,0.0094,0,1
742,2225.777,57.84116340,18.83372540,36.702,170.421,-1.805,602.149,19.847,-0.1871,0.0130534,2226.055,4.253,7.210,11.463,-1.7300,-0.1072,-3.2721,0.0008512,-0.0280,166.421,-1.650,603.594,177.202,-1.997,599.699,0.3397340,-0.0018710,0.9405197,0.0313931,0.9994634,-0.0093515,0.007,-0.067,0,0,0.0101,0,1
743,2228.777,57.84118855,18.83374347,36.696,171.494,-1.811,604.950,22.104,-0.1952,0.0136399,2229.055,4.271,7.132,11.404,-1.7659,-0.1118,-3.3210,0.0008320,-0.0270,167.537,-1.654,606.559,178.101,-2.006,602.264,0.3766446,-0.0019520,0.9263558,0.0314826,0.9994471,-0.0106944,0.007,-0.066,0,0,0.0107,0,1
744,2231.777,57.84121329,18.83376343,36.690,172.680,-1.817,607.705,24.471,-0.2018,0.0143517,2232.054,4.325,7.031,11.356,-1.7994,-0.1156,-3.3588,0.0008025,-0.0259,168.745,-1.657,609.498,179.078,-2.013,604.790,0.4146435,-0.0020180,0.9099817,0.0313832,0.9994344,-0.0120837,0.007,-0.065,0,0,0.0114,0,1
745,2234.776,57.84123756,18.83378534,36.684,173.981,-1.823,610.408,26.974,-0.2094,0.0151854,2235.054,4.405,6.914,11.319,-1.8282,-0.1200,-3.3831,0.0007627,-0.0244,170.055,-1.659,612.407,180.142,-2.020,607.270,0.4538698,-0.0020940,0.8910655,0.0310786,0.9994260,-0.0134814,0.007,-0.063,0,0,0.0121,0,1
746,2237.776,57.84126127,18.83380928,36.678,175.402,-1.829,613.049,29.651,-0.2204,0.0160868,2238.054,4.504,6.790,11.294,-1.8497,-0.1263,-3.3924,0.0007128,-0.0227,171.488,-1.662,615.277,181.303,-2.026,609.690,0.4947185,-0.0022040,0.8690505,0.0305546,0.9994226,-0.0148590,0.007,-0.062,0,0,0.0113,0,1
747,2240.775,57.84128435,18.83383531,36.671,176.948,-1.836,615.620,32.531,-0.2367,0.0169502,2241.053,4.610,6.670,11.280,-1.8618,-0.1356,-3.3852,0.0006538,-0.0208,173.060,-1.666,618.097,182.573,-2.033,612.037,0.5372624,-0.0023670,0.8434119,0.0298058,0.9994247,-0.0161817,0.006,-0.060,0,0,0.0105,0,1
748,2243.775,57.84130669,18.83386353,36.664,178.624,-1.844,618.107,35.608,-0.2593,0.0176504,2244.053,4.714,6.562,11.276,-1.8626,-0.1486,-3.3605,0.0005872,-0.0187,174.789,-1.673,620.848,183.963,-2.039,614.291,0.5814570,-0.0025930,0.8135730,0.0288316,0.9994325,-0.0174204,0.005,-0.058,0,0,0.0097,0,1
749,2246.774,57.84132816,18.83389401,36.656,180.435,-1.852,620.499,38.835,-0.2885,0.0180668,2247.052,4.806,6.475,11.282,-1.8511,-0.1653,-3.3179,0.0005152,-0.0164,176.690,-1.681,623.511,185.481,-2.045,616.440,0.6267846,-0.0028850,0.7791872,0.0276457,0.9994459,-0.0185379,0.004,-0.056,0,0,0.0089,0,1
750,2249.774,57.84134864,18.83392681,36.646,182.383,-1.861,622.780,42.129,-0.3238,0.0181157,2250.052,4.879,6.416,11.295,-1.8270,-0.1855,-3.2576,0.0004406,-0.0141,178.766,-1.692,626.055,187.139,-2.052,618.474,0.6712154,-0.0032380,0.7412553,0.0263062,0.9994646,-0.0194547,0.003,-0.053,0,0,0.0081,0,1
751,2252.773,57.84136807,18.83396178,36.636,184.460,-1.871,624.944,45.390,-0.3639,0.0177662,2253.051,4.928,6.384,11.312,-1.7910,-0.2085,-3.1803,0.0003665,-0.0117,181.001,-1.705,628.454,188.941,-2.059,620.397,0.7122529,-0.0036390,0.7019135,0.0249020,0.9994881,-0.0200871,0.002,-0.050,0,0,0.0086,0,1
752,2255.773,57.84138642,18.83399873,36.625,186.654,-1.883,626.989,48.523,-0.4070,0.0170506,2256.051,4.950,6.379,11.329,-1.7442,-0.2332,-3.0876,0.0002963,-0.0095,183.376,-1.723,630.698,190.879,-2.068,622.209,0.7492863,-0.0040700,0.6622337,0.0234852,0.9995154,-0.0204296,0.000,-0.047,0,0,0.0091,0,1
753,2258.772,57.84140372,18.83403744,36.612,188.953,-1.896,628.915,51.460,-0.4511,0.0160504,2259.050,4.949,6.395,11.344,-1.6885,-0.2585,-2.9816,0.0002337,-0.0075,185.868,-1.743,632.785,192.939,-2.077,623.914,0.7819983,-0.0045110,0.6232643,0.0221010,0.9995456,-0.0204953,-0.001,-0.043,0,0,0.0095,0,1
754,2261.772,57.84141998,18.83407770,36.598,191.344,-1.910,630.727,54.169,-0.4943,0.0148712,2262.050,4.930,6.421,11.351,-1.6256,-0.2832,-2.8651,0.0001820,-0.0059,188.457,-1.764,634.723,195.105,-2.086,625.522,0.8105462,-0.0049429,0.5856538,0.0207778,0.9995776,-0.0203200,-0.002,-0.038,0,1,0.0100,0,1
755,2264.772,57.84143526,18.83411929,36.582,193.815,-1.925,632.428,56.646,-0.5349,0.0136065,2265.050,4.903,6.448,11.351,-1.5576,-0.3065,-2.7414,0.0001442,-0.0046,191.118,-1.787,636.522,197.362,-2.096,627.044,0.8350524,-0.0053489,0.5501444,0.0195412,0.9996101,-0.0199422,-0.003,-0.033,0,0,0.0105,0,1
756,2267.771,57.84144961,18.83416203,36.565,196.353,-1.942,634.027,58.886,-0.5714,0.0123062,2268.049,4.880,6.464,11.344,-1.4862,-0.3274,-2.6140,0.0001228,-0.0040,193.829,-1.812,638.203,199.696,-2.106,628.495,0.8558416,-0.0057139,0.5172064,0.0184039,0.9996422,-0.0194099,-0.004,-0.027,0,1,0.0092,0,1
757,2270.771,57.84146311,18.83420573,36.548,198.948,-1.960,635.530,60.891,-0.6032,0.0110001,2271.049,4.873,6.460,11.333,-1.4135,-0.3456,-2.4865,0.0001193,-0.0038,196.575,-1.836,639.786,202.094,-2.116,629.888,0.8734012,-0.0060319,0.4869641,0.0173712,0.9996728,-0.0187737,-0.003,-0.021,0,0,0.0080,0,1
758,2273.771,57.84147584,18.83425025,36.529,201.592,-1.978,636.948,62.665,-0.6297,0.0097111,2274.049,4.895,6.428,11.323,-1.3414,-0.3608,-2.3622,0.0001340,-0.0043,199.342,-1.859,641.295,204.547,-2.124,631.240,0.8880546,-0.0062969,0.4596949,0.0164464,0.9997013,-0.0180780,-0.002,-0.015,0,0,0.0068,0,1
759,2276.771,57.84148787,18.83429543,36.510,204.276,-1.997,638.288,64.214,-0.6510,0.0084536,2277.049,4.955,6.362,11.317,-1.2723,-0.3730,-2.2443,0.0001661,-0.0053,202.118,-1.882,642.748,207.047,-2.133,632.561,0.9001339,-0.0065099,0.4355648,0.0156312,0.9997271,-0.0173616,0.000,-0.007,0,1,0.0055,0,1
760,2279.770,57.84149929,18.83434117,36.490,206.992,-2.017,639.561,65.548,-0.6672,0.0072363,2280.049,5.057,6.260,11.317,-1.2084,-0.3823,-2.1351,0.0002135,-0.0068,204.896,-1.904,644.163,209.587,-2.142,633.864,0.9100206,-0.0066719,0.4145094,0.0149186,0.9997499,-0.0166607,0.002,-0.000,0,1,0.0043,0,1
761,2282.770,57.84151019,18.83438736,36.470,209.736,-2.037,640.775,66.676,-0.6786,0.0060609,2283.049,5.202,6.122,11.324,-1.1523,-0.3888,-2.0365,0.0002730,-0.0088,207.674,-1.924,645.551,212.162,-2.151,635.155,0.9180688,-0.0067858,0.3963630,0.0142990,0.9997697,-0.0160034,0.005,0.007,0,1,0.0048,0,1
762,2285.770,57.84152065,18.83443391,36.450,212.500,-2.058,641.939,67.606,-0.6855,0.0049264,2286.048,5.389,5.948,11.337,-1.1059,-0.3928,-1.9494,0.0003404,-0.0109,210.445,-1.943,646.921,214.768,-2.162,636.440,0.9244007,-0.0068548,0.3813611,0.0137684,0.9997866,-0.0154032,0.008,0.014,0,0,0.0054,0,1
763,2288.770,57.84153074,18.83448073,36.429,215.282,-2.078,643.063,68.347,-0.6880,0.0038275,2289.048,5.611,5.743,11.354,-1.0706,-0.3942,-1.8741,0.0004111,-0.0133,213.208,-1.960,648.277,217.404,-2.172,637.727,0.9292000,-0.0068798,0.3695133,0.0133158,0.9998008,-0.0148697,0.011,0.021,0,1,0.0059,0,1
764,2291.770,57.84154055,18.83452777,36.408,218.075,-2.099,644.156,68.901,-0.6864,0.0027650,2292.048,5.863,5.511,11.374,-1.0469,-0.3933,-1.8104,0.0004803,-0.0155,215.961,-1.976,649.625,220.062,-2.184,639.016,0.9327252,-0.0068638,0.3605226,0.0129270,0.9998126,-0.0144091,0.013,0.027,0,1,0.0065,0,1
765,2294.770,57.84155016,18.83457496,36.388,220.878,-2.120,645.226,69.268,-0.6810,0.0017643,2295.048,6.137,5.258,11.396,-1.0342,-0.3902,-1.7574,0.0005433,-0.0176,218.703,-1.992,650.965,222.741,-2.197,640.309,0.9351035,-0.0068098,0.3543094,0.0125928,0.9998224,-0.0140186,0.015,0.033,0,1,0.0070,0,1
766,2297.770,57.84155964,18.83462224,36.367,223.686,-2.140,646.282,69.453,-0.6722,0.0008632,2298.048,6.426,4.991,11.417,-1.0310,-0.3851,-1.7141,0.0005965,-0.0194,221.430,-2.005,652.299,225.438,-2.211,641.608,0.9363491,-0.0067218,0.3510059,0.0123090,0.9998305,-0.0136888,0.016,0.038,0,1,0.0066,0,1
767,2300.770,57.84156906,18.83466955,36.347,226.496,-2.160,647.332,69.474,-0.6604,0.0000978,2301.048,6.720,4.718,11.438,-1.0352,-0.3784,-1.6794,0.0006368,-0.0208,224.140,-2.018,653.626,228.150,-2.225,642.914,0.9365346,-0.0066039,0.3505130,0.0120696,0.9998372,-0.0134113,0.016,0.043,0,1,0.0061,0,1
768,2303.769,57.84157852,18.83471685,36.328,229.305,-2.179,648.385,69.367,-0.6461,-0.0005075,2304.048,7.013,4.446,11.459,-1.0439,-0.3702,-1.6520,0.0006628,-0.0218,226.832,-2.031,654.947,230.873,-2.239,644.225,0.9357192,-0.0064609,0.3526865,0.0118704,0.9998427,-0.0131775,0.015,0.046,0,1,0.0057,0,1
769,2306.769,57.84158806,18.83476408,36.309,232.110,-2.199,649.448,69.172,-0.6303,-0.0009467,2307.048,7.295,4.184,11.479,-1.0545,-0.3611,-1.6309,0.0006741,-0.0222,229.512,-2.044,656.264,233.600,-2.255,645.538,0.9343926,-0.0063029,0.3561893,0.0116971,0.9998472,-0.0129923,0.014,0.049,0,1,0.0052,0,1
770,2309.769,57.84159770,18.83481124,36.290,234.911,-2.217,650.522,68.930,-0.6133,-0.0012336,2310.048,7.557,3.943,11.500,-1.0644,-0.3514,-1.6152,0.0006715,-0.0222,232.191,-2.057,657.572,236.330,-2.270,646.843,0.9329409,-0.0061329,0.3599772,0.0115346,0.9998508,-0.0128595,0.012,0.052,0,1,0.0048,0,1
771,2312.769,57.84160745,18.83485833,36.272,237.708,-2.235,651.608,68.670,-0.5960,-0.0014003,2313.048,7.790,3.733,11.523,-1.0716,-0.3415,-1.6041,0.0006569,-0.0218,234.874,-2.070,658.864,239.066,-2.286,648.131,0.9314523,-0.0059599,0.3638147,0.0113859,0.9998536,-0.0127714,0.010,0.053,0,0,0.0059,0,1
772,2315.769,57.84161730,18.83490533,36.254,240.500,-2.253,652.705,68.408,-0.5785,-0.0014903,2316.048,7.986,3.566,11.552,-1.0751,-0.3315,-1.5969,0.0006327,-0.0211,237.561,-2.085,660.130,241.812,-2.302,649.389,0.9297887,-0.0057849,0.3680483,0.0112549,0.9998558,-0.0127173,0.007,0.054,0,0,0.0070,0,1
773,2318.769,57.84162727,18.83495226,36.237,243.286,-2.270,653.816,68.145,-0.5611,-0.0015468,2319.048,8.138,3.454,11.592,-1.0742,-0.3215,-1.5931,0.0006017,-0.0202,240.256,-2.100,661.369,244.572,-2.318,650.610,0.9280707,-0.0056109,0.3723617,0.0111383,0.9998574,-0.0126946,0.004,0.055,0,1,0.0082,0,1
774,2321.769,57.84163735,18.83499909,36.221,246.068,-2.287,654.939,67.874,-0.5437,-0.0015976,2322.048,8.241,3.412,11.653,-1.0690,-0.3115,-1.5922,0.0005668,-0.0192,242.964,-2.117,662.573,247.353,-2.335,651.778,0.9263330,-0.0054369,0.3766665,0.0110325,0.9998585,-0.0126998,0.002,0.056,0,1,0.0093,0,1
775,2324.769,57.84164756,18.83504584,36.205,248.844,-2.303,656.076,67.595,-0.5259,-0.0016463,2325.048,8.290,3.455,11.746,-1.0599,-0.3013,-1.5937,0.0005305,-0.0183,245.684,-2.134,663.740,250.161,-2.352,652.882,0.9244926,-0.0052589,0.3811636,0.0109350,0.9998592,-0.0127273,-0.001,0.056,0,1,0.0104,0,1
776,2327.769,57.84165788,18.83509248,36.189,251.615,-2.318,657.226,67.307,-0.5072,-0.0016928,2328.048,8.286,3.599,11.884,-1.0478,-0.2906,-1.5970,0.0004949,-0.0175,248.420,-2.152,664.871,253.003,-2.369,653.905,0.9226306,-0.0050719,0.3856516,0.0108370,0.9998596,-0.0127767,-0.003,0.056,0,1,0.0097,0,1
777,2330.768,57.84166834,18.83513903,36.174,254.380,-2.333,658.390,67.011,-0.4871,-0.0017370,2331.048,8.227,3.856,12.083,-1.0331,-0.2791,-1.6016,0.0004614,-0.0168,251.167,-2.170,665.964,255.886,-2.388,654.840,0.9205763,-0.0048709,0.3905324,0.0107377,0.9998599,-0.0128404,-0.005,0.056,0,1,0.0089,0,1
778,2333.768,57.84167892,18.83518548,36.160,257.138,-2.347,659.569,66.708,-0.4651,-0.0017786,2334.048,8.117,4.232,12.349,-1.0166,-0.2665,-1.6071,0.0004307,-0.0164,253.927,-2.188,667.024,258.812,-2.407,655.682,0.9184353,-0.0046509,0.3955439,0.0106270,0.9998601,-0.0129187,-0.007,0.055,0,0,0.0081,0,1
779,2336.768,57.84168964,18.83523182,36.146,259.890,-2.361,660.763,66.398,-0.4409,-0.0018175,2337.047,7.959,4.721,12.680,-0.9987,-0.2526,-1.6127,0.0004032,-0.0162,256.703,-2.207,668.056,261.781,-2.428,656.438,0.9162937,-0.0044090,0.4004827,0.0104974,0.9998603,-0.0130101,-0.008,0.054,0,0,0.0074,0,1
780,2339.768,57.84170049,18.83527805,36.133,262.636,-2.374,661.972,66.081,-0.4147,-0.0018536,2340.047,7.758,5.298,13.056,-0.9803,-0.2376,-1.6180,0.0003782,-0.0161,259.490,-2.226,669.064,264.784,-2.449,657.129,0.9140990,-0.0041470,0.4054700,0.0103501,0.9998605,-0.0131072,-0.010,0.053,0,0,0.0066,0,1
781,2342.768,57.84171148,18.83532416,36.121,265.375,-2.386,663.196,65.759,-0.3866,-0.0018869,2343.047,7.519,5.926,13.445,-0.9618,-0.2215,-1.6223,0.0003551,-0.0160,262.288,-2.244,670.052,267.808,-2.470,657.792,0.9118492,-0.0038660,0.4105071,0.0101836,0.9998610,-0.0132044,-0.011,0.051,0,1,0.0071,0,1
782,2345.768,57.84172260,18.83537016,36.110,268.107,-2.397,664.435,65.431,-0.3573,-0.0019162,2346.047,7.248,6.555,13.802,-0.9442,-0.2047,-1.6250,0.0003327,-0.0158,265.094,-2.262,671.027,270.832,-2.489,658.473,0.9094795,-0.0035730,0.4157335,0.0100038,0.9998616,-0.0132917,-0.012,0.049,0,0,0.0077,0,1
783,2348.768,57.84173387,18.83541604,36.100,270.831,-2.407,665.690,65.093,-0.3277,-0.0019254,2349.047,6.949,7.134,14.082,-0.9279,-0.1878,-1.6253,0.0003097,-0.0154,267.905,-2.279,671.993,273.835,-2.507,659.220,0.9070155,-0.0032770,0.4210846,0.0098148,0.9998626,-0.0133599,-0.014,0.047,0,1,0.0082,0,1
784,2351.768,57.84174528,18.83546179,36.091,273.548,-2.417,666.961,64.743,-0.2988,-0.0018811,2352.047,6.628,7.620,14.248,-0.9134,-0.1712,-1.6225,0.0002846,-0.0144,270.721,-2.297,672.956,276.798,-2.524,660.069,0.9044858,-0.0029880,0.4264933,0.0096211,0.9998639,-0.0133989,-0.015,0.045,0,0,0.0087,0,1
785,2354.767,57.84175684,18.83550741,36.082,276.258,-2.425,668.249,64.391,-0.2717,-0.0017471,2355.047,6.292,7.991,14.283,-0.9007,-0.1557,-1.6157,0.0002560,-0.0131,273.541,-2.313,673.924,279.709,-2.538,661.041,0.9019588,-0.0027170,0.4318136,0.0094263,0.9998658,-0.0133981,-0.017,0.043,0,0,0.0093,0,1
786,2357.767,57.84176854,18.83555290,36.074,278.960,-2.433,669.552,64.057,-0.2475,-0.0014949,2358.047,5.950,8.245,14.194,-0.8898,-0.1418,-1.6041,0.0002223,-0.0112,276.359,-2.330,674.903,282.564,-2.550,662.137,0.8993687,-0.0024750,0.4371839,0.0092374,0.9998683,-0.0133426,-0.020,0.042,0,0,0.0083,0,1
787,2360.767,57.84178039,18.83559827,36.067,281.654,-2.440,670.872,63.775,-0.2270,-0.0011103,2361.047,5.613,8.398,14.011,-0.8799,-0.1301,-1.5865,0.0001818,-0.0089,279.173,-2.345,675.907,285.366,-2.560,663.339,0.8970098,-0.0022700,0.4420048,0.0090474,0.9998716,-0.0132259,-0.022,0.040,0,1,0.0073,0,1
788,2363.767,57.84179234,18.83564352,36.061,284.342,-2.447,672.204,63.577,-0.2111,-0.0005961,2364.047,5.299,8.480,13.779,-0.8706,-0.1210,-1.5619,0.0001330,-0.0063,281.984,-2.361,676.949,288.116,-2.570,664.610,0.8955225,-0.0021110,0.4450112,0.0088401,0.9998758,-0.0130464,-0.025,0.038,0,1,0.0064,0,1
789,2366.767,57.84180436,18.83568873,36.054,287.027,-2.453,673.542,63.493,-0.2005,0.0000286,2367.046,5.029,8.524,13.553,-0.8613,-0.1149,-1.5294,0.0000742,-0.0034,284.783,-2.374,678.042,290.830,-2.578,665.913,0.8949581,-0.0020050,0.4461458,0.0086166,0.9998811,-0.0127912,-0.029,0.036,0,0,0.0054,0,1
790,2369.767,57.84181638,18.83573393,36.049,289.712,-2.459,674.881,63.541,-0.1958,0.0007331,2370.046,4.827,8.557,13.385,-0.8516,-0.1122,-1.4879,0.0000041,-0.0002,287.563,-2.387,679.204,293.522,-2.586,667.218,0.8954233,-0.0019580,0.4452114,0.0083767,0.9998874,-0.0124500,-0.032,0.033,0,0,0.0045,0,1
791,2372.767,57.84182834,18.83577918,36.043,292.399,-2.465,676.213,63.725,-0.1980,0.0014831,2373.046,4.719,8.596,13.315,-0.8406,-0.1134,-1.4370,-0.0000782,0.0035,290.312,-2.399,680.446,296.201,-2.594,668.504,0.8968791,-0.0019800,0.4422714,0.0081304,0.9998948,-0.0120111,-0.036,0.030,0,0,0.0056,0,1
792,2375.767,57.84184020,18.83582453,36.037,295.092,-2.471,677.534,64.043,-0.2083,0.0022518,2376.046,4.723,8.644,13.367,-0.8275,-0.1193,-1.3765,-0.0001732,0.0077,293.026,-2.410,681.782,298.872,-2.603,669.761,0.8993040,-0.0020830,0.4373191,0.0078921,0.9999031,-0.0114666,-0.041,0.025,0,0,0.0067,0,1
793,2378.767,57.84185190,18.83587003,36.030,297.795,-2.477,678.837,64.492,-0.2287,0.0030326,2379.046,4.846,8.696,13.542,-0.8106,-0.1310,-1.3069,-0.0002803,0.0129,295.709,-2.420,683.212,301.537,-2.612,670.987,0.9026671,-0.0022870,0.4303335,0.0076878,0.9999120,-0.0108119,-0.045,0.019,0,0,0.0078,0,1
794,2381.766,57.84186338,18.83591572,36.023,300.508,-2.485,680.116,65.074,-0.2616,0.0038309,2382.046,5.081,8.741,13.821,-0.7880,-0.1499,-1.2296,-0.0003981,0.0190,298.368,-2.433,684.724,304.189,-2.623,672.188,0.9069831,-0.0026160,0.4211588,0.0075507,0.9999210,-0.0100498,-0.050,0.012,1,0,0.0089,0,1
795,2384.766,57.84187458,18.83596166,36.014,303.237,-2.493,681.364,65.794,-0.3102,0.0046519,2385.046,5.401,8.765,14.166,-0.7580,-0.1777,-1.1468,-0.0005242,0.0263,301.025,-2.446,686.291,306.826,-2.634,673.368,0.9123096,-0.0031020,0.4094894,0.0075255,0.9999294,-0.0091914,-0.056,0.004,1,0,0.0100,0,1
796,2387.766,57.84188544,18.83600788,36.004,305.982,-2.504,682.573,66.656,-0.3782,0.0054998,2388.046,5.769,8.758,14.527,-0.7203,-0.2167,-1.0615,-0.0006548,0.0345,303.699,-2.465,687.871,309.448,-2.647,674.530,0.9183520,-0.0037820,0.3957465,0.0076736,0.9999365,-0.0082511,-0.061,-0.005,1,1,0.0095,0,1
797,2390.766,57.84189590,18.83605442,35.991,308.746,-2.516,683.738,67.666,-0.4696,0.0063778,2391.046,6.139,8.714,14.853,-0.6759,-0.2691,-0.9775,-0.0007856,0.0433,306.415,-2.486,689.418,312.055,-2.661,675.677,0.9250954,-0.0046959,0.3797058,0.0080556,0.9999412,-0.0072596,-0.068,-0.015,0,1,0.0091,0,1
798,2393.766,57.84190588,18.83610133,35.975,311.532,-2.532,684.851,68.829,-0.5879,0.0072874,2394.045,6.465,8.635,15.100,-0.6285,-0.3368,-0.8992,-0.0009114,0.0520,309.199,-2.512,690.881,314.648,-2.678,676.798,0.9325972,-0.0058789,0.3608710,0.0087272,0.9999423,-0.0062638,-0.074,-0.025,0,1,0.0086,0,1
799,2396.766,57.84191532,18.83614864,35.956,314.341,-2.552,685.903,70.153,-0.7359,0.0082282,2397.045,6.708,8.526,15.234,-0.5830,-0.4216,-0.8309,-0.0010271,0.0596,312.067,-2.542,692.214,317.232,-2.698,677.882,0.9407471,-0.0073588,0.3390290,0.0097395,0.9999384,-0.0053213,-0.081,-0.034,0,1,0.0082,0,1
800,2399.765,57.84192414,18.83619636,35.931,317.176,-2.576,686.885,71.642,-0.9150,0.0091981,2400.045,6.842,8.398,15.240,-0.5456,-0.5242,-0.7769,-0.0011277,0.0655,315.025,-2.576,693.380,319.816,-2.721,678.913,0.9492585,-0.0091496,0.3143637,0.0111276,0.9999280,-0.0044979,-0.089,-0.043,0,1,0.0077,0,1
801,2402.765,57.84193226,18.83624452,35.901,320.036,-2.607,687.789,73.306,-1.1248,0.0101849,2403.045,6.854,8.264,15.118,-0.5221,-0.6444,-0.7407,-0.0012091,0.0691,318.069,-2.613,694.355,322.407,-2.751,679.873,0.9578941,-0.0112473,0.2869014,0.0128991,0.9999093,-0.0038680,-0.097,-0.051,0,1,0.0098,0,1
802,2405.765,57.84193959,18.83629312,35.864,322.922,-2.644,688.606,75.158,-1.3628,0.0111375,2406.045,6.746,8.137,14.884,-0.5164,-0.7808,-0.7249,-0.0012681,0.0702,321.195,-2.653,695.128,325.005,-2.787,680.740,0.9665754,-0.0136267,0.2560200,0.0150281,0.9998809,-0.0035178,-0.106,-0.057,0,1,0.0120,0,1
803,2408.765,57.84194604,18.83634215,35.819,325.835,-2.688,689.325,77.203,-1.6243,0.0119747,2409.045,6.534,8.031,14.565,-0.5304,-0.9306,-0.7308,-0.0013029,0.0691,324.385,-2.696,695.696,327.617,-2.831,681.494,0.9749436,-0.0162409,0.2218584,0.0174568,0.9998414,-0.0035208,-0.115,-0.060,0,0,0.0141,0,1
804,2411.764,57.84195153,18.83639160,35.766,328.771,-2.741,689.937,79.415,-1.9026,0.0126116,2412.045,6.241,7.957,14.198,-0.5634,-1.0900,-0.7580,-0.0013130,0.0662,327.621,-2.745,696.071,330.237,-2.884,682.116,0.9827038,-0.0190226,0.1842049,0.0200926,0.9997903,-0.0039439,-0.125,-0.062,0,0,0.0162,0,1
805,2414.764,57.84195596,18.83644142,35.705,331.730,-2.803,690.430,81.744,-2.1895,0.0129828,2415.046,5.899,7.928,13.827,-0.6121,-1.2543,-0.8048,-0.0012989,0.0621,330.883,-2.801,696.268,332.868,-2.948,682.584,0.9894067,-0.0218898,0.1435106,0.0228173,0.9997280,-0.0048208,-0.134,-0.061,0,1,0.0183,0,1
806,2417.764,57.84195926,18.83649154,35.635,334.707,-2.873,690.798,84.116,-2.4755,0.0130582,2418.046,5.542,7.950,13.492,-0.6716,-1.4181,-0.8683,-0.0012623,0.0574,334.142,-2.864,696.311,335.517,-3.022,682.890,0.9944937,-0.0247474,0.1018327,0.0255020,0.9996561,-0.0061144,-0.142,-0.057,0,0,0.0179,0,1
807,2420.763,57.84196144,18.83654188,35.556,337.697,-2.951,691.041,86.456,-2.7509,0.0128494,2421.047,5.204,8.026,13.230,-0.7360,-1.5758,-0.9444,-0.0012051,0.0527,337.379,-2.934,696.235,338.188,-3.104,683.030,0.9977490,-0.0274986,0.0611615,0.0280235,0.9995773,-0.0077402,-0.149,-0.051,0,1,0.0174,0,1
808,2423.763,57.84196256,18.83659234,35.470,340.694,-3.037,691.165,88.703,-3.0065,0.0124073,2424.048,4.911,8.153,13.064,-0.7991,-1.7221,-1.0285,-0.0011299,0.0482,340.583,-3.014,696.075,340.877,-3.196,683.014,0.9992952,-0.0300514,0.0224954,0.0302736,0.9994955,-0.0096012,-0.154,-0.042,0,0,0.0169,0,1
809,2426.763,57.84196265,18.83664285,35.376,343.694,-3.131,691.176,90.822,-3.2338,0.0118094,2427.049,4.683,8.318,13.001,-0.8556,-1.8522,-1.1159,-0.0010387,0.0439,343.760,-3.102,695.859,343.578,-3.296,682.859,0.9993795,-0.0323211,-0.0139960,0.0321598,0.9994154,-0.0116038,-0.157,-0.031,0,0,0.0164,0,1
810,2429.763,57.84196179,18.83669333,35.276,346.692,-3.231,691.081,92.805,-3.4251,0.0111387,2430.050,4.533,8.501,13.034,-0.9010,-1.9617,-1.2021,-0.0009339,0.0397,346.912,-3.196,695.609,346.280,-3.401,682.590,0.9982371,-0.0342309,-0.0484872,0.0336053,0.9993418,-0.0136594,-0.158,-0.018,1,1,0.0159,0,1
811,2432.762,57.84196003,18.83674373,35.171,349.685,-3.336,690.885,94.662,-3.5742,0.0104574,2433.052,4.464,8.678,13.143,-0.9325,-2.0470,-1.2834,-0.0008171,0.0353,350.047,-3.295,695.335,348.982,-3.509,682.235,0.9960767,-0.0357192,-0.0809656,0.0345598,0.9992797,-0.0156762,-0.156,-0.005,1,1,0.0161,0,1
812,2435.762,57.84195742,18.83679400,35.062,352.671,-3.445,690.595,96.399,-3.6763,0.0097872,2436.054,4.477,8.824,13.301,-0.9493,-2.1054,-1.3570,-0.0006900,0.0305,353.169,-3.398,695.044,351.690,-3.618,681.825,0.9931292,-0.0367382,-0.1111065,0.0349995,0.9992331,-0.0175597,-0.152,0.009,0,0,0.0163,0,1
813,2438.762,57.84195404,18.83684410,34.951,355.647,-3.557,690.218,98.021,-3.7285,0.0091341,2439.056,4.563,8.920,13.483,-0.9525,-2.1353,-1.4211,-0.0005544,0.0252,356.283,-3.504,694.737,354.404,-3.728,681.385,0.9895564,-0.0372591,-0.1392475,0.0349133,0.9992049,-0.0192524,-0.146,0.023,0,0,0.0164,0,1
814,2441.762,57.84194992,18.83689402,34.839,358.612,-3.669,689.759,99.530,-3.7292,0.0085018,2442.057,4.713,8.953,13.666,-0.9451,-2.1357,-1.4749,-0.0004123,0.0193,359.391,-3.609,694.407,357.132,-3.834,680.929,0.9855507,-0.0372661,-0.1652301,0.0343125,0.9991969,-0.0206952,-0.138,0.036,0,1,0.0166,0,1
815,2444.762,57.84194513,18.83694372,34.727,361.564,-3.780,689.226,100.932,-3.6783,0.0078930,2445.059,4.912,8.921,13.834,-0.9311,-2.1066,-1.5184,-0.0002665,0.0127,362.494,-3.712,694.050,359.875,-3.937,680.466,0.9812405,-0.0367581,-0.1892511,0.0332156,0.9992092,-0.0218574,-0.128,0.047,0,1,0.0168,0,1
816,2447.761,57.84193971,18.83699320,34.618,364.502,-3.889,688.623,102.231,-3.5771,0.0073091,2448.061,5.146,8.830,13.976,-0.9146,-2.0487,-1.5521,-0.0001201,0.0059,365.591,-3.812,693.652,362.634,-4.035,679.993,0.9767438,-0.0357481,-0.2114085,0.0316540,0.9992406,-0.0227198,-0.117,0.055,0,0,0.0160,0,1
817,2450.761,57.84193373,18.83704244,34.513,367.427,-3.994,687.957,103.431,-3.4286,0.0067498,2451.063,5.398,8.691,14.089,-0.8993,-1.9637,-1.5771,0.0000227,-0.0011,368.679,-3.908,693.208,365.412,-4.129,679.503,0.9721795,-0.0342659,-0.2317172,0.0296739,0.9992886,-0.0232744,-0.107,0.061,0,0,0.0152,0,1
818,2453.761,57.84192721,18.83709145,34.413,370.338,-4.094,687.232,104.537,-3.2370,0.0062144,2454.064,5.656,8.514,14.170,-0.8877,-1.8540,-1.5945,0.0001575,-0.0079,371.757,-3.999,692.707,368.202,-4.218,678.990,0.9675216,-0.0323531,-0.2507094,0.0273177,0.9993496,-0.0235396,-0.096,0.065,0,0,0.0144,0,1
819,2456.761,57.84192021,18.83714022,34.319,373.235,-4.188,686.452,105.553,-3.0080,0.0057043,2457.066,5.908,8.314,14.222,-0.8811,-1.7229,-1.6052,0.0002795,-0.0141,374.819,-4.083,692.144,371.007,-4.302,678.443,0.9629772,-0.0300664,-0.2679009,0.0246628,0.9994193,-0.0235133,-0.087,0.065,0,0,0.0136,0,1
820,2459.761,57.84191278,18.83718877,34.233,376.118,-4.275,685.624,106.469,-2.7489,0.0052671,2460.067,6.149,8.099,14.247,-0.8795,-1.5746,-1.6102,0.0003844,-0.0195,377.861,-4.161,691.520,373.822,-4.380,677.857,0.9585990,-0.0274786,-0.2834307,0.0217844,0.9994929,-0.0232232,-0.078,0.063,0,0,0.0128,0,1
821,2462.761,57.84190494,18.83723709,34.154,378.988,-4.353,684.751,107.280,-2.4680,0.0050064,2463.068,6.372,7.880,14.252,-0.8819,-1.4138,-1.6100,0.0004686,-0.0238,380.885,-4.231,690.834,376.642,-4.451,677.228,0.9543790,-0.0246725,-0.2975770,0.0187608,0.9995661,-0.0227064,-0.071,0.058,0,0,0.0118,0,1
822,2465.760,57.84189673,18.83728520,34.085,381.846,-4.423,683.838,108.011,-2.1748,0.0050407,2466.068,6.577,7.664,14.241,-0.8865,-1.2459,-1.6050,0.0005296,-0.0269,383.887,-4.295,690.090,379.467,-4.515,676.552,0.9503908,-0.0217429,-0.3102977,0.0156869,0.9996349,-0.0219990,-0.065,0.051,0,0,0.0107,0,1
823,2468.760,57.84188821,18.83733311,34.024,384.691,-4.483,682.889,108.734,-1.8794,0.0054708,2469.069,6.762,7.460,14.222,-0.8913,-1.0767,-1.5953,0.0005663,-0.0286,386.869,-4.349,689.291,382.289,-4.570,675.827,0.9465649,-0.0187907,-0.3219654,0.0126518,0.9996963,-0.0211491,-0.061,0.043,0,1,0.0097,0,1
824,2471.760,57.84187938,18.83738083,33.972,387.526,-4.535,681.906,109.549,-1.5912,0.0063580,2472.069,6.930,7.271,14.202,-0.8944,-0.9116,-1.5809,0.0005793,-0.0292,389.844,-4.398,688.437,385.094,-4.619,675.054,0.9422695,-0.0159100,-0.3344773,0.0097044,0.9997485,-0.0202162,-0.057,0.034,0,1,0.0087,0,1
825,2474.760,57.84187018,18.83742830,33.928,390.345,-4.579,680.882,110.573,-1.3188,0.0077106,2475.069,7.083,7.103,14.186,-0.8940,-0.7556,-1.5615,0.0005706,-0.0287,392.832,-4.440,687.515,387.852,-4.661,674.232,0.9362683,-0.0131869,-0.3510381,0.0068652,0.9997912,-0.0192471,-0.054,0.024,0,1,0.0076,0,1
826,2477.760,57.84186046,18.83747541,33.893,393.143,-4.615,679.800,111.912,-1.0687,0.0094798,2478.069,7.225,6.955,14.179,-0.8888,-0.6123,-1.5367,0.0005434,-0.0273,395.842,-4.476,686.502,390.545,-4.696,673.349,0.9275590,-0.0106864,-0.3735238,0.0041722,0.9998249,-0.0182439,-0.051,0.013,0,1,0.0083,0,1
827,2480.760,57.84185006,18.83752200,33.864,395.910,-4.643,678.641,113.645,-0.8443,0.0115663,2481.069,7.357,6.827,14.184,-0.8782,-0.4837,-1.5062,0.0005017,-0.0252,398.867,-4.505,685.378,393.166,-4.722,672.390,0.9156458,-0.0084427,-0.4018973,0.0016773,0.9998510,-0.0171826,-0.049,0.004,0,1,0.0090,0,1
828,2483.759,57.84183882,18.83756789,33.842,398.636,-4.665,677.389,115.806,-0.6462,0.0138368,2484.069,7.483,6.715,14.198,-0.8617,-0.3702,-1.4694,0.0004499,-0.0227,401.898,-4.530,684.124,395.708,-4.743,671.346,0.8999400,-0.0064619,-0.4359658,-0.0005907,0.9998712,-0.0160394,-0.047,-0.005,0,1,0.0097,0,1
829,2486.759,57.84182657,18.83761287,33.826,401.308,-4.682,676.026,118.406,-0.4712,0.0161381,2487.069,7.602,6.616,14.218,-0.8392,-0.2700,-1.4260,0.0003922,-0.0198,404.928,-4.551,682.711,398.158,-4.759,670.208,0.8793346,-0.0047119,-0.4761812,-0.0026468,0.9998872,-0.0147819,-0.045,-0.012,0,0,0.0104,0,1
830,2489.759,57.84181317,18.83765668,33.814,403.910,-4.693,674.533,121.456,-0.3130,0.0182915,2490.068,7.713,6.527,14.240,-0.8107,-0.1793,-1.3757,0.0003325,-0.0169,407.935,-4.567,681.113,400.504,-4.769,668.965,0.8530426,-0.0031300,-0.5218319,-0.0045082,0.9999005,-0.0133671,-0.042,-0.018,0,0,0.0111,0,1
831,2492.758,57.84179847,18.83769899,33.807,406.423,-4.701,672.897,124.939,-0.1626,0.0201106,2493.068,7.811,6.447,14.258,-0.7765,-0.0932,-1.3180,0.0002734,-0.0139,410.890,-4.581,679.304,402.736,-4.775,667.609,0.8202951,-0.0016260,-0.5719382,-0.0062036,0.9999118,-0.0117402,-0.039,-0.022,0,1,0.0100,0,1
832,2495.757,57.84178237,18.83773948,33.804,408.828,-4.703,671.104,128.768,-0.0094,0.0214292,2496.067,7.891,6.380,14.270,-0.7364,-0.0054,-1.2526,0.0002169,-0.0110,413.763,-4.591,677.261,404.838,-4.774,666.126,0.7802501,-0.0000940,-0.6254677,-0.0077606,0.9999216,-0.0098314,-0.037,-0.025,0,0,0.0089,0,1
833,2498.757,57.84176480,18.83777774,33.806,411.101,-4.701,669.147,132.803,0.1577,0.0221525,2499.066,7.946,6.331,14.278,-0.6907,0.0904,-1.1792,0.0001633,-0.0083,416.505,-4.597,674.973,406.796,-4.769,664.505,0.7332143,0.0015770,-0.6799958,-0.0091739,0.9999292,-0.0075729,-0.034,-0.026,0,0,0.0078,0,1
834,2501.756,57.84174577,18.83781347,33.814,413.223,-4.694,667.028,136.882,0.3480,0.0222931,2502.065,7.973,6.310,14.283,-0.6394,0.1994,-1.0973,0.0001122,-0.0057,419.054,-4.599,672.466,408.608,-4.759,662.725,0.6819812,0.0034800,-0.7313614,-0.0103978,0.9999337,-0.0049378,-0.031,-0.025,0,0,0.0067,0,1
835,2504.755,57.84172543,18.83784657,33.827,415.189,-4.680,664.763,140.864,0.5687,0.0219735,2505.065,7.968,6.322,14.291,-0.5826,0.3258,-1.0065,0.0000624,-0.0032,421.378,-4.596,669.782,410.279,-4.741,660.781,0.6298978,0.0056869,-0.7766572,-0.0113989,0.9999332,-0.0019232,-0.029,-0.023,0,1,0.0057,0,1
836,2507.754,57.84170396,18.83787705,33.848,417.000,-4.660,662.371,144.664,0.8231,0.0213915,2508.064,7.932,6.371,14.303,-0.5205,0.4716,-0.9066,0.0000119,-0.0006,423.472,-4.587,666.956,411.801,-4.717,658.688,0.5780116,0.0082307,-0.8159870,-0.0121545,0.9999250,0.0014763,-0.027,-0.021,0,1,0.0064,0,1
837,2510.754,57.84168150,18.83790491,33.876,418.655,-4.631,659.870,148.271,1.1097,0.0207693,2511.064,7.865,6.455,14.320,-0.4534,0.6358,-0.7972,-0.0000411,0.0021,425.344,-4.571,664.007,413.165,-4.684,656.474,0.5260179,0.0110963,-0.8504011,-0.0126161,0.9999067,0.0052434,-0.026,-0.018,0,1,0.0072,0,1
838,2513.753,57.84165817,18.83793015,33.914,420.154,-4.593,657.272,151.734,1.4220,0.0202945,2514.063,7.775,6.564,14.339,-0.3820,0.8147,-0.6786,-0.0000982,0.0050,427.001,-4.546,660.954,414.373,-4.642,654.163,0.4735845,0.0142186,-0.8806336,-0.0127103,0.9998759,0.0093085,-0.026,-0.015,0,1,0.0079,0,1
839,2516.753,57.84163408,18.83795273,33.962,421.495,-4.546,654.589,155.139,1.7482,0.0200457,2517.063,7.668,6.686,14.355,-0.3069,1.0015,-0.5515,-0.0001607,0.0083,428.452,-4.513,657.814,415.429,-4.590,651.777,0.4205374,0.0174793,-0.9071068,-0.0123545,0.9998320,0.0135385,-0.027,-0.012,0,0,0.0087,0,1
840,2519.752,57.84160933,18.83797260,34.019,422.676,-4.489,651.832,158.547,2.0726,0.0199745,2520.063,7.556,6.803,14.359,-0.2291,1.1873,-0.4171,-0.0002288,0.0118,429.707,-4.471,654.601,416.346,-4.528,649.339,0.3663321,0.0207215,-0.9302534,-0.0114729,0.9997766,0.0177522,-0.030,-0.010,0,0,0.0094,0,1
841,2522.752,57.84158398,18.83798969,34.086,423.692,-4.422,649.010,161.994,2.3765,0.0199835,2523.063,7.449,6.897,14.346,-0.1494,1.3614,-0.2774,-0.0003019,0.0155,430.774,-4.418,651.319,417.135,-4.455,646.872,0.3099298,0.0237583,-0.9504625,-0.0100016,0.9997139,0.0217280,-0.033,-0.010,0,0,0.0112,0,1
842,2525.751,57.84155814,18.83800389,34.161,424.535,-4.346,646.131,165.487,2.6406,0.0199688,2526.064,7.357,6.952,14.310,-0.0683,1.5126,-0.1346,-0.0003786,0.0194,431.657,-4.357,647.979,417.806,-4.374,644.385,0.2510714,0.0263968,-0.9676086,-0.0079319,0.9996506,0.0252128,-0.038,-0.010,0,0,0.0131,0,1
843,2528.750,57.84153187,18.83801505,34.244,425.198,-4.264,643.206,169.001,2.8469,0.0198403,2529.064,7.290,6.955,14.245,0.0136,1.6307,0.0085,-0.0004567,0.0232,432.354,-4.289,644.597,418.370,-4.286,641.879,0.1907433,0.0284575,-0.9812274,-0.0053466,0.9995950,0.0279508,-0.044,-0.010,0,0,0.0149,0,1
844,2531.750,57.84150529,18.83802314,34.332,425.679,-4.176,640.246,172.492,2.9811,0.0195380,2532.065,7.253,6.900,14.153,0.0963,1.7075,0.1492,-0.0005337,0.0267,432.870,-4.215,641.192,418.838,-4.191,639.346,0.1303578,0.0297978,-0.9910191,-0.0024077,0.9995548,0.0297377,-0.050,-0.012,0,0,0.0167,0,1
845,2534.749,57.84147850,18.83802821,34.422,425.980,-4.085,637.261,175.906,3.0344,0.0190415,2535.066,7.249,6.784,14.033,0.1794,1.7380,0.2849,-0.0006066,0.0299,433.210,-4.138,637.778,419.213,-4.094,636.777,0.0713327,0.0303300,-0.9969913,0.0006758,0.9995359,0.0304558,-0.056,-0.014,0,0,0.0186,0,1
846,2537.749,57.84145159,18.83803033,34.513,426.107,-3.994,634.264,179.197,3.0046,0.0183707,2538.067,7.276,6.612,13.888,0.2626,1.7210,0.4137,-0.0006729,0.0324,433.382,-4.060,634.367,419.495,-3.996,634.170,0.0141683,0.0300324,-0.9994485,0.0037088,0.9995404,0.0300878,-0.063,-0.016,0,0,0.0163,0,1
847,2540.748,57.84142466,18.83802963,34.602,426.065,-3.905,631.265,182.336,2.8965,0.0175749,2541.067,7.330,6.393,13.722,0.3453,1.6591,0.5342,-0.0007303,0.0344,433.389,-3.983,630.968,419.678,-3.901,631.524,-0.0405038,0.0289529,-0.9987598,0.0065088,0.9995665,0.0287123,-0.069,-0.017,0,0,0.0141,0,1
848,2543.748,57.84139779,18.83802623,34.687,425.864,-3.820,628.272,185.316,2.7207,0.0167102,2544.068,7.402,6.138,13.540,0.4264,1.5585,0.6460,-0.0007771,0.0356,433.235,-3.910,627.588,419.753,-3.810,628.839,-0.0923508,0.0271969,-0.9953550,0.0089420,0.9996093,0.0264835,-0.075,-0.018,0,0,0.0118,0,1
849,2546.747,57.84137104,18.83802029,34.765,425.511,-3.742,625.294,188.132,2.4933,0.0158137,2547.069,7.484,5.863,13.347,0.5045,1.4283,0.7489,-0.0008122,0.0362,432.920,-3.844,624.237,419.707,-3.726,626.122,-0.1411907,0.0249253,-0.9896686,0.0109318,0.9996613,0.0236173,-0.079,-0.019,0,0,0.0095,0,1
850,2549.747,57.84134448,18.83801196,34.836,425.017,-3.671,622.335,190.782,2.2334,0.0149120,2550.069,7.566,5.583,13.149,0.5783,1.2794,0.8437,-0.0008352,0.0361,432.450,-3.783,620.922,419.532,-3.650,623.377,-0.1866672,0.0223284,-0.9821694,0.0124548,0.9997151,0.0203602,-0.082,-0.018,0,0,0.0073,0,1
851,2552.747,57.84131814,18.83800142,34.899,424.391,-3.608,619.401,193.269,1.9613,0.0140248,2553.070,7.641,5.315,12.956,0.6463,1.1236,0.9310,-0.0008465,0.0355,431.829,-3.729,617.649,419.218,-3.582,620.619,-0.2292090,0.0196092,-0.9731797,0.0135556,0.9997644,0.0169522,-0.084,-0.017,0,0,0.0080,0,1
852,2555.746,57.84129206,18.83798881,34.954,423.642,-3.553,616.497,195.600,1.6967,0.0131682,2556.070,7.704,5.069,12.773,0.7077,0.9720,1.0120,-0.0008469,0.0345,431.063,-3.681,614.428,418.759,-3.523,617.859,-0.2685768,0.0169646,-0.9631089,0.0143031,0.9998049,0.0136223,-0.084,-0.016,0,0,0.0088,0,1
853,2558.746,57.84126626,18.83797428,35.001,422.780,-3.506,613.624,197.783,1.4564,0.0123536,2559.070,7.752,4.855,12.607,0.7621,0.8344,1.0875,-0.0008374,0.0333,430.163,-3.641,611.259,418.157,-3.473,615.105,-0.3050216,0.0145625,-0.9522341,0.0147972,0.9998349,0.0105506,-0.084,-0.014,0,0,0.0095,0,1
854,2561.746,57.84124077,18.83795799,35.041,421.812,-3.466,610.784,199.828,1.2535,0.0115877,2562.070,7.785,4.675,12.460,0.8097,0.7182,1.1583,-0.0008195,0.0318,429.137,-3.606,608.146,417.414,-3.430,612.368,-0.3388640,0.0125340,-0.9407519,0.0151437,0.9998544,0.0078666,-0.082,-0.012,0,0,0.0103,0,1
855,2564.745,57.84121559,18.83794005,35.076,420.747,-3.431,607.980,201.743,1.0965,0.0108740,2565.070,7.804,4.530,12.334,0.8510,0.6282,1.2252,-0.0007950,0.0302,427.997,-3.575,605.092,416.538,-3.392,609.657,-0.3700460,0.0109643,-0.9289487,0.0154379,0.9998649,0.0056517,-0.080,-0.011,0,0,0.0111,0,1
856,2567.745,57.84119074,18.83792059,35.107,419.592,-3.400,605.211,203.539,0.9893,0.0102135,2568.070,7.809,4.419,12.228,0.8871,0.5668,1.2888,-0.0007654,0.0286,426.752,-3.547,602.095,415.541,-3.358,606.974,-0.3990235,0.0098925,-0.9168873,0.0157633,0.9998680,0.0039277,-0.078,-0.010,0,0,0.0102,0,1
857,2570.745,57.84116621,18.83789973,35.136,418.353,-3.372,602.479,205.228,0.9316,0.0095984,2571.070,7.801,4.336,12.138,0.9188,0.5338,1.3500,-0.0007325,0.0270,425.411,-3.522,599.156,414.430,-3.327,604.326,-0.4259311,0.0093156,-0.9047076,0.0161800,0.9998655,0.0026780,-0.075,-0.009,0,0,0.0093,0,1
858,2573.745,57.84114201,18.83787757,35.163,417.037,-3.344,599.784,206.821,0.9195,0.0090116,2574.070,7.781,4.280,12.061,0.9476,0.5268,1.4096,-0.0006981,0.0254,423.983,-3.496,596.276,413.217,-3.296,601.713,-0.4507921,0.0091946,-0.8925816,0.0167255,0.9998584,0.0018526,-0.073,-0.010,0,0,0.0084,0,1
859,2576.745,57.84111813,18.83785419,35.191,415.649,-3.316,597.125,208.324,0.9467,0.0084311,2577.070,7.750,4.245,11.994,0.9749,0.5424,1.4689,-0.0006639,0.0239,422.473,-3.470,593.451,411.912,-3.266,599.137,-0.4740587,0.0094666,-0.8804424,0.0174190,0.9998473,0.0013715,-0.071,-0.011,0,0,0.0076,0,1
860,2579.744,57.84109458,18.83782968,35.220,414.193,-3.287,594.502,209.736,1.0055,0.0078348,2580.069,7.708,4.227,11.935,1.0020,0.5761,1.5291,-0.0006315,0.0225,420.887,-3.442,590.681,410.522,-3.234,596.597,-0.4956471,0.0100545,-0.8684658,0.0182617,0.9998326,0.0011531,-0.069,-0.013,0,0,0.0067,0,1
861,2582.744,57.84107135,18.83780412,35.252,412.675,-3.256,591.914,211.048,1.0880,0.0072049,2583.069,7.658,4.221,11.878,1.0305,0.6234,1.5917,-0.0006026,0.0213,419.237,-3.413,587.966,409.058,-3.200,594.090,-0.5154943,0.0108794,-0.8568239,0.0192440,0.9998142,0.0011171,-0.068,-0.015,0,0,0.0069,0,1
862,2585.744,57.84104843,18.83777760,35.286,411.100,-3.221,589.361,212.250,1.1870,0.0065308,2586.069,7.601,4.222,11.823,1.0617,0.6801,1.6577,-0.0005787,0.0202,417.529,-3.380,585.306,407.529,-3.161,591.613,-0.5334034,0.0118692,-0.8457777,0.0203490,0.9997922,0.0011971,-0.067,-0.018,0,0,0.0072,0,1
863,2588.744,57.84102579,18.83775023,35.323,409.475,-3.184,586.840,213.329,1.2963,0.0058104,2589.070,7.543,4.226,11.769,1.0965,0.7427,1.7280,-0.0005611,0.0194,415.779,-3.346,582.698,405.943,-3.121,589.161,-0.5490253,0.0129619,-0.8357052,0.0215544,0.9997668,0.0013462,-0.067,-0.020,0,0,0.0074,0,1
864,2591.744,57.84100341,18.83772211,35.364,407.806,-3.143,584.347,214.275,1.4117,0.0050498,2592.070,7.487,4.232,11.718,1.1354,0.8088,1.8026,-0.0005507,0.0189,413.994,-3.309,580.133,404.308,-3.077,586.729,-0.5628100,0.0141156,-0.8264658,0.0228392,0.9997380,0.0015219,-0.067,-0.022,0,0,0.0076,0,1
865,2594.744,57.84098127,18.83769336,35.408,406.098,-3.099,581.881,215.082,1.5309,0.0042607,2595.070,7.436,4.238,11.674,1.1779,0.8771,1.8808,-0.0005483,0.0187,412.184,-3.269,577.609,402.630,-3.029,584.315,-0.5744348,0.0153072,-0.8184072,0.0241824,0.9997061,0.0017246,-0.067,-0.023,0,0,0.0078,0,1
866,2597.744,57.84095932,18.83766408,35.456,404.359,-3.051,579.436,215.750,1.6535,0.0034557,2598.070,7.394,4.248,11.641,1.2232,0.9473,1.9609,-0.0005539,0.0188,410.362,-3.226,575.119,400.911,-2.978,581.916,-0.5837726,0.0165327,-0.8117489,0.0255655,0.9996712,0.0019746,-0.067,-0.024,0,0,0.0069,0,1
867,2600.743,57.84093754,18.83763437,35.507,402.595,-3.000,577.010,216.276,1.7805,0.0026417,2601.070,7.359,4.266,11.626,1.2693,1.0200,2.0403,-0.0005674,0.0192,408.530,-3.181,572.658,399.155,-2.923,579.533,-0.5912844,0.0178022,-0.8062666,0.0269721,0.9996336,0.0022914,-0.068,-0.023,0,0,0.0060,0,1
868,2603.743,57.84091589,18.83760434,35.563,400.811,-2.944,574.598,216.662,1.9141,0.0018221,2604.071,7.331,4.300,11.632,1.3139,1.0966,2.1154,-0.0005879,0.0199,406.693,-3.131,570.222,397.361,-2.864,577.165,-0.5967393,0.0191375,-0.8022069,0.0283860,0.9995933,0.0027308,-0.067,-0.021,0,0,0.0051,0,1
869,2606.743,57.84089432,18.83757408,35.622,399.014,-2.885,572.196,216.905,2.0569,0.0009998,2607.071,7.304,4.354,11.659,1.3542,1.1784,2.1827,-0.0006144,0.0209,404.857,-3.077,567.812,395.531,-2.802,574.809,-0.6000597,0.0205647,-0.7996908,0.0297900,0.9995506,0.0033508,-0.067,-0.019,0,0,0.0042,0,1
870,2609.743,57.84087280,18.83754370,35.686,397.210,-2.821,569.799,217.006,2.2112,0.0001768,2610.072,7.273,4.433,11.706,1.3871,1.2667,2.2381,-0.0006453,0.0221,403.020,-3.018,565.424,393.669,-2.734,572.465,-0.6013720,0.0221066,-0.7986633,0.0311645,0.9995054,0.0041998,-0.066,-0.016,0,0,0.0034,0,1
871,2612.743,57.84085129,18.83751330,35.755,395.405,-2.752,567.403,216.965,2.3788,-0.0006449,2613.073,7.232,4.537,11.769,1.4100,1.3627,2.2783,-0.0006791,0.0235,401.185,-2.952,563.056,391.779,-2.663,570.130,-0.6008696,0.0237813,-0.7989932,0.0324888,0.9994580,0.0053152,-0.065,-0.012,0,0,0.0044,0,1
872,2615.743,57.84082975,18.83748298,35.829,393.604,-2.678,565.004,216.782,2.5603,-0.0014633,2616.073,7.180,4.666,11.846,1.4208,1.4666,2.3008,-0.0007139,0.0250,399.356,-2.880,560.707,389.866,-2.586,567.796,-0.5982829,0.0255946,-0.8008761,0.0337356,0.9994081,0.0067377,-0.063,-0.008,0,0,0.0055,0,1
873,2618.743,57.84080813,18.83745284,35.909,391.814,-2.599,562.596,216.458,2.7547,-0.0022765,2619.074,7.119,4.816,11.935,1.4185,1.5779,2.3041,-0.0007482,0.0266,397.541,-2.801,558.368,387.939,-2.505,565.456,-0.5936502,0.0275366,-0.8042519,0.0348745,0.9993558,0.0084744,-0.061,-0.004,0,0,0.0065,0,1
874,2621.743,57.84078641,18.83742298,35.994,390.041,-2.513,560.177,215.994,2.9595,-0.0030820,2622.075,7.053,4.983,12.036,1.4032,1.6952,2.2879,-0.0007803,0.0283,395.749,-2.713,556.034,386.008,-2.418,563.104,-0.5871611,0.0295820,-0.8089294,0.0358755,0.9993011,0.0105036,-0.058,0.000,0,0,0.0076,0,1
875,2624.742,57.84076454,18.83739350,36.086,388.290,-2.421,557.741,215.390,3.1702,-0.0038705,2625.077,6.992,5.158,12.150,1.3759,1.8158,2.2536,-0.0008090,0.0299,393.991,-2.618,553.694,384.084,-2.326,560.727,-0.5785171,0.0316861,-0.8150545,0.0366990,0.9992444,0.0127981,-0.056,0.004,0,0,0.0086,0,1
876,2627.742,57.84074249,18.83736450,36.184,386.568,-2.323,555.284,214.644,3.3812,-0.0046227,2628.078,6.940,5.333,12.273,1.3390,1.9365,2.2035,-0.0008333,0.0314,392.279,-2.516,551.341,382.179,-2.229,558.314,-0.5678796,0.0337927,-0.8224176,0.0373138,0.9991866,0.0152908,-0.053,0.006,0,0,0.0089,0,1
877,2630.742,57.84072022,18.83733609,36.289,384.881,-2.218,552.804,213.764,3.5854,-0.0053172,2631.080,6.902,5.497,12.399,1.2950,2.0534,2.1409,-0.0008524,0.0328,390.619,-2.406,548.969,380.311,-2.126,555.859,-0.5553430,0.0358310,-0.8308491,0.0376905,0.9991292,0.0178957,-0.052,0.009,0,0,0.0092,0,1
878,2633.742,57.84069770,18.83730837,36.399,383.234,-2.108,550.296,212.763,3.7748,-0.0059384,2634.082,6.873,5.640,12.513,1.2470,2.1618,2.0700,-0.0008657,0.0339,389.014,-2.291,546.577,378.491,-2.019,553.348,-0.5407010,0.0377211,-0.8403687,0.0377980,0.9990746,0.0205253,-0.050,0.010,0,0,0.0096,0,1
879,2636.742,57.84067492,18.83728143,36.515,381.635,-1.992,547.759,211.660,3.9409,-0.0064799,2637.084,6.847,5.753,12.599,1.1976,2.2568,1.9951,-0.0008730,0.0346,387.464,-2.170,544.168,376.737,-1.906,550.776,-0.5240812,0.0393784,-0.8507574,0.0376195,0.9990259,0.0230670,-0.050,0.010,0,0,0.0099,0,1
880,2639.742,57.84065185,18.83725538,36.636,380.088,-1.872,545.189,210.476,4.0755,-0.0069471,2640.086,6.814,5.828,12.642,1.1496,2.3338,1.9206,-0.0008743,0.0349,385.962,-2.043,541.736,375.063,-1.790,548.142,-0.5063084,0.0407212,-0.8613905,0.0371714,0.9989866,0.0253773,-0.050,0.009,0,0,0.0102,0,1
881,2642.742,57.84062848,18.83723024,36.759,378.595,-1.748,542.587,209.228,4.1710,-0.0073558,2643.088,6.766,5.863,12.630,1.1051,2.3884,1.8505,-0.0008696,0.0347,384.501,-1.913,539.285,373.478,-1.669,545.448,-0.4875804,0.0416738,-0.8720829,0.0364686,0.9989605,0.0273472,-0.052,0.008,0,0,0.0112,0,1
882,2645.741,57.84060483,18.83720608,36.886,377.160,-1.622,539.952,207.925,4.2215,-0.0077295,2646.091,6.703,5.857,12.560,1.0663,2.4173,1.7885,-0.0008595,0.0339,383.083,-1.781,536.814,371.985,-1.547,542.694,-0.4677391,0.0421774,-0.8828597,0.0355296,0.9989507,0.0288999,-0.054,0.005,0,0,0.0122,0,1
883,2648.741,57.84058089,18.83718295,37.012,375.786,-1.495,537.285,206.568,4.2229,-0.0080946,2649.093,6.629,5.812,12.441,1.0349,2.4181,1.7375,-0.0008445,0.0327,381.716,-1.647,534.321,370.587,-1.423,539.884,-0.4466821,0.0421914,-0.8936974,0.0343858,0.9989590,0.0299743,-0.057,0.002,0,0,0.0132,0,1
884,2651.741,57.84055665,18.83716091,37.139,374.478,-1.369,534.586,205.151,4.1741,-0.0084730,2652.096,6.555,5.736,12.291,1.0127,2.3902,1.7000,-0.0008255,0.0312,380.413,-1.516,531.802,369.285,-1.299,537.022,-0.4243675,0.0417047,-0.9045291,0.0330855,0.9989859,0.0305374,-0.061,-0.002,0,0,0.0142,0,1
885,2654.741,57.84053213,18.83714003,37.263,373.238,-1.245,531.854,203.667,4.0770,-0.0088750,2655.098,6.497,5.636,12.133,1.0008,2.3347,1.6777,-0.0008037,0.0296,379.189,-1.388,529.247,368.076,-1.176,534.115,-0.4008967,0.0407362,-0.9152171,0.0316946,0.9990296,0.0305833,-0.066,-0.005,0,0,0.0152,0,1
886,2657.741,57.84050732,18.83712038,37.383,372.071,-1.124,529.091,202.112,3.9371,-0.0093008,2658.100,6.468,5.521,11.989,1.0001,2.2546,1.6719,-0.0007804,0.0280,378.063,-1.265,526.658,366.955,-1.055,531.168,-0.3759516,0.0393405,-0.9258038,0.0302757,0.9990865,0.0301601,-0.071,-0.009,0,0,0.0140,0,1
887,2660.740,57.84048222,18.83710202,37.499,370.981,-1.009,526.296,200.480,3.7632,-0.0097495,2661.102,6.475,5.403,11.878,1.0108,2.1551,1.6833,-0.0007568,0.0267,377.047,-1.150,524.031,365.919,-0.940,528.186,-0.3494873,0.0376054,-0.9361861,0.0289065,0.9991513,0.0293435,-0.076,-0.013,0,0,0.0128,0,1
888,2663.740,57.84045686,18.83708505,37.609,369.973,-0.898,523.471,198.768,3.5672,-0.0102195,2664.104,6.519,5.292,11.811,1.0325,2.0430,1.7121,-0.0007341,0.0256,376.146,-1.041,521.375,364.962,-0.828,525.173,-0.3213696,0.0356493,-0.9462826,0.0276614,0.9992181,0.0282494,-0.081,-0.016,0,0,0.0116,0,1
889,2666.740,57.84043122,18.83706954,37.713,369.052,-0.794,520.616,196.972,3.3629,-0.0107079,2667.106,6.590,5.199,11.788,1.0640,1.9261,1.7581,-0.0007129,0.0248,375.355,-0.941,518.694,364.079,-0.722,522.133,-0.2915539,0.0336100,-0.9559637,0.0266077,0.9992808,0.0270180,-0.086,-0.018,0,0,0.0103,0,1
890,2669.740,57.84040534,18.83705558,37.811,368.223,-0.697,517.733,195.089,3.1655,-0.0112112,2670.107,6.670,5.134,11.804,1.1040,1.8131,1.8205,-0.0006936,0.0242,374.663,-0.849,515.998,363.266,-0.622,519.068,-0.2599389,0.0316392,-0.9651066,0.0257940,0.9993339,0.0258140,-0.091,-0.019,0,0,0.0091,0,1
891,2672.739,57.84037922,18.83704326,37.903,367.492,-0.604,514.824,193.116,2.9902,-0.0117245,2673.108,6.738,5.107,11.845,1.1505,1.7127,1.8980,-0.0006756,0.0237,374.055,-0.763,513.296,362.518,-0.525,515.982,-0.2266329,0.0298886,-0.9735215,0.0252498,0.9993734,0.0248042,-0.095,-0.019,0,0,0.0100,0,1
892,2675.739,57.84035288,18.83703268,37.990,366.863,-0.517,511.891,191.051,2.8506,-0.0122419,2676.109,6.775,5.124,11.899,1.2017,1.6328,1.9889,-0.0006582,0.0233,373.513,-0.682,510.593,361.834,-0.432,512.872,-0.1914522,0.0284944,-0.9810882,0.0249659,0.9993965,0.0241543,-0.098,-0.018,0,0,0.0108,0,1
893,2678.739,57.84032636,18.83702392,38.074,366.343,-0.433,508.936,188.893,2.7584,-0.0127530,2679.110,6.763,5.188,11.952,1.2557,1.5800,2.0913,-0.0006399,0.0229,373.025,-0.604,507.892,361.217,-0.342,509.737,-0.1543029,0.0275735,-0.9876388,0.0249050,0.9994014,0.0240109,-0.101,-0.015,0,0,0.0116,0,1
894,2681.739,57.84029967,18.83701707,38.156,365.937,-0.351,505.964,186.638,2.7218,-0.0132298,2682.111,6.693,5.300,11.993,1.3113,1.5591,2.2028,-0.0006192,0.0223,372.585,-0.526,505.191,360.672,-0.252,506.576,-0.1154925,0.0272079,-0.9929357,0.0250098,0.9993875,0.0244757,-0.104,-0.011,0,0,0.0125,0,1
895,2684.738,57.84027286,18.83701224,38.238,365.650,-0.270,502.978,184.289,2.7451,-0.0136346,2685.112,6.561,5.455,12.016,1.3675,1.5724,2.3214,-0.0005945,0.0215,372.193,-0.448,502.487,360.211,-0.161,503.386,-0.0748322,0.0274407,-0.9968185,0.0251879,0.9993544,0.0256196,-0.106,-0.006,0,0,0.0133,0,1
896,2687.738,57.84024597,18.83700950,38.321,365.488,-0.186,499.983,181.863,2.8287,-0.0139334,2688.113,6.377,5.643,12.020,1.4245,1.6203,2.4454,-0.0005647,0.0204,371.861,-0.365,499.775,359.848,-0.066,500.167,-0.0326688,0.0282757,-0.9990662,0.0253473,0.9993017,0.0274535,-0.108,0.000,0,0,0.0142,0,1
897,2690.738,57.84021904,18.83700893,38.408,365.454,-0.100,496.984,179.389,2.9692,-0.0141066,2691.114,6.153,5.853,12.006,1.4831,1.7007,2.5733,-0.0005291,0.0191,371.606,-0.278,497.050,359.601,0.032,496.922,0.0106667,0.0296789,-0.9995026,0.0253950,0.9992290,0.0299418,-0.110,0.008,0,0,0.0151,0,1
898,2693.737,57.84019212,18.83701058,38.499,365.552,-0.008,493.986,176.899,3.1599,-0.0141540,2694.115,5.908,6.071,11.980,1.5448,1.8099,2.7048,-0.0004877,0.0175,371.452,-0.185,494.308,359.490,0.138,493.655,0.0544917,0.0315832,-0.9980146,0.0252628,0.9991361,0.0329981,-0.111,0.016,0,0,0.0159,0,1
899,2696.737,57.84016527,18.83701442,38.597,365.781,0.090,490.995,174.426,3.3918,-0.0140954,2697.116,5.665,6.283,11.948,1.6113,1.9426,2.8402,-0.0004413,0.0157,371.419,-0.085,491.547,359.528,0.251,490.382,0.0974668,0.0338985,-0.9946613,0.0249345,0.9990229,0.0364905,-0.112,0.025,0,0,0.0168,0,1
900,2699.736,57.84013852,18.83702041,38.703,366.137,0.196,488.016,171.991,3.6542,-0.0139663,2700.117,5.442,6.475,11.917,1.6844,2.0928,2.9811,-0.0003911,0.0139,371.526,0.022,488.774,359.725,0.373,487.114,0.1392743,0.0365176,-0.9895803,0.0244002,0.9988898,0.0402953,-0.113,0.035,0,0,0.0177,0,1
901,2702.736,57.84011194,18.83702849,38.817,366.617,0.310,485.055,169.599,3.9357,-0.0138107,2703.119,5.254,6.640,11.893,1.7659,2.2538,3.1300,-0.0003388,0.0120,371.784,0.136,486.003,360.086,0.503,483.857,0.1802717,0.0393266,-0.9828304,0.0236560,0.9987381,0.0443021,-0.114,0.045,0,0,0.0176,0,1
902,2705.736,57.84008555,18.83703863,38.939,367.219,0.432,482.117,167.244,4.2249,-0.0136702,2706.121,5.107,6.773,11.880,1.8572,2.4193,3.2903,-0.0002864,0.0101,372.200,0.256,483.244,360.613,0.642,480.622,0.2205451,0.0422113,-0.9744630,0.0227330,0.9985693,0.0484006,-0.115,0.056,0,0,0.0176,0,1
903,2708.736,57.84005941,18.83705077,39.070,367.941,0.563,479.205,164.913,4.5107,-0.0135719,2709.124,5.002,6.877,11.879,1.9600,2.5827,3.4663,-0.0002358,0.0083,372.771,0.384,480.507,361.301,0.790,477.415,0.2599602,0.0450612,-0.9645673,0.0216960,0.9983858,0.0524883,-0.115,0.067,0,0,0.0175,0,1
904,2711.735,57.84003355,18.83706490,39.210,368.780,0.703,476.325,162.594,4.7828,-0.0135222,2712.127,4.934,6.958,11.892,2.0757,2.7383,3.6625,-0.0001888,0.0067,373.488,0.518,477.801,362.140,0.949,474.244,0.2987783,0.0477734,-0.9531260,0.0206047,0.9981905,0.0564911,-0.114,0.080,1,0,0.0174,0,1
905,2714.735,57.84000802,18.83708097,39.357,369.735,0.850,473.482,160.280,5.0317,-0.0135212,2715.130,4.893,7.025,11.918,2.2060,2.8805,3.8833,-0.0001468,0.0052,374.341,0.656,475.133,363.122,1.116,471.111,0.3370293,0.0502534,-0.9401520,0.0195362,0.9979862,0.0603482,-0.113,0.093,0,0,0.0174,0,1
906,2717.735,57.83998285,18.83709897,39.512,370.804,1.004,470.679,157.962,5.2487,-0.0135690,2718.134,4.869,7.087,11.956,2.3523,3.0045,4.1325,-0.0001111,0.0040,375.317,0.800,472.506,364.235,1.291,468.020,0.3747519,0.0524149,-0.9256423,0.0185663,0.9977761,0.0640162,-0.112,0.106,0,0,0.0177,0,1
907,2720.734,57.83995810,18.83711886,39.672,371.986,1.164,467.922,155.631,5.4254,-0.0136656,2721.138,4.851,7.151,12.001,2.5156,3.1055,4.4122,-0.0000823,0.0030,376.404,0.948,469.924,365.473,1.475,464.971,0.4121415,0.0541743,-0.9095078,0.0177521,0.9975638,0.0674637,-0.109,0.120,0,0,0.0180,0,1
908,2723.734,57.83993379,18.83714063,39.837,373.280,1.329,465.215,153.279,5.5536,-0.0138108,2724.142,4.830,7.221,12.051,2.6958,3.1787,4.7231,-0.0000609,0.0022,377.594,1.099,467.387,366.831,1.667,461.967,0.4490536,0.0554506,-0.8917825,0.0171619,0.9973530,0.0706567,-0.107,0.135,0,0,0.0183,0,1
909,2726.734,57.83990999,18.83716426,40.004,374.684,1.497,462.564,150.898,5.6256,-0.0140036,2727.146,4.800,7.299,12.098,2.8917,3.2198,5.0630,-0.0000471,0.0017,378.878,1.253,464.899,368.307,1.864,459.014,0.4856253,0.0561672,-0.8723608,0.0168265,0.9971482,0.0735686,-0.104,0.151,0,0,0.0186,0,1
910,2729.733,57.83988674,18.83718974,40.174,376.197,1.666,459.975,148.478,5.6344,-0.0142432,2730.151,4.755,7.382,12.137,3.1004,3.2249,5.4272,-0.0000409,0.0015,380.250,1.407,462.461,369.905,2.064,456.115,0.5220780,0.0562548,-0.8510405,0.0167475,0.9969539,0.0761737,-0.102,0.166,0,0,0.0189,0,1
911,2732.733,57.83986409,18.83721706,40.342,377.820,1.835,457.452,146.012,5.5744,-0.0145280,2733.155,4.693,7.465,12.158,3.3177,3.1906,5.8087,-0.0000423,0.0016,381.711,1.561,460.076,371.631,2.266,453.278,0.5582883,0.0556576,-0.8277780,0.0169334,0.9967749,0.0784411,-0.100,0.183,0,0,0.0158,0,1
912,2735.733,57.83984209,18.83724620,40.508,379.551,2.000,455.002,143.492,5.4417,-0.0148557,2736.159,4.613,7.544,12.157,3.5381,3.1148,6.1980,-0.0000512,0.0019,383.258,1.713,457.747,373.488,2.465,450.513,0.5942009,0.0543366,-0.8024792,0.0173700,0.9966159,0.0803435,-0.100,0.198,0,0,0.0128,0,1
913,2738.732,57.83982080,18.83727714,40.668,381.389,2.161,452.632,140.907,5.2355,-0.0152126,2739.163,4.514,7.615,12.129,3.7553,2.9970,6.5845,-0.0000674,0.0025,384.893,1.862,455.478,375.479,2.658,447.830,0.6297114,0.0522834,-0.7750678,0.0180270,0.9964804,0.0818654,-0.101,0.214,0,0,0.0097,0,1
914,2741.732,57.83980029,18.83730987,40.821,383.333,2.314,450.347,138.247,4.9581,-0.0155705,2742.167,4.400,7.675,12.074,3.9627,2.8385,6.9570,-0.0000906,0.0033,386.616,2.006,453.277,377.607,2.843,445.237,0.6650564,0.0495202,-0.7451495,0.0188204,0.9963707,0.0830130,-0.104,0.229,0,0,0.0066,0,1
915,2744.731,57.83978062,18.83734437,40.965,385.383,2.458,448.157,135.512,4.6154,-0.0158969,2745.170,4.273,7.724,11.997,4.1542,2.6426,7.3047,-0.0001207,0.0043,388.432,2.144,451.151,379.872,3.015,442.745,0.6999129,0.0461049,-0.7127385,0.0197074,0.9962877,0.0837997,-0.109,0.242,0,0,0.0035,0,1
916,2747.731,57.83976187,18.83738061,41.098,387.535,2.591,446.068,132.713,4.2164,-0.0161657,2748.172,4.139,7.765,11.904,4.3241,2.4144,7.6183,-0.0001570,0.0056,390.343,2.273,449.109,382.267,3.173,440.363,0.7340745,0.0421266,-0.6777610,0.0206230,0.9962306,0.0842577,-0.115,0.254,0,0,0.0077,0,1
917,2750.731,57.83974409,18.83741855,41.218,389.789,2.711,444.089,129.870,3.7734,-0.0163615,2751.174,4.002,7.801,11.803,4.4684,2.1610,7.8903,-0.0001989,0.0069,392.353,2.392,447.161,384.790,3.314,438.100,0.7671557,0.0377072,-0.6403517,0.0215111,0.9961970,0.0844319,-0.123,0.265,0,0,0.0119,0,1
918,2753.730,57.83972735,18.83745811,41.324,392.139,2.817,442.225,127.003,3.3003,-0.0164843,2754.176,3.867,7.835,11.702,4.5840,1.8902,8.1152,-0.0002457,0.0084,394.465,2.500,445.314,387.426,3.438,435.966,0.7983833,0.0329850,-0.6012455,0.0223699,0.9961845,0.0843564,-0.132,0.273,0,0,0.0161,0,1
919,2756.730,57.83971169,18.83749920,41.416,394.580,2.908,440.481,124.133,2.8125,-0.0165504,2757.177,3.740,7.869,11.609,4.6692,1.6110,8.2897,-0.0002963,0.0100,396.678,2.594,443.577,390.166,3.542,433.966,0.8275440,0.0281139,-0.5606965,0.0231260,0.9961904,0.0840822,-0.141,0.279,0,0,0.0203,0,1
920,2759.729,57.83969714,18.83754170,41.493,397.104,2.985,438.861,121.269,2.3250,-0.0165866,2760.177,3.623,7.905,11.528,4.7232,1.3319,8.4120,-0.0003496,0.0116,398.985,2.676,441.958,393.001,3.628,432.105,0.8544985,0.0232437,-0.5189336,0.0237019,0.9962133,0.0836503,-0.151,0.283,0,0,0.0245,0,1
921,2762.729,57.83968374,18.83758550,41.555,399.706,3.048,437.368,118.409,1.8514,-0.0166235,2763.178,3.520,7.941,11.461,4.7463,1.0607,8.4816,-0.0004044,0.0133,401.381,2.744,440.464,395.928,3.696,430.383,0.8794408,0.0185108,-0.4756483,0.0239744,0.9962529,0.0830983,-0.159,0.284,0,0,0.0251,0,1
922,2765.728,57.83967152,18.83763050,41.604,402.379,3.097,436.008,115.545,1.4036,-0.0166877,2766.177,3.432,7.977,11.409,4.7388,0.8042,8.4985,-0.0004594,0.0150,403.859,2.800,439.105,398.939,3.746,428.811,0.9021667,0.0140346,-0.4311593,0.0238933,0.9963108,0.0824256,-0.167,0.284,0,0,0.0257,0,1
923,2768.728,57.83966052,18.83767660,41.640,405.117,3.132,434.782,112.666,0.9910,-0.0167882,2769.177,3.361,8.011,11.372,4.7017,0.5678,8.4632,-0.0005134,0.0166,406.412,2.842,437.883,402.030,3.777,427.390,0.9227255,0.0099095,-0.3853304,0.0233836,0.9963892,0.0816192,-0.173,0.281,0,0,0.0263,0,1
924,2771.728,57.83965077,18.83772367,41.663,407.913,3.156,433.697,109.767,0.6202,-0.0169256,2772.177,3.305,8.040,11.346,4.6357,0.3553,8.3761,-0.0005652,0.0182,409.031,2.873,436.808,405.194,3.793,426.130,0.9410732,0.0062019,-0.3381461,0.0224086,0.9964913,0.0806403,-0.178,0.276,0,0,0.0269,0,1
925,2774.727,57.83964231,18.83777161,41.677,410.761,3.170,432.754,106.840,0.2950,-0.0170979,2775.177,3.268,8.061,11.329,4.5418,0.1690,8.2378,-0.0006139,0.0197,411.708,2.894,435.882,408.426,3.794,425.039,0.9571310,0.0029500,-0.2896405,0.0209655,0.9966198,0.0794320,-0.181,0.269,0,0,0.0275,0,1
926,2777.727,57.83963517,18.83782031,41.681,413.653,3.174,431.960,103.878,0.0162,-0.0173030,2778.176,3.254,8.067,11.321,4.4214,0.0093,8.0492,-0.0006586,0.0211,414.433,2.905,435.119,411.719,3.780,424.128,0.9708252,0.0001620,-0.2397882,0.0190821,0.9967761,0.0779306,-0.181,0.260,0,0,0.0266,0,1
927,2780.726,57.83962939,18.83786963,41.678,416.583,3.171,431.316,100.876,-0.2181,-0.0175363,2781.176,3.267,8.054,11.321,4.2763,-0.1250,7.8120,-0.0006988,0.0224,417.200,2.908,434.524,415.063,3.755,423.407,0.9820255,-0.0021810,-0.1887356,0.0168346,0.9969602,0.0760727,-0.180,0.249,0,0,0.0257,0,1
928,2783.726,57.83962501,18.83791946,41.669,419.543,3.161,430.828,97.830,-0.4123,-0.0177918,2784.175,3.316,8.015,11.330,4.1092,-0.2362,7.5291,-0.0007339,0.0236,419.994,2.903,434.113,418.452,3.717,422.888,0.9906904,-0.0041230,-0.1360719,0.0142891,0.9971692,0.0738198,-0.177,0.237,0,0,0.0247,0,1
929,2786.725,57.83962205,18.83796965,41.654,422.524,3.146,430.500,94.734,-0.5728,-0.0180638,2787.175,3.408,7.944,11.352,3.9234,-0.3282,7.2047,-0.0007636,0.0246,422.805,2.892,433.896,421.870,3.670,422.583,0.9965844,-0.0057279,-0.0823816,0.0116137,0.9973984,0.0711445,-0.174,0.223,0,0,0.0238,0,1
930,2789.725,57.83962056,18.83802007,41.634,425.519,3.127,430.334,91.586,-0.7075,-0.0183415,2790.174,3.550,7.839,11.389,3.7230,-0.4054,6.8449,-0.0007876,0.0255,425.617,2.874,433.883,425.302,3.615,422.498,0.9995918,-0.0070748,-0.0276784,0.0089457,0.9976407,0.0680662,-0.169,0.209,0,0,0.0229,0,1
931,2792.724,57.83962056,18.83807057,41.611,428.519,3.104,430.334,88.375,-0.8254,-0.0185770,2793.174,3.746,7.701,11.447,3.5129,-0.4729,6.4575,-0.0008060,0.0264,428.413,2.851,434.079,428.736,3.553,422.636,0.9995687,-0.0082537,0.0281827,0.0064172,0.9978877,0.0646451,-0.163,0.193,0,0,0.0211,0,1
932,2795.724,57.83962208,18.83812099,41.585,431.513,3.078,430.503,85.087,-0.9355,-0.0186586,2796.173,3.994,7.532,11.526,3.2977,-0.5360,6.0515,-0.0008183,0.0272,431.174,2.823,434.483,432.152,3.487,422.998,0.9963475,-0.0093546,0.0848771,0.0041768,0.9981305,0.0609767,-0.157,0.178,0,0,0.0193,0,1
933,2798.723,57.83962512,18.83817117,41.555,434.494,3.048,430.843,81.748,-1.0466,-0.0184509,2799.173,4.283,7.340,11.623,3.0824,-0.5996,5.6370,-0.0008245,0.0278,433.885,2.791,435.083,435.537,3.417,423.577,0.9898017,-0.0104654,0.1420672,0.0023472,0.9983605,0.0571912,-0.151,0.162,0,0,0.0175,0,1
934,2801.723,57.83962972,18.83822092,41.522,437.449,3.015,431.355,78.429,-1.1660,-0.0178426,2802.173,4.597,7.135,11.732,2.8710,-0.6680,5.2242,-0.0008243,0.0284,436.532,2.757,435.860,438.872,3.346,424.364,0.9798347,-0.0116592,0.1994693,0.0010029,0.9985705,0.0534410,-0.146,0.147,0,0,0.0157,0,1
935,2804.722,57.83963586,18.83827009,41.485,440.369,2.978,432.039,75.239,-1.2998,-0.0167785,2805.172,4.914,6.927,11.842,2.6670,-0.7447,4.8227,-0.0008174,0.0287,439.116,2.721,436.791,442.135,3.273,425.341,0.9668610,-0.0129969,0.2549725,0.0002703,0.9987549,0.0498853,-0.140,0.133,0,0,0.0139,0,1
936,2807.722,57.83964344,18.83831855,41.444,443.247,2.937,432.884,72.299,-1.4525,-0.0152790,2808.172,5.210,6.729,11.939,2.4732,-0.8322,4.4413,-0.0008033,0.0286,441.659,2.684,437.846,445.298,3.199,426.475,0.9523160,-0.0145235,0.3047678,0.0002965,0.9989100,0.0466758,-0.136,0.119,0,0,0.0132,0,1
937,2810.721,57.83965226,18.83836626,41.398,446.081,2.891,433.867,69.711,-1.6270,-0.0134319,2811.172,5.465,6.549,12.014,2.2917,-0.9321,4.0867,-0.0007818,0.0282,444.185,2.644,438.993,448.353,3.125,427.725,0.9377714,-0.0162678,0.3468721,0.0010811,0.9990340,0.0439306,-0.131,0.107,0,0,0.0124,0,1
938,2813.721,57.83966212,18.83841327,41.346,448.873,2.839,434.965,67.534,-1.8247,-0.0113698,2814.172,5.666,6.394,12.060,2.1241,-1.0454,3.7637,-0.0007527,0.0274,446.711,2.602,440.202,451.313,3.049,429.055,0.9241856,-0.0182440,0.3815078,0.0025030,0.9991264,0.0417156,-0.128,0.095,0,0,0.0117,0,1
939,2816.721,57.83967281,18.83845962,41.289,451.626,2.781,436.156,65.776,-2.0451,-0.0092366,2817.173,5.806,6.270,12.076,1.9713,-1.1716,3.4751,-0.0007157,0.0261,449.249,2.555,441.454,454.193,2.971,430.436,0.9121855,-0.0204467,0.4092670,0.0044299,0.9991880,0.0400452,-0.125,0.086,1,0,0.0110,0,1
940,2819.721,57.83968416,18.83850542,41.224,454.347,2.716,437.421,64.403,-2.2867,-0.0071485,2820.173,5.892,6.178,12.070,1.8342,-1.3100,3.2216,-0.0006712,0.0244,451.808,2.503,442.738,457.010,2.889,431.846,0.9021126,-0.0228610,0.4308946,0.0067434,0.9992205,0.0388955,-0.123,0.077,0,0,0.0103,0,1
941,2822.721,57.83969602,18.83855077,41.151,457.040,2.644,438.742,63.378,-2.5469,-0.0051521,2823.174,5.934,6.119,12.052,1.7131,-1.4590,3.0022,-0.0006197,0.0225,454.387,2.444,444.050,459.776,2.804,433.269,0.8942039,-0.0254607,0.4469353,0.0093523,0.9992259,0.0382118,-0.121,0.069,0,0,0.0098,0,1
942,2825.720,57.83970824,18.83859577,41.071,459.713,2.563,440.103,62.682,-2.8224,-0.0032333,2826.175,5.945,6.092,12.037,1.6076,-1.6167,2.8148,-0.0005618,0.0203,456.990,2.376,445.388,462.503,2.714,434.688,0.8885734,-0.0282128,0.4578661,0.0121864,0.9992065,0.0379191,-0.120,0.063,0,0,0.0093,0,1
943,2828.720,57.83972069,18.83864057,40.982,462.373,2.474,441.490,62.301,-3.1101,-0.0013667,2829.176,5.941,6.096,12.037,1.5171,-1.7814,2.6562,-0.0004985,0.0181,459.617,2.299,446.753,465.201,2.617,436.090,0.8854752,-0.0310860,0.4636458,0.0152185,0.9991646,0.0379263,-0.119,0.057,0,0,0.0089,0,1
944,2831.720,57.83973323,18.83868527,40.884,465.028,2.377,442.886,62.227,-3.4062,0.0004772,2832.178,5.929,6.130,12.059,1.4403,-1.9509,2.5229,-0.0004310,0.0157,462.271,2.212,448.135,467.878,2.515,437.459,0.8848024,-0.0340423,0.4647212,0.0184076,0.9991028,0.0381403,-0.119,0.052,0,0,0.0084,0,1
945,2834.720,57.83974573,18.83873000,40.777,467.685,2.270,444.280,62.460,-3.7072,0.0023292,2835.179,5.912,6.193,12.105,1.3756,-2.1231,2.4114,-0.0003607,0.0132,464.957,2.115,449.525,470.543,2.406,438.786,0.8865369,-0.0370466,0.4611724,0.0217385,0.9990235,0.0384638,-0.118,0.048,0,0,0.0079,0,1
946,2837.720,57.83975808,18.83877488,40.662,470.351,2.154,445.655,63.003,-4.0090,0.0042193,2838.182,5.890,6.280,12.170,1.3215,-2.2958,2.3182,-0.0002888,0.0107,467.684,2.007,450.907,473.195,2.288,440.056,0.8908601,-0.0400578,0.4525083,0.0252178,0.9989294,0.0387825,-0.118,0.043,0,0,0.0084,0,1
947,2840.720,57.83977013,18.83882005,40.537,473.034,2.029,446.997,63.867,-4.3075,0.0061750,2841.184,5.858,6.386,12.244,1.2766,-2.4665,2.2400,-0.0002168,0.0081,470.459,1.890,452.259,475.841,2.163,441.261,0.8973958,-0.0430351,0.4391228,0.0288119,0.9988235,0.0390069,-0.117,0.039,0,0,0.0088,0,1
948,2843.720,57.83978175,18.83886562,40.403,475.740,1.896,448.292,65.069,-4.5976,0.0082186,2844.187,5.812,6.504,12.316,1.2396,-2.6324,2.1739,-0.0001465,0.0056,473.296,1.765,453.565,478.476,2.031,442.391,0.9062834,-0.0459275,0.4201678,0.0325255,0.9987093,0.0390103,-0.116,0.035,0,0,0.0092,0,1
949,2846.719,57.83979278,18.83891169,40.261,478.476,1.754,449.520,66.630,-4.8738,0.0103593,2847.190,5.750,6.626,12.377,1.2091,-2.7903,2.1175,-0.0000794,0.0030,476.200,1.630,454.801,481.098,1.891,443.435,0.9172698,-0.0486802,0.3952802,0.0363277,0.9985911,0.0386798,-0.115,0.031,0,0,0.0096,0,1
950,2849.719,57.83980305,18.83895838,40.111,481.249,1.604,450.666,68.594,-5.1300,0.0125268,2850.193,5.677,6.743,12.420,1.1840,-2.9367,2.0686,-0.0000175,0.0007,479.180,1.486,455.953,483.706,1.743,444.387,0.9300100,-0.0512326,0.3639459,0.0401724,0.9984737,0.0379004,-0.113,0.028,0,0,0.0101,0,1
951,2852.719,57.83981240,18.83900574,39.954,484.062,1.446,451.706,71.003,-5.3594,0.0145426,2853.197,5.598,6.845,12.443,1.1629,-3.0678,2.0253,0.0000372,-0.0014,482.237,1.334,456.998,486.293,1.586,445.235,0.9440270,-0.0535172,0.3254979,0.0439930,0.9983628,0.0365564,-0.111,0.024,0,0,0.0118,0,1
952,2855.718,57.83982061,18.83905384,39.790,486.919,1.282,452.621,73.840,-5.5538,0.0161804,2856.201,5.523,6.924,12.447,1.1444,-3.1788,1.9861,0.0000826,-0.0032,485.373,1.175,457.923,488.857,1.423,445.974,0.9585415,-0.0554525,0.2795052,0.0476749,0.9982651,0.0345536,-0.108,0.021,0,0,0.0135,0,1
953,2858.718,57.83982747,18.83910267,39.621,489.820,1.114,453.385,77.007,-5.7040,0.0172278,2859.206,5.462,6.975,12.437,1.1271,-3.2646,1.9498,0.0001171,-0.0045,488.586,1.011,458.706,491.396,1.256,446.591,0.9725511,-0.0569474,0.2256132,0.0510657,0.9981881,0.0318255,-0.104,0.018,0,0,0.0152,0,1
954,2861.717,57.83983276,18.83915218,39.448,492.760,0.941,453.976,80.336,-5.8009,0.0175444,2862.210,5.424,6.993,12.417,1.1099,-3.3200,1.9156,0.0001391,-0.0054,491.854,0.841,459.324,493.927,1.082,447.082,0.9843122,-0.0579116,0.1666604,0.0538966,0.9981392,0.0285179,-0.099,0.016,0,0,0.0169,0,1
955,2864.717,57.83983644,18.83920221,39.274,495.732,0.766,454.386,83.632,-5.8382,0.0171035,2865.214,5.418,6.976,12.394,1.0920,-3.3412,1.8831,0.0001479,-0.0057,495.141,0.668,459.772,496.493,0.905,447.452,0.9923456,-0.0582828,0.1088733,0.0558751,0.9981238,0.0250385,-0.093,0.015,0,0,0.0186,0,1
956,2867.716,57.83983863,18.83925254,39.099,498.721,0.591,454.630,86.711,-5.8130,0.0160020,2868.219,5.449,6.926,12.375,1.0733,-3.3269,1.8523,0.0001435,-0.0055,498.413,0.494,460.070,499.113,0.726,447.715,0.9967182,-0.0580320,0.0564369,0.0568841,0.9981441,0.0217393,-0.086,0.014,0,0,0.0172,0,1
957,2870.716,57.83983948,18.83930302,38.925,501.719,0.418,454.725,89.453,-5.7258,0.0144285,2871.224,5.519,6.848,12.367,1.0544,-3.2771,1.8237,0.0001267,-0.0048,501.665,0.321,460.244,501.786,0.549,447.877,0.9983165,-0.0571644,0.0098201,0.0569731,0.9981993,0.0187653,-0.079,0.014,0,0,0.0159,0,1
958,2873.716,57.83983915,18.83935352,38.755,504.719,0.248,454.689,91.812,-5.5794,0.0126075,2874.228,5.627,6.749,12.376,1.0364,-3.1934,1.7980,0.0000992,-0.0038,504.893,0.150,460.313,504.511,0.374,447.943,0.9979722,-0.0557074,-0.0307913,0.0562254,0.9982863,0.0162227,-0.072,0.015,0,0,0.0145,0,1
959,2876.715,57.83983781,18.83940396,38.591,507.715,0.083,454.540,93.810,-5.3785,0.0107338,2877.232,5.769,6.638,12.407,1.0207,-3.0787,1.7762,0.0000633,-0.0024,508.094,-0.017,460.296,507.279,0.204,447.916,0.9964000,-0.0537074,-0.0655943,0.0547478,0.9983997,0.0141677,-0.065,0.016,0,0,0.0131,0,1
960,2879.715,57.83983561,18.83945429,38.433,510.704,-0.074,454.295,95.478,-5.1310,0.0089048,2880.236,5.939,6.526,12.465,1.0087,-2.9373,1.7594,0.0000217,-0.0008,511.266,-0.178,460.207,510.086,0.042,447.798,0.9941996,-0.0512426,-0.0945588,0.0526679,0.9985321,0.0126383,-0.059,0.018,0,0,0.0118,0,1
961,2882.715,57.83983271,18.83950450,38.283,513.687,-0.224,453.972,96.833,-4.8478,0.0071393,2883.240,6.129,6.424,12.552,1.0014,-2.7754,1.7487,-0.0000230,0.0009,514.410,-0.332,460.058,512.929,-0.113,447.593,0.9918486,-0.0484211,-0.1178632,0.0501363,0.9986747,0.0116290,-0.053,0.020,0,0,0.0116,0,1
962,2885.715,57.83982924,18.83955459,38.142,516.662,-0.365,453.587,97.891,-4.5413,0.0054395,2886.243,6.326,6.340,12.665,0.9996,-2.6002,1.7449,-0.0000680,0.0027,517.525,-0.478,459.853,515.798,-0.257,447.307,0.9896400,-0.0453662,-0.1362150,0.0473121,0.9988187,0.0110805,-0.048,0.021,0,0,0.0114,0,1
963,2888.715,57.83982535,18.83960457,38.011,519.630,-0.497,453.154,98.664,-4.2244,0.0037996,2889.246,6.514,6.281,12.795,1.0032,-2.4190,1.7485,-0.0001111,0.0045,520.606,-0.616,459.594,518.689,-0.392,446.943,0.9878292,-0.0422064,-0.1497064,0.0443407,0.9989565,0.0109462,-0.044,0.023,0,0,0.0112,0,1
964,2891.715,57.83982117,18.83965446,37.889,522.594,-0.618,452.688,99.165,-3.9095,0.0022077,2892.248,6.675,6.254,12.929,1.0117,-2.2388,1.7596,-0.0001505,0.0063,523.652,-0.742,459.279,521.603,-0.514,446.513,0.9866046,-0.0390652,-0.1583830,0.0413518,0.9990822,0.0111664,-0.041,0.025,0,0,0.0110,0,1
965,2894.714,57.83981681,18.83970430,37.776,525.554,-0.731,452.203,99.402,-3.6071,0.0006483,2895.250,6.791,6.257,13.048,1.0242,-2.0658,1.7778,-0.0001849,0.0079,526.658,-0.860,458.903,524.537,-0.627,446.029,0.9860662,-0.0360476,-0.1624011,0.0384495,0.9991924,0.0116708,-0.038,0.026,0,0,0.0108,0,1
966,2897.714,57.83981240,18.83975412,37.672,528.514,-0.835,451.713,99.379,-3.3252,-0.0008960,2898.252,6.844,6.291,13.135,1.0394,-1.9045,1.8025,-0.0002136,0.0092,529.624,-0.968,458.467,527.494,-0.730,445.506,0.9862201,-0.0332336,-0.1620659,0.0357092,0.9992855,0.0123855,-0.037,0.027,0,0,0.0104,0,1
967,2900.714,57.83980807,18.83980397,37.577,531.475,-0.931,451.230,99.096,-3.0689,-0.0024429,2901.253,6.828,6.349,13.177,1.0563,-1.7578,1.8325,-0.0002361,0.0102,532.549,-1.067,457.973,530.476,-0.824,444.960,0.9870797,-0.0306746,-0.1572664,0.0331688,0.9993618,0.0132592,-0.037,0.028,0,0,0.0100,0,1
968,2903.714,57.83980392,18.83985388,37.488,534.439,-1.019,450.769,98.550,-2.8404,-0.0040050,2904.254,6.742,6.424,13.166,1.0738,-1.6270,1.8664,-0.0002524,0.0109,535.436,-1.156,457.437,533.489,-0.910,444.415,0.9886097,-0.0283925,-0.1477999,0.0308336,0.9994229,0.0142505,-0.037,0.029,0,0,0.0097,0,1
969,2906.714,57.83980010,18.83990387,37.406,537.408,-1.101,450.343,97.723,-2.6390,-0.0055440,2907.255,6.598,6.507,13.106,1.0915,-1.5117,1.9028,-0.0002624,0.0113,538.291,-1.238,456.882,536.537,-0.988,443.894,0.9906559,-0.0263808,-0.1338094,0.0286843,0.9994712,0.0153161,-0.037,0.031,0,0,0.0093,0,1
970,2909.714,57.83979671,18.83995397,37.330,540.384,-1.178,449.966,96.597,-2.4619,-0.0069681,2910.256,6.418,6.587,13.004,1.1090,-1.4103,1.9402,-0.0002665,0.0113,541.122,-1.314,456.341,539.627,-1.062,443.423,0.9930642,-0.0246115,-0.1149688,0.0266739,0.9995091,0.0164344,-0.037,0.032,0,0,0.0089,0,1
971,2912.714,57.83979389,18.84000420,37.258,543.368,-1.249,449.653,95.189,-2.3046,-0.0081686,2913.257,6.228,6.652,12.879,1.1264,-1.3202,1.9774,-0.0002649,0.0110,543.936,-1.382,455.855,542.761,-1.129,443.029,0.9955699,-0.0230399,-0.0911578,0.0247416,0.9995392,0.0175824,-0.037,0.034,0,0,0.0087,0,1
972,2915.713,57.83979179,18.84005455,37.191,546.358,-1.316,449.419,93.556,-2.1616,-0.0090502,2916.257,6.056,6.694,12.750,1.1439,-1.2383,2.0132,-0.0002580,0.0105,546.735,-1.447,455.463,545.942,-1.193,442.738,0.9978318,-0.0216110,-0.0621666,0.0228160,0.9995640,0.0187407,-0.037,0.036,0,0,0.0086,0,1
973,2918.713,57.83979053,18.84010500,37.129,549.355,-1.379,449.280,91.785,-2.0275,-0.0095546,2919.258,5.928,6.708,12.636,1.1615,-1.1615,2.0467,-0.0002465,0.0098,549.534,-1.509,455.206,549.153,-1.253,442.575,0.9993393,-0.0202708,-0.0301668,0.0208746,0.9995853,0.0198374,-0.037,0.038,0,0,0.0084,0,1
974,2921.713,57.83979015,18.84015550,37.070,552.354,-1.438,449.238,89.976,-1.8973,-0.0096749,2922.258,5.865,6.693,12.558,1.1790,-1.0869,2.0772,-0.0002311,0.0091,552.345,-1.568,455.103,552.364,-1.309,442.545,0.9998189,-0.0189696,0.0015000,0.0189343,0.9996045,0.0207925,-0.036,0.040,0,0,0.0082,0,1
975,2924.713,57.83979060,18.84020600,37.015,555.354,-1.493,449.289,88.218,-1.7672,-0.0094579,2925.258,5.877,6.652,12.528,1.1962,-1.0124,2.1045,-0.0002129,0.0084,555.169,-1.624,455.163,555.564,-1.362,442.640,0.9993475,-0.0176692,0.0315004,0.0169938,0.9996226,0.0215831,-0.034,0.042,0,0,0.0080,0,1
976,2927.712,57.83979184,18.84025645,36.964,558.350,-1.544,449.427,86.571,-1.6347,-0.0089919,2928.259,5.960,6.591,12.551,1.2123,-0.9365,2.1283,-0.0001931,0.0076,557.994,-1.678,455.376,558.743,-1.412,442.848,0.9980842,-0.0163448,0.0596717,0.0150423,0.9996401,0.0222127,-0.032,0.044,0,0,0.0078,0,1
977,2930.712,57.83979381,18.84030682,36.917,561.342,-1.591,449.647,85.055,-1.4987,-0.0083840,2931.259,6.100,6.519,12.620,1.2268,-0.8586,2.1487,-0.0001729,0.0069,560.818,-1.729,455.725,561.902,-1.458,443.152,0.9961966,-0.0149853,0.0858359,0.0130827,0.9996570,0.0226860,-0.030,0.046,0,0,0.0075,0,1
978,2933.712,57.83979646,18.84035708,36.874,564.327,-1.634,449.942,83.662,-1.3595,-0.0077251,2934.259,6.275,6.444,12.719,1.2391,-0.7789,2.1656,-0.0001536,0.0062,563.637,-1.776,456.179,565.036,-1.501,443.537,0.9938386,-0.0135937,0.1100006,0.0111264,0.9996732,0.0230131,-0.027,0.048,0,0,0.0073,0,1
979,2936.712,57.83979974,18.84040721,36.835,567.305,-1.673,450.307,82.386,-1.2191,-0.0070513,2937.259,6.457,6.372,12.829,1.2492,-0.6985,2.1795,-0.0001363,0.0056,566.451,-1.819,456.708,568.147,-1.540,443.991,0.9911528,-0.0121901,0.1321648,0.0092005,0.9996883,0.0232076,-0.025,0.049,0,0,0.0070,0,1
980,2939.712,57.83980358,18.84045720,36.800,570.274,-1.707,450.735,81.230,-1.0808,-0.0063691,2940.259,6.621,6.308,12.929,1.2570,-0.6192,2.1903,-0.0001216,0.0051,569.266,-1.857,457.279,571.234,-1.574,444.500,0.9882928,-0.0108074,0.1521861,0.0073463,0.9997018,0.0232863,-0.022,0.050,0,0,0.0068,0,1
981,2942.712,57.83980792,18.84050704,36.770,573.234,-1.737,451.220,80.193,-0.9492,-0.0056834,2943.259,6.748,6.254,13.002,1.2626,-0.5438,2.1985,-0.0001098,0.0046,572.087,-1.890,457.870,574.297,-1.604,445.057,0.9853965,-0.0094916,0.1700109,0.0056143,0.9997134,0.0232723,-0.020,0.051,0,0,0.0070,0,1
982,2945.711,57.83981273,18.84055673,36.743,576.186,-1.764,451.755,79.275,-0.8292,-0.0049980,2946.259,6.827,6.213,13.040,1.2663,-0.4751,2.2043,-0.0001007,0.0043,574.917,-1.919,458.463,577.340,-1.631,445.651,0.9825505,-0.0082917,0.1858114,0.0040505,0.9997228,0.0231932,-0.018,0.050,0,0,0.0072,0,1
983,2948.711,57.83981792,18.84060629,36.720,579.130,-1.787,452.335,78.476,-0.7261,-0.0043153,2949.259,6.856,6.185,13.041,1.2684,-0.4160,2.2079,-0.0000937,0.0040,577.762,-1.943,459.053,580.364,-1.654,446.275,0.9798694,-0.0072608,0.1995073,0.0027093,0.9997300,0.0230771,-0.017,0.050,0,0,0.0074,0,1
984,2951.711,57.83982346,18.84065572,36.700,582.065,-1.808,452.952,77.794,-0.6444,-0.0036371,2952.259,6.835,6.174,13.009,1.2691,-0.3692,2.2095,-0.0000880,0.0037,580.623,-1.963,459.633,583.368,-1.675,446.917,0.9774590,-0.0064439,0.2110271,0.0016357,0.9997352,0.0229514,-0.016,0.048,0,0,0.0076,0,1
985,2954.711,57.83982929,18.84070503,36.681,584.994,-1.826,453.601,77.229,-0.5876,-0.0029638,2955.259,6.769,6.183,12.952,1.2685,-0.3367,2.2095,-0.0000828,0.0035,583.500,-1.979,460.203,586.358,-1.693,447.570,0.9753317,-0.0058759,0.2206663,0.0008552,0.9997387,0.0228412,-0.015,0.047,0,0,0.0078,0,1
986,2957.711,57.83983535,18.84075424,36.664,587.917,-1.843,454.276,76.779,-0.5575,-0.0022953,2958.259,6.658,6.216,12.874,1.2669,-0.3194,2.2081,-0.0000773,0.0032,586.397,-1.993,460.758,589.336,-1.709,448.224,0.9735636,-0.0055749,0.2283482,0.0003855,0.9997408,0.0227644,-0.015,0.044,0,0,0.0081,0,1
987,2960.711,57.83984158,18.84080337,36.648,590.835,-1.860,454.971,76.443,-0.5540,-0.0016307,2961.259,6.507,6.274,12.780,1.2643,-0.3174,2.2053,-0.0000710,0.0029,589.311,-2.006,461.297,592.304,-1.724,448.872,0.9721799,-0.0055399,0.2341699,0.0002216,0.9997416,0.0227315,-0.015,0.042,0,0,0.0084,0,1
988,2963.711,57.83984795,18.84085245,36.631,593.750,-1.876,455.681,76.215,-0.5749,-0.0009510,2964.259,6.317,6.355,12.672,1.2610,-0.3294,2.2014,-0.0000638,0.0026,592.248,-2.018,461.817,595.261,-1.739,449.509,0.9712915,-0.0057489,0.2378231,0.0003484,0.9997413,0.0227440,-0.016,0.039,0,0,0.0088,0,1
989,2966.711,57.83985439,18.84090149,36.613,596.663,-1.894,456.398,76.087,-0.6160,-0.0002025,2967.259,6.098,6.454,12.552,1.2571,-0.3529,2.1964,-0.0000561,0.0022,595.202,-2.030,462.318,598.210,-1.755,450.132,0.9708356,-0.0061599,0.2396672,0.0007161,0.9997399,0.0227945,-0.017,0.037,0,0,0.0091,0,1
990,2969.710,57.83986085,18.84095052,36.594,599.575,-1.913,457.119,76.067,-0.6717,0.0006803,2970.259,5.860,6.565,12.425,1.2528,-0.3848,2.1903,-0.0000484,0.0019,598.170,-2.043,462.808,601.149,-1.771,450.745,0.9708321,-0.0067168,0.2396664,0.0012714,0.9997377,0.0228683,-0.018,0.035,0,0,0.0094,0,1
991,2972.710,57.83986729,18.84099956,36.573,602.488,-1.935,457.836,76.188,-0.7352,0.0017539,2973.259,5.623,6.678,12.302,1.2480,-0.4212,2.1829,-0.0000415,0.0016,601.151,-2.059,463.298,604.075,-1.791,451.349,0.9713198,-0.0073518,0.2376633,0.0019527,0.9997348,0.0229449,-0.020,0.033,0,0,0.0087,0,1
992,2975.710,57.83987365,18.84104864,36.550,605.403,-1.958,458.545,76.499,-0.7996,0.0030517,2976.259,5.411,6.783,12.194,1.2427,-0.4581,2.1742,-0.0000364,0.0014,604.141,-2.077,463.807,606.985,-1.812,451.949,0.9724001,-0.0079957,0.2331827,0.0027049,0.9997318,0.0230008,-0.022,0.031,0,0,0.0080,0,1
993,2978.710,57.83987984,18.84109779,36.525,608.322,-1.983,459.235,77.062,-0.8585,0.0045743,2979.258,5.247,6.870,12.117,1.2364,-0.4919,2.1639,-0.0000341,0.0013,607.147,-2.097,464.348,609.860,-1.836,452.539,0.9745851,-0.0085847,0.2238529,0.0035221,0.9997291,0.0230053,-0.025,0.030,0,0,0.0073,0,1
994,2981.710,57.83988570,18.84114709,36.498,611.250,-2.009,459.888,77.933,-0.9062,0.0062872,2982.258,5.153,6.930,12.083,1.2291,-0.5192,2.1519,-0.0000357,0.0013,610.175,-2.121,464.927,612.696,-1.862,453.110,0.9779400,-0.0090616,0.2086894,0.0043704,0.9997275,0.0229297,-0.029,0.030,0,0,0.0066,0,1
995,2984.710,57.83989107,18.84119658,36.470,614.189,-2.037,460.487,79.149,-0.9390,0.0081236,2985.258,5.145,6.956,12.101,1.2204,-0.5380,2.1380,-0.0000420,0.0015,613.224,-2.148,465.541,615.493,-1.890,453.654,0.9822179,-0.0093896,0.1875098,0.0052129,0.9997275,0.0227550,-0.033,0.030,0,0,0.0059,0,1
996,2987.710,57.83989580,18.84124630,36.442,617.143,-2.065,461.013,80.723,-0.9545,0.0099936,2988.258,5.231,6.942,12.174,1.2104,-0.5469,2.1221,-0.0000537,0.0020,616.303,-2.177,466.176,618.257,-1.920,454.161,0.9869900,-0.0095446,0.1604984,0.0060135,0.9997294,0.0224721,-0.037,0.030,0,0,0.0058,0,1
997,2990.709,57.83989971,18.84129627,36.413,620.111,-2.094,461.450,82.642,-0.9520,0.0118016,2991.258,5.411,6.884,12.295,1.1995,-0.5454,2.1044,-0.0000716,0.0027,619.421,-2.210,466.816,620.989,-1.953,454.622,0.9917881,-0.0095196,0.1275371,0.0067564,0.9997334,0.0220805,-0.042,0.030,0,0,0.0057,0,1
998,2993.709,57.83990265,18.84134647,36.385,623.092,-2.123,461.778,84.883,-0.9324,0.0134727,2994.258,5.676,6.780,12.456,1.1883,-0.5342,2.0849,-0.0000960,0.0037,622.589,-2.244,467.432,623.693,-1.986,455.025,0.9960150,-0.0093236,0.0886977,0.0074359,0.9997393,0.0215885,-0.048,0.031,0,0,0.0056,0,1
999,2996.709,57.83990448,18.84139686,36.357,626.085,-2.150,461.982,87.406,-0.8971,0.0149893,2997.258,6.016,6.626,12.642,1.1780,-0.5140,2.0640,-0.0001269,0.0051,625.816,-2.279,467.992,626.381,-2.019,455.362,0.9989611,-0.0089706,0.0446798,0.0080378,0.9997469,0.0210146,-0.053,0.032,0,0,0.0055,0,1
1000,2999.708,57.83990505,18.84144734,36.331,629.084,-2.176,462.046,90.163,-0.8483,0.0163895,3000.258,6.415,6.425,12.840,1.1697,-0.4860,2.0419,-0.0001642,0.0068,629.110,-2.314,468.461,629.058,-2.052,455.621,0.9999560,-0.0084827,-0.0040018,0.0085626,0.9997556,0.0203801,-0.058,0.033,0,0,0.0055,0,1
1001,3002.708,57.83990426,18.84149782,36.307,632.082,-2.201,461.958,93.109,-0.7883,0.0177810,3003.257,6.855,6.180,13.035,1.1648,-0.4517,2.0192,-0.0002073,0.0088,632.466,-2.349,468.803,631.736,-2.084,455.788,0.9983979,-0.0078828,-0.0560317,0.0089999,0.9997651,0.0197141,-0.063,0.033,0,0,0.0061,0,1
1002,3005.707,57.83990202,18.84154815,36.284,635.071,-2.223,461.710,96.228,-0.7190,0.0193436,3006.257,7.317,5.903,13.220,1.1643,-0.4119,1.9963,-0.0002553,0.0112,635.881,-2.383,468.982,634.417,-2.114,455.843,0.9938255,-0.0071898,-0.1107215,0.0093541,0.9997750,0.0190403,-0.066,0.034,0,0,0.0067,0,1
1003,3008.707,57.83989829,18.84159816,36.264,638.042,-2.244,461.294,99.550,-0.6421,0.0213163,3009.256,7.775,5.615,13.390,1.1687,-0.3679,1.9737,-0.0003068,0.0138,639.349,-2.416,468.958,637.098,-2.143,455.759,0.9857492,-0.0064209,-0.1680993,0.0096455,0.9997847,0.0183732,-0.069,0.035,0,0,0.0073,0,1
1004,3011.706,57.83989297,18.84164766,36.245,640.982,-2.262,460.702,103.171,-0.5586,0.0239766,3012.256,8.206,5.346,13.552,1.1772,-0.3201,1.9518,-0.0003604,0.0165,642.870,-2.446,468.688,639.752,-2.168,455.499,0.9731674,-0.0055859,-0.2300305,0.0099239,0.9997940,0.0177058,-0.071,0.035,0,1,0.0079,0,1
1005,3014.705,57.83988590,18.84169639,36.230,643.876,-2.277,459.915,107.264,-0.4690,0.0275809,3015.255,8.585,5.130,13.715,1.1881,-0.2687,1.9307,-0.0004145,0.0195,646.442,-2.473,468.107,642.342,-2.189,455.019,0.9542555,-0.0046899,-0.2989556,0.0102455,0.9998027,0.0170185,-0.072,0.036,0,0,0.0085,0,1
1006,3017.704,57.83987687,18.84174396,36.217,646.702,-2.290,458.910,112.102,-0.3740,0.0322440,3018.254,8.891,5.004,13.895,1.1985,-0.2143,1.9105,-0.0004675,0.0226,650.057,-2.497,467.143,644.814,-2.206,454.276,0.9260686,-0.0037400,-0.3773367,0.0106705,0.9998106,0.0162783,-0.072,0.036,0,0,0.0087,0,1
1007,3020.703,57.83986559,18.84178979,36.208,649.425,-2.300,457.654,118.092,-0.2742,0.0377097,3021.253,9.110,4.994,14.103,1.2053,-0.1571,1.8910,-0.0005176,0.0257,653.690,-2.515,465.704,647.087,-2.218,453.241,0.8836546,-0.0027420,-0.4681315,0.0112731,0.9998175,0.0154231,-0.070,0.036,0,1,0.0088,0,1
1008,3023.701,57.83985169,18.84183302,36.201,651.993,-2.306,456.107,125.533,-0.1694,0.0433213,3024.251,9.237,5.107,14.344,1.2055,-0.0971,1.8716,-0.0005634,0.0290,657.287,-2.527,463.677,649.066,-2.225,451.922,0.8194428,-0.0016940,-0.5731585,0.0121130,0.9998235,0.0143629,-0.068,0.036,0,0,0.0090,0,1
1009,3026.698,57.83983480,18.84187230,36.197,654.326,-2.310,454.226,134.397,-0.0585,0.0478987,3027.248,9.277,5.329,14.606,1.1972,-0.0335,1.8515,-0.0006038,0.0322,660.733,-2.534,460.936,650.646,-2.228,450.372,0.7232452,-0.0005850,-0.6905911,0.0132069,0.9998285,0.0129845,-0.065,0.036,0,1,0.0091,0,1
1010,3029.694,57.83981466,18.84190574,36.197,656.312,-2.310,451.983,144.215,0.0582,0.0498846,3030.243,9.240,5.624,14.864,1.1802,0.0333,1.8296,-0.0006376,0.0352,663.789,-2.533,457.412,651.761,-2.227,448.679,0.5875033,0.0005820,-0.8092216,0.0144608,0.9998325,0.0112178,-0.062,0.035,0,1,0.0093,0,1
1011,3032.689,57.83979147,18.84193126,36.201,657.829,-2.306,449.401,154.150,0.1782,0.0482852,3033.239,9.142,5.939,15.081,1.1555,0.1021,1.8044,-0.0006640,0.0378,666.094,-2.526,453.308,652.459,-2.222,446.863,0.4273291,0.0017820,-0.9040944,0.0155492,0.9998357,0.0093202,-0.059,0.034,0,0,0.0088,0,1
1012,3035.685,57.83976621,18.84194864,36.208,658.862,-2.299,446.588,163.284,0.2985,0.0435463,3036.235,8.999,6.216,15.215,1.1252,0.1710,1.7742,-0.0006821,0.0395,667.511,-2.514,449.073,652.888,-2.215,444.872,0.2761112,0.0029850,-0.9611211,0.0162253,0.9998382,0.0077664,-0.056,0.033,1,1,0.0083,0,1
1013,3038.683,57.83973987,18.84195905,36.219,659.480,-2.289,443.654,170.953,0.4180,0.0371095,3039.233,8.827,6.405,15.232,1.0911,0.2395,1.7370,-0.0006914,0.0401,668.205,-2.496,444.991,653.149,-2.206,442.684,0.1514660,0.0041800,-0.9884536,0.0165338,0.9998404,0.0067617,-0.054,0.031,1,0,0.0078,0,1
1014,3041.682,57.83971308,18.84196391,36.233,659.769,-2.274,440.669,176.924,0.5374,0.0303082,3042.232,8.639,6.474,15.113,1.0543,0.3079,1.6907,-0.0006912,0.0395,668.395,-2.472,441.137,653.304,-2.194,440.318,0.0542308,0.0053739,-0.9985140,0.0165877,0.9998427,0.0062820,-0.051,0.028,1,0,0.0073,0,1
1015,3044.681,57.83968615,18.84196449,36.251,659.805,-2.256,437.670,181.361,0.6563,0.0239506,3045.231,8.443,6.418,14.862,1.0145,0.3760,1.6329,-0.0006810,0.0376,668.246,-2.442,437.497,653.388,-2.179,437.802,-0.0205158,0.0065629,-0.9997680,0.0164577,0.9998452,0.0062256,-0.050,0.026,1,0,0.0068,0,1
1016,3047.681,57.83965925,18.84196181,36.273,659.646,-2.235,434.675,184.634,0.7727,0.0185408,3048.231,8.247,6.254,14.502,0.9699,0.4427,1.5614,-0.0006601,0.0347,667.868,-2.409,434.034,653.410,-2.163,435.161,-0.0777015,0.0077268,-0.9969467,0.0161648,0.9998483,0.0064894,-0.048,0.022,1,0,0.0080,0,1
1017,3050.680,57.83963246,18.84195663,36.297,659.339,-2.210,431.691,187.051,0.8840,0.0142912,3051.230,8.055,6.016,14.072,0.9178,0.5065,1.4739,-0.0006284,0.0311,667.335,-2.370,430.716,653.367,-2.144,432.419,-0.1210336,0.0088397,-0.9926090,0.0156988,0.9998523,0.0069899,-0.047,0.018,0,0,0.0091,0,1
1018,3053.680,57.83960579,18.84194957,36.326,658.920,-2.182,428.721,188.842,0.9886,0.0111889,3054.230,7.871,5.745,13.616,0.8554,0.5664,1.3686,-0.0005858,0.0272,666.698,-2.326,427.514,653.243,-2.123,429.602,-0.1533523,0.0098855,-0.9881221,0.0150376,0.9998575,0.0076691,-0.046,0.014,0,0,0.0103,0,1
1019,3056.680,57.83957924,18.84194113,36.357,658.419,-2.151,425.763,190.209,1.0844,0.0091336,3057.230,7.696,5.478,13.174,0.7802,0.6213,1.2436,-0.0005329,0.0231,665.994,-2.278,424.404,653.027,-2.099,426.730,-0.1765129,0.0108434,-0.9842386,0.0141533,0.9998639,0.0084773,-0.045,0.009,0,0,0.0115,0,1
1020,3059.680,57.83955278,18.84193172,36.391,657.861,-2.117,422.816,191.345,1.1692,0.0079907,3060.230,7.535,5.243,12.778,0.6910,0.6699,1.0982,-0.0004707,0.0192,665.251,-2.226,421.348,652.718,-2.072,423.838,-0.1948524,0.0116912,-0.9807629,0.0130477,0.9998714,0.0093267,-0.044,0.004,0,0,0.0126,0,1
1021,3062.680,57.83952641,18.84192144,36.427,657.250,-2.081,419.879,192.422,1.2407,0.0076032,3063.230,7.391,5.056,12.447,0.5875,0.7108,0.9319,-0.0004009,0.0155,664.471,-2.172,418.302,652.310,-2.044,420.958,-0.2133126,0.0124060,-0.9769052,0.0117498,0.9998796,0.0101322,-0.043,-0.002,0,0,0.0120,0,1
1022,3065.680,57.83950015,18.84191016,36.465,656.581,-2.042,416.954,193.578,1.2963,0.0077890,3066.230,7.269,4.920,12.188,0.4710,0.7427,0.7456,-0.0003255,0.0121,663.648,-2.113,415.253,651.798,-2.013,418.105,-0.2339963,0.0129619,-0.9721511,0.0102813,0.9998882,0.0108570,-0.042,-0.008,0,0,0.0113,0,1
1023,3068.679,57.83947404,18.84189778,36.504,655.846,-2.003,414.046,194.890,1.3341,0.0083491,3069.231,7.173,4.828,12.001,0.3432,0.7643,0.5411,-0.0002470,0.0089,662.778,-2.055,412.202,651.180,-1.983,415.287,-0.2570379,0.0133398,-0.9663092,0.0086576,0.9998964,0.0115006,-0.040,-0.013,0,0,0.0106,0,1
1024,3071.679,57.83944810,18.84188418,36.545,655.039,-1.962,411.157,196.379,1.3526,0.0090855,3072.231,7.107,4.770,11.877,0.2067,0.7749,0.3214,-0.0001680,0.0059,661.857,-1.993,409.151,650.463,-1.950,412.503,-0.2821947,0.0135248,-0.9592618,0.0069004,0.9999034,0.0120678,-0.038,-0.019,0,0,0.0099,0,1
1025,3074.679,57.83942237,18.84186926,36.586,654.153,-1.922,408.291,198.024,1.3515,0.0098338,3075.231,7.074,4.733,11.807,0.0643,0.7743,0.0908,-0.0000912,0.0032,660.879,-1.933,406.100,649.653,-1.920,409.757,-0.3096910,0.0135138,-0.9507412,0.0050490,0.9999083,0.0125680,-0.036,-0.024,0,0,0.0092,0,1
1026,3077.679,57.83939689,18.84185290,36.626,653.181,-1.881,405.453,199.810,1.3314,0.0105040,3078.231,7.075,4.704,11.779,-0.0809,0.7628,-0.1456,-0.0000185,0.0006,659.837,-1.872,403.055,648.756,-1.888,407.047,-0.3388606,0.0133128,-0.9407424,0.0031419,0.9999103,0.0130184,-0.033,-0.028,0,0,0.0084,0,1
1027,3080.678,57.83937170,18.84183501,36.665,652.120,-1.842,402.647,201.721,1.2941,0.0110506,3081.231,7.110,4.672,11.782,-0.2256,0.7414,-0.3820,0.0000483,-0.0017,658.725,-1.812,400.017,647.779,-1.859,404.375,-0.3698934,0.0129399,-0.9289841,0.0012378,0.9999090,0.0134350,-0.030,-0.033,0,0,0.0077,0,1
1028,3083.678,57.83934685,18.84181552,36.703,650.962,-1.804,399.880,203.727,1.2425,0.0114413,3084.231,7.176,4.632,11.808,-0.3667,0.7119,-0.6124,0.0001083,-0.0038,657.531,-1.754,396.992,646.722,-1.830,401.744,-0.4024226,0.0124240,-0.9153697,-0.0006060,0.9999041,0.0138378,-0.027,-0.036,0,0,0.0069,0,1
1029,3086.678,57.83932239,18.84179436,36.740,649.706,-1.768,397.156,205.789,1.1801,0.0116644,3087.231,7.270,4.579,11.849,-0.5010,0.6761,-0.8311,0.0001610,-0.0057,656.251,-1.699,393.992,645.583,-1.803,399.149,-0.4352735,0.0118002,-0.9002209,-0.0023446,0.9998959,0.0142404,-0.023,-0.039,0,0,0.0062,0,1
1030,3089.678,57.83929837,18.84177154,36.774,648.351,-1.733,394.480,207.864,1.1108,0.0117309,3090.231,7.384,4.518,11.902,-0.6257,0.6364,-1.0328,0.0002066,-0.0073,654.878,-1.645,391.026,644.358,-1.775,396.593,-0.4677363,0.0111073,-0.8837983,-0.0039322,0.9998850,0.0146473,-0.020,-0.041,0,0,0.0054,0,1
1031,3092.677,57.83927480,18.84174711,36.806,646.900,-1.701,391.854,209.919,1.0384,0.0116724,3093.230,7.512,4.453,11.965,-0.7384,0.5949,-1.2138,0.0002455,-0.0088,653.410,-1.596,388.106,643.041,-1.750,394.076,-0.4988920,0.0103834,-0.8666019,-0.0053378,0.9998724,0.0150532,-0.016,-0.043,0,0,0.0060,0,1
1032,3095.677,57.83925170,18.84172113,36.836,645.358,-1.671,389.281,211.933,0.9663,0.0115343,3096.230,7.645,4.393,12.038,-0.8376,0.5536,-1.3714,0.0002786,-0.0101,651.846,-1.550,385.237,641.630,-1.726,391.605,-0.5289100,0.0096625,-0.8486229,-0.0065266,0.9998593,0.0154523,-0.012,-0.043,0,0,0.0067,0,1
1033,3098.677,57.83922909,18.84169368,36.864,643.727,-1.643,386.763,213.903,0.8972,0.0113649,3099.230,7.773,4.348,12.122,-0.9222,0.5140,-1.5046,0.0003067,-0.0113,650.179,-1.508,382.427,640.118,-1.703,389.188,-0.5577515,0.0089716,-0.8299595,-0.0074822,0.9998466,0.0158363,-0.007,-0.044,0,0,0.0074,0,1
1034,3101.677,57.83920700,18.84166479,36.890,642.012,-1.617,384.302,215.838,0.8330,0.0112036,3102.230,7.890,4.324,12.214,-0.9919,0.4773,-1.6135,0.0003306,-0.0123,648.409,-1.469,379.682,638.507,-1.681,386.833,-0.5854520,0.0083297,-0.8106643,-0.0082020,0.9998352,0.0161968,-0.003,-0.044,0,0,0.0080,0,1
1035,3104.676,57.83918543,18.84163454,36.914,640.215,-1.593,381.900,217.746,0.7748,0.0110687,3105.230,7.992,4.318,12.310,-1.0475,0.4439,-1.6996,0.0003509,-0.0133,646.534,-1.435,377.008,636.800,-1.660,384.544,-0.6121548,0.0077478,-0.7907000,-0.0086942,0.9998256,0.0165279,0.002,-0.043,0,0,0.0087,0,1
1036,3107.676,57.83916441,18.84160296,36.937,638.340,-1.571,379.559,219.633,0.7234,0.0109617,3108.230,8.074,4.324,12.399,-1.0903,0.4145,-1.7651,0.0003682,-0.0142,644.559,-1.404,374.409,635.009,-1.640,382.317,-0.6378035,0.0072338,-0.7701652,-0.0089785,0.9998181,0.0168263,0.007,-0.042,0,0,0.0084,0,1
1037,3110.676,57.83914396,18.84157011,36.958,636.389,-1.550,377.280,221.504,0.6792,0.0108832,3111.230,8.140,4.328,12.467,-1.1221,0.3891,-1.8128,0.0003826,-0.0149,642.485,-1.377,371.886,633.148,-1.621,380.147,-0.6625982,0.0067918,-0.7489443,-0.0090747,0.9998127,0.0170953,0.013,-0.042,0,0,0.0081,0,1
1038,3113.676,57.83912408,18.84153603,36.978,634.365,-1.530,375.066,223.364,0.6424,0.0108335,3114.229,8.191,4.312,12.502,-1.1450,0.3681,-1.8457,0.0003942,-0.0154,640.320,-1.352,369.442,631.231,-1.602,378.027,-0.6866338,0.0064239,-0.7269750,-0.0090055,0.9998091,0.0173405,0.018,-0.041,0,0,0.0079,0,1
1039,3116.675,57.83910480,18.84150076,36.996,632.270,-1.511,372.919,225.217,0.6133,0.0108129,3117.229,8.231,4.263,12.494,-1.1611,0.3514,-1.8671,0.0004027,-0.0157,638.068,-1.330,367.077,629.267,-1.583,375.945,-0.7097555,0.0061329,-0.7044215,-0.0087975,0.9998070,0.0175687,0.023,-0.041,0,0,0.0076,0,1
1040,3119.675,57.83908615,18.84146433,37.014,630.107,-1.493,370.840,227.070,0.5925,0.0108219,3120.229,8.265,4.178,12.443,-1.1723,0.3395,-1.8798,0.0004076,-0.0158,635.737,-1.310,364.788,627.261,-1.564,373.899,-0.7321391,0.0059249,-0.6811294,-0.0084643,0.9998058,0.0177952,0.028,-0.041,0,0,0.0073,0,1
1041,3122.675,57.83906813,18.84142680,37.032,627.878,-1.475,368.833,228.926,0.5806,0.0108605,3123.229,8.298,4.062,12.360,-1.1799,0.3327,-1.8867,0.0004081,-0.0156,633.330,-1.290,362.577,625.209,-1.545,371.895,-0.7538638,0.0058059,-0.6570051,-0.0080175,0.9998052,0.0180346,0.033,-0.041,0,0,0.0071,0,1
1042,3125.675,57.83905076,18.84138819,37.049,625.585,-1.458,366.899,230.792,0.5788,0.0109293,3126.229,8.330,3.932,12.262,-1.1846,0.3316,-1.8905,0.0004032,-0.0152,630.851,-1.273,360.444,623.100,-1.526,369.945,-0.7748349,0.0057879,-0.6321372,-0.0074644,0.9998046,0.0183037,0.038,-0.041,0,0,0.0068,0,1
1043,3128.674,57.83903409,18.84134853,37.067,623.230,-1.440,365.041,232.672,0.5883,0.0110268,3129.228,8.361,3.811,12.172,-1.1868,0.3371,-1.8935,0.0003914,-0.0145,628.300,-1.254,358.392,620.919,-1.506,368.072,-0.7951998,0.0058829,-0.6063190,-0.0068013,0.9998035,0.0186208,0.041,-0.041,0,0,0.0065,0,1
1044,3131.674,57.83901811,18.84130787,37.085,620.815,-1.422,363.262,234.577,0.6108,0.0111370,3132.228,8.384,3.725,12.110,-1.1863,0.3500,-1.8979,0.0003712,-0.0136,625.675,-1.237,356.430,618.656,-1.488,366.298,-0.8148544,0.0061079,-0.5796335,-0.0060228,0.9998013,0.0190023,0.045,-0.042,0,0,0.0063,0,1
1045,3134.674,57.83900287,18.84126623,37.104,618.342,-1.404,361.564,236.513,0.6486,0.0112307,3135.228,8.388,3.696,12.084,-1.1834,0.3716,-1.9056,0.0003411,-0.0125,622.971,-1.220,354.569,616.302,-1.470,364.646,-0.8339000,0.0064859,-0.5518775,-0.0051070,0.9997975,0.0194668,0.047,-0.042,0,1,0.0060,0,1
1046,3137.674,57.83898839,18.84122364,37.124,615.812,-1.383,359.951,238.477,0.7040,0.0112728,3138.228,8.355,3.739,12.094,-1.1781,0.4034,-1.9181,0.0002996,-0.0110,620.182,-1.202,352.830,613.856,-1.451,363.138,-0.8522661,0.0070398,-0.5230611,-0.0040320,0.9997913,0.0200257,0.049,-0.042,0,1,0.0054,0,1
1047,3140.673,57.83897471,18.84118015,37.146,613.229,-1.361,358.426,240.456,0.7798,0.0112320,3141.228,8.265,3.864,12.129,-1.1713,0.4468,-1.9364,0.0002457,-0.0090,617.306,-1.184,351.236,611.323,-1.432,361.787,-0.8698432,0.0077978,-0.4932667,-0.0027679,0.9997822,0.0206861,0.051,-0.042,0,1,0.0047,0,1
1048,3143.673,57.83896184,18.84113579,37.171,610.594,-1.336,356.992,242.426,0.8791,0.0110879,3144.228,8.099,4.075,12.174,-1.1647,0.5037,-1.9610,0.0001789,-0.0066,614.342,-1.165,349.813,608.708,-1.413,360.604,-0.8864198,0.0087907,-0.4627988,-0.0012828,0.9997692,0.0214472,0.052,-0.042,0,1,0.0041,0,1
1049,3146.673,57.83894979,18.84109062,37.199,607.912,-1.308,355.650,244.359,1.0047,0.0108339,3147.227,7.845,4.367,12.213,-1.1609,0.5756,-1.9918,0.0000996,-0.0037,611.306,-1.146,348.577,606.023,-1.393,359.588,-0.9015322,0.0100465,-0.4325954,0.0004410,0.9997512,0.0222990,0.052,-0.042,0,1,0.0035,0,1
1050,3149.673,57.83893854,18.84104473,37.231,605.186,-1.276,354.397,246.229,1.1588,0.0104791,3150.227,7.507,4.728,12.236,-1.1633,0.6639,-2.0280,0.0000095,-0.0004,608.212,-1.123,347.527,603.280,-1.372,358.724,-0.9151061,0.0115872,-0.4030467,0.0024299,0.9997273,0.0232242,0.052,-0.042,0,1,0.0029,0,1
1051,3152.672,57.83892808,18.84099819,37.269,602.422,-1.239,353.232,248.017,1.3428,0.0100455,3153.227,7.109,5.132,12.241,-1.1746,0.7693,-2.0680,-0.0000888,0.0033,605.084,-1.096,346.640,600.500,-1.347,357.991,-0.9271694,0.0134268,-0.3744017,0.0047064,0.9996962,0.0241961,0.051,-0.042,0,1,0.0041,0,1
1052,3155.672,57.83891838,18.84095108,37.312,599.624,-1.195,352.151,249.716,1.5567,0.0095618,3156.227,6.695,5.540,12.235,-1.1959,0.8919,-2.1096,-0.0001920,0.0072,601.946,-1.062,345.872,597.702,-1.318,357.347,-0.9377819,0.0155651,-0.3468759,0.0072790,0.9996565,0.0251780,0.050,-0.042,0,0,0.0053,0,1
1053,3158.672,57.83890940,18.84090346,37.362,596.796,-1.145,351.151,251.324,1.7988,0.0090541,3159.228,6.322,5.905,12.227,-1.2248,1.0305,-2.1504,-0.0002957,0.0111,598.822,-1.021,345.162,594.904,-1.282,356.745,-0.9471375,0.0179851,-0.3203235,0.0101466,0.9996072,0.0261230,0.049,-0.043,1,0,0.0066,0,1
1054,3161.672,57.83890113,18.84085540,37.420,593.941,-1.087,350.229,252.841,2.0657,0.0085346,3162.228,6.054,6.176,12.230,-1.2559,1.1834,-2.1874,-0.0003955,0.0148,595.728,-0.969,344.445,592.118,-1.237,356.130,-0.9552322,0.0206526,-0.2951354,0.0132732,0.9995477,0.0269850,0.048,-0.044,0,0,0.0078,0,1
1055,3164.672,57.83889351,18.84080696,37.486,591.064,-1.021,349.380,254.266,2.3522,0.0080093,3165.229,5.939,6.312,12.252,-1.2810,1.3475,-2.2179,-0.0004873,0.0183,592.677,-0.906,343.664,589.350,-1.180,355.455,-0.9621646,0.0235155,-0.2714524,0.0166073,0.9994778,0.0277186,0.046,-0.047,0,0,0.0091,0,1
1056,3167.671,57.83888651,18.84075819,37.561,588.167,-0.946,348.600,255.598,2.6517,0.0074828,3168.229,6.003,6.289,12.292,-1.2922,1.5190,-2.2395,-0.0005675,0.0214,589.662,-0.832,342.786,586.601,-1.109,354.691,-0.9681526,0.0265077,-0.2489535,0.0200922,0.9993982,0.0282761,0.044,-0.050,0,0,0.0104,0,1
1057,3170.671,57.83888011,18.84070914,37.646,585.254,-0.862,347.886,256.838,2.9570,0.0069594,3171.230,6.237,6.109,12.346,-1.2843,1.6937,-2.2500,-0.0006335,0.0241,586.675,-0.746,341.813,583.862,-1.023,353.834,-0.9732643,0.0295571,-0.2277782,0.0236484,0.9993104,0.0286269,0.042,-0.054,0,0,0.0118,0,1
1058,3173.671,57.83887424,18.84065984,37.739,582.326,-0.769,347.233,257.988,3.2605,0.0064424,3174.232,6.602,5.798,12.399,-1.2564,1.8675,-2.2482,-0.0006840,0.0263,583.701,-0.650,340.776,581.118,-0.922,352.903,-0.9775359,0.0325877,-0.2082345,0.0271841,0.9992167,0.0287594,0.040,-0.060,0,0,0.0131,0,1
1059,3176.671,57.83886889,18.84061035,37.841,579.386,-0.666,346.636,259.049,3.5550,0.0059341,3177.233,7.032,5.405,12.437,-1.2124,2.0360,-2.2334,-0.0007189,0.0278,580.723,-0.544,339.732,578.358,-0.808,351.942,-0.9811290,0.0355276,-0.1900625,0.0306266,0.9991199,0.0286621,0.037,-0.066,0,0,0.0145,0,1
1060,3179.671,57.83886401,18.84056068,37.952,576.436,-0.555,346.092,260.023,3.8345,0.0054359,3180.235,7.455,4.990,12.445,-1.1591,2.1959,-2.2056,-0.0007394,0.0286,577.729,-0.432,338.750,575.570,-0.683,351.007,-0.9841106,0.0383168,-0.1733727,0.0339036,0.9990230,0.0283467,0.035,-0.073,0,0,0.0158,0,1
1061,3182.671,57.83885955,18.84051087,38.071,573.477,-0.436,345.595,260.911,4.0941,0.0049489,3183.237,7.801,4.615,12.415,-1.1041,2.3444,-2.1654,-0.0007476,0.0288,574.711,-0.313,337.892,572.747,-0.552,350.151,-0.9865840,0.0409067,-0.1580466,0.0369607,0.9989292,0.0278277,0.032,-0.081,0,0,0.0162,0,1
1062,3185.670,57.83885549,18.84046095,38.198,570.512,-0.310,345.143,261.717,4.3306,0.0044737,3186.240,8.017,4.330,12.347,-1.0533,2.4797,-2.1137,-0.0007462,0.0284,571.668,-0.189,337.210,569.888,-0.416,349.428,-0.9886257,0.0432654,-0.1440393,0.0397599,0.9988409,0.0271287,0.030,-0.089,0,0,0.0165,0,1
1063,3188.670,57.83885179,18.84041092,38.331,567.540,-0.176,344.730,262.442,4.5424,0.0040101,3189.243,8.075,4.172,12.247,-1.0103,2.6008,-2.0516,-0.0007384,0.0277,568.604,-0.058,336.725,566.990,-0.274,348.866,-0.9902519,0.0453772,-0.1316895,0.0422706,0.9987602,0.0262923,0.027,-0.098,0,0,0.0169,0,1
1064,3191.670,57.83884840,18.84036082,38.470,564.564,-0.037,344.352,263.089,4.7294,0.0035576,3192.246,7.969,4.162,12.131,-0.9756,2.7077,-1.9798,-0.0007272,0.0268,565.526,0.075,336.441,564.062,-0.132,348.483,-0.9915819,0.0472412,-0.1205551,0.0445005,0.9986883,0.0253276,0.025,-0.106,0,0,0.0173,0,1
1065,3194.670,57.83884530,18.84031065,38.614,561.585,0.107,344.006,263.659,4.8924,0.0031154,3195.249,7.716,4.299,12.015,-0.9476,2.8009,-1.8986,-0.0007156,0.0258,562.439,0.211,336.337,561.109,0.012,348.278,-0.9926679,0.0488656,-0.1105554,0.0464579,0.9986258,0.0242512,0.022,-0.114,0,0,0.0176,0,1
1066,3197.670,57.83884245,18.84026043,38.763,558.602,0.256,343.688,264.154,5.0336,0.0026827,3198.253,7.347,4.570,11.917,-0.9233,2.8816,-1.8077,-0.0007061,0.0251,559.351,0.351,336.379,558.136,0.159,348.234,-0.9935270,0.0502724,-0.1018661,0.0481609,0.9985728,0.0230841,0.020,-0.121,0,0,0.0169,0,1
1067,3200.670,57.83883981,18.84021017,38.916,555.616,0.409,343.394,264.575,5.1554,0.0022581,3201.256,6.907,4.947,11.854,-0.8988,2.9512,-1.7061,-0.0007003,0.0246,556.270,0.493,336.519,555.148,0.307,348.319,-0.9941886,0.0514856,-0.0945420,0.0496342,0.9985288,0.0218328,0.017,-0.128,0,0,0.0162,0,1
1068,3203.670,57.83883735,18.84015987,39.073,552.629,0.565,343.120,264.925,5.2605,0.0018405,3204.260,6.441,5.397,11.839,-0.8702,3.0113,-1.5919,-0.0006996,0.0245,553.200,0.639,336.704,552.150,0.459,348.496,-0.9946855,0.0525324,-0.0885496,0.0509094,0.9984931,0.0204901,0.015,-0.134,0,0,0.0154,0,1
1069,3206.670,57.83883504,18.84010956,39.232,549.640,0.724,342.862,265.205,5.3512,0.0014284,3207.265,5.996,5.883,11.879,-0.8335,3.0631,-1.4628,-0.0007045,0.0249,550.143,0.786,336.887,549.147,0.614,348.725,-0.9950563,0.0534355,-0.0837119,0.0520174,0.9984648,0.0190334,0.012,-0.139,0,0,0.0147,0,1
1070,3209.669,57.83883284,18.84005922,39.393,546.650,0.886,342.617,265.414,5.4293,0.0010204,3210.269,5.608,6.373,11.981,-0.7854,3.1077,-1.3163,-0.0007147,0.0256,547.100,0.937,337.027,546.139,0.773,348.969,-0.9953149,0.0542132,-0.0800579,0.0529803,0.9984431,0.0174462,0.009,-0.142,0,0,0.0140,0,1
1071,3212.669,57.83883073,18.84000887,39.557,543.660,1.050,342.381,265.554,5.4954,0.0006146,3213.273,5.298,6.843,12.141,-0.7235,3.1455,-1.1500,-0.0007298,0.0269,544.072,1.090,337.099,543.127,0.937,349.203,-0.9954636,0.0548712,-0.0777264,0.0538073,0.9984276,0.0157187,0.005,-0.145,0,0,0.0155,0,1
1072,3215.669,57.83882866,18.83995851,39.723,540.669,1.215,342.150,265.625,5.5485,0.0002096,3216.278,5.074,7.280,12.354,-0.6462,3.1758,-0.9627,-0.0007488,0.0286,541.057,1.245,337.091,540.112,1.105,349.409,-0.9955389,0.0553998,-0.0763751,0.0544997,0.9984181,0.0138207,0.001,-0.147,0,0,0.0169,0,1
1073,3218.669,57.83882661,18.83990816,39.890,537.677,1.382,341.922,265.626,5.5864,-0.0001965,3219.282,4.928,7.680,12.608,-0.5534,3.1974,-0.7540,-0.0007705,0.0306,538.053,1.400,337.008,537.091,1.279,349.579,-0.9955306,0.0557770,-0.0762081,0.0550382,0.9984150,0.0117628,-0.004,-0.147,0,0,0.0184,0,1
1074,3221.669,57.83882455,18.83985780,40.058,534.686,1.550,341.692,265.559,5.6052,-0.0006052,3222.287,4.845,8.037,12.882,-0.4462,3.2082,-0.5255,-0.0007934,0.0329,535.062,1.557,336.862,534.062,1.457,349.705,-0.9954160,0.0559642,-0.0775562,0.0553868,0.9984190,0.0095777,-0.009,-0.147,0,0,0.0199,0,1
1075,3224.669,57.83882244,18.83980745,40.226,531.696,1.718,341.456,265.421,5.5998,-0.0010183,3225.291,4.806,8.346,13.152,-0.3263,3.2051,-0.2806,-0.0008162,0.0353,532.081,1.713,336.665,531.027,1.638,349.775,-0.9952216,0.0559104,-0.0800504,0.0555055,0.9984319,0.0072757,-0.015,-0.145,0,0,0.0214,0,1
1076,3227.669,57.83882025,18.83975711,40.393,528.706,1.886,341.211,265.213,5.5642,-0.0014376,3228.296,4.795,8.591,13.386,-0.1964,3.1848,-0.0247,-0.0008377,0.0375,529.107,1.868,336.433,527.987,1.822,349.772,-0.9949548,0.0555561,-0.0835369,0.0553406,0.9984555,0.0048944,-0.022,-0.143,0,0,0.0209,0,1
1077,3230.669,57.83881794,18.83970680,40.559,525.717,2.052,340.954,264.932,5.4924,-0.0018649,3231.300,4.800,8.752,13.552,-0.0591,3.1438,0.2355,-0.0008566,0.0393,526.142,2.021,336.173,524.942,2.007,349.672,-0.9945766,0.0548413,-0.0883735,0.0548340,0.9984923,0.0025121,-0.029,-0.139,0,0,0.0204,0,1
1078,3233.669,57.83881548,18.83965650,40.723,522.730,2.215,340.680,264.578,5.3794,-0.0023019,3234.305,4.816,8.805,13.621,0.0828,3.0792,0.4923,-0.0008718,0.0404,523.186,2.171,335.886,521.896,2.191,349.446,-0.9940717,0.0537163,-0.0945308,0.0539398,0.9985442,0.0001910,-0.036,-0.134,0,0,0.0199,0,1
1079,3236.668,57.83881284,18.83960624,40.882,519.744,2.375,340.386,264.148,5.2212,-0.0027503,3237.309,4.842,8.732,13.574,0.2264,2.9888,0.7382,-0.0008820,0.0406,520.239,2.319,335.569,518.852,2.372,349.072,-0.9934148,0.0521410,-0.1020210,0.0526198,0.9986126,-0.0020063,-0.044,-0.127,0,0,0.0193,0,1
1080,3239.668,57.83880998,18.83955602,41.036,516.761,2.528,340.067,263.641,5.0164,-0.0032116,3240.313,4.882,8.525,13.406,0.3684,2.8718,0.9659,-0.0008864,0.0398,517.303,2.460,335.215,515.815,2.546,348.539,-0.9925704,0.0501010,-0.1108775,0.0508599,0.9986977,-0.0040254,-0.051,-0.119,0,0,0.0188,0,1
1081,3242.668,57.83880687,18.83950585,41.183,513.782,2.675,339.720,263.051,4.7664,-0.0036787,3243.316,4.939,8.192,13.131,0.5056,2.7289,1.1700,-0.0008839,0.0381,514.381,2.596,334.817,512.789,2.712,347.852,-0.9915046,0.0476099,-0.1210451,0.0486720,0.9987978,-0.0058309,-0.057,-0.109,0,0,0.0174,0,1
1082,3245.668,57.83880346,18.83945576,41.322,510.806,2.814,339.340,262.360,4.4755,-0.0040857,3246.319,5.018,7.762,12.780,0.6341,2.5626,1.3467,-0.0008740,0.0357,511.473,2.724,334.367,509.775,2.866,347.034,-0.9901477,0.0447102,-0.1326968,0.0460969,0.9989096,-0.0073948,-0.063,-0.098,0,0,0.0160,0,1
1083,3248.668,57.83879972,18.83940574,41.451,507.835,2.944,338.923,261.562,4.1511,-0.0043199,3249.322,5.120,7.275,12.395,0.7504,2.3770,1.4943,-0.0008562,0.0329,508.582,2.845,333.858,506.774,3.007,346.120,-0.9884549,0.0414753,-0.1457284,0.0432046,0.9990282,-0.0087204,-0.067,-0.087,0,0,0.0145,0,1
1084,3251.668,57.83879561,18.83935583,41.570,504.871,3.063,338.465,260.690,3.8026,-0.0042634,3252.324,5.243,6.778,12.021,0.8512,2.1777,1.6133,-0.0008307,0.0300,505.712,2.956,333.289,503.784,3.134,345.155,-0.9863484,0.0379985,-0.1602275,0.0400865,0.9991480,-0.0098182,-0.071,-0.074,0,1,0.0131,0,1
1085,3254.668,57.83879109,18.83930604,41.679,501.913,3.172,337.961,259.817,3.4416,-0.0038252,3255.326,5.383,6.314,11.697,0.9345,1.9711,1.7055,-0.0007980,0.0273,502.861,3.057,332.662,500.801,3.248,344.176,-0.9837771,0.0343956,-0.1760671,0.0368551,0.9992631,-0.0107171,-0.074,-0.061,1,1,0.0117,0,1
1086,3257.668,57.83878613,18.83925640,41.777,498.965,3.270,337.408,259.048,3.0802,-0.0029646,3258.327,5.529,5.917,11.446,0.9995,1.7643,1.7742,-0.0007593,0.0249,500.018,3.149,331.981,497.838,3.348,343.217,-0.9812150,0.0307874,-0.1904447,0.0335970,0.9993688,-0.0115410,-0.077,-0.048,1,1,0.0103,0,1
1087,3260.667,57.83878084,18.83920688,41.864,496.024,3.357,336.818,258.491,2.7306,-0.0017013,3261.328,5.669,5.608,11.277,1.0470,1.5641,1.8233,-0.0007162,0.0228,497.158,3.231,331.264,494.902,3.437,342.313,-0.9794323,0.0272958,-0.1999181,0.0303844,0.9994614,-0.0123966,-0.078,-0.036,1,1,0.0089,0,1
1088,3263.667,57.83877536,18.83915743,41.941,493.086,3.433,336.208,258.237,2.4034,-0.0001132,3264.329,5.790,5.393,11.184,1.0789,1.3768,1.8567,-0.0006706,0.0210,494.265,3.303,330.539,491.988,3.514,341.488,-0.9787629,0.0240271,-0.2035827,0.0272987,0.9995391,-0.0132770,-0.079,-0.025,1,1,0.0075,0,1
1089,3266.667,57.83876987,18.83910799,42.008,490.149,3.501,335.596,258.338,2.1069,0.0016784,3267.330,5.882,5.269,11.151,1.0979,1.2070,1.8782,-0.0006244,0.0194,491.333,3.369,329.834,489.088,3.583,340.757,-0.9792978,0.0210643,-0.2013260,0.0244098,0.9996019,-0.0141489,-0.080,-0.014,0,0,0.0062,0,1
1090,3269.667,57.83876452,18.83905849,42.067,487.210,3.560,335.000,258.802,1.8463,0.0035259,3270.330,5.938,5.222,11.161,1.1073,1.0577,1.8913,-0.0005793,0.0180,488.359,3.427,329.174,486.199,3.643,340.124,-0.9809293,0.0184599,-0.1934861,0.0217665,0.9996509,-0.0149777,-0.082,-0.005,0,0,0.0048,0,1
1091,3272.667,57.83875946,18.83900889,42.119,484.263,3.612,334.435,259.633,1.6237,0.0052018,3273.331,5.961,5.232,11.193,1.1103,0.9302,1.8990,-0.0005368,0.0168,485.335,3.480,328.571,483.322,3.697,339.582,-0.9835665,0.0162349,-0.1798150,0.0193814,0.9996880,-0.0157555,-0.083,0.002,0,0,0.0054,0,1
1092,3275.667,57.83875484,18.83895913,42.165,481.308,3.657,333.921,260.820,1.4379,0.0064491,3276.331,5.957,5.274,11.231,1.1100,0.8238,1.9036,-0.0004977,0.0157,482.265,3.526,328.041,480.460,3.744,339.127,-0.9869022,0.0143775,-0.1606779,0.0172462,0.9997156,-0.0164732,-0.085,0.008,0,0,0.0061,0,1
1093,3278.667,57.83875080,18.83890920,42.205,478.342,3.698,333.471,262.278,1.2848,0.0070351,3279.331,5.941,5.325,11.266,1.1088,0.7361,1.9071,-0.0004623,0.0147,479.154,3.568,327.586,477.614,3.786,338.746,-0.9905332,0.0128469,-0.1366712,0.0153300,0.9997357,-0.0171312,-0.087,0.012,0,0,0.0067,0,1
1094,3281.666,57.83874748,18.83885908,42.242,475.365,3.735,333.101,263.841,1.1580,0.0067937,3282.331,5.926,5.366,11.292,1.1086,0.6635,1.9111,-0.0004306,0.0137,476.006,3.607,327.210,474.785,3.825,338.435,-0.9940646,0.0115792,-0.1081737,0.0135761,0.9997504,-0.0177414,-0.089,0.015,0,0,0.0074,0,1
1095,3284.666,57.83874498,18.83880880,42.275,472.378,3.768,332.822,265.293,1.0503,0.0056637,3285.331,5.926,5.383,11.308,1.1107,0.6018,1.9169,-0.0004019,0.0128,472.856,3.640,326.915,471.944,3.860,338.187,-0.9966857,0.0105024,-0.0806682,0.0120123,0.9997612,-0.0182546,-0.092,0.016,0,0,0.0081,0,1
1096,3287.666,57.83874314,18.83875841,42.305,469.385,3.798,332.617,266.415,0.9542,0.0036969,3288.331,5.947,5.371,11.318,1.1155,0.5467,1.9255,-0.0003756,0.0120,469.750,3.670,326.681,469.056,3.891,337.977,-0.9980715,0.0095416,-0.0613377,0.0107027,0.9997692,-0.0186294,-0.095,0.016,0,0,0.0075,0,1
1097,3290.666,57.83874169,18.83870798,42.332,466.390,3.825,332.454,267.035,0.8626,0.0010340,3291.331,5.990,5.332,11.322,1.1234,0.4942,1.9378,-0.0003510,0.0112,466.704,3.696,326.472,466.111,3.918,337.779,-0.9985922,0.0086257,-0.0523382,0.0096263,0.9997751,-0.0188961,-0.097,0.015,0,0,0.0069,0,1
1098,3293.666,57.83874034,18.83865754,42.357,463.394,3.850,332.303,267.052,0.7696,-0.0021380,3294.331,6.050,5.275,11.325,1.1341,0.4409,1.9544,-0.0003271,0.0105,463.716,3.720,326.262,463.114,3.944,337.571,-0.9985558,0.0076958,-0.0531696,0.0087223,0.9997795,-0.0191024,-0.100,0.012,0,0,0.0063,0,1
1099,3296.666,57.83873882,18.83860711,42.379,460.399,3.871,332.135,266.443,0.6706,-0.0056338,3297.331,6.117,5.211,11.327,1.1474,0.3842,1.9753,-0.0003034,0.0097,460.792,3.739,326.031,460.065,3.966,337.335,-0.9979163,0.0067058,-0.0641720,0.0079581,0.9997825,-0.0192782,-0.102,0.008,0,0,0.0057,0,1
1100,3299.665,57.83873688,18.83855674,42.397,457.407,3.890,331.918,265.200,0.5633,-0.0092578,3300.331,6.178,5.151,11.330,1.1626,0.3227,2.0008,-0.0002790,0.0090,457.935,3.756,325.762,456.966,3.986,337.051,-0.9963211,0.0056329,-0.0855133,0.0073218,0.9997840,-0.0194488,-0.103,0.004,0,0,0.0051,0,1
1101,3302.665,57.83873423,18.83850649,42.413,454.422,3.905,331.622,263.267,0.4470,-0.0127988,3303.331,6.223,5.109,11.333,1.1793,0.2561,2.0304,-0.0002534,0.0081,455.153,3.769,325.442,453.821,4.002,336.696,-0.9930597,0.0044700,-0.1175268,0.0068238,0.9997840,-0.0196336,-0.103,-0.001,0,0,0.0061,0,1
1102,3305.665,57.83873056,18.83845646,42.424,451.450,3.917,331.213,260.618,0.3228,-0.0160223,3306.330,6.242,5.093,11.336,1.1970,0.1850,2.0635,-0.0002258,0.0073,452.458,3.779,325.052,450.628,4.016,336.239,-0.9868844,0.0032280,-0.1613962,0.0065147,0.9997820,-0.0198391,-0.103,-0.005,0,0,0.0071,0,1
1103,3308.664,57.83872554,18.83840684,42.432,448.503,3.925,330.654,257.322,0.1930,-0.0186608,3309.330,6.231,5.107,11.338,1.2152,0.1106,2.0993,-0.0001959,0.0063,449.860,3.787,324.572,447.391,4.027,335.638,-0.9759886,0.0019300,-0.2178129,0.0064547,0.9997779,-0.0200638,-0.102,-0.010,0,0,0.0082,0,1
1104,3311.664,57.83871884,18.83835794,42.436,445.598,3.929,329.907,253.549,0.0609,-0.0204820,3312.329,6.190,5.150,11.340,1.2338,0.0349,2.1367,-0.0001632,0.0052,447.357,3.790,323.972,444.135,4.035,334.845,-0.9587895,0.0006090,-0.2841167,0.0066530,0.9997716,-0.0203084,-0.101,-0.015,0,0,0.0092,0,1
1105,3314.663,57.83871026,18.83831008,42.436,442.756,3.928,328.951,249.530,-0.0693,-0.0213607,3315.328,6.125,5.216,11.341,1.2524,-0.0397,2.1746,-0.0001279,0.0041,444.913,3.790,323.218,440.919,4.038,333.833,-0.9359307,-0.0006930,-0.3521835,0.0070082,0.9997634,-0.0205915,-0.099,-0.018,0,0,0.0102,0,1
1106,3317.662,57.83869989,18.83826348,42.432,439.988,3.924,327.796,245.509,-0.1934,-0.0213309,3318.327,6.046,5.297,11.342,1.2710,-0.1108,2.2119,-0.0000904,0.0029,442.504,3.787,322.299,437.784,4.039,332.612,-0.9093051,-0.0019340,-0.4161255,0.0074438,0.9997536,-0.0209124,-0.097,-0.022,0,0,0.0094,0,1
1107,3320.661,57.83868786,18.83821830,42.424,437.304,3.917,326.456,241.676,-0.3075,-0.0205774,3321.327,5.964,5.380,11.345,1.2893,-0.1762,2.2477,-0.0000514,0.0017,440.136,3.781,321.207,434.749,4.036,331.191,-0.8800811,-0.0030750,-0.4748135,0.0079639,0.9997428,-0.0212359,-0.095,-0.024,0,0,0.0086,0,1
1108,3323.661,57.83867433,18.83817464,42.413,434.711,3.906,324.949,238.130,-0.4086,-0.0193692,3324.326,5.894,5.457,11.351,1.3070,-0.2341,2.2811,-0.0000119,0.0004,437.822,3.771,319.943,431.831,4.030,329.584,-0.8493469,-0.0040860,-0.5278192,0.0085675,0.9997316,-0.0215256,-0.093,-0.026,0,0,0.0078,0,1
1109,3326.660,57.83865945,18.83813255,42.400,432.211,3.892,323.291,234.876,-0.4944,-0.0179616,3327.326,5.844,5.519,11.362,1.3238,-0.2833,2.3117,0.0000266,-0.0009,435.571,3.758,318.510,429.038,4.020,327.806,-0.8181393,-0.0049439,-0.5749988,0.0092450,0.9997207,-0.0217501,-0.091,-0.028,0,0,0.0070,0,1
1110,3329.660,57.83864338,18.83809203,42.384,429.805,3.876,321.501,231.890,-0.5635,-0.0165013,3330.325,5.820,5.562,11.381,1.3391,-0.3229,2.3393,0.0000629,-0.0020,433.394,3.742,316.920,426.375,4.008,325.879,-0.7872250,-0.0056349,-0.6166401,0.0099862,0.9997106,-0.0218841,-0.089,-0.029,0,0,0.0062,0,1
1111,3332.659,57.83862625,18.83805306,42.366,427.490,3.859,319.593,229.166,-0.6153,-0.0150251,3333.325,5.823,5.585,11.408,1.3528,-0.3525,2.3638,0.0000956,-0.0031,431.295,3.725,315.185,423.841,3.994,323.821,-0.7570373,-0.0061529,-0.6533427,0.0107830,0.9997018,-0.0219091,-0.088,-0.031,0,0,0.0063,0,1
1112,3335.659,57.83860820,18.83801558,42.347,425.264,3.840,317.582,226.701,-0.6504,-0.0135498,3336.325,5.851,5.591,11.441,1.3649,-0.3726,2.3858,0.0001237,-0.0040,429.273,3.705,313.321,421.433,3.977,321.654,-0.7282727,-0.0065039,-0.6852566,0.0116087,0.9996944,-0.0218257,-0.086,-0.032,0,0,0.0065,0,1
1113,3338.659,57.83858935,18.83797951,42.327,423.122,3.820,315.483,224.494,-0.6698,-0.0120843,3339.325,5.896,5.584,11.480,1.3755,-0.3838,2.4056,0.0001462,-0.0048,427.325,3.683,311.348,419.141,3.959,319.399,-0.7013163,-0.0066978,-0.7128188,0.0124469,0.9996884,-0.0216394,-0.085,-0.034,0,0,0.0066,0,1
1114,3341.659,57.83856981,18.83794475,42.307,421.057,3.799,313.306,222.542,-0.6757,-0.0106366,3342.324,5.950,5.570,11.521,1.3851,-0.3871,2.4241,0.0001628,-0.0054,425.439,3.661,309.280,416.955,3.939,317.075,-0.6765390,-0.0067568,-0.7363758,0.0132755,0.9996835,-0.0213697,-0.085,-0.036,0,0,0.0067,0,1
1115,3344.658,57.83854969,18.83791118,42.287,419.063,3.779,311.065,220.842,-0.6707,-0.0092120,3345.324,6.006,5.554,11.560,1.3944,-0.3843,2.4421,0.0001730,-0.0058,423.604,3.639,307.134,414.864,3.920,314.700,-0.6544207,-0.0067068,-0.7561009,0.0140711,0.9996795,-0.0210463,-0.086,-0.038,0,0,0.0068,0,1
1116,3347.658,57.83852908,18.83787865,42.267,417.131,3.759,308.770,219.390,-0.6577,-0.0078179,3348.324,6.055,5.538,11.593,1.4040,-0.3768,2.4601,0.0001769,-0.0059,421.808,3.617,304.925,412.853,3.901,312.287,-0.6350740,-0.0065769,-0.7724233,0.0148214,0.9996759,-0.0206977,-0.087,-0.040,0,0,0.0070,0,1
1117,3350.658,57.83850808,18.83784702,42.247,415.253,3.740,306.431,218.178,-0.6401,-0.0064614,3351.324,6.091,5.525,11.617,1.4144,-0.3667,2.4790,0.0001745,-0.0059,420.039,3.595,302.663,410.912,3.882,309.849,-0.6186258,-0.0064009,-0.7856597,0.0155121,0.9996724,-0.0203586,-0.089,-0.043,0,0,0.0071,0,1
1118,3353.658,57.83848677,18.83781615,42.228,413.420,3.721,304.057,217.201,-0.6214,-0.0051676,3354.324,6.112,5.516,11.629,1.4259,-0.3560,2.4991,0.0001659,-0.0056,418.287,3.574,300.359,409.028,3.864,307.394,-0.6050166,-0.0062139,-0.7961886,0.0161331,0.9996686,-0.0200614,-0.092,-0.046,0,0,0.0073,0,1
1119,3356.658,57.83846520,18.83778590,42.210,411.623,3.703,301.654,216.458,-0.6049,-0.0039875,3357.324,6.117,5.511,11.628,1.4387,-0.3466,2.5206,0.0001514,-0.0051,416.542,3.554,298.018,407.191,3.847,304.930,-0.5943474,-0.0060489,-0.8041857,0.0166700,0.9996642,-0.0198395,-0.096,-0.049,0,0,0.0074,0,1
1120,3359.658,57.83844345,18.83775611,42.192,409.854,3.685,299.232,215.933,-0.5936,-0.0029786,3360.324,6.108,5.511,11.619,1.4525,-0.3401,2.5434,0.0001313,-0.0044,414.800,3.535,295.648,405.391,3.829,302.466,-0.5867332,-0.0059359,-0.8097585,0.0171074,0.9996591,-0.0197236,-0.100,-0.051,0,0,0.0076,0,1
1121,3362.657,57.83842158,18.83772663,42.174,408.103,3.667,296.796,215.586,-0.5899,-0.0021882,3363.324,6.089,5.517,11.606,1.4671,-0.3380,2.5672,0.0001058,-0.0036,413.056,3.515,293.253,403.616,3.812,300.006,-0.5818112,-0.0058989,-0.8133025,0.0174413,0.9996533,-0.0197275,-0.105,-0.053,0,0,0.0077,0,1
1122,3365.657,57.83839964,18.83769732,42.157,406.363,3.649,294.352,215.364,-0.5955,-0.0016417,3366.324,6.064,5.531,11.596,1.4821,-0.3412,2.5913,0.0000752,-0.0025,411.306,3.495,290.840,401.854,3.795,297.556,-0.5791765,-0.0059549,-0.8151805,0.0176689,0.9996467,-0.0198560,-0.109,-0.055,0,0,0.0079,0,1
1123,3368.657,57.83837767,18.83766811,42.139,404.628,3.631,291.905,215.205,-0.6110,-0.0013358,3369.324,6.036,5.560,11.596,1.4969,-0.3501,2.6150,0.0000399,-0.0013,409.557,3.475,288.421,400.088,3.778,295.114,-0.5772155,-0.0061099,-0.8165690,0.0178206,0.9996396,-0.0200767,-0.113,-0.056,0,0,0.0080,0,1
1124,3371.657,57.83835565,18.83763902,42.120,402.900,3.613,289.453,215.054,-0.6365,-0.0012386,3372.323,6.006,5.611,11.617,1.5108,-0.3647,2.6375,0.0000003,-0.0000,407.815,3.455,286.001,398.308,3.761,292.677,-0.5746805,-0.0063649,-0.8183531,0.0179203,0.9996321,-0.0203591,-0.117,-0.055,0,0,0.0082,0,1
1125,3374.657,57.83833359,18.83761006,42.100,401.180,3.593,286.995,214.873,-0.6707,-0.0012951,3375.323,5.975,5.693,11.667,1.5233,-0.3843,2.6581,-0.0000435,0.0015,406.081,3.433,283.578,396.510,3.743,290.250,-0.5718376,-0.0067068,-0.8203394,0.0179637,0.9996244,-0.0206946,-0.120,-0.055,0,0,0.0083,0,1
1126,3377.657,57.83831146,18.83758125,42.080,399.469,3.572,284.531,214.649,-0.7121,-0.0014391,3378.323,5.941,5.816,11.757,1.5335,-0.4080,2.6760,-0.0000914,0.0032,404.356,3.410,281.154,394.684,3.725,287.837,-0.5684933,-0.0071208,-0.8226570,0.0179599,0.9996168,-0.0210636,-0.122,-0.053,0,0,0.0090,0,1
1127,3380.657,57.83828927,18.83755263,42.058,397.769,3.550,282.059,214.387,-0.7584,-0.0016120,3381.323,5.904,5.989,11.892,1.5407,-0.4345,2.6909,-0.0001435,0.0051,402.642,3.386,278.725,392.827,3.706,285.440,-0.5646438,-0.0075838,-0.8252999,0.0179194,0.9996094,-0.0214454,-0.124,-0.050,0,0,0.0096,0,1
1128,3383.657,57.83826701,18.83752421,42.034,396.081,3.527,279.579,214.095,-0.8074,-0.0017866,3384.323,5.864,6.212,12.076,1.5441,-0.4626,2.7025,-0.0002005,0.0073,400.937,3.362,276.292,390.937,3.687,283.061,-0.5604760,-0.0080737,-0.8281313,0.0178488,0.9996025,-0.0218254,-0.124,-0.046,0,0,0.0102,0,1
1129,3386.657,57.83824466,18.83749601,42.009,394.406,3.502,277.090,213.773,-0.8569,-0.0019609,3387.323,5.824,6.478,12.302,1.5430,-0.4910,2.7109,-0.0002632,0.0100,399.247,3.335,273.852,389.021,3.667,280.691,-0.5558717,-0.0085687,-0.8312240,0.0177638,0.9995961,-0.0221837,-0.124,-0.041,0,0,0.0109,0,1
1130,3389.656,57.83822223,18.83746805,41.983,392.746,3.475,274.592,213.421,-0.9051,-0.0021347,3390.323,5.790,6.766,12.556,1.5373,-0.5186,2.7162,-0.0003328,0.0131,397.579,3.307,271.404,387.098,3.644,278.318,-0.5506710,-0.0090506,-0.8346733,0.0176806,0.9995904,-0.0225035,-0.123,-0.036,0,0,0.0115,0,1
1131,3392.656,57.83819970,18.83744037,41.955,391.102,3.447,272.082,213.038,-0.9509,-0.0023073,3393.323,5.768,7.046,12.813,1.5273,-0.5448,2.7187,-0.0004106,0.0169,395.937,3.277,268.938,385.195,3.618,275.923,-0.5451394,-0.0095086,-0.8382915,0.0176007,0.9995855,-0.0227838,-0.121,-0.030,0,0,0.0109,0,1
1132,3395.656,57.83817707,18.83741298,41.926,389.475,3.418,269.562,212.626,-0.9941,-0.0024783,3396.323,5.769,7.279,13.047,1.5145,-0.5696,2.7190,-0.0004976,0.0212,394.334,3.245,266.452,383.344,3.590,273.486,-0.5390365,-0.0099405,-0.8422237,0.0175348,0.9995812,-0.0230203,-0.118,-0.023,0,0,0.0103,0,1
1133,3398.656,57.83815433,18.83738591,41.895,387.868,3.388,267.029,212.185,-1.0350,-0.0026471,3399.323,5.802,7.429,13.231,1.5012,-0.5930,2.7173,-0.0005941,0.0260,392.779,3.210,263.939,381.580,3.557,270.985,-0.5325151,-0.0103494,-0.8463573,0.0174799,0.9995775,-0.0232212,-0.115,-0.017,0,0,0.0096,0,1
1134,3401.656,57.83813148,18.83735918,41.863,386.280,3.356,264.484,211.715,-1.0747,-0.0028132,3402.323,5.873,7.472,13.346,1.4906,-0.6157,2.7140,-0.0006997,0.0312,391.276,3.172,261.396,379.924,3.520,268.412,-0.5256470,-0.0107464,-0.8506349,0.0174303,0.9995742,-0.0233990,-0.111,-0.011,0,0,0.0090,0,1
1135,3404.656,57.83810850,18.83733281,41.831,384.714,3.323,261.925,211.216,-1.1144,-0.0029761,3405.323,5.985,7.403,13.388,1.4859,-0.6385,2.7091,-0.0008128,0.0364,389.833,3.132,258.824,378.382,3.479,265.761,-0.5181107,-0.0111433,-0.8552410,0.0173895,0.9995712,-0.0235585,-0.108,-0.005,0,1,0.0084,0,1
1136,3407.656,57.83808541,18.83730683,41.797,383.171,3.289,259.352,210.689,-1.1555,-0.0031358,3408.324,6.131,7.239,13.370,1.4892,-0.6620,2.7028,-0.0009302,0.0416,388.444,3.088,256.223,376.946,3.436,263.046,-0.5102890,-0.0115542,-0.8599253,0.0173390,0.9995683,-0.0237197,-0.103,0.000,0,0,0.0094,0,1
1137,3410.656,57.83806218,18.83728126,41.761,381.652,3.254,256.765,210.138,-1.1988,-0.0033001,3411.324,6.298,7.016,13.314,1.5004,-0.6868,2.6945,-0.0010478,0.0464,387.099,3.043,253.603,375.584,3.391,260.287,-0.5019788,-0.0119871,-0.8647968,0.0172781,0.9995654,-0.0238844,-0.099,0.004,0,1,0.0103,0,1
1138,3413.655,57.83803882,18.83725612,41.725,380.159,3.217,254.163,209.563,-1.2441,-0.0034835,3414.324,6.465,6.782,13.247,1.5163,-0.7128,2.6839,-0.0011603,0.0509,385.783,2.995,250.975,374.259,3.346,257.508,-0.4931721,-0.0124400,-0.8698428,0.0172037,0.9995627,-0.0240491,-0.094,0.007,0,1,0.0113,0,1
1139,3416.655,57.83801532,18.83723144,41.687,378.693,3.179,251.546,208.962,-1.2907,-0.0037024,3417.324,6.610,6.583,13.193,1.5314,-0.7395,2.6701,-0.0012618,0.0549,384.478,2.947,248.347,372.932,3.300,254.731,-0.4838609,-0.0129059,-0.8750498,0.0171132,0.9995605,-0.0242051,-0.089,0.010,0,0,0.0123,0,1
1140,3419.655,57.83799168,18.83720723,41.647,377.256,3.140,248.913,208.325,-1.3366,-0.0039706,3420.324,6.714,6.451,13.165,1.5395,-0.7658,2.6523,-0.0013467,0.0584,383.167,2.901,245.729,371.576,3.255,251.972,-0.4741668,-0.0133648,-0.8803336,0.0170053,0.9995592,-0.0243342,-0.082,0.011,0,0,0.0132,0,1
1141,3422.655,57.83796790,18.83718352,41.607,375.848,3.099,246.264,207.640,-1.3795,-0.0042966,3423.324,6.761,6.403,13.164,1.5352,-0.7903,2.6296,-0.0014099,0.0611,381.838,2.857,243.128,370.175,3.210,249.234,-0.4638258,-0.0137937,-0.8858190,0.0168894,0.9995594,-0.0244083,-0.076,0.011,0,1,0.0133,0,1
1142,3425.655,57.83794396,18.83716037,41.565,374.473,3.057,243.598,206.892,-1.4166,-0.0046825,3426.324,6.744,6.435,13.180,1.5157,-0.8116,2.6013,-0.0014475,0.0629,380.488,2.816,240.548,368.733,3.164,246.508,-0.4521617,-0.0141646,-0.8918235,0.0167884,0.9995616,-0.0243876,-0.068,0.010,0,1,0.0134,0,1
1143,3428.655,57.83791986,18.83713784,41.522,373.135,3.014,240.913,206.068,-1.4455,-0.0051232,3429.324,6.664,6.531,13.195,1.4815,-0.8282,2.5670,-0.0014573,0.0634,379.122,2.778,237.985,367.268,3.119,243.782,-0.4392838,-0.0144535,-0.8982321,0.0167020,0.9995663,-0.0242522,-0.061,0.009,0,0,0.0136,0,1
1144,3431.655,57.83789557,18.83711599,41.478,371.837,2.971,238.208,205.157,-1.4644,-0.0056087,3432.325,6.528,6.668,13.196,1.4357,-0.8390,2.5264,-0.0014388,0.0626,377.746,2.745,235.434,365.801,3.075,241.042,-0.4249647,-0.0146424,-0.9050915,0.0166377,0.9995739,-0.0239828,-0.052,0.007,0,0,0.0137,0,1
1145,3434.655,57.83787109,18.83709492,41.434,370.585,2.926,235.482,204.156,-1.4724,-0.0061264,3435.325,6.347,6.822,13.169,1.3827,-0.8436,2.4800,-0.0013932,0.0604,376.377,2.712,232.887,364.360,3.030,238.272,-0.4088919,-0.0147224,-0.9124641,0.0166037,0.9995843,-0.0235685,-0.044,0.005,0,0,0.0138,0,1
1146,3437.654,57.83784642,18.83707468,41.390,369.384,2.882,232.734,203.063,-1.4693,-0.0066664,3438.325,6.133,6.975,13.108,1.3275,-0.8418,2.4288,-0.0013230,0.0568,375.028,2.683,230.333,362.966,2.987,235.464,-0.3913808,-0.0146914,-0.9201115,0.0165920,0.9995974,-0.0230182,-0.035,0.004,0,0,0.0129,0,1
1147,3440.654,57.83782153,18.83705537,41.346,368.237,2.838,229.962,201.875,-1.4561,-0.0072260,3441.325,5.899,7.114,13.013,1.2743,-0.8342,2.3740,-0.0012319,0.0522,373.712,2.655,227.765,361.635,2.945,232.611,-0.3723281,-0.0145595,-0.9279870,0.0166045,0.9996124,-0.0223453,-0.027,0.002,0,0,0.0120,0,1
1148,3443.654,57.83779643,18.83703707,41.302,367.150,2.795,227.166,200.589,-1.4338,-0.0078053,3444.325,5.656,7.230,12.886,1.2263,-0.8215,2.3175,-0.0011238,0.0467,372.445,2.628,225.179,360.381,2.904,229.706,-0.3513248,-0.0143365,-0.9361439,0.0166538,0.9996289,-0.0215588,-0.019,0.002,0,0,0.0111,0,1
1149,3446.654,57.83777110,18.83701987,41.260,366.129,2.752,224.345,199.201,-1.4038,-0.0084036,3447.325,5.413,7.320,12.733,1.1859,-0.8043,2.2613,-0.0010025,0.0406,371.241,2.600,222.566,359.216,2.864,226.751,-0.3286693,-0.0140366,-0.9443408,0.0167365,0.9996460,-0.0206837,-0.012,0.002,0,0,0.0102,0,1
1150,3449.654,57.83774555,18.83700387,41.218,365.178,2.711,221.500,197.708,-1.3670,-0.0090194,3450.325,5.182,7.380,12.562,1.1549,-0.7832,2.2074,-0.0008712,0.0344,370.115,2.573,219.925,358.147,2.826,223.743,-0.3038701,-0.0136687,-0.9526154,0.0168700,0.9996631,-0.0197251,-0.006,0.003,0,0,0.0093,0,1
1151,3452.653,57.83771979,18.83698917,41.178,364.306,2.670,218.630,196.106,-1.3239,-0.0096500,3453.326,4.975,7.407,12.382,1.1340,-0.7585,2.1576,-0.0007325,0.0281,369.086,2.545,217.252,357.189,2.790,220.682,-0.2770298,-0.0132378,-0.9607701,0.0170583,0.9996798,-0.0186926,-0.001,0.005,0,0,0.0093,0,1
1152,3455.653,57.83769380,18.83697587,41.139,363.516,2.631,215.736,194.392,-1.2743,-0.0102905,3456.326,4.805,7.400,12.205,1.1234,-0.7301,2.1136,-0.0005882,0.0219,368.170,2.516,214.543,356.347,2.755,217.574,-0.2483552,-0.0127420,-0.9685852,0.0173037,0.9996956,-0.0175881,0.004,0.008,0,0,0.0092,0,1
1153,3458.653,57.83766761,18.83696408,41.101,362.816,2.594,212.819,192.564,-1.2178,-0.0109345,3459.326,4.683,7.361,12.044,1.1223,-0.6977,2.0767,-0.0004395,0.0159,367.387,2.487,211.802,355.630,2.723,214.418,-0.2171791,-0.0121771,-0.9760558,0.0176208,0.9997103,-0.0163930,0.007,0.011,0,0,0.0091,0,1
1154,3461.653,57.83764123,18.83695392,41.066,362.213,2.558,209.880,190.622,-1.1537,-0.0115745,3462.326,4.618,7.292,11.909,1.1289,-0.6610,2.0475,-0.0002876,0.0102,366.752,2.457,209.030,355.046,2.692,211.222,-0.1840347,-0.0115362,-0.9828520,0.0179971,0.9997239,-0.0151042,0.010,0.016,0,0,0.0091,0,1
1155,3464.652,57.83761467,18.83694549,41.032,361.712,2.525,206.923,188.565,-1.0814,-0.0121984,3465.325,4.609,7.195,11.805,1.1412,-0.6196,2.0266,-0.0001339,0.0047,366.270,2.429,206.237,354.597,2.664,207.993,-0.1487149,-0.0108134,-0.9888210,0.0184276,0.9997363,-0.0137042,0.012,0.020,0,0,0.0090,0,1
1156,3467.652,57.83758797,18.83693889,41.001,361.321,2.494,203.949,186.393,-1.0010,-0.0127771,3468.325,4.653,7.077,11.730,1.1565,-0.5735,2.0139,0.0000196,-0.0007,365.945,2.401,203.432,354.288,2.638,204.736,-0.1111944,-0.0100095,-0.9937483,0.0188966,0.9997472,-0.0121843,0.013,0.025,0,0,0.0088,0,1
1157,3470.652,57.83756115,18.83693425,40.972,361.045,2.465,200.962,184.111,-0.9134,-0.0132724,3471.325,4.738,6.942,11.680,1.1725,-0.5233,2.0091,0.0001702,-0.0058,365.770,2.374,200.622,354.121,2.613,201.461,-0.0718483,-0.0091336,-0.9973738,0.0193784,0.9997565,-0.0105514,0.014,0.030,0,0,0.0086,0,1
1158,3473.651,57.83753426,18.83693164,40.946,360.890,2.439,197.966,181.737,-0.8203,-0.0136514,3474.325,4.850,6.797,11.647,1.1874,-0.4700,2.0115,0.0003145,-0.0107,365.738,2.349,197.818,354.096,2.590,198.173,-0.0305051,-0.0082027,-0.9995010,0.0198505,0.9997641,-0.0088107,0.014,0.034,0,0,0.0084,0,1
1159,3476.651,57.83750732,18.83693116,40.923,360.862,2.416,194.966,179.303,-0.7242,-0.0138963,3477.325,4.976,6.646,11.622,1.2001,-0.4149,2.0199,0.0004484,-0.0151,365.838,2.327,195.027,354.216,2.570,194.884,0.0123362,-0.0072418,-0.9998977,0.0202824,0.9997699,-0.0069907,0.014,0.039,0,0,0.0082,0,1
1160,3479.651,57.83748041,18.83693287,40.903,360.964,2.395,191.968,176.843,-0.6280,-0.0140097,3480.324,5.105,6.496,11.601,1.2100,-0.3598,2.0331,0.0005681,-0.0191,366.061,2.306,192.251,354.478,2.551,191.607,0.0555243,-0.0062799,-0.9984376,0.0206438,0.9997737,-0.0051403,0.014,0.043,0,0,0.0080,0,1
1161,3482.650,57.83745355,18.83693676,40.885,361.195,2.378,188.978,174.389,-0.5352,-0.0140142,3483.324,5.230,6.352,11.582,1.2171,-0.3066,2.0493,0.0006700,-0.0225,366.399,2.289,189.492,354.874,2.535,188.354,0.0981982,-0.0053519,-0.9951525,0.0209153,0.9997758,-0.0033129,0.013,0.046,0,0,0.0078,0,1
1162,3485.650,57.83742681,18.83694277,40.871,361.553,2.363,185.999,171.962,-0.4488,-0.0139478,3486.324,5.345,6.219,11.564,1.2216,-0.2571,2.0667,0.0007509,-0.0251,366.845,2.274,186.747,355.395,2.521,185.129,0.1398793,-0.0044880,-0.9901584,0.0210868,0.9997764,-0.0015526,0.012,0.049,0,0,0.0077,0,1
1163,3488.650,57.83740023,18.83695088,40.858,362.034,2.351,183.039,169.569,-0.3710,-0.0138560,3489.323,5.449,6.102,11.551,1.2235,-0.2126,2.0829,0.0008089,-0.0270,367.393,2.262,184.026,356.033,2.508,181.934,0.1810551,-0.0037100,-0.9834660,0.0211522,0.9997763,0.0001226,0.011,0.052,0,0,0.0076,0,1
1164,3491.649,57.83737385,18.83696104,40.848,362.639,2.341,180.100,167.202,-0.3032,-0.0137814,3492.323,5.540,6.002,11.543,1.2229,-0.1737,2.0958,0.0008432,-0.0281,368.042,2.251,181.328,356.786,2.497,178.770,0.2215696,-0.0030320,-0.9751398,0.0211042,0.9997759,0.0016867,0.010,0.055,0,0,0.0074,0,1
1165,3494.649,57.83734771,18.83697324,40.840,363.363,2.333,177.190,164.846,-0.2455,-0.0137511,3495.323,5.620,5.921,11.541,1.2194,-0.1407,2.1029,0.0008537,-0.0284,368.788,2.242,178.658,357.647,2.487,175.643,0.2612820,-0.0024550,-0.9652594,0.0209351,0.9997760,0.0031240,0.008,0.057,0,0,0.0073,0,1
1166,3497.649,57.83732186,18.83698743,40.834,364.206,2.326,174.311,162.490,-0.1970,-0.0137705,3498.323,5.688,5.858,11.546,1.2123,-0.1129,2.1019,0.0008415,-0.0280,369.630,2.234,176.023,358.619,2.478,172.548,0.3009313,-0.0019700,-0.9536438,0.0206327,0.9997772,0.0044456,0.006,0.058,0,0,0.0076,0,1
1167,3500.648,57.83729635,18.83700361,40.828,365.168,2.321,171.470,160.126,-0.1557,-0.0138382,3501.322,5.746,5.810,11.555,1.2006,-0.0892,2.0907,0.0008086,-0.0270,370.571,2.228,173.424,359.705,2.470,169.494,0.3400823,-0.0015570,-0.9403944,0.0201855,0.9997803,0.0056445,0.004,0.060,0,0,0.0078,0,1
1168,3503.648,57.83727121,18.83702175,40.824,366.246,2.317,168.670,157.746,-0.1193,-0.0139526,3504.322,5.795,5.773,11.567,1.1834,-0.0684,2.0673,0.0007573,-0.0253,371.609,2.223,170.865,360.903,2.462,166.484,0.3787364,-0.0011930,-0.9255038,0.0195806,0.9997857,0.0067241,0.002,0.060,0,0,0.0081,0,1
1169,3506.648,57.83724650,18.83704185,40.821,367.440,2.314,165.918,155.342,-0.0853,-0.0141119,3507.322,5.836,5.743,11.580,1.1594,-0.0489,2.0302,0.0006907,-0.0232,372.744,2.219,168.353,362.220,2.453,163.522,0.4171540,-0.0008530,-0.9088354,0.0188030,0.9997936,0.0076922,-0.000,0.060,0,0,0.0084,0,1
1170,3509.647,57.83722227,18.83706388,40.819,368.748,2.312,163.219,152.905,-0.0515,-0.0143137,3510.321,5.873,5.718,11.591,1.1277,-0.0295,1.9780,0.0006120,-0.0206,373.976,2.217,165.894,363.658,2.445,160.614,0.4555311,-0.0005150,-0.8902197,0.0178397,0.9998043,0.0085503,-0.002,0.060,0,0,0.0087,0,1
1171,3512.647,57.83719856,18.83708784,40.818,370.172,2.311,160.579,150.428,-0.0169,-0.0145553,3513.321,5.905,5.695,11.599,1.0877,-0.0097,1.9097,0.0005246,-0.0176,375.307,2.217,163.494,365.220,2.437,157.768,0.4936771,-0.0001690,-0.8696453,0.0166878,0.9998177,0.0092790,-0.004,0.059,0,0,0.0088,0,1
1172,3515.647,57.83717543,18.83711371,40.818,371.709,2.311,158.003,147.905,0.0189,-0.0148331,3516.321,5.934,5.671,11.605,1.0387,0.0108,1.8244,0.0004318,-0.0145,376.736,2.218,161.156,366.905,2.428,154.990,0.5313620,0.0001890,-0.8471448,0.0153523,0.9998336,0.0098526,-0.005,0.058,0,0,0.0090,0,1
1173,3518.646,57.83715294,18.83714149,40.819,373.359,2.312,155.498,145.329,0.0547,-0.0151426,3519.320,5.963,5.645,11.608,0.9801,0.0313,1.7215,0.0003369,-0.0113,378.262,2.221,158.891,368.717,2.420,152.286,0.5690452,0.0005470,-0.8223061,0.0138428,0.9998517,0.0102445,-0.007,0.056,0,0,0.0091,0,1
1174,3521.646,57.83713114,18.83717115,40.821,375.122,2.314,153.071,142.694,0.0889,-0.0154782,3522.320,5.992,5.616,11.608,0.9117,0.0509,1.6005,0.0002424,-0.0082,379.887,2.227,156.703,370.656,2.412,149.667,0.6062238,0.0008890,-0.7952936,0.0121885,0.9998715,0.0104085,-0.008,0.054,0,0,0.0093,0,1
1175,3524.646,57.83711011,18.83720268,40.824,376.995,2.317,150.728,139.990,0.1190,-0.0158102,3525.319,6.024,5.582,11.606,0.8333,0.0682,1.4611,0.0001504,-0.0051,381.609,2.234,154.601,372.720,2.403,147.139,0.6429022,0.0011900,-0.7659473,0.0104255,0.9998926,0.0103041,-0.009,0.051,0,0,0.0095,0,1
1176,3527.645,57.83708990,18.83723606,40.828,378.978,2.321,148.477,137.198,0.1426,-0.0160476,3528.319,6.062,5.542,11.605,0.7448,0.0817,1.3032,0.0000622,-0.0021,383.428,2.244,152.594,374.910,2.395,144.713,0.6791446,0.0014260,-0.7340031,0.0085967,0.9999141,0.0098968,-0.011,0.048,0,0,0.0089,0,1
1177,3530.645,57.83707058,18.83727124,40.833,381.068,2.325,146.326,134.327,0.1578,-0.0160702,3531.319,6.109,5.498,11.607,0.6465,0.0904,1.1270,-0.0000217,0.0007,385.342,2.255,150.691,377.222,2.386,142.397,0.7145703,0.0015780,-0.6995618,0.0067562,0.9999353,0.0091567,-0.012,0.044,0,0,0.0083,0,1
1178,3533.644,57.83705222,18.83730819,40.838,383.263,2.330,144.282,131.428,0.1636,-0.0157681,3534.318,6.165,5.450,11.615,0.5388,0.0937,0.9331,-0.0001015,0.0034,387.348,2.269,148.899,379.652,2.378,140.200,0.7489701,0.0016360,-0.6626018,0.0049574,0.9999551,0.0080725,-0.014,0.040,0,0,0.0077,0,1
1179,3536.644,57.83703490,18.83734686,40.843,385.560,2.335,142.352,128.590,0.1600,-0.0150717,3537.318,6.230,5.402,11.632,0.4225,0.0917,0.7227,-0.0001777,0.0060,389.446,2.283,147.221,382.190,2.369,138.130,0.7815669,0.0016000,-0.6238194,0.0032579,0.9999726,0.0066465,-0.016,0.035,0,0,0.0071,0,1
1180,3539.644,57.83701863,18.83738710,40.847,387.950,2.340,140.541,125.918,0.1481,-0.0139720,3540.317,6.299,5.361,11.661,0.2986,0.0849,0.4975,-0.0002514,0.0085,391.642,2.299,145.645,384.808,2.359,136.197,0.8102252,0.0014810,-0.5861168,0.0017162,0.9999865,0.0048991,-0.018,0.029,0,0,0.0065,0,1
1181,3542.643,57.83700333,18.83742866,40.851,390.419,2.344,138.837,123.512,0.1297,-0.0125225,3543.317,6.370,5.333,11.703,0.1681,0.0743,0.2599,-0.0003233,0.0111,393.935,2.314,144.148,387.475,2.349,134.390,0.8338661,0.0012970,-0.5519653,0.0003529,0.9999958,0.0028829,-0.020,0.022,0,0,0.0062,0,1
1182,3545.643,57.83698890,18.83747130,40.855,392.952,2.348,137.230,121.440,0.1072,-0.0108240,3546.317,6.434,5.324,11.758,0.0322,0.0614,0.0125,-0.0003940,0.0136,396.310,2.331,142.718,390.173,2.337,132.689,0.8529886,0.0010720,-0.5219284,-0.0008494,0.9999994,0.0006658,-0.023,0.015,0,0,0.0059,0,1
1183,3548.643,57.83697521,18.83751479,40.858,395.536,2.350,135.706,119.725,0.0825,-0.0089985,3549.316,6.488,5.337,11.825,-0.1079,0.0473,-0.2417,-0.0004638,0.0162,398.758,2.346,141.337,392.886,2.324,131.073,0.8679863,0.0008250,-0.4965875,-0.0019165,0.9999967,-0.0016886,-0.026,0.007,0,0,0.0057,0,1
1184,3551.643,57.83696215,18.83755895,40.860,398.159,2.353,134.251,118.352,0.0573,-0.0071567,3552.316,6.527,5.372,11.899,-0.2511,0.0328,-0.4998,-0.0005322,0.0188,401.264,2.363,139.992,395.603,2.311,129.526,0.8795970,0.0005730,-0.4757192,-0.0028815,0.9999873,-0.0041233,-0.029,-0.000,0,0,0.0054,0,1
1185,3554.642,57.83694958,18.83760362,40.861,400.813,2.354,132.852,117.294,0.0322,-0.0053583,3555.316,6.552,5.425,11.977,-0.3961,0.0184,-0.7589,-0.0005984,0.0215,403.823,2.378,138.672,398.321,2.295,128.034,0.8882434,0.0003220,-0.4593730,-0.0037719,0.9999712,-0.0065924,-0.032,-0.009,0,0,0.0051,0,1
1186,3557.642,57.83693740,18.83764866,40.862,403.488,2.354,131.495,116.537,0.0076,-0.0036019,3558.316,6.567,5.486,12.053,-0.5415,0.0044,-1.0166,-0.0006610,0.0240,406.428,2.392,137.367,401.032,2.278,126.590,0.8941937,0.0000760,-0.4476802,-0.0046187,0.9999483,-0.0090556,-0.035,-0.017,0,0,0.0066,0,1
1187,3560.642,57.83692546,18.83769394,40.862,406.178,2.354,130.166,116.074,-0.0171,-0.0018728,3561.316,6.580,5.545,12.125,-0.6855,-0.0098,-1.2708,-0.0007180,0.0264,409.075,2.407,136.074,403.737,2.261,125.188,0.8978342,-0.0001710,-0.4403337,-0.0054418,0.9999192,-0.0114841,-0.037,-0.025,0,0,0.0081,0,1
1188,3563.642,57.83691367,18.83773934,40.861,408.875,2.353,128.853,115.898,-0.0419,-0.0001512,3564.316,6.600,5.590,12.191,-0.8263,-0.0240,-1.5198,-0.0007677,0.0285,411.763,2.420,134.788,406.429,2.244,123.826,0.8992084,-0.0004190,-0.4375203,-0.0062719,0.9998844,-0.0138477,-0.038,-0.033,0,0,0.0097,0,1
1189,3566.642,57.83690188,18.83778475,40.859,411.573,2.352,127.541,116.012,-0.0667,0.0015854,3567.316,6.638,5.614,12.252,-0.9619,-0.0382,-1.7618,-0.0008079,0.0303,414.490,2.433,133.503,409.105,2.228,122.498,0.8982277,-0.0006670,-0.4395299,-0.0071432,0.9998446,-0.0161153,-0.039,-0.040,0,0,0.0112,0,1
1190,3569.642,57.83688999,18.83783006,40.857,414.264,2.350,126.216,116.419,-0.0905,0.0033600,3570.316,6.701,5.611,12.311,-1.0906,-0.0519,-1.9949,-0.0008370,0.0317,417.252,2.446,132.214,411.762,2.212,121.194,0.8950926,-0.0009050,-0.4458794,-0.0080833,0.9998007,-0.0182564,-0.039,-0.048,0,1,0.0127,0,1
1191,3572.642,57.83687786,18.83787516,40.854,416.943,2.347,124.866,117.128,-0.1113,0.0051944,3573.315,6.794,5.578,12.372,-1.2108,-0.0638,-2.2173,-0.0008537,0.0327,420.047,2.458,130.909,414.395,2.197,119.904,0.8895408,-0.0011130,-0.4568543,-0.0091375,0.9997537,-0.0202272,-0.037,-0.055,1,1,0.0117,0,1
1192,3575.641,57.83686538,18.83791990,40.850,419.601,2.343,123.475,118.153,-0.1261,0.0071069,3576.315,6.918,5.520,12.438,-1.3214,-0.0722,-2.4266,-0.0008570,0.0331,422.871,2.470,129.572,416.992,2.183,118.611,0.8812239,-0.0012610,-0.4726974,-0.0103560,0.9997049,-0.0219730,-0.034,-0.061,1,1,0.0107,0,1
1193,3578.641,57.83685240,18.83796415,40.846,422.230,2.339,122.030,119.514,-0.1317,0.0091082,3579.315,7.072,5.439,12.511,-1.4218,-0.0755,-2.6203,-0.0008469,0.0331,425.720,2.482,128.181,419.546,2.171,117.299,0.8697973,-0.0013170,-0.4934074,-0.0117794,0.9996560,-0.0234334,-0.030,-0.067,1,1,0.0097,0,1
1194,3581.641,57.83683879,18.83800773,40.842,424.819,2.335,120.515,121.237,-0.1249,0.0111727,3582.315,7.251,5.342,12.593,-1.5116,-0.0716,-2.7963,-0.0008243,0.0327,428.585,2.494,126.712,422.045,2.162,115.950,0.8545808,-0.0012490,-0.5193170,-0.0134491,0.9996085,-0.0245359,-0.025,-0.073,1,1,0.0087,0,1
1195,3584.641,57.83682442,18.83805045,40.839,427.356,2.332,118.915,123.360,-0.1033,0.0132005,3585.315,7.449,5.233,12.682,-1.5909,-0.0592,-2.9526,-0.0007906,0.0318,431.454,2.508,125.135,424.477,2.156,114.545,0.8350639,-0.0010330,-0.5501519,-0.0153742,0.9995639,-0.0252131,-0.018,-0.079,1,1,0.0077,0,1
1196,3587.640,57.83680916,18.83809206,40.836,429.828,2.329,117.215,125.887,-0.0662,0.0150558,3588.314,7.661,5.117,12.777,-1.6596,-0.0379,-3.0877,-0.0007481,0.0305,434.315,2.522,123.424,426.831,2.151,113.068,0.8105559,-0.0006620,-0.5856608,-0.0175387,0.9995234,-0.0254035,-0.010,-0.085,1,1,0.0075,0,1
1197,3590.640,57.83679288,18.83813228,40.835,432.218,2.328,115.402,128.772,-0.0145,0.0166074,3591.314,7.881,4.996,12.877,-1.7181,-0.0083,-3.2014,-0.0006996,0.0290,437.150,2.537,121.549,429.092,2.151,111.505,0.7800059,-0.0001450,-0.6257722,-0.0199100,0.9994879,-0.0250489,-0.002,-0.090,1,1,0.0074,0,1
1198,3593.640,57.83677546,18.83817079,40.835,434.506,2.328,113.462,131.927,0.0484,0.0177600,3594.313,8.107,4.872,12.979,-1.7665,0.0277,-3.2939,-0.0006484,0.0273,439.927,2.552,119.489,431.248,2.152,109.840,0.7434765,0.0004840,-0.6687619,-0.0223760,0.9994578,-0.0241526,0.007,-0.095,1,1,0.0072,0,1
1199,3596.639,57.83675687,18.83820732,40.838,436.676,2.330,111.392,135.239,0.1172,0.0184820,3597.313,8.335,4.747,13.082,-1.8054,0.0672,-3.3665,-0.0005977,0.0256,442.604,2.569,117.252,433.300,2.157,108.055,0.7030082,0.0011720,-0.7111808,-0.0247521,0.9994331,-0.0228206,0.016,-0.100,1,1,0.0071,0,1
1200,3599.638,57.83673717,18.83824175,40.842,438.721,2.335,109.198,138.598,0.1851,0.0188129,3600.312,8.566,4.619,13.185,-1.8351,0.1061,-3.4212,-0.0005505,0.0239,445.152,2.588,114.856,435.253,2.165,106.147,0.6605553,0.0018510,-0.7507751,-0.0268927,0.9994136,-0.0211971,0.024,-0.104,1,1,0.0069,0,1
1201,3602.638,57.83671644,18.83827399,40.849,440.637,2.341,106.890,141.929,0.2443,0.0188548,3603.312,8.797,4.490,13.287,-1.8563,0.1400,-3.4603,-0.0005093,0.0225,447.564,2.606,112.312,437.101,2.175,104.122,0.6163604,0.0024430,-0.7874604,-0.0287368,0.9993989,-0.0193924,0.033,-0.108,1,1,0.0072,0,1
1202,3605.637,57.83669477,18.83830397,40.857,442.417,2.350,104.476,145.198,0.2873,0.0187386,3606.311,9.028,4.358,13.386,-1.8694,0.1646,-3.4861,-0.0004759,0.0213,449.830,2.626,109.628,438.838,2.189,101.989,0.5706809,0.0028730,-0.8211669,-0.0302477,0.9993888,-0.0175245,0.040,-0.111,1,1,0.0074,0,1
1203,3608.637,57.83667223,18.83833160,40.866,444.059,2.359,101.966,148.417,0.3074,0.0185860,3609.311,9.259,4.224,13.483,-1.8750,0.1761,-3.5009,-0.0004513,0.0205,451.946,2.644,106.816,440.461,2.203,99.754,0.5238065,0.0030740,-0.8518317,-0.0314129,0.9993830,-0.0157099,0.046,-0.114,1,1,0.0076,0,1
1204,3611.636,57.83664890,18.83835683,40.875,445.558,2.368,99.368,151.606,0.3000,0.0184651,3612.310,9.491,4.087,13.578,-1.8737,0.1719,-3.5068,-0.0004354,0.0201,453.907,2.662,103.882,441.963,2.217,97.424,0.4755986,0.0030000,-0.8796573,-0.0322544,0.9993812,-0.0140305,0.051,-0.115,1,1,0.0079,0,1
1205,3614.636,57.83662486,18.83837960,40.884,446.911,2.377,96.691,154.777,0.2627,0.0183873,3615.310,9.722,3.949,13.671,-1.8662,0.1505,-3.5051,-0.0004275,0.0200,455.706,2.677,100.835,443.339,2.232,95.008,0.4262131,0.0026270,-0.9046190,-0.0328072,0.9993828,-0.0125550,0.055,-0.117,1,1,0.0081,0,1
1206,3617.635,57.83660019,18.83839984,40.891,448.114,2.384,93.943,157.937,0.1959,0.0183565,3618.309,9.953,3.813,13.766,-1.8530,0.1122,-3.4969,-0.0004262,0.0202,457.339,2.690,97.681,444.580,2.244,92.511,0.3755263,0.0019590,-0.9268097,-0.0331252,0.9993872,-0.0113093,0.058,-0.117,1,1,0.0080,0,1
1207,3620.635,57.83657496,18.83841751,40.896,449.163,2.388,91.133,161.096,0.1027,0.0183747,3621.309,10.184,3.682,13.865,-1.8349,0.0588,-3.4828,-0.0004293,0.0206,458.797,2.698,94.433,445.680,2.254,89.940,0.3240214,0.0010270,-0.9460492,-0.0332615,0.9993935,-0.0103071,0.059,-0.117,1,0,0.0079,0,1
1208,3623.634,57.83654925,18.83843254,40.897,450.057,2.390,88.270,164.262,-0.0118,0.0184428,3624.308,10.412,3.560,13.973,-1.8128,-0.0068,-3.4629,-0.0004346,0.0212,460.079,2.703,91.095,446.630,2.261,87.304,0.2713057,-0.0001180,-0.9624932,-0.0332778,0.9994010,-0.0095028,0.060,-0.117,1,0,0.0078,0,1
1209,3626.634,57.83652313,18.83844488,40.895,450.790,2.387,85.361,167.445,-0.1410,0.0185593,3627.308,10.638,3.452,14.091,-1.7876,-0.0808,-3.4370,-0.0004396,0.0218,461.174,2.703,87.672,447.420,2.263,84.611,0.2172657,-0.0014100,-0.9761115,-0.0332226,0.9994089,-0.0088384,0.059,-0.116,1,1,0.0077,0,1
1210,3629.633,57.83649669,18.83845447,40.888,451.360,2.381,82.416,170.654,-0.2781,0.0187214,3630.307,10.858,3.361,14.218,-1.7603,-0.1593,-3.4048,-0.0004421,0.0223,462.074,2.699,84.178,448.044,2.262,81.871,0.1622616,-0.0027810,-0.9867439,-0.0331258,0.9994170,-0.0082640,0.057,-0.115,1,1,0.0076,0,1
1211,3632.633,57.83647000,18.83846125,40.878,451.763,2.371,79.444,173.897,-0.4165,0.0189243,3633.307,11.065,3.288,14.354,-1.7319,-0.2386,-3.3658,-0.0004400,0.0227,462.766,2.690,80.620,448.494,2.256,79.095,0.1062378,-0.0041650,-0.9943320,-0.0330065,0.9994254,-0.0077128,0.054,-0.113,1,1,0.0084,0,1
1212,3635.632,57.83644315,18.83846518,40.863,451.997,2.356,76.454,177.181,-0.5514,0.0191614,3636.306,11.254,3.236,14.489,-1.7032,-0.3159,-3.3198,-0.0004319,0.0227,463.237,2.675,77.008,448.765,2.244,76.295,0.0491966,-0.0055139,-0.9987739,-0.0328682,0.9994342,-0.0071365,0.050,-0.112,1,1,0.0092,0,1
1213,3638.632,57.83641623,18.83846620,40.845,452.058,2.337,73.455,180.516,-0.6794,0.0194143,3639.306,11.412,3.205,14.617,-1.6750,-0.3893,-3.2664,-0.0004169,0.0223,463.469,2.655,73.352,448.853,2.228,73.484,-0.0090054,-0.0067938,-0.9999364,-0.0327059,0.9994439,-0.0064959,0.046,-0.110,1,1,0.0099,0,1
1214,3641.631,57.83638932,18.83846426,40.822,451.943,2.315,70.458,183.915,-0.7998,0.0196252,3642.305,11.525,3.199,14.724,-1.6479,-0.4582,-3.2056,-0.0003947,0.0214,463.441,2.632,69.674,448.752,2.208,70.676,-0.0680443,-0.0079977,-0.9976502,-0.0325080,0.9994547,-0.0057950,0.041,-0.109,1,1,0.0107,0,1
1215,3644.631,57.83636251,18.83845932,40.797,451.650,2.289,67.473,187.379,-0.9136,0.0197090,3645.305,11.578,3.220,14.799,-1.6220,-0.5234,-3.1375,-0.0003658,0.0200,463.133,2.603,65.994,448.456,2.184,67.884,-0.1277438,-0.0091356,-0.9917651,-0.0322678,0.9994665,-0.0050503,0.036,-0.107,1,1,0.0114,0,1
1216,3647.630,57.83633592,18.83845136,40.768,451.177,2.260,64.511,190.877,-1.0231,0.0195820,3648.304,11.558,3.274,14.832,-1.5971,-0.5862,-3.0627,-0.0003314,0.0182,462.530,2.570,62.341,447.961,2.156,65.126,-0.1877612,-0.0102305,-0.9821614,-0.0319864,0.9994791,-0.0042960,0.031,-0.104,1,1,0.0110,0,1
1217,3650.630,57.83630964,18.83844035,40.735,450.524,2.228,61.583,194.352,-1.1316,0.0191861,3651.304,11.455,3.364,14.819,-1.5723,-0.6483,-2.9820,-0.0002929,0.0161,461.622,2.531,58.746,447.265,2.124,62.416,-0.2476172,-0.0113153,-0.9687919,-0.0316770,0.9994918,-0.0035774,0.026,-0.102,0,1,0.0107,0,1
1218,3653.629,57.83628376,18.83842635,40.700,449.692,2.192,58.701,197.730,-1.2421,0.0185070,3654.304,11.266,3.492,14.758,-1.5468,-0.7116,-2.8965,-0.0002524,0.0137,460.421,2.486,55.264,446.366,2.088,59.766,-0.3050245,-0.0124200,-0.9522635,-0.0313581,0.9995037,-0.0029917,0.022,-0.099,0,0,0.0103,0,1
1219,3656.628,57.83625836,18.83840955,40.661,448.695,2.154,55.873,200.940,-1.3571,0.0175759,3657.303,10.997,3.658,14.655,-1.5194,-0.7775,-2.8078,-0.0002117,0.0114,458.964,2.437,51.939,445.279,2.048,57.181,-0.3576607,-0.0135698,-0.9337530,-0.0310593,0.9995141,-0.0026286,0.018,-0.096,0,0,0.0099,0,1
1220,3659.628,57.83623348,18.83839022,40.618,447.547,2.111,53.101,203.928,-1.4781,0.0164653,3660.303,10.664,3.856,14.520,-1.4892,-0.8468,-2.7174,-0.0001729,0.0091,457.295,2.381,48.777,444.023,2.004,54.664,-0.4054134,-0.0147794,-0.9140140,-0.0308184,0.9995219,-0.0024924,0.016,-0.093,0,0,0.0095,0,1
1221,3662.628,57.83620914,18.83836861,40.572,446.263,2.065,50.390,206.672,-1.6049,0.0152677,3663.303,10.289,4.076,14.366,-1.4560,-0.9195,-2.6271,-0.0001375,0.0071,455.459,2.321,45.775,442.620,1.956,52.218,-0.4484893,-0.0160469,-0.8936441,-0.0306643,0.9995265,-0.0025589,0.015,-0.090,0,0,0.0095,0,1
1222,3665.627,57.83618535,18.83834493,40.522,444.857,2.015,47.741,209.183,-1.7357,0.0140735,3666.303,9.898,4.307,14.205,-1.4201,-0.9944,-2.5387,-0.0001068,0.0054,453.501,2.256,42.919,441.095,1.904,49.839,-0.4870977,-0.0173544,-0.8731751,-0.0306120,0.9995275,-0.0027889,0.015,-0.086,0,0,0.0095,0,1
1223,3668.627,57.83616211,18.83831941,40.468,443.341,1.961,45.152,211.483,-1.8678,0.0129437,3669.303,9.515,4.534,14.048,-1.3823,-1.0700,-2.4537,-0.0000816,0.0040,451.457,2.187,40.187,439.473,1.848,47.518,-0.5217164,-0.0186747,-0.8529146,-0.0306637,0.9995249,-0.0031283,0.017,-0.082,0,0,0.0095,0,1
1224,3671.627,57.83613941,18.83829223,40.410,441.727,1.903,42.624,213.593,-1.9975,0.0118953,3672.304,9.160,4.743,13.902,-1.3439,-1.1443,-2.3736,-0.0000623,0.0030,449.359,2.115,37.560,437.775,1.789,45.246,-0.5527418,-0.0199710,-0.8331132,-0.0308067,0.9995192,-0.0035208,0.020,-0.079,0,0,0.0095,0,1
1225,3674.626,57.83611724,18.83826357,40.348,440.025,1.841,40.154,215.528,-2.1214,0.0109303,3675.304,8.848,4.921,13.769,-1.3060,-1.2153,-2.2991,-0.0000490,0.0023,447.228,2.041,35.016,436.019,1.727,43.012,-0.5806029,-0.0212092,-0.8139106,-0.0310210,0.9995111,-0.0039169,0.024,-0.076,0,0,0.0095,0,1
1226,3677.626,57.83609557,18.83823358,40.283,438.243,1.776,37.740,217.305,-2.2365,0.0100475,3678.305,8.588,5.060,13.648,-1.2695,-1.2812,-2.2307,-0.0000413,0.0019,445.076,1.965,32.538,434.217,1.662,40.805,-0.6056205,-0.0223594,-0.7954394,-0.0312807,0.9995015,-0.0042794,0.029,-0.073,0,0,0.0086,0,1
1227,3680.626,57.83607439,18.83820239,40.214,436.391,1.707,35.381,218.938,-2.3411,0.0092422,3681.305,8.383,5.155,13.537,-1.2351,-1.3411,-2.1684,-0.0000385,0.0018,442.913,1.886,30.115,432.380,1.594,38.619,-0.6280137,-0.0234046,-0.7778503,-0.0315615,0.9994913,-0.0045916,0.035,-0.070,0,0,0.0078,0,1
1228,3683.626,57.83605366,18.83817013,40.142,434.475,1.635,33.073,220.441,-2.4351,0.0085091,3684.306,8.233,5.201,13.434,-1.2026,-1.3949,-2.1114,-0.0000400,0.0018,440.743,1.806,27.735,430.515,1.524,36.446,-0.6482349,-0.0243438,-0.7610511,-0.0318468,0.9994810,-0.0048445,0.041,-0.068,0,0,0.0070,0,1
1229,3686.626,57.83603338,18.83813690,40.068,432.501,1.561,30.814,221.825,-2.5203,0.0078413,3687.307,8.136,5.199,13.335,-1.1718,-1.4437,-2.0587,-0.0000448,0.0020,438.566,1.726,25.391,428.625,1.453,34.280,-0.6663737,-0.0251950,-0.7451921,-0.0321288,0.9994709,-0.0050616,0.047,-0.065,0,0,0.0062,0,1
1230,3689.625,57.83601352,18.83810280,39.991,430.476,1.484,28.601,223.101,-2.6009,0.0072320,3690.307,8.089,5.151,13.239,-1.1420,-1.4899,-2.0086,-0.0000519,0.0023,436.384,1.643,23.076,426.714,1.379,32.119,-0.6828115,-0.0260002,-0.7301318,-0.0324185,0.9994605,-0.0052737,0.052,-0.063,0,0,0.0053,0,1
1231,3692.625,57.83599404,18.83806791,39.912,428.403,1.404,26.432,224.280,-2.6826,0.0066744,3693.308,8.087,5.058,13.146,-1.1121,-1.5366,-1.9595,-0.0000603,0.0026,434.195,1.559,20.787,424.781,1.303,29.962,-0.6977146,-0.0268164,-0.7158738,-0.0327380,0.9994487,-0.0055314,0.057,-0.061,0,0,0.0049,0,1
1232,3695.625,57.83597494,18.83803230,39.830,426.288,1.323,24.304,225.368,-2.7728,0.0061617,3696.309,8.128,4.927,13.055,-1.0811,-1.5883,-1.9092,-0.0000689,0.0029,432.000,1.474,18.522,422.826,1.227,27.809,-0.7111541,-0.0277173,-0.7024896,-0.0331246,0.9994338,-0.0059003,0.060,-0.058,0,0,0.0045,0,1
1233,3698.625,57.83595619,18.83799605,39.745,424.135,1.238,22.216,226.373,-2.8793,0.0056903,3699.310,8.206,4.763,12.969,-1.0481,-1.6493,-1.8557,-0.0000765,0.0032,429.799,1.385,16.277,420.848,1.148,25.662,-0.7233622,-0.0287811,-0.6898686,-0.0336242,0.9994138,-0.0064385,0.062,-0.055,0,0,0.0040,0,1
1234,3701.625,57.83593777,18.83795920,39.657,421.947,1.150,20.164,227.301,-3.0098,0.0052593,3702.311,8.318,4.574,12.892,-1.0121,-1.7240,-1.7973,-0.0000819,0.0034,427.590,1.294,14.053,418.844,1.066,23.525,-0.7343814,-0.0300844,-0.6780700,-0.0342849,0.9993861,-0.0072083,0.062,-0.052,0,0,0.0036,0,1
1235,3704.625,57.83591966,18.83792183,39.564,419.727,1.057,18.146,228.156,-3.1707,0.0048686,3705.313,8.458,4.372,12.830,-0.9727,-1.8161,-1.7323,-0.0000841,0.0035,425.370,1.198,11.846,416.810,0.980,21.403,-0.7445009,-0.0316911,-0.6668689,-0.0351525,0.9993479,-0.0082465,0.061,-0.047,0,0,0.0032,0,1
1236,3707.625,57.83590184,18.83788397,39.467,417.478,0.959,16.161,228.949,-3.3668,0.0045150,3708.314,8.622,4.167,12.790,-0.9298,-1.9283,-1.6594,-0.0000817,0.0033,423.141,1.096,9.659,414.741,0.888,19.304,-0.7536759,-0.0336489,-0.6563844,-0.0362616,0.9992963,-0.0095915,0.059,-0.042,0,0,0.0056,0,1
1237,3710.624,57.83588428,18.83784567,39.362,415.203,0.855,14.206,229.686,-3.6002,0.0041919,3711.316,8.807,3.972,12.778,-0.8836,-2.0619,-1.5778,-0.0000734,0.0030,420.902,0.988,7.492,412.633,0.791,17.234,-0.7618486,-0.0359787,-0.6467552,-0.0376280,0.9992283,-0.0112625,0.057,-0.035,0,0,0.0080,0,1
1238,3713.624,57.83586698,18.83780696,39.250,412.904,0.743,12.278,230.374,-3.8707,0.0038895,3714.318,9.009,3.794,12.803,-0.8348,-2.2166,-1.4872,-0.0000578,0.0024,418.652,0.872,5.341,410.483,0.686,15.200,-0.7694454,-0.0386780,-0.6375405,-0.0392601,0.9991414,-0.0132326,0.053,-0.027,0,0,0.0104,0,1
1239,3716.624,57.83584992,18.83776789,39.130,410.583,0.623,10.378,231.018,-4.1754,0.0035949,3717.320,9.227,3.642,12.870,-0.7845,-2.3909,-1.3875,-0.0000327,0.0014,416.389,0.748,3.206,408.291,0.572,13.209,-0.7765527,-0.0417177,-0.6286696,-0.0411431,0.9990334,-0.0154732,0.050,-0.018,0,0,0.0128,0,1
1240,3719.624,57.83583309,18.83772846,39.000,408.241,0.492,8.503,231.616,-4.5093,0.0032954,3720.323,9.462,3.520,12.982,-0.7342,-2.5819,-1.2790,0.0000041,-0.0002,414.117,0.613,1.087,406.055,0.447,11.262,-0.7830237,-0.0450472,-0.6203585,-0.0432396,0.9989033,-0.0179577,0.046,-0.007,0,1,0.0152,0,1
1241,3722.624,57.83581647,18.83768872,38.859,405.880,0.352,6.652,232.165,-4.8661,0.0029792,3723.326,9.710,3.428,13.138,-0.6857,-2.7859,-1.1619,0.0000557,-0.0024,411.837,0.470,-1.016,403.777,0.313,9.359,-0.7887509,-0.0486035,-0.6127885,-0.0454983,0.9987509,-0.0206531,0.043,0.005,0,1,0.0150,0,1
1242,3725.624,57.83580004,18.83764870,38.708,403.503,0.200,4.822,232.658,-5.2385,0.0026391,3726.330,9.969,3.363,13.333,-0.6413,-2.9987,-1.0365,0.0001255,-0.0056,409.552,0.316,-3.103,401.462,0.167,7.496,-0.7938226,-0.0523133,-0.6058952,-0.0478617,0.9985772,-0.0235110,0.040,0.019,0,1,0.0148,0,1
1243,3728.624,57.83578379,18.83760843,38.545,401.111,0.037,3.012,233.089,-5.6196,0.0022735,3729.334,10.233,3.324,13.557,-0.6034,-3.2164,-0.9026,0.0002179,-0.0100,407.258,0.152,-5.168,399.114,0.009,5.669,-0.7981802,-0.0561075,-0.5998002,-0.0502660,0.9983842,-0.0265013,0.038,0.035,0,1,0.0146,0,1
1244,3731.624,57.83576768,18.83756794,38.370,398.707,-0.137,1.218,233.454,-6.0032,0.0018860,3732.339,10.489,3.308,13.797,-0.5742,-3.4355,-0.7597,0.0003377,-0.0161,404.955,-0.020,-7.207,396.737,-0.158,3.875,-0.8017652,-0.0599241,-0.5946273,-0.0526474,0.9981742,-0.0296048,0.036,0.052,0,1,0.0144,0,1
1245,3734.623,57.83575171,18.83752729,38.184,396.292,-0.323,-0.562,233.750,-6.3848,0.0014807,3735.345,10.723,3.314,14.037,-0.5558,-3.6533,-0.6070,0.0004901,-0.0241,402.635,-0.202,-9.208,394.332,-0.338,2.110,-0.8046764,-0.0637183,-0.5902845,-0.0549590,0.9979496,-0.0328035,0.034,0.072,0,1,0.0142,0,1
1246,3737.623,57.83573583,18.83748650,37.987,393.869,-0.520,-2.331,233.972,-6.7623,0.0010622,3738.351,10.917,3.346,14.263,-0.5493,-3.8686,-0.4434,0.0006808,-0.0346,400.291,-0.390,-11.159,391.900,-0.527,0.375,-0.8067926,-0.0674689,-0.5869699,-0.0571599,0.9977116,-0.0361148,0.032,0.094,0,1,0.0176,0,1
1247,3740.623,57.83572002,18.83744561,37.778,391.440,-0.729,-4.092,234.120,-7.1360,0.0006354,3741.358,11.050,3.411,14.462,-0.5541,-4.0817,-0.2680,0.0009152,-0.0479,397.917,-0.588,-13.045,389.440,-0.727,-1.328,-0.8081273,-0.0711790,-0.5846912,-0.0592349,0.9974600,-0.0395575,0.031,0.119,0,1,0.0209,0,1
1248,3743.623,57.83570425,18.83740467,37.559,389.008,-0.949,-5.848,234.193,-7.5092,0.0002052,3744.366,11.107,3.519,14.626,-0.5674,-4.2944,-0.0804,0.0011991,-0.0641,395.508,-0.792,-14.855,386.949,-0.937,-2.995,-0.8086092,-0.0748812,-0.5835615,-0.0611894,0.9971921,-0.0431704,0.029,0.147,0,1,0.0243,0,1
1249,3746.623,57.83568850,18.83736371,37.328,386.575,-1.180,-7.603,234.190,-7.8871,-0.0002234,3747.375,11.076,3.679,14.755,-0.5834,-4.5096,0.1187,0.0015372,-0.0837,393.057,-1.005,-16.584,384.422,-1.155,-4.620,-0.8083753,-0.0786268,-0.5833928,-0.0630648,0.9969034,-0.0469724,0.027,0.179,0,1,0.0277,0,1
1250,3749.623,57.83567273,18.83732277,37.085,384.143,-1.422,-9.359,234.112,-8.2765,-0.0006452,3750.384,10.953,3.903,14.856,-0.5936,-4.7313,0.3274,0.0019338,-0.1067,390.566,-1.226,-18.232,381.855,-1.380,-6.198,-0.8072856,-0.0824830,-0.5843685,-0.0649013,0.9965872,-0.0510083,0.025,0.215,1,1,0.0310,0,1
1251,3752.623,57.83565691,18.83728189,36.831,381.715,-1.676,-11.121,233.959,-8.6847,-0.0010499,3753.395,10.744,4.193,14.937,-0.5869,-4.9635,0.5422,0.0023917,-0.1334,388.038,-1.458,-19.807,379.247,-1.611,-7.731,-0.8054663,-0.0865213,-0.5862918,-0.0667725,0.9962355,-0.0552841,0.024,0.256,1,0,0.0301,0,1
1252,3755.623,57.83564103,18.83724110,36.564,379.292,-1.943,-12.890,233.724,-9.1177,-0.0013947,3756.407,10.458,4.547,15.006,-0.5519,-5.2097,0.7581,0.0029121,-0.1639,385.479,-1.704,-21.322,376.602,-1.848,-9.224,-0.8029260,-0.0908004,-0.5891223,-0.0687402,0.9958407,-0.0597998,0.023,0.301,1,1,0.0292,0,1
1253,3758.622,57.83562505,18.83720045,36.284,376.878,-2.223,-14.670,233.413,-9.5797,-0.0016170,3759.420,10.114,4.949,15.063,-0.4786,-5.4721,0.9691,0.0034937,-0.1982,382.903,-1.964,-22.794,373.930,-2.089,-10.695,-0.7995483,-0.0953604,-0.5929831,-0.0708442,0.9953965,-0.0645517,0.022,0.352,0,1,0.0283,0,1
1254,3761.622,57.83560894,18.83715997,35.990,374.473,-2.518,-16.464,233.049,-10.0716,-0.0016580,3762.434,9.730,5.373,15.102,-0.3620,-5.7512,1.1687,0.0041325,-0.2356,380.317,-2.241,-24.243,371.246,-2.336,-12.169,-0.7954754,-0.1002090,-0.5976429,-0.0731277,0.9948991,-0.0694840,0.022,0.410,1,1,0.0274,0,1
1255,3764.622,57.83559270,18.83711969,35.680,372.081,-2.828,-18.274,232.679,-10.5909,-0.0014786,3765.450,9.325,5.781,15.105,-0.2052,-6.0456,1.3502,0.0048207,-0.2750,377.733,-2.535,-25.690,368.577,-2.589,-13.676,-0.7909127,-0.1053200,-0.6027975,-0.0756189,0.9943488,-0.0745139,0.022,0.474,1,1,0.0265,0,1
1256,3767.622,57.83557629,18.83707964,35.354,369.701,-3.153,-20.101,232.362,-11.1316,-0.0010677,3768.467,8.917,6.132,15.049,-0.0209,-6.3518,1.5078,0.0055469,-0.3141,375.149,-2.846,-27.160,365.954,-2.852,-15.246,-0.7867844,-0.1106327,-0.6072320,-0.0784169,0.9937498,-0.0794490,0.023,0.545,1,0,0.0323,1,1
1257,3770.622,57.83555979,18.83703973,35.012,367.331,-3.495,-21.940,232.153,-11.6849,-0.0004435,3771.487,8.522,6.390,14.912,0.1687,-6.6647,1.6367,0.0062953,-0.3500,372.562,-3.177,-28.668,363.409,-3.133,-16.895,-0.7841428,-0.1160594,-0.6096313,-0.0816380,0.9931111,-0.0840574,0.024,0.622,1,0,0.0382,1,1
1258,3773.622,57.83554324,18.83699989,34.653,364.965,-3.854,-23.783,232.097,-12.2399,0.0003505,3774.508,8.154,6.527,14.680,0.3362,-6.9782,1.7331,0.0070462,-0.3796,369.972,-3.527,-30.218,360.957,-3.441,-18.632,-0.7834070,-0.1214923,-0.6095188,-0.0853122,0.9924455,-0.0881684,0.026,0.706,1,0,0.0440,1,1
1259,3776.622,57.83552670,18.83696002,34.278,362.596,-4.230,-25.624,232.216,-12.7845,0.0012565,3777.531,7.822,6.537,14.359,0.4560,-7.2855,1.7947,0.0077760,-0.4008,367.385,-3.895,-31.808,358.593,-3.780,-20.456,-0.7842418,-0.1268129,-0.6073576,-0.0893471,0.9917695,-0.0917078,0.027,0.794,1,0,0.0499,1,1
1260,3779.622,57.83551025,18.83692003,33.886,360.221,-4.621,-27.457,232.510,-13.3060,0.0022177,3780.557,7.532,6.437,13.969,0.5122,-7.5793,1.8202,0.0084585,-0.4126,364.802,-4.278,-33.436,356.306,-4.153,-22.348,-0.7868218,-0.1318975,-0.6029216,-0.0937048,0.9911020,-0.0945312,0.029,0.887,1,0,0.0557,1,1
1261,3782.622,57.83549395,18.83687984,33.480,357.834,-5.028,-29.273,232.975,-13.7925,0.0031780,3783.584,7.285,6.263,13.548,0.5053,-7.8530,1.8092,0.0090665,-0.4161,362.218,-4.679,-35.092,354.066,-4.559,-24.271,-0.7912277,-0.1366315,-0.5960626,-0.0983303,0.9904629,-0.0965114,0.030,0.980,0,0,0.0612,1,1
1262,3785.621,57.83547784,18.83683937,33.059,355.429,-5.448,-31.067,233.624,-14.2333,0.0040711,3786.613,7.079,6.063,13.141,0.4522,-8.1007,1.7619,0.0095731,-0.4133,359.628,-5.093,-36.766,351.833,-4.989,-26.186,-0.7970769,-0.1409128,-0.5872069,-0.1030885,0.9898714,-0.0976080,0.031,1.072,0,0,0.0667,1,1
1263,3788.621,57.83546200,18.83679852,32.626,353.003,-5.881,-32.832,234.454,-14.6186,0.0048187,3789.644,6.905,5.885,12.790,0.3805,-8.3169,1.6792,0.0099544,-0.4071,357.021,-5.522,-38.447,349.578,-5.437,-28.046,-0.8047072,-0.1446486,-0.5757804,-0.1079535,0.9893465,-0.0976702,0.032,1.159,0,0,0.0723,1,1
1264,3791.621,57.83544650,18.83675722,32.183,350.550,-6.325,-34.558,235.432,-14.9394,0.0053442,3792.677,6.755,5.768,12.523,0.3187,-8.4968,1.5625,0.0101913,-0.3996,354.385,-5.966,-40.119,347.275,-5.896,-29.810,-0.8141401,-0.1477543,-0.5615555,-0.1128400,0.9889060,-0.0966023,0.032,1.239,0,0,0.0778,1,1
1265,3794.621,57.83543142,18.83671538,31.731,348.065,-6.777,-36.238,236.500,-15.1878,0.0055926,3795.710,6.622,5.731,12.354,0.2859,-8.6360,1.4139,0.0102713,-0.3919,351.718,-6.420,-41.761,344.903,-6.359,-31.458,-0.8245888,-0.1501561,-0.5454415,-0.1175132,0.9885657,-0.0944905,0.032,1.307,0,0,0.0833,0,1
1266,3797.621,57.83541679,18.83667298,31.272,345.546,-7.235,-37.868,237.584,-15.3570,0.0055437,3798.745,6.501,5.778,12.280,0.2864,-8.7307,1.2366,0.0101897,-0.3841,349.028,-6.885,-43.359,342.452,-6.823,-32.988,-0.8347393,-0.1517905,-0.5293107,-0.1216361,0.9883389,-0.0916022,0.033,1.362,0,0,0.0992,1,1
1267,3800.621,57.83540258,18.83663008,30.810,342.998,-7.697,-39.451,238.610,-15.4417,0.0052170,3801.780,6.391,5.896,12.286,0.3106,-8.7781,1.0347,0.0099502,-0.3755,346.325,-7.357,-44.907,339.929,-7.290,-34.417,-0.8438080,-0.1526083,-0.5144889,-0.1249683,0.9882351,-0.0881722,0.033,1.402,1,0,0.1151,1,1
1268,3803.621,57.83538875,18.83658674,30.347,340.424,-8.161,-40.991,239.522,-15.4379,0.0046673,3804.816,6.293,6.062,12.354,0.3395,-8.7760,0.8133,0.0095642,-0.3649,343.615,-7.833,-46.414,337.350,-7.760,-35.767,-0.8517541,-0.1525716,-0.5012353,-0.1274121,0.9882605,-0.0843050,0.034,1.425,1,0,0.1310,1,1
1269,3806.620,57.83537526,18.83654304,29.885,337.827,-8.623,-42.494,240.292,-15.3423,0.0039726,3807.851,6.212,6.252,12.464,0.3521,-8.7225,0.5787,0.0090501,-0.3515,340.907,-8.310,-47.889,334.727,-8.233,-37.065,-0.8583940,-0.1516486,-0.4900637,-0.1288594,0.9884183,-0.0801530,0.034,1.431,0,0,0.1468,1,1
1270,3809.620,57.83536204,18.83649903,29.427,335.213,-9.081,-43.966,240.916,-15.1523,0.0032166,3810.885,6.156,6.439,12.595,0.3304,-8.6161,0.3377,0.0084311,-0.3344,338.207,-8.782,-49.345,332.081,-8.710,-38.340,-0.8638873,-0.1498130,-0.4808896,-0.1292742,0.9887088,-0.0757826,0.035,1.422,1,0,0.1627,1,1
1271,3812.620,57.83534906,18.83645479,28.976,332.585,-9.531,-45.412,241.397,-14.8671,0.0024746,3813.919,6.133,6.598,12.731,0.2624,-8.4563,0.0978,0.0077339,-0.3134,335.522,-9.246,-50.796,329.425,-9.188,-39.619,-0.8683451,-0.1470547,-0.4736578,-0.1286346,0.9891279,-0.0712681,0.037,1.397,0,0,0.1390,1,1
1272,3815.620,57.83533625,18.83641037,28.536,329.946,-9.972,-46.839,241.734,-14.4878,0.0017968,3816.951,6.149,6.701,12.850,0.1440,-8.2435,-0.1337,0.0069860,-0.2884,332.858,-9.700,-52.255,326.773,-9.667,-40.937,-0.8716648,-0.1433811,-0.4686601,-0.1269114,0.9896667,-0.0667334,0.038,1.360,1,0,0.1152,1,1
1273,3818.620,57.83532356,18.83636583,28.108,327.301,-10.400,-48.253,241.942,-14.0180,0.0012267,3819.981,6.212,6.718,12.930,-0.0199,-7.9797,-0.3496,0.0062150,-0.2597,330.222,-10.138,-53.735,324.142,-10.143,-42.324,-0.8740149,-0.1388227,-0.4656461,-0.1241466,0.9903113,-0.0622183,0.040,1.312,0,0,0.0914,1,1
1274,3821.620,57.83531092,18.83632123,27.695,324.651,-10.812,-49.660,242.052,-13.4636,0.0007946,3823.009,6.321,6.627,12.948,-0.2159,-7.6680,-0.5438,0.0054463,-0.2283,327.614,-10.560,-55.243,321.544,-10.609,-43.806,-0.8753984,-0.1334321,-0.4646218,-0.1203851,0.9910436,-0.0577934,0.042,1.256,0,0,0.0677,1,1
1275,3824.620,57.83529830,18.83627661,27.300,322.001,-11.207,-51.066,242.100,-12.8335,0.0005116,3826.035,6.474,6.416,12.890,-0.4231,-7.3131,-0.7112,0.0047033,-0.1954,325.034,-10.964,-56.786,318.995,-11.059,-45.398,-0.8762848,-0.1272910,-0.4646740,-0.1157598,0.9918407,-0.0534006,0.044,1.195,1,0,0.0439,0,1
1276,3827.620,57.83528569,18.83623199,26.925,319.350,-11.582,-52.471,242.124,-12.1389,0.0003682,3829.058,6.662,6.089,12.752,-0.6173,-6.9212,-0.8478,0.0040059,-0.1628,322.468,-11.348,-58.359,316.500,-11.485,-47.090,-0.8772751,-0.1205044,-0.4646150,-0.1104267,0.9926776,-0.0489597,0.046,1.131,1,0,0.0406,0,1
1277,3830.619,57.83527310,18.83618735,26.572,316.699,-11.935,-53.874,242.153,-11.3940,0.0003362,3832.079,6.873,5.671,12.544,-0.7770,-6.5002,-0.9511,0.0033708,-0.1326,319.910,-11.710,-59.951,314.049,-11.881,-48.860,-0.8784486,-0.1132075,-0.4642329,-0.1045011,0.9935270,-0.0445377,0.048,1.067,1,1,0.0373,0,1
1278,3833.619,57.83526053,18.83614269,26.242,314.046,-12.265,-55.274,242.202,-10.6147,0.0003761,3835.097,7.088,5.203,12.291,-0.8879,-6.0591,-1.0197,0.0028116,-0.1062,317.350,-12.051,-61.545,311.620,-12.242,-50.671,-0.8797481,-0.1055540,-0.4635749,-0.0981046,0.9943625,-0.0402343,0.050,1.005,0,1,0.0340,0,1
1279,3836.619,57.83524798,18.83609800,25.936,311.391,-12.572,-56.671,242.271,-9.8187,0.0004474,3838.112,7.290,4.734,12.024,-0.9458,-5.6077,-1.0533,0.0023384,-0.0845,314.782,-12.371,-63.124,309.189,-12.569,-52.480,-0.8809745,-0.0977171,-0.4629636,-0.0913715,0.9951596,-0.0361759,0.052,0.946,0,0,0.0307,0,1
1280,3839.619,57.83523547,18.83605328,25.653,308.735,-12.854,-58.065,242.355,-9.0243,0.0005228,3841.126,7.457,4.311,11.768,-0.9558,-5.1566,-1.0524,0.0019581,-0.0678,312.195,-12.667,-64.671,306.735,-12.863,-54.246,-0.8822496,-0.0898778,-0.4621229,-0.0844758,0.9958981,-0.0324164,0.054,0.891,0,1,0.0274,0,1
1281,3842.619,57.83522299,18.83600853,25.394,306.076,-13.113,-59.455,242.451,-8.2494,0.0005980,3844.137,7.573,3.971,11.544,-0.9290,-4.7159,-1.0185,0.0016742,-0.0558,309.578,-12.940,-66.170,304.240,-13.127,-55.935,-0.8836279,-0.0822147,-0.4609149,-0.0775844,0.9965633,-0.0290216,0.055,0.842,0,0,0.0248,0,1
1282,3845.619,57.83521056,18.83596373,25.158,303.415,-13.349,-60.840,242.560,-7.5102,0.0006729,3847.146,7.624,3.733,11.357,-0.8778,-4.2950,-0.9534,0.0014875,-0.0480,306.929,-13.190,-67.606,301.694,-13.364,-57.527,-0.8849619,-0.0748911,-0.4596017,-0.0708409,0.9971467,-0.0260790,0.057,0.798,1,1,0.0221,0,1
1283,3848.619,57.83519817,18.83591888,24.943,300.752,-13.564,-62.220,242.682,-6.8202,0.0007477,3850.153,7.603,3.605,11.208,-0.8121,-3.9016,-0.8595,0.0013956,-0.0438,304.241,-13.418,-68.975,299.098,-13.577,-59.017,-0.8864233,-0.0680439,-0.4578468,-0.0643887,0.9976456,-0.0236063,0.058,0.759,0,1,0.0195,0,1
1284,3851.619,57.83518584,18.83587399,24.749,298.085,-13.759,-63.593,242.817,-6.1893,0.0008223,3853.160,7.514,3.580,11.094,-0.7380,-3.5417,-0.7399,0.0013936,-0.0429,301.516,-13.625,-70.278,296.450,-13.768,-60.408,-0.8879448,-0.0617748,-0.4557828,-0.0583285,0.9980629,-0.0216390,0.058,0.724,0,1,0.0168,0,1
1285,3854.619,57.83517357,18.83582903,24.572,295.414,-13.936,-64.960,242.965,-5.6227,0.0008969,3856.165,7.370,3.647,11.017,-0.6572,-3.2182,-0.5981,0.0014744,-0.0447,298.764,-13.812,-71.525,293.757,-13.938,-61.712,-0.8893599,-0.0561383,-0.4537483,-0.0527188,0.9984052,-0.0201937,0.059,0.692,1,1,0.0142,0,1
1286,3857.618,57.83516136,18.83578402,24.411,292.740,-14.096,-66.320,243.126,-5.1211,0.0009714,3859.169,7.193,3.788,10.980,-0.5686,-2.9316,-0.4377,0.0016291,-0.0491,295.991,-13.980,-72.736,291.028,-14.089,-62.941,-0.8908469,-0.0511440,-0.4514157,-0.0475965,0.9986817,-0.0192181,0.060,0.662,1,1,0.0149,0,1
1287,3860.618,57.83514922,18.83573894,24.264,290.062,-14.243,-67.672,243.299,-4.6809,0.0010461,3862.172,7.006,3.985,10.991,-0.4705,-2.6800,-0.2629,0.0018478,-0.0558,293.210,-14.134,-73.931,288.272,-14.224,-64.112,-0.8923808,-0.0467578,-0.4488542,-0.0429511,0.9989028,-0.0186647,0.060,0.633,1,1,0.0156,0,1
1288,3863.618,57.83513716,18.83569379,24.130,287.380,-14.378,-69.016,243.485,-4.2945,0.0011208,3865.175,6.833,4.219,11.052,-0.3619,-2.4591,-0.0775,0.0021201,-0.0647,290.431,-14.274,-75.130,285.496,-14.344,-65.241,-0.8939364,-0.0429055,-0.4461355,-0.0387359,0.9990788,-0.0184663,0.060,0.602,1,1,0.0163,0,1
1289,3866.618,57.83512518,18.83564856,24.006,284.694,-14.501,-70.351,243.684,-3.9517,0.0011958,3868.178,6.689,4.473,11.162,-0.2436,-2.2630,0.1146,0.0024355,-0.0759,287.660,-14.400,-76.347,282.711,-14.447,-66.342,-0.8956532,-0.0394862,-0.4429969,-0.0348858,0.9992195,-0.0185323,0.060,0.568,0,1,0.0171,0,1
1290,3869.618,57.83511328,18.83560325,23.892,282.002,-14.615,-71.676,243.896,-3.6411,0.0012709,3871.180,6.580,4.730,11.311,-0.1173,-2.0853,0.3103,0.0027841,-0.0890,284.896,-14.515,-77.586,279.921,-14.538,-67.428,-0.8974693,-0.0363869,-0.4395734,-0.0313137,0.9993330,-0.0187900,0.059,0.531,0,0,0.0178,0,1
1291,3872.618,57.83510148,18.83555786,23.787,279.306,-14.720,-72.990,244.121,-3.3513,0.0013464,3874.181,6.503,4.977,11.481,0.0145,-1.9194,0.5069,0.0031567,-0.1040,282.144,-14.619,-78.841,277.134,-14.617,-68.512,-0.8992577,-0.0334942,-0.4361350,-0.0279256,0.9994261,-0.0191746,0.059,0.488,0,0,0.0168,0,1
1292,3875.618,57.83508978,18.83551238,23.691,276.604,-14.816,-74.294,244.359,-3.0726,0.0014221,3877.183,6.449,5.204,11.653,0.1499,-1.7599,0.7025,0.0035447,-0.1203,279.394,-14.714,-80.108,274.352,-14.683,-69.602,-0.9011186,-0.0307115,-0.4324836,-0.0246488,0.9995036,-0.0196188,0.059,0.440,0,0,0.0158,0,1
1293,3878.618,57.83507817,18.83546680,23.603,273.897,-14.905,-75.586,244.610,-2.7976,0.0014982,3880.184,6.406,5.405,11.812,0.2871,-1.6025,0.8956,0.0039401,-0.1374,276.644,-14.801,-81.373,271.579,-14.741,-70.703,-0.9030211,-0.0279651,-0.4286851,-0.0214228,0.9995688,-0.0200794,0.059,0.386,0,0,0.0149,0,1
1294,3881.618,57.83506668,18.83542113,23.523,271.184,-14.984,-76.867,244.874,-2.5221,0.0015747,3883.185,6.370,5.576,11.946,0.4244,-1.4448,1.0847,0.0043353,-0.1547,273.889,-14.877,-82.634,268.816,-14.789,-71.819,-0.9050590,-0.0252130,-0.4245380,-0.0182203,0.9996233,-0.0205236,0.058,0.325,0,0,0.0139,0,1
1295,3884.617,57.83505531,18.83537535,23.451,268.465,-15.056,-78.134,245.151,-2.2450,0.0016516,3886.186,6.336,5.716,12.052,0.5591,-1.2861,1.2686,0.0047225,-0.1715,271.127,-14.947,-83.884,266.063,-14.829,-72.947,-0.9072277,-0.0224443,-0.4200406,-0.0150374,0.9996677,-0.0209374,0.058,0.258,0,1,0.0129,0,1
1296,3887.617,57.83504405,18.83532948,23.388,265.739,-15.119,-79.388,245.441,-1.9681,0.0017290,3889.186,6.308,5.824,12.132,0.6871,-1.1275,1.4455,0.0050939,-0.1874,268.360,-15.008,-85.125,263.319,-14.862,-74.090,-0.9094010,-0.0196772,-0.4154548,-0.0118914,0.9997020,-0.0213194,0.058,0.186,1,1,0.0202,0,1
1297,3890.617,57.83503292,18.83528349,23.333,263.008,-15.174,-80.627,245.745,-1.6952,0.0018069,3892.187,6.288,5.902,12.191,0.8039,-0.9712,1.6131,0.0054415,-0.2022,265.591,-15.060,-86.360,260.584,-14.889,-75.245,-0.9116345,-0.0169496,-0.4106522,-0.0088286,0.9997263,-0.0216643,0.058,0.110,1,0,0.0275,0,1
1298,3893.617,57.83502192,18.83523739,23.286,260.269,-15.221,-81.852,246.062,-1.4315,0.0018852,3895.187,6.281,5.954,12.235,0.9054,-0.8201,1.7689,0.0057575,-0.2155,262.817,-15.105,-87.593,257.854,-14.912,-76.410,-0.9139240,-0.0143135,-0.4056329,-0.0059066,0.9997412,-0.0219697,0.059,0.031,1,1,0.0347,0,1
1299,3896.617,57.83501107,18.83519117,23.247,257.524,-15.260,-83.061,246.392,-1.1821,0.0019641,3898.187,6.289,5.985,12.274,0.9891,-0.6773,1.9098,0.0060344,-0.2273,260.043,-15.141,-88.823,255.127,-14.930,-77.577,-0.9162386,-0.0118202,-0.4004586,-0.0031822,0.9997479,-0.0222283,0.059,-0.047,1,0,0.0420,0,1
1300,3899.617,57.83500036,18.83514484,23.215,254.771,-15.292,-84.255,246.737,-0.9518,0.0020436,3901.187,6.309,6.003,12.313,1.0545,-0.5453,2.0327,0.0062655,-0.2375,257.263,-15.171,-90.051,252.400,-14.944,-78.740,-0.9186373,-0.0095176,-0.3949874,-0.0007147,0.9997482,-0.0224276,0.059,-0.123,1,0,0.0493,0,1
1301,3902.617,57.83498980,18.83509838,23.190,252.012,-15.318,-85.431,247.095,-0.7440,0.0021236,3904.187,6.341,6.016,12.357,1.1026,-0.4263,2.1342,0.0064452,-0.2461,254.480,-15.194,-91.272,249.670,-14.956,-79.889,-0.9211165,-0.0074398,-0.3892159,0.0014533,0.9997447,-0.0225493,0.059,-0.194,1,0,0.0634,1,1
1302,3905.617,57.83497940,18.83505180,23.170,249.245,-15.337,-86.590,247.466,-0.5608,0.0022042,3907.187,6.381,6.028,12.409,1.1340,-0.3213,2.2115,0.0065693,-0.2529,251.690,-15.211,-92.484,246.935,-14.965,-81.022,-0.9236629,-0.0056079,-0.3831651,0.0032931,0.9997398,-0.0225703,0.059,-0.258,1,0,0.0776,1,1
1303,3908.617,57.83496916,18.83500509,23.156,246.470,-15.351,-87.730,247.852,-0.4029,0.0022853,3910.187,6.426,6.037,12.464,1.1478,-0.2308,2.2618,0.0066346,-0.2577,248.892,-15.222,-93.683,244.195,-14.973,-82.138,-0.9262573,-0.0040290,-0.3768702,0.0047909,0.9997362,-0.0224627,0.060,-0.313,1,0,0.0918,1,1
1304,3911.616,57.83495909,18.83495825,23.146,243.688,-15.361,-88.851,248.252,-0.2698,0.0023669,3913.187,6.474,6.036,12.510,1.1409,-0.1546,2.2825,0.0066393,-0.2598,246.087,-15.230,-94.865,241.452,-14.981,-83.245,-0.9288292,-0.0026980,-0.3704984,0.0059492,0.9997360,-0.0221947,0.060,-0.357,1,0,0.1059,1,1
1305,3914.616,57.83494920,18.83491128,23.140,240.897,-15.368,-89.953,248.666,-0.1600,0.0024491,3916.187,6.523,6.011,12.534,1.1085,-0.0917,2.2715,0.0065826,-0.2585,243.270,-15.236,-96.029,238.710,-14.994,-84.354,-0.9314676,-0.0016000,-0.3638207,0.0067721,0.9997408,-0.0217348,0.060,-0.391,1,0,0.1201,1,1
1306,3917.616,57.83493950,18.83486417,23.136,238.099,-15.371,-91.034,249.093,-0.0719,0.0025319,3919.187,6.570,5.949,12.519,1.0455,-0.0412,2.2267,0.0064642,-0.2533,240.443,-15.238,-97.172,235.977,-15.010,-85.476,-0.9342232,-0.0007190,-0.3566882,0.0072689,0.9997519,-0.0210537,0.061,-0.413,1,0,0.1134,1,1
1307,3920.616,57.83492998,18.83481693,23.135,235.292,-15.372,-92.093,249.536,-0.0037,0.0026150,3922.187,6.616,5.837,12.453,0.9494,-0.0021,2.1466,0.0062850,-0.2437,237.604,-15.239,-98.291,233.252,-15.033,-86.624,-0.9369238,-0.0000370,-0.3495337,0.0074666,0.9997697,-0.0201199,0.061,-0.423,1,0,0.1066,1,1
1308,3923.616,57.83492067,18.83476955,23.136,232.478,-15.372,-93.131,249.992,0.0467,0.0026987,3925.186,6.659,5.674,12.333,0.8217,0.0268,2.0300,0.0060468,-0.2299,234.757,-15.239,-99.388,230.536,-15.062,-87.799,-0.9396229,0.0004670,-0.3422114,0.0073842,0.9997939,-0.0189106,0.062,-0.423,1,0,0.0999,1,1
1309,3926.616,57.83491156,18.83472202,23.138,229.655,-15.370,-94.146,250.463,0.0808,0.0027828,3928.186,6.703,5.470,12.172,0.6689,0.0463,1.8768,0.0057525,-0.2131,231.896,-15.237,-100.463,227.826,-15.095,-88.991,-0.9424596,0.0008080,-0.3343190,0.0070348,0.9998236,-0.0174150,0.062,-0.413,1,0,0.0932,1,1
1310,3929.616,57.83490266,18.83467436,23.141,226.823,-15.367,-95.137,250.949,0.1006,0.0028672,3931.186,6.750,5.246,11.996,0.5011,0.0576,1.6879,0.0054071,-0.1945,229.026,-15.235,-101.517,225.111,-15.130,-90.178,-0.9452449,0.0010060,-0.3263603,0.0064587,0.9998571,-0.0156244,0.063,-0.395,1,0,0.0864,0,1
1311,3932.616,57.83489398,18.83462655,23.144,223.984,-15.364,-96.104,251.449,0.1078,0.0029521,3934.186,6.808,5.034,11.842,0.3299,0.0618,1.4657,0.0050171,-0.1759,226.150,-15.231,-102.558,222.382,-15.163,-91.332,-0.9480307,0.0010780,-0.3181770,0.0056847,0.9998920,-0.0135504,0.064,-0.370,1,0,0.0706,0,1
1312,3935.615,57.83488553,18.83457861,23.147,221.135,-15.360,-97.046,251.963,0.1045,0.0030373,3937.186,6.884,4.868,11.752,0.1651,0.0599,1.2139,0.0045910,-0.1585,223.267,-15.226,-103.592,219.628,-15.192,-92.417,-0.9508435,0.0010450,-0.3096700,0.0047523,0.9999258,-0.0112177,0.065,-0.340,1,0,0.0549,0,1
1313,3938.615,57.83487731,18.83453052,23.150,218.279,-15.357,-97.962,252.493,0.0926,0.0031229,3940.186,6.987,4.776,11.763,0.0132,0.0531,0.9381,0.0041392,-0.1432,220.380,-15.220,-104.626,216.843,-15.218,-93.407,-0.9537232,0.0009260,-0.3006845,0.0037036,0.9999556,-0.0086677,0.066,-0.305,1,0,0.0390,0,1
1314,3941.615,57.83486933,18.83448229,23.152,215.413,-15.355,-98.850,253.037,0.0744,0.0032090,3943.186,7.117,4.776,11.893,-0.1232,0.0426,0.6450,0.0036730,-0.1299,217.489,-15.215,-105.658,214.020,-15.240,-94.282,-0.9565181,0.0007440,-0.2916722,0.0025929,0.9999789,-0.0059523,0.068,-0.269,0,0,0.0232,0,1
1315,3944.615,57.83486159,18.83443391,23.154,212.540,-15.353,-99.712,253.596,0.0521,0.0032954,3946.186,7.271,4.872,12.143,-0.2441,0.0299,0.3425,0.0032044,-0.1181,214.594,-15.209,-106.687,211.163,-15.260,-95.038,-0.9592591,0.0005210,-0.2825272,0.0014674,0.9999940,-0.0031382,0.070,-0.231,0,0,0.0074,0,1
1316,3947.615,57.83485412,18.83438540,23.155,209.658,-15.352,-100.545,254.170,0.0276,0.0033821,3949.185,7.435,5.057,12.492,-0.3517,0.0158,0.0389,0.0027450,-0.1071,211.685,-15.203,-107.698,208.279,-15.280,-95.680,-0.9621005,0.0002760,-0.2726951,0.0003717,0.9999999,-0.0002994,0.072,-0.193,0,0,0.0070,0,1
1317,3950.615,57.83484690,18.83433674,23.156,206.768,-15.351,-101.348,254.759,0.0027,0.0034690,3952.185,7.594,5.313,12.908,-0.4487,0.0015,-0.2573,0.0023054,-0.0960,208.764,-15.199,-108.675,205.371,-15.300,-96.221,-0.9648407,0.0000270,-0.2628353,-0.0006503,0.9999967,0.0024898,0.074,-0.157,0,0,0.0066,0,1
1318,3953.615,57.83483996,18.83428795,23.156,203.869,-15.352,-102.122,255.362,-0.0215,0.0035562,3955.185,7.734,5.618,13.352,-0.5382,-0.0123,-0.5385,0.0018944,-0.0844,205.823,-15.197,-109.605,202.449,-15.322,-96.686,-0.9675500,-0.0002150,-0.2526797,-0.0015686,0.9999855,0.0051554,0.077,-0.123,0,0,0.0062,0,1
1319,3956.615,57.83483330,18.83423902,23.155,200.963,-15.353,-102.864,255.981,-0.0442,0.0036435,3958.185,7.849,5.945,13.794,-0.6227,-0.0253,-0.7977,0.0015187,-0.0722,202.864,-15.197,-110.480,199.523,-15.347,-97.096,-0.9702306,-0.0004420,-0.2421826,-0.0023605,0.9999681,0.0076318,0.079,-0.092,0,0,0.0058,0,1
1320,3959.614,57.83482692,18.83418996,23.153,198.048,-15.354,-103.575,256.615,-0.0651,0.0037307,3961.185,7.944,6.268,14.212,-0.7033,-0.0373,-1.0294,0.0011828,-0.0597,199.887,-15.198,-111.303,196.597,-15.372,-97.477,-0.9728346,-0.0006510,-0.2315003,-0.0030162,0.9999468,0.0098629,0.082,-0.065,0,0,0.0053,0,1
1321,3962.614,57.83482083,18.83414077,23.151,195.126,-15.357,-104.253,257.264,-0.0842,0.0038177,3964.185,8.032,6.562,14.594,-0.7793,-0.0482,-1.2296,0.0008890,-0.0473,196.896,-15.201,-112.088,193.680,-15.399,-97.852,-0.9754199,-0.0008420,-0.2203529,-0.0035304,0.9999241,0.0118068,0.084,-0.042,0,0,0.0059,0,1
1322,3965.614,57.83481505,18.83409145,23.148,192.196,-15.359,-104.897,257.928,-0.1015,0.0039042,3967.185,8.130,6.804,14.934,-0.8479,-0.0582,-1.3956,0.0006375,-0.0355,193.895,-15.203,-112.847,190.774,-15.424,-98.243,-0.9779115,-0.0010150,-0.2090167,-0.0039091,0.9999021,0.0134338,0.085,-0.022,0,0,0.0064,0,1
1323,3968.614,57.83480957,18.83404200,23.145,189.259,-15.363,-105.507,258.607,-0.1171,0.0039902,3970.185,8.249,6.979,15.228,-0.9053,-0.0671,-1.5261,0.0004268,-0.0247,190.888,-15.208,-113.593,187.880,-15.449,-98.665,-0.9802969,-0.0011710,-0.1975262,-0.0041618,0.9998829,0.0147269,0.085,-0.006,0,0,0.0069,0,1
1324,3971.614,57.83480441,18.83399244,23.141,186.315,-15.366,-106.082,259.301,-0.1306,0.0040755,3973.184,8.391,7.077,15.468,-0.9477,-0.0748,-1.6208,0.0002541,-0.0152,187.873,-15.212,-114.327,185.001,-15.468,-99.128,-0.9826081,-0.0013060,-0.1856871,-0.0042924,0.9998678,0.0156816,0.085,0.007,0,0,0.0074,0,1
1325,3974.614,57.83479957,18.83394276,23.137,183.364,-15.370,-106.621,260.009,-0.1412,0.0041598,3976.184,8.549,7.094,15.643,-0.9723,-0.0809,-1.6803,0.0001158,-0.0071,184.847,-15.218,-115.041,182.133,-15.483,-99.634,-0.9848329,-0.0014120,-0.1734999,-0.0043053,0.9998579,0.0163012,0.082,0.018,0,1,0.0080,0,1
1326,3977.614,57.83479507,18.83389298,23.133,180.406,-15.375,-107.123,260.732,-0.1477,0.0042428,3979.184,8.707,7.036,15.744,-0.9780,-0.0846,-1.7057,0.0000077,-0.0005,181.808,-15.226,-115.717,179.273,-15.495,-100.178,-0.9869545,-0.0014770,-0.1609926,-0.0042032,0.9998535,0.0165947,0.079,0.026,0,1,0.0081,0,1
1327,3980.614,57.83479090,18.83384309,23.128,177.442,-15.379,-107.587,261.471,-0.1484,0.0043177,3982.184,8.850,6.913,15.763,-0.9648,-0.0850,-1.6986,-0.0000747,0.0046,178.753,-15.235,-116.339,176.418,-15.500,-100.750,-0.9889585,-0.0014840,-0.1481854,-0.0039841,0.9998547,0.0165759,0.074,0.033,0,1,0.0083,0,1
1328,3983.613,57.83478708,18.83379310,23.124,174.473,-15.384,-108.012,262.229,-0.1414,0.0043656,3985.184,8.965,6.738,15.703,-0.9341,-0.0810,-1.6607,-0.0001357,0.0084,175.686,-15.246,-116.895,173.561,-15.502,-101.336,-0.9907967,-0.0014140,-0.1353511,-0.0036483,0.9998611,0.0162609,0.067,0.038,0,1,0.0084,0,1
1329,3986.613,57.83478361,18.83374302,23.120,171.498,-15.388,-108.399,263.001,-0.1250,0.0043639,3988.184,9.052,6.524,15.576,-0.8875,-0.0716,-1.5945,-0.0001795,0.0109,172.604,-15.258,-117.383,170.701,-15.500,-101.924,-0.9925087,-0.0012500,-0.1221677,-0.0031882,0.9998721,0.0156713,0.059,0.042,0,1,0.0086,0,1
1330,3989.613,57.83478051,18.83369286,23.116,168.518,-15.391,-108.745,263.778,-0.0979,0.0042930,3991.184,9.116,6.283,15.399,-0.8269,-0.0561,-1.5027,-0.0002099,0.0124,169.507,-15.271,-117.807,167.836,-15.494,-102.499,-0.9940948,-0.0009790,-0.1085104,-0.0026036,0.9998866,0.0148307,0.050,0.044,0,1,0.0087,0,1
1331,3992.613,57.83477777,18.83364262,23.114,165.534,-15.394,-109.050,264.539,-0.0594,0.0041416,3994.184,9.168,6.025,15.193,-0.7541,-0.0340,-1.3886,-0.0002304,0.0133,166.407,-15.286,-118.176,164.961,-15.486,-103.052,-0.9954600,-0.0005940,-0.0951788,-0.0019128,0.9999034,0.0137650,0.040,0.046,0,1,0.0078,0,1
1332,3995.613,57.83477538,18.83359232,23.113,162.546,-15.395,-109.316,265.264,-0.0098,0.0039089,3997.183,9.220,5.758,14.977,-0.6712,-0.0056,-1.2559,-0.0002439,0.0137,163.307,-15.300,-118.504,162.071,-15.475,-103.578,-0.9965904,-0.0000980,-0.0825075,-0.0011338,0.9999211,0.0125067,0.031,0.045,0,1,0.0070,0,1
1333,3998.613,57.83477333,18.83354197,23.113,159.555,-15.394,-109.545,265.934,0.0494,0.0036051,4000.183,9.283,5.486,14.769,-0.5802,0.0283,-1.1087,-0.0002530,0.0138,160.213,-15.313,-118.804,159.166,-15.462,-104.073,-0.9974881,0.0004940,-0.0708325,-0.0002926,0.9999384,0.0110938,0.023,0.044,0,1,0.0061,0,1
1334,4001.613,57.83477157,18.83349158,23.116,156.561,-15.392,-109.741,266.536,0.1162,0.0032487,4003.183,9.363,5.214,14.577,-0.4835,0.0666,-0.9516,-0.0002599,0.0138,157.127,-15.326,-119.087,156.246,-15.449,-104.537,-0.9981675,0.0011620,-0.0605001,0.0005841,0.9999540,0.0095688,0.015,0.041,0,1,0.0053,0,1
1335,4004.612,57.83477007,18.83344116,23.120,153.566,-15.387,-109.908,267.065,0.1875,0.0028628,4006.183,9.464,4.946,14.409,-0.3831,0.1074,-0.7890,-0.0002664,0.0138,154.053,-15.336,-119.359,153.311,-15.433,-104.969,-0.9986712,0.0018750,-0.0515002,0.0014661,0.9999671,0.0079761,0.009,0.037,0,1,0.0044,0,1
1336,4007.612,57.83476880,18.83339072,23.127,150.569,-15.380,-110.050,267.522,0.2604,0.0024685,4009.183,9.584,4.685,14.269,-0.2813,0.1492,-0.6252,-0.0002739,0.0139,150.986,-15.345,-119.625,150.365,-15.415,-105.370,-0.9990499,0.0026040,-0.0435022,0.0023295,0.9999771,0.0063588,0.004,0.031,0,1,0.0048,0,1
1337,4010.612,57.83476773,18.83334026,23.136,147.572,-15.371,-110.169,267.912,0.3315,0.0020759,4012.183,9.722,4.436,14.158,-0.1798,0.1899,-0.4638,-0.0002837,0.0142,147.927,-15.353,-119.885,147.410,-15.397,-105.736,-0.9993279,0.0033150,-0.0365059,0.0031434,0.9999838,0.0047559,0.001,0.025,0,1,0.0051,0,1
1338,4013.612,57.83476683,18.83328979,23.147,144.574,-15.360,-110.269,268.234,0.3984,0.0016858,4015.183,9.875,4.204,14.079,-0.0803,0.2283,-0.3081,-0.0002963,0.0147,144.880,-15.358,-120.139,144.444,-15.378,-106.067,-0.9995114,0.0039840,-0.0310004,0.0038865,0.9999873,0.0032034,-0.001,0.017,0,1,0.0055,0,1
1339,4016.612,57.83476606,18.83323931,23.160,141.575,-15.348,-110.355,268.490,0.4593,0.0012979,4018.183,10.039,3.996,14.035,0.0161,0.2632,-0.1606,-0.0003122,0.0154,141.843,-15.363,-120.391,141.468,-15.359,-106.360,-0.9996339,0.0045930,-0.0266658,0.0045485,0.9999882,0.0017281,-0.002,0.010,0,1,0.0059,0,1
1340,4019.612,57.83476540,18.83318882,23.174,138.576,-15.333,-110.429,268.679,0.5134,0.0009117,4021.183,10.213,3.817,14.030,0.1084,0.2942,-0.0230,-0.0003316,0.0163,138.813,-15.365,-120.639,138.488,-15.339,-106.613,-0.9997184,0.0051339,-0.0231679,0.0051272,0.9999868,0.0003486,-0.002,0.002,0,1,0.0063,0,1
1341,4022.612,57.83476481,18.83313834,23.191,135.577,-15.317,-110.494,268.803,0.5611,0.0005269,4024.182,10.394,3.670,14.064,0.1959,0.3215,0.1038,-0.0003542,0.0175,135.795,-15.366,-120.886,135.500,-15.318,-106.825,-0.9997638,0.0056109,-0.0209985,0.0056315,0.9999837,-0.0009199,-0.001,-0.006,0,0,0.0081,0,1
1342,4025.612,57.83476426,18.83308785,23.208,132.577,-15.299,-110.555,268.860,0.6036,0.0001429,4027.182,10.580,3.558,14.139,0.2784,0.3458,0.2193,-0.0003797,0.0190,132.790,-15.365,-121.133,132.505,-15.296,-106.997,-0.9997784,0.0060359,-0.0201656,0.0060789,0.9999794,-0.0020706,-0.000,-0.013,0,1,0.0100,0,1
1343,4028.612,57.83476373,18.83303736,23.227,129.578,-15.281,-110.615,268.852,0.6426,-0.0002408,4030.182,10.769,3.482,14.251,0.3555,0.3682,0.3236,-0.0004074,0.0207,129.797,-15.363,-121.381,129.507,-15.275,-107.134,-0.9997726,0.0064259,-0.0203355,0.0064903,0.9999741,-0.0031045,0.002,-0.019,0,1,0.0119,0,1
1344,4031.611,57.83476318,18.83298687,23.247,126.579,-15.261,-110.677,268.777,0.6804,-0.0006247,4033.182,10.956,3.438,14.394,0.4271,0.3898,0.4173,-0.0004365,0.0226,126.815,-15.359,-121.630,126.505,-15.252,-107.240,-0.9997457,0.0068038,-0.0215017,0.0068919,0.9999681,-0.0040251,0.005,-0.024,0,0,0.0137,0,1
1345,4034.611,57.83476257,18.83293638,23.268,123.580,-15.240,-110.744,268.637,0.7189,-0.0010087,4036.182,11.138,3.423,14.561,0.4932,0.4119,0.5011,-0.0004662,0.0247,123.845,-15.354,-121.879,123.498,-15.228,-107.322,-0.9996901,0.0071888,-0.0238339,0.0073061,0.9999616,-0.0048377,0.010,-0.028,0,1,0.0156,0,1
1346,4037.611,57.83476189,18.83288590,23.290,120.581,-15.218,-110.820,268.428,0.7599,-0.0013821,4039.182,11.313,3.432,14.745,0.5539,0.4354,0.5761,-0.0004957,0.0269,120.892,-15.347,-122.129,120.487,-15.204,-107.390,-0.9995930,0.0075988,-0.0274980,0.0077542,0.9999545,-0.0055492,0.017,-0.031,0,1,0.0148,0,1
1347,4040.611,57.83476109,18.83283543,23.313,117.582,-15.194,-110.909,268.147,0.8041,-0.0017240,4042.182,11.477,3.459,14.936,0.6095,0.4607,0.6434,-0.0005242,0.0292,117.953,-15.337,-122.380,117.470,-15.178,-107.452,-0.9994449,0.0080407,-0.0323315,0.0082444,0.9999470,-0.0061704,0.025,-0.033,0,1,0.0139,0,1
1348,4043.611,57.83476015,18.83278496,23.338,114.584,-15.169,-111.014,267.801,0.8519,-0.0020115,4045.182,11.628,3.498,15.126,0.6602,0.4881,0.7043,-0.0005511,0.0315,115.030,-15.325,-122.633,114.450,-15.151,-107.518,-0.9992286,0.0085187,-0.0383357,0.0087822,0.9999389,-0.0067109,0.034,-0.033,0,1,0.0131,0,1
1349,4046.611,57.83475903,18.83273450,23.364,111.587,-15.143,-111.139,267.403,0.9024,-0.0022262,4048.182,11.762,3.547,15.309,0.7065,0.5170,0.7600,-0.0005759,0.0337,112.120,-15.312,-122.889,111.426,-15.123,-107.596,-0.9989310,0.0090236,-0.0453378,0.0093586,0.9999304,-0.0071824,0.044,-0.034,0,0,0.0123,0,1
1350,4049.611,57.83475771,18.83268406,23.392,108.591,-15.115,-111.286,266.973,0.9541,-0.0023585,4051.182,11.880,3.598,15.477,0.7489,0.5466,0.8116,-0.0005983,0.0358,109.221,-15.296,-123.149,108.400,-15.094,-107.693,-0.9985488,0.0095406,-0.0530026,0.0099570,0.9999216,-0.0075982,0.054,-0.033,0,1,0.0115,0,1
1351,4052.611,57.83475617,18.83263365,23.421,105.596,-15.086,-111.457,266.531,1.0050,-0.0024097,4054.182,11.978,3.647,15.624,0.7878,0.5758,0.8602,-0.0006181,0.0377,106.325,-15.278,-123.412,105.374,-15.063,-107.817,-0.9980976,0.0100495,-0.0608291,0.0105537,0.9999125,-0.0079735,0.063,-0.032,0,1,0.0108,0,1
1352,4055.611,57.83475444,18.83258325,23.452,102.602,-15.055,-111.651,266.096,1.0523,-0.0023915,4057.182,12.055,3.688,15.743,0.8238,0.6029,0.9065,-0.0006351,0.0394,103.424,-15.257,-123.678,102.351,-15.030,-107.971,-0.9976187,0.0105224,-0.0681634,0.0111154,0.9999036,-0.0083260,0.070,-0.031,0,1,0.0102,0,1
1353,4058.610,57.83475250,18.83253289,23.485,99.610,-15.023,-111.866,265.680,1.0936,-0.0023239,4060.182,12.112,3.716,15.828,0.8575,0.6266,0.9514,-0.0006495,0.0407,100.522,-15.234,-123.944,99.330,-14.997,-108.160,-0.9970988,0.0109353,-0.0753282,0.0116204,0.9998950,-0.0086620,0.076,-0.030,0,1,0.0095,0,1
1354,4061.610,57.83475038,18.83248254,23.518,96.619,-14.989,-112.103,265.285,1.1263,-0.0022299,4063.182,12.148,3.726,15.874,0.8892,0.6453,0.9952,-0.0006612,0.0417,97.617,-15.207,-124.210,96.313,-14.961,-108.390,-0.9965546,0.0112623,-0.0821712,0.0120414,0.9998871,-0.0089918,0.079,-0.029,0,1,0.0089,0,1
1355,4064.610,57.83474808,18.83243223,23.552,93.631,-14.955,-112.359,264.910,1.1485,-0.0021283,4066.182,12.164,3.714,15.878,0.9193,0.6580,1.0383,-0.0006702,0.0422,94.708,-15.180,-124.475,93.302,-14.926,-108.660,-0.9960099,0.0114842,-0.0885009,0.0123574,0.9998802,-0.0093248,0.080,-0.028,0,0,0.0082,0,1
1356,4067.610,57.83474561,18.83238194,23.587,90.643,-14.921,-112.634,264.553,1.1590,-0.0020259,4069.183,12.160,3.679,15.839,0.9481,0.6640,1.0810,-0.0006767,0.0424,91.796,-15.153,-124.739,90.294,-14.890,-108.972,-0.9954264,0.0115892,-0.0948263,0.0125613,0.9998744,-0.0096605,0.078,-0.028,0,0,0.0081,0,1
1357,4070.610,57.83474297,18.83233169,23.622,87.658,-14.886,-112.928,264.214,1.1574,-0.0019228,4072.183,12.138,3.622,15.760,0.9755,0.6631,1.1233,-0.0006805,0.0423,88.882,-15.123,-125.004,87.293,-14.854,-109.324,-0.9948360,0.0115732,-0.1008336,0.0126461,0.9998700,-0.0100075,0.074,-0.027,0,1,0.0080,0,1
1358,4073.610,57.83474018,18.83228146,23.656,84.674,-14.851,-113.239,263.892,1.1444,-0.0018193,4075.183,12.098,3.549,15.646,1.0016,0.6557,1.1657,-0.0006816,0.0417,85.960,-15.092,-125.268,84.297,-14.818,-109.710,-0.9942655,0.0114433,-0.1063261,0.0126170,0.9998666,-0.0103728,0.069,-0.027,0,1,0.0078,0,1
1359,4076.610,57.83473724,18.83223126,23.690,81.692,-14.817,-113.566,263.588,1.1215,-0.0017152,4078.183,12.041,3.465,15.505,1.0263,0.6425,1.2086,-0.0006796,0.0408,83.037,-15.061,-125.531,81.305,-14.783,-110.123,-0.9936822,0.0112143,-0.1116684,0.0124929,0.9998641,-0.0107570,0.062,-0.026,0,1,0.0077,0,1
1360,4079.610,57.83473417,18.83218109,23.723,78.712,-14.784,-113.909,263.302,1.0909,-0.0016108,4081.183,11.969,3.377,15.346,1.0497,0.6250,1.2529,-0.0006743,0.0397,80.108,-15.031,-125.796,78.318,-14.749,-110.555,-0.9931120,0.0109084,-0.1166602,0.0122945,0.9998620,-0.0111690,0.054,-0.026,0,0,0.0076,0,1
1361,4082.609,57.83473096,18.83213095,23.756,75.733,-14.752,-114.266,263.034,1.0550,-0.0015060,4084.183,11.884,3.292,15.176,1.0719,0.6044,1.2995,-0.0006653,0.0383,77.173,-15.000,-126.062,75.334,-14.716,-110.998,-0.9925774,0.0105494,-0.1211558,0.0120451,0.9998599,-0.0116194,0.047,-0.026,0,1,0.0077,0,1
1362,4085.609,57.83472764,18.83208084,23.787,72.756,-14.721,-114.636,262.784,1.0166,-0.0014010,4087.183,11.787,3.217,15.004,1.0937,0.5824,1.3499,-0.0006524,0.0367,74.235,-14.971,-126.330,72.352,-14.684,-111.445,-0.9920409,0.0101655,-0.1255052,0.0117782,0.9998572,-0.0121147,0.039,-0.026,0,1,0.0077,0,1
1363,4088.609,57.83472420,18.83203076,23.817,69.781,-14.691,-115.019,262.552,0.9781,-0.0012959,4090.183,11.681,3.153,14.834,1.1157,0.5604,1.4057,-0.0006354,0.0350,71.296,-14.942,-126.601,69.372,-14.653,-111.892,-0.9915092,0.0097805,-0.1296679,0.0115195,0.9998534,-0.0126679,0.032,-0.026,0,0,0.0078,0,1
1364,4091.609,57.83472066,18.83198070,23.845,66.807,-14.662,-115.414,262.338,0.9413,-0.0011905,4093.183,11.565,3.103,14.669,1.1390,0.5393,1.4685,-0.0006141,0.0330,68.349,-14.914,-126.876,66.393,-14.622,-112.338,-0.9910261,0.0094126,-0.1333368,0.0112853,0.9998479,-0.0132963,0.025,-0.026,0,1,0.0078,0,1
1365,4094.609,57.83471702,18.83193066,23.873,63.835,-14.634,-115.819,262.143,0.9079,-0.0010851,4096.183,11.442,3.066,14.508,1.1646,0.5202,1.5397,-0.0005888,0.0310,65.397,-14.887,-127.153,63.416,-14.592,-112.782,-0.9905966,0.0090786,-0.1365133,0.0110943,0.9998403,-0.0140116,0.019,-0.025,0,1,0.0079,0,1
1366,4097.609,57.83471330,18.83188065,23.900,60.864,-14.608,-116.233,261.965,0.8783,-0.0009796,4099.183,11.309,3.040,14.349,1.1937,0.5032,1.6207,-0.0005600,0.0288,62.444,-14.863,-127.431,60.439,-14.564,-113.223,-0.9901598,0.0087827,-0.1396657,0.0109587,0.9998301,-0.0148186,0.014,-0.024,0,1,0.0073,0,1
1367,4100.609,57.83470949,18.83183065,23.926,57.894,-14.582,-116.657,261.806,0.8528,-0.0008742,4102.183,11.167,3.023,14.190,1.2271,0.4886,1.7118,-0.0005283,0.0266,59.485,-14.839,-127.710,57.463,-14.535,-113.665,-0.9897596,0.0085277,-0.1424894,0.0108782,0.9998172,-0.0157249,0.009,-0.022,0,1,0.0066,0,1
1368,4103.609,57.83470562,18.83178068,23.951,54.925,-14.556,-117.088,261.665,0.8306,-0.0007687,4105.183,11.016,3.013,14.028,1.2654,0.4759,1.8128,-0.0004949,0.0243,56.520,-14.816,-127.988,54.489,-14.506,-114.107,-0.9894229,0.0083057,-0.1448220,0.0108417,0.9998013,-0.0167306,0.004,-0.020,0,1,0.0060,0,1
1369,4106.609,57.83470169,18.83173072,23.976,51.957,-14.532,-117.526,261.542,0.8107,-0.0006633,4108.183,10.856,3.007,13.862,1.3086,0.4645,1.9227,-0.0004608,0.0221,53.553,-14.795,-128.264,51.515,-14.478,-114.552,-0.9891010,0.0081067,-0.1470150,0.0108433,0.9997824,-0.0178221,0.000,-0.018,0,1,0.0053,0,1
1370,4109.608,57.83469770,18.83168078,24.000,48.991,-14.508,-117.970,261.437,0.7915,-0.0005580,4111.183,10.688,3.003,13.691,1.3564,0.4535,2.0395,-0.0004272,0.0200,50.582,-14.775,-128.539,48.544,-14.451,-115.000,-0.9888307,0.0079148,-0.1488329,0.0108598,0.9997608,-0.0189850,-0.003,-0.014,0,1,0.0047,0,1
1371,4112.608,57.83469367,18.83163085,24.023,46.024,-14.484,-118.419,261.350,0.7712,-0.0004527,4114.183,10.513,3.002,13.515,1.4079,0.4419,2.1605,-0.0003956,0.0181,47.604,-14.755,-128.813,45.573,-14.423,-115.451,-0.9886067,0.0077118,-0.1503242,0.0108694,0.9997370,-0.0201952,-0.006,-0.010,0,1,0.0044,0,1
1372,4115.608,57.83468960,18.83158093,24.046,43.059,-14.462,-118.872,261.281,0.7479,-0.0003476,4117.183,10.334,3.001,13.335,1.4619,0.4285,2.2827,-0.0003672,0.0163,44.626,-14.737,-129.086,42.604,-14.397,-115.906,-0.9884018,0.0074788,-0.1516772,0.0108518,0.9997116,-0.0214225,-0.009,-0.005,0,1,0.0042,0,1
1373,4118.608,57.83468551,18.83153102,24.068,40.094,-14.440,-119.329,261.231,0.7198,-0.0002425,4120.183,10.151,3.001,13.153,1.5168,0.4124,2.4028,-0.0003429,0.0148,41.642,-14.719,-129.362,39.636,-14.371,-116.363,-0.9882786,0.0071978,-0.1524915,0.0107746,0.9996856,-0.0226423,-0.012,0.000,0,1,0.0039,0,1
1374,4121.608,57.83468139,18.83148111,24.089,37.129,-14.418,-119.787,261.198,0.6854,-0.0001376,4123.183,9.967,3.003,12.970,1.5714,0.3927,2.5178,-0.0003237,0.0136,38.652,-14.701,-129.637,36.670,-14.345,-116.819,-0.9882268,0.0068538,-0.1528426,0.0106183,0.9996597,-0.0238269,-0.013,0.006,0,1,0.0037,0,1
1375,4124.608,57.83467727,18.83143121,24.109,34.165,-14.398,-120.246,261.183,0.6436,-0.0000328,4126.183,9.781,3.006,12.788,1.6243,0.3688,2.6255,-0.0003103,0.0127,35.663,-14.684,-129.912,33.705,-14.322,-117.275,-0.9881791,0.0064359,-0.1531686,0.0103778,0.9996348,-0.0249503,-0.014,0.013,0,1,0.0034,0,1
1376,4127.608,57.83467314,18.83138130,24.128,31.200,-14.380,-120.706,261.187,0.5941,0.0000718,4129.183,9.596,3.012,12.608,1.6748,0.3404,2.7245,-0.0003029,0.0120,32.670,-14.669,-130.189,30.739,-14.301,-117.729,-0.9881821,0.0059409,-0.1531691,0.0100402,0.9996114,-0.0260034,-0.013,0.019,0,1,0.0056,0,1
1377,4130.608,57.83466902,18.83133140,24.145,28.236,-14.363,-121.165,261.208,0.5376,0.0001763,4132.183,9.411,3.023,12.434,1.7226,0.3080,2.8147,-0.0003016,0.0117,29.674,-14.655,-130.465,27.774,-14.281,-118.177,-0.9882357,0.0053759,-0.1528440,0.0096111,0.9995897,-0.0269835,-0.010,0.026,0,1,0.0077,0,1
1378,4133.608,57.83466491,18.83128149,24.160,25.271,-14.347,-121.623,261.248,0.4757,0.0002807,4135.183,9.227,3.041,12.268,1.7679,0.2726,2.8972,-0.0003060,0.0115,26.675,-14.640,-130.742,24.808,-14.262,-118.617,-0.9883432,0.0047569,-0.1521682,0.0091064,0.9995693,-0.0278990,-0.005,0.032,0,1,0.0098,0,1
1379,4136.607,57.83466082,18.83123158,24.173,22.306,-14.334,-122.078,261.305,0.4107,0.0003848,4138.183,9.044,3.068,12.113,1.8116,0.2353,2.9744,-0.0003154,0.0116,23.673,-14.629,-131.018,21.842,-14.246,-119.045,-0.9884998,0.0041070,-0.1511666,0.0085522,0.9995495,-0.0287679,0.002,0.039,0,1,0.0120,0,1
1380,4139.607,57.83465677,18.83118166,24.185,19.340,-14.323,-122.530,261.380,0.3457,0.0004888,4141.183,8.864,3.109,11.972,1.8548,0.1981,3.0492,-0.0003286,0.0118,20.668,-14.619,-131.294,18.874,-14.231,-119.457,-0.9887044,0.0034570,-0.1498390,0.0079831,0.9995295,-0.0296155,0.013,0.045,0,1,0.0141,0,1
1381,4142.607,57.83465275,18.83113172,24.194,16.374,-14.313,-122.977,261.473,0.2843,0.0005926,4144.182,8.686,3.163,11.849,1.8988,0.1629,3.1253,-0.0003440,0.0121,17.661,-14.610,-131.567,15.905,-14.218,-119.849,-0.9889556,0.0028430,-0.1481850,0.0074391,0.9995080,-0.0304713,0.026,0.050,0,0,0.0135,0,1
1382,4145.607,57.83464878,18.83108177,24.202,13.407,-14.306,-123.419,261.584,0.2296,0.0006962,4147.182,8.511,3.234,11.745,1.9450,0.1316,3.2063,-0.0003595,0.0124,14.653,-14.605,-131.839,12.934,-14.206,-120.220,-0.9892313,0.0022960,-0.1463429,0.0069598,0.9994838,-0.0313652,0.041,0.055,0,0,0.0129,0,1
1383,4148.607,57.83464487,18.83103181,24.208,10.439,-14.300,-123.855,261.713,0.1845,0.0007990,4150.182,8.341,3.319,11.660,1.9945,0.1057,3.2953,-0.0003729,0.0127,11.640,-14.601,-132.109,9.961,-14.195,-120.570,-0.9895778,0.0018450,-0.1439871,0.0065670,0.9994558,-0.0323263,0.057,0.060,0,0,0.0123,0,1
1384,4151.607,57.83464102,18.83098183,24.213,7.469,-14.295,-124.283,261.861,0.1509,0.0008954,4153.182,8.176,3.418,11.594,2.0482,0.0865,3.3947,-0.0003817,0.0128,8.626,-14.598,-132.376,6.985,-14.183,-120.899,-0.9899384,0.0015090,-0.1414912,0.0062934,0.9994232,-0.0333725,0.073,0.064,0,0,0.0117,0,1
1385,4154.607,57.83463725,18.83093183,24.217,4.499,-14.291,-124.704,262.029,0.1293,0.0009753,4156.182,8.018,3.526,11.544,2.1063,0.0741,3.5056,-0.0003834,0.0128,5.612,-14.597,-132.644,4.009,-14.172,-121.212,-0.9903121,0.0012930,-0.1388537,0.0061443,0.9993853,-0.0345154,0.087,0.067,0,0,0.0111,0,1
1386,4157.607,57.83463355,18.83088181,24.220,1.528,-14.287,-125.116,262.213,0.1193,0.0010280,4159.182,7.869,3.639,11.508,2.1686,0.0684,3.6278,-0.0003757,0.0124,2.594,-14.596,-132.913,1.035,-14.160,-121.511,-0.9907746,0.0011930,-0.1355148,0.0060942,0.9993419,-0.0357585,0.100,0.070,0,0,0.0116,0,1
1387,4160.607,57.83462994,18.83083177,24.224,-1.445,-14.283,-125.517,262.408,0.1193,0.0010452,4162.182,7.732,3.750,11.483,2.2346,0.0684,3.7600,-0.0003569,0.0118,-0.423,-14.595,-133.182,-1.941,-14.147,-121.800,-0.9912257,0.0011930,-0.1321745,0.0061480,0.9992931,-0.0370866,0.109,0.073,0,0,0.0122,0,1
1388,4163.606,57.83462643,18.83078170,24.228,-4.419,-14.280,-125.909,262.603,0.1272,0.0010230,4165.182,7.609,3.855,11.464,2.3031,0.0729,3.8996,-0.0003256,0.0107,-3.439,-14.596,-133.455,-4.916,-14.134,-122.086,-0.9916655,0.0012720,-0.1288332,0.0062806,0.9992397,-0.0384781,0.116,0.075,0,0,0.0127,0,1
1389,4166.606,57.83462301,18.83073161,24.232,-7.395,-14.276,-126.290,262.788,0.1406,0.0009628,4168.182,7.500,3.950,11.450,2.3725,0.0806,4.0432,-0.0002815,0.0092,-6.455,-14.595,-133.731,-7.890,-14.121,-122.371,-0.9921145,0.0014060,-0.1253267,0.0064569,0.9991826,-0.0399045,0.119,0.077,0,0,0.0132,0,1
1390,4169.606,57.83461967,18.83068150,24.236,-10.372,-14.271,-126.661,262.956,0.1573,0.0008707,4171.181,7.408,4.030,11.438,2.4411,0.0901,4.1870,-0.0002251,0.0074,-9.464,-14.594,-134.013,-10.866,-14.106,-122.661,-0.9924653,0.0015730,-0.1225163,0.0066850,0.9991234,-0.0413254,0.120,0.079,0,0,0.0138,0,1
1391,4172.606,57.83461640,18.83063137,24.241,-13.349,-14.266,-127.025,263.100,0.1757,0.0007565,4174.181,7.333,4.095,11.428,2.5069,0.1007,4.3270,-0.0001579,0.0052,-12.468,-14.592,-134.305,-13.841,-14.091,-122.960,-0.9927509,0.0017570,-0.1201769,0.0069378,0.9990636,-0.0427052,0.119,0.081,0,0,0.0134,0,1
1392,4175.606,57.83461320,18.83058123,24.247,-16.328,-14.261,-127.382,263.220,0.1951,0.0006313,4177.181,7.278,4.143,11.421,2.5682,0.1118,4.4596,-0.0000822,0.0027,-15.468,-14.590,-134.609,-16.818,-14.078,-123.268,-0.9929920,0.0019510,-0.1181657,0.0071999,0.9990052,-0.0440092,0.117,0.084,0,0,0.0131,0,1
1393,4178.606,57.83461004,18.83053108,24.253,-19.307,-14.254,-127.734,263.318,0.2157,0.0005035,4180.181,7.241,4.175,11.417,2.6235,0.1236,4.5817,-0.0000011,0.0000,-18.463,-14.586,-134.926,-19.793,-14.063,-123.587,-0.9931881,0.0021570,-0.1165025,0.0074722,0.9989497,-0.0452059,0.117,0.087,0,0,0.0127,0,1
1394,4181.606,57.83460692,18.83048092,24.260,-22.287,-14.248,-128.081,263.393,0.2383,0.0003760,4183.181,7.226,4.192,11.418,2.6715,0.1365,4.6908,0.0000816,-0.0027,-21.455,-14.583,-135.258,-22.770,-14.050,-123.917,-0.9933432,0.0023830,-0.1151678,0.0077609,0.9988988,-0.0462702,0.118,0.091,0,0,0.0124,0,1
1395,4184.606,57.83460384,18.83043076,24.267,-25.267,-14.240,-128.425,263.447,0.2642,0.0002486,4186.181,7.231,4.194,11.425,2.7115,0.1514,4.7853,0.0001619,-0.0053,-24.442,-14.578,-135.608,-25.746,-14.036,-124.258,-0.9934586,0.0026420,-0.1141619,0.0080784,0.9988536,-0.0471839,0.122,0.096,0,0,0.0121,0,1
1396,4187.606,57.83460077,18.83038059,24.276,-28.248,-14.232,-128.766,263.479,0.2949,0.0001213,4189.181,7.256,4.182,11.438,2.7433,0.1690,4.8642,0.0002361,-0.0077,-27.424,-14.573,-135.975,-28.723,-14.024,-124.611,-0.9935332,0.0029490,-0.1135038,0.0084410,0.9988148,-0.0479358,0.130,0.103,0,0,0.0126,0,1
1397,4190.605,57.83459772,18.83033041,24.285,-31.228,-14.222,-129.106,263.489,0.3315,-0.0000059,4192.181,7.301,4.156,11.457,2.7668,0.1899,4.9273,0.0003005,-0.0099,-30.399,-14.566,-136.360,-31.700,-14.012,-124.977,-0.9935320,0.0033150,-0.1135037,0.0088754,0.9987828,-0.0485190,0.142,0.111,0,0,0.0132,0,1
1398,4193.605,57.83459466,18.83028024,24.296,-34.209,-14.212,-129.447,263.477,0.3750,-0.0001331,4195.181,7.366,4.115,11.481,2.7826,0.2149,4.9748,0.0003522,-0.0116,-33.372,-14.559,-136.765,-34.677,-14.001,-125.359,-0.9935117,0.0037500,-0.1136680,0.0093689,0.9987578,-0.0489386,0.157,0.121,0,0,0.0137,0,1
1399,4196.605,57.83459159,18.83023007,24.308,-37.189,-14.200,-129.788,263.443,0.4253,-0.0002605,4198.181,7.449,4.059,11.508,2.7913,0.2437,5.0074,0.0003891,-0.0129,-36.338,-14.551,-137.188,-37.652,-13.990,-125.756,-0.9934510,0.0042530,-0.1141802,0.0099302,0.9987396,-0.0491993,0.175,0.134,0,0,0.0143,0,1
1400,4199.605,57.83458850,18.83017991,24.321,-40.169,-14.186,-130.132,263.387,0.4816,-0.0003879,4201.180,7.550,3.989,11.539,2.7938,0.2759,5.0261,0.0004102,-0.0137,-39.298,-14.542,-137.632,-40.629,-13.979,-126.170,-0.9933154,0.0048159,-0.1153313,0.0105671,0.9987278,-0.0493073,0.195,0.148,0,0,0.0148,0,1
1401,4202.605,57.83458539,18.83012975,24.336,-43.149,-14.171,-130.480,263.310,0.5423,-0.0005156,4204.180,7.670,3.907,11.576,2.7913,0.3107,5.0319,0.0004154,-0.0139,-42.254,-14.533,-138.098,-43.605,-13.968,-126.600,-0.9931565,0.0054229,-0.1166655,0.0112421,0.9987218,-0.0492794,0.216,0.165,0,0,0.0150,0,1
1402,4205.605,57.83458222,18.83007960,24.354,-46.128,-14.154,-130.832,263.210,0.6050,-0.0006436,4207.180,7.807,3.816,11.623,2.7848,0.3466,5.0261,0.0004056,-0.0137,-45.204,-14.522,-138.584,-46.580,-13.956,-127.043,-0.9929538,0.0060499,-0.1183477,0.0119406,0.9987211,-0.0491287,0.236,0.184,0,0,0.0152,0,1
1403,4208.605,57.83457901,18.83002946,24.373,-49.106,-14.135,-131.190,263.089,0.6669,-0.0007719,4210.180,7.960,3.722,11.682,2.7755,0.3821,5.0101,0.0003826,-0.0131,-48.148,-14.510,-139.092,-49.554,-13.943,-127.495,-0.9927105,0.0066689,-0.1203386,0.0126336,0.9987252,-0.0488717,0.255,0.205,0,0,0.0154,0,1
1404,4211.605,57.83457574,18.82997933,24.394,-52.084,-14.114,-131.554,262.945,0.7247,-0.0009005,4213.180,8.127,3.633,11.760,2.7645,0.4152,4.9853,0.0003485,-0.0120,-51.086,-14.496,-139.619,-52.530,-13.928,-127.949,-0.9924024,0.0072468,-0.1228212,0.0132985,0.9987335,-0.0485242,0.271,0.227,0,0,0.0156,0,1
1405,4214.605,57.83457239,18.82992923,24.416,-55.061,-14.091,-131.927,262.779,0.7755,-0.0010296,4216.180,8.305,3.556,11.861,2.7527,0.4443,4.9534,0.0003061,-0.0108,-54.016,-14.481,-140.166,-55.508,-13.911,-128.399,-0.9920208,0.0077548,-0.1258360,0.0139092,0.9987455,-0.0481040,0.282,0.249,0,0,0.0158,0,1
1406,4217.604,57.83456896,18.82987914,24.440,-58.036,-14.067,-132.309,262.591,0.8168,-0.0011591,4219.180,8.491,3.499,11.990,2.7407,0.4680,4.9159,0.0002579,-0.0093,-56.940,-14.466,-140.729,-58.487,-13.892,-128.839,-0.9916091,0.0081677,-0.1290142,0.0144243,0.9987606,-0.0476353,0.289,0.270,0,0,0.0159,0,1
1407,4220.604,57.83456544,18.82982907,24.465,-61.010,-14.042,-132.701,262.381,0.8469,-0.0012892,4222.180,8.681,3.470,12.151,2.7291,0.4852,4.8744,0.0002065,-0.0076,-59.860,-14.450,-141.306,-61.470,-13.870,-129.261,-0.9911472,0.0084687,-0.1324974,0.0148349,0.9987784,-0.0471346,0.290,0.290,0,0,0.0160,0,1
1408,4223.604,57.83456182,18.82977904,24.491,-63.983,-14.016,-133.104,262.149,0.8653,-0.0014197,4225.180,8.872,3.474,12.345,2.7180,0.4958,4.8304,0.0001538,-0.0059,-62.771,-14.432,-141.893,-64.458,-13.846,-129.663,-0.9905809,0.0086527,-0.1366548,0.0151548,0.9987981,-0.0466125,0.285,0.306,0,1,0.0162,0,1
1409,4226.604,57.83455808,18.82972903,24.517,-66.954,-13.990,-133.521,261.893,0.8725,-0.0015508,4228.180,9.060,3.512,12.572,2.7076,0.4999,4.7852,0.0001010,-0.0040,-65.675,-14.415,-142.490,-67.450,-13.821,-130.044,-0.9899484,0.0087247,-0.1411593,0.0153745,0.9988191,-0.0460868,0.275,0.319,0,1,0.0163,0,1
1410,4229.604,57.83455422,18.82967905,24.543,-69.923,-13.964,-133.951,261.616,0.8700,-0.0016824,4231.180,9.244,3.585,12.829,2.6978,0.4985,4.7397,0.0000490,-0.0020,-68.575,-14.398,-143.096,-70.446,-13.793,-130.404,-0.9892687,0.0086997,-0.1458484,0.0155020,0.9988409,-0.0455681,0.260,0.326,0,1,0.0164,0,1
1411,4232.604,57.83455022,18.82962911,24.569,-72.889,-13.938,-134.396,261.315,0.8602,-0.0018146,4234.180,9.419,3.691,13.110,2.6885,0.4928,4.6943,-0.0000025,0.0001,-71.467,-14.380,-143.707,-73.446,-13.765,-130.748,-0.9884964,0.0086017,-0.1509995,0.0155742,0.9988631,-0.0450543,0.241,0.329,0,1,0.0157,0,1
1412,4235.604,57.83454608,18.82957921,24.595,-75.854,-13.913,-134.857,260.992,0.8460,-0.0019472,4237.180,9.585,3.825,13.410,2.6795,0.4847,4.6490,-0.0000541,0.0024,-74.352,-14.364,-144.324,-76.453,-13.736,-131.079,-0.9876166,0.0084597,-0.1566587,0.0156214,0.9988854,-0.0445404,0.219,0.326,0,1,0.0149,0,1
1413,4238.604,57.83454178,18.82952936,24.620,-78.815,-13.887,-135.336,260.646,0.8304,-0.0020804,4240.180,9.739,3.981,13.720,2.6708,0.4758,4.6031,-0.0001071,0.0050,-77.230,-14.345,-144.945,-79.463,-13.705,-131.408,-0.9866423,0.0083037,-0.1626901,0.0156652,0.9989079,-0.0440182,0.195,0.318,0,1,0.0142,0,1
1414,4241.603,57.83453732,18.82947956,24.645,-81.773,-13.863,-135.833,260.277,0.8161,-0.0022140,4243.180,9.879,4.152,14.031,2.6618,0.4676,4.5555,-0.0001633,0.0080,-80.105,-14.329,-145.570,-82.474,-13.677,-131.741,-0.9856124,0.0081607,-0.1688240,0.0157180,0.9989308,-0.0434766,0.171,0.306,0,1,0.0135,0,1
1415,4244.603,57.83453268,18.82942982,24.669,-84.729,-13.838,-136.349,259.885,0.8052,-0.0023480,4246.180,10.004,4.325,14.330,2.6521,0.4613,4.5048,-0.0002243,0.0115,-82.972,-14.311,-146.198,-85.489,-13.647,-132.091,-0.9844193,0.0080517,-0.1756523,0.0158232,0.9989546,-0.0428878,0.147,0.290,0,1,0.0127,0,1
1416,4247.603,57.83452785,18.82938013,24.693,-87.680,-13.814,-136.887,259.470,0.7987,-0.0024822,4249.180,10.117,4.489,14.607,2.6414,0.4576,4.4492,-0.0002918,0.0156,-85.830,-14.294,-146.834,-88.501,-13.620,-132.473,-0.9831078,0.0079867,-0.1828534,0.0159718,0.9989799,-0.0422384,0.126,0.272,0,0,0.0134,0,1
1417,4250.603,57.83452283,18.82933052,24.717,-90.627,-13.791,-137.446,259.032,0.7972,-0.0026167,4252.180,10.220,4.632,14.852,2.6295,0.4568,4.3874,-0.0003672,0.0202,-88.682,-14.278,-147.479,-91.509,-13.596,-132.899,-0.9816864,0.0079717,-0.1903372,0.0161612,0.9990073,-0.0415128,0.107,0.252,0,0,0.0140,0,1
1418,4253.603,57.83451760,18.82928098,24.741,-93.570,-13.767,-138.029,258.571,0.8002,-0.0027513,4255.180,10.317,4.741,15.058,2.6164,0.4585,4.3179,-0.0004513,0.0256,-91.525,-14.261,-148.141,-94.509,-13.572,-133.382,-0.9801369,0.0080017,-0.1981606,0.0163842,0.9990372,-0.0406980,0.091,0.230,0,0,0.0147,0,1
1419,4256.603,57.83451215,18.82923153,24.765,-96.508,-13.743,-138.635,258.086,0.8062,-0.0028858,4258.180,10.412,4.811,15.223,2.6024,0.4619,4.2402,-0.0005444,0.0315,-94.358,-14.244,-148.823,-97.502,-13.552,-133.928,-0.9784100,0.0080617,-0.2065162,0.0166298,0.9990698,-0.0397862,0.078,0.208,0,0,0.0153,0,1
1420,4259.603,57.83450647,18.82918217,24.789,-99.440,-13.718,-139.268,257.578,0.8135,-0.0030198,4261.180,10.509,4.842,15.351,2.5883,0.4661,4.1543,-0.0006461,0.0381,-97.179,-14.226,-149.531,-100.482,-13.532,-134.540,-0.9765414,0.0081347,-0.2151758,0.0168686,0.9991052,-0.0387841,0.069,0.186,0,0,0.0160,0,1
1421,4262.603,57.83450056,18.82913290,24.814,-102.367,-13.694,-139.926,257.046,0.8198,-0.0031498,4264.180,10.610,4.837,15.447,2.5747,0.4697,4.0606,-0.0007556,0.0451,-99.988,-14.210,-150.266,-103.451,-13.515,-135.212,-0.9745155,0.0081977,-0.2241702,0.0170776,0.9991431,-0.0377019,0.061,0.164,0,0,0.0159,0,1
1422,4265.603,57.83449439,18.82908374,24.838,-105.287,-13.669,-140.613,256.490,0.8223,-0.0032685,4267.180,10.715,4.807,15.522,2.5625,0.4711,3.9603,-0.0008718,0.0525,-102.783,-14.193,-151.031,-106.410,-13.499,-135.939,-0.9722848,0.0082227,-0.2336550,0.0172350,0.9991830,-0.0365553,0.055,0.143,0,0,0.0158,0,1
1423,4268.602,57.83448797,18.82903470,24.863,-108.201,-13.645,-141.328,255.911,0.8182,-0.0033685,4270.180,10.822,4.761,15.583,2.5520,0.4688,3.8549,-0.0009935,0.0603,-105.568,-14.179,-151.825,-109.360,-13.484,-136.710,-0.9699137,0.0081817,-0.2433117,0.0173023,0.9992244,-0.0353719,0.050,0.123,0,0,0.0157,0,1
1424,4271.602,57.83448128,18.82898578,24.887,-111.107,-13.620,-142.073,255.314,0.8048,-0.0034439,4273.180,10.926,4.713,15.639,2.5431,0.4611,3.7458,-0.0011196,0.0685,-108.337,-14.163,-152.642,-112.302,-13.468,-137.514,-0.9672932,0.0080477,-0.2535332,0.0172696,0.9992669,-0.0341688,0.044,0.105,0,0,0.0156,0,1
1425,4274.602,57.83447431,18.82893701,24.911,-114.004,-13.596,-142.849,254.706,0.7796,-0.0034918,4276.180,11.019,4.672,15.690,2.5352,0.4467,3.6345,-0.0012495,0.0769,-111.097,-14.148,-153.477,-115.237,-13.453,-138.343,-0.9645342,0.0077958,-0.2638427,0.0170975,0.9993099,-0.0329772,0.038,0.089,0,0,0.0156,0,1
1426,4277.602,57.83446707,18.82888837,24.934,-116.894,-13.573,-143.656,254.093,0.7406,-0.0035128,4279.180,11.088,4.646,15.735,2.5267,0.4243,3.5219,-0.0013829,0.0856,-113.854,-14.134,-154.319,-118.168,-13.439,-139.188,-0.9616547,0.0074058,-0.2741632,0.0167673,0.9993530,-0.0318181,0.030,0.075,0,0,0.0162,0,1
1427,4280.602,57.83445954,18.82883988,24.955,-119.774,-13.552,-144.494,253.482,0.6872,-0.0035113,4282.180,11.118,4.642,15.760,2.5152,0.3937,3.4087,-0.0015195,0.0944,-116.613,-14.119,-155.153,-121.094,-13.427,-140.043,-0.9586981,0.0068718,-0.2843427,0.0162712,0.9993960,-0.0307075,0.021,0.064,0,0,0.0169,0,1
1428,4283.602,57.83445175,18.82879154,24.975,-122.646,-13.532,-145.362,252.877,0.6194,-0.0034939,4285.180,11.088,4.662,15.750,2.4975,0.3549,3.2955,-0.0016592,0.1029,-119.382,-14.101,-155.959,-124.018,-13.414,-140.907,-0.9556814,0.0061939,-0.2943379,0.0156109,0.9994383,-0.0296553,0.009,0.057,0,1,0.0175,0,1
1429,4286.602,57.83444368,18.82874336,24.993,-125.508,-13.515,-146.260,252.277,0.5390,-0.0034685,4288.180,10.979,4.704,15.684,2.4698,0.3088,3.1828,-0.0018015,0.1108,-122.166,-14.082,-156.719,-126.940,-13.405,-141.779,-0.9525457,0.0053899,-0.3043479,0.0148134,0.9994794,-0.0286624,-0.003,0.055,0,1,0.0182,0,1
1430,4289.602,57.83443535,18.82869534,25.007,-128.361,-13.500,-147.188,251.684,0.4486,-0.0034411,4291.180,10.778,4.766,15.544,2.4283,0.2570,3.0713,-0.0019451,0.1175,-124.973,-14.057,-157.420,-129.859,-13.398,-142.663,-0.9493052,0.0044860,-0.3143240,0.0139059,0.9995186,-0.0277331,-0.017,0.057,0,1,0.0188,0,1
1431,4292.601,57.83442675,18.82864749,25.019,-131.204,-13.488,-148.146,251.094,0.3520,-0.0034139,4294.179,10.485,4.841,15.326,2.3711,0.2017,2.9625,-0.0020879,0.1226,-127.807,-14.028,-158.065,-132.773,-13.394,-143.566,-0.9460452,0.0035200,-0.3240155,0.0129232,0.9995553,-0.0268739,-0.032,0.063,0,1,0.0185,0,1
1432,4295.601,57.83441789,18.82859980,25.029,-134.037,-13.479,-149.132,250.510,0.2533,-0.0033871,4297.179,10.120,4.923,15.043,2.2994,0.1451,2.8581,-0.0022266,0.1260,-130.661,-13.996,-158.672,-135.679,-13.392,-144.491,-0.9427192,0.0025330,-0.3335776,0.0119171,0.9995886,-0.0260885,-0.046,0.073,0,1,0.0181,0,1
1433,4298.601,57.83440878,18.82855228,25.035,-136.859,-13.473,-150.147,249.930,0.1565,-0.0033605,4300.179,9.726,5.003,14.729,2.2185,0.0897,2.7609,-0.0023571,0.1278,-133.521,-13.964,-159.282,-138.576,-13.394,-145.447,-0.9392607,0.0015650,-0.3432010,0.0109411,0.9996179,-0.0253850,-0.059,0.087,1,1,0.0178,0,1
1434,4301.601,57.83439940,18.82850493,25.038,-139.672,-13.469,-151.191,249.355,0.0651,-0.0033343,4303.179,9.363,5.077,14.440,2.1386,0.0373,2.6737,-0.0024749,0.1290,-136.370,-13.936,-159.953,-141.462,-13.397,-146.440,-0.9357593,0.0006510,-0.3526388,0.0100341,0.9996425,-0.0247810,-0.070,0.102,1,0,0.0174,0,1
1435,4304.601,57.83438978,18.82845777,25.038,-142.474,-13.469,-152.263,248.784,-0.0185,-0.0033085,4306.179,9.096,5.140,14.236,2.0724,-0.0106,2.5999,-0.0025750,0.1305,-139.183,-13.919,-160.743,-144.334,-13.403,-147.472,-0.9322328,-0.0001850,-0.3618590,0.0092322,0.9996622,-0.0242954,-0.079,0.118,1,0,0.0171,0,1
1436,4307.601,57.83437991,18.82841079,25.037,-145.265,-13.471,-153.362,248.217,-0.0928,-0.0032831,4309.179,8.979,5.188,14.167,2.0321,-0.0532,2.5425,-0.0026531,0.1331,-141.933,-13.913,-161.700,-147.190,-13.411,-148.544,-0.9286142,-0.0009280,-0.3710456,0.0085692,0.9996765,-0.0239462,-0.085,0.135,0,0,0.0172,0,1
1437,4310.601,57.83436979,18.82836399,25.033,-148.045,-13.474,-154.489,247.655,-0.1577,-0.0032580,4312.179,9.039,5.220,14.259,2.0259,-0.0904,2.5043,-0.0027056,0.1375,-144.608,-13.921,-162.849,-150.030,-13.417,-149.661,-0.9249046,-0.0015770,-0.3801960,0.0080600,0.9996853,-0.0237542,-0.088,0.152,0,0,0.0172,0,1
1438,4313.601,57.83435943,18.82831737,25.027,-150.814,-13.480,-155.643,247.097,-0.2138,-0.0032334,4315.179,9.269,5.237,14.505,2.0550,-0.1225,2.4874,-0.0027301,0.1436,-147.207,-13.945,-164.181,-152.852,-13.425,-150.819,-0.9211651,-0.0021380,-0.3891660,0.0077083,0.9996885,-0.0237379,-0.088,0.168,1,0,0.0173,0,1
1439,4316.600,57.83434882,18.82827095,25.020,-153.572,-13.487,-156.824,246.544,-0.2626,-0.0032092,4318.178,9.626,5.236,14.863,2.1131,-0.1505,2.4933,-0.0027255,0.1505,-149.740,-13.980,-165.655,-155.656,-13.431,-152.020,-0.9173740,-0.0026260,-0.3980176,0.0075123,0.9996859,-0.0239103,-0.085,0.182,0,0,0.0174,0,1
1440,4319.600,57.83433798,18.82822473,25.012,-156.318,-13.496,-158.031,245.994,-0.3057,-0.0031831,4321.178,10.049,5.219,15.268,2.1893,-0.1752,2.5224,-0.0026922,0.1569,-152.230,-14.021,-167.211,-158.441,-13.438,-153.264,-0.9134977,-0.0030570,-0.4068323,0.0074668,0.9996774,-0.0242776,-0.081,0.196,0,0,0.0174,0,1
1441,4322.600,57.83432691,18.82817870,25.002,-159.053,-13.505,-159.265,245.446,-0.3447,-0.0031500,4324.178,10.468,5.183,15.651,2.2708,-0.1975,2.5743,-0.0026317,0.1612,-154.703,-14.063,-168.787,-161.207,-13.442,-154.551,-0.9095717,-0.0034470,-0.4155327,0.0075595,0.9996629,-0.0248397,-0.074,0.210,0,0,0.0177,0,1
1442,4325.600,57.83431560,18.82813286,24.991,-161.775,-13.516,-160.524,244.903,-0.3810,-0.0031032,4327.178,10.825,5.128,15.952,2.3472,-0.2183,2.6481,-0.0025468,0.1620,-157.185,-14.101,-170.327,-163.950,-13.447,-155.880,-0.9056265,-0.0038100,-0.4240592,0.0077763,0.9996423,-0.0255886,-0.067,0.223,0,0,0.0180,0,1
1443,4328.600,57.83430406,18.82808723,24.979,-164.486,-13.528,-161.809,244.366,-0.4156,-0.0030372,4330.178,11.081,5.053,16.134,2.4125,-0.2381,2.7417,-0.0024409,0.1588,-159.694,-14.132,-171.800,-166.671,-13.452,-157.253,-0.9016323,-0.0041560,-0.4324835,0.0081071,0.9996157,-0.0265074,-0.059,0.238,0,0,0.0183,0,1
1444,4331.600,57.83429230,18.82804181,24.966,-167.185,-13.541,-163.119,243.841,-0.4492,-0.0029488,4333.178,11.223,4.959,16.181,2.4647,-0.2574,2.8525,-0.0023179,0.1517,-162.237,-14.153,-173.192,-169.371,-13.457,-158.668,-0.8975626,-0.0044920,-0.4408641,0.0085405,0.9995833,-0.0275724,-0.052,0.253,0,1,0.0186,0,1
1445,4334.600,57.83428031,18.82799658,24.952,-169.871,-13.555,-164.454,243.335,-0.4818,-0.0028377,4336.178,11.255,4.847,16.102,2.5055,-0.2760,2.9775,-0.0021821,0.1414,-164.819,-14.167,-174.511,-172.047,-13.462,-160.123,-0.8935818,-0.0048179,-0.4488744,0.0090558,0.9995454,-0.0287561,-0.045,0.268,0,1,0.0189,0,1
1446,4337.600,57.83426812,18.82795156,24.937,-172.546,-13.570,-165.812,242.851,-0.5136,-0.0027065,4339.178,11.194,4.720,15.914,2.5378,-0.2943,3.1129,-0.0020377,0.1290,-167.439,-14.174,-175.773,-174.699,-13.468,-161.612,-0.8898699,-0.0051359,-0.4561854,0.0096258,0.9995027,-0.0300296,-0.039,0.283,0,1,0.0188,0,1
1447,4340.599,57.83425573,18.82790672,24.921,-175.210,-13.586,-167.191,242.395,-0.5443,-0.0025604,4342.178,11.061,4.581,15.643,2.5646,-0.3119,3.2552,-0.0018889,0.1155,-170.085,-14.177,-176.993,-177.333,-13.477,-163.131,-0.8861672,-0.0054429,-0.4633336,0.0102534,0.9994558,-0.0313515,-0.034,0.298,0,1,0.0187,0,1
1448,4343.599,57.83424316,18.82786206,24.905,-177.863,-13.603,-168.592,241.967,-0.5735,-0.0024059,4345.178,10.875,4.436,15.311,2.5883,-0.3286,3.4004,-0.0017394,0.1019,-172.752,-14.179,-178.191,-179.948,-13.486,-164.677,-0.8826520,-0.0057349,-0.4699922,0.0109132,0.9994060,-0.0326900,-0.030,0.311,0,1,0.0185,0,1
1449,4346.599,57.83423041,18.82781757,24.887,-180.506,-13.620,-170.011,241.567,-0.6008,-0.0022487,4348.178,10.653,4.286,14.939,2.6104,-0.3442,3.5451,-0.0015928,0.0889,-175.436,-14.178,-179.380,-182.546,-13.497,-166.241,-0.8794418,-0.0060079,-0.4759685,0.0115825,0.9993542,-0.0340152,-0.026,0.321,0,1,0.0184,0,1
1450,4349.599,57.83421751,18.82777324,24.869,-183.140,-13.639,-171.448,241.194,-0.6259,-0.0020916,4351.178,10.404,4.138,14.542,2.6315,-0.3586,3.6863,-0.0014521,0.0768,-178.129,-14.180,-180.565,-185.133,-13.511,-167.821,-0.8763324,-0.0062589,-0.4816662,0.0122625,0.9993017,-0.0352952,-0.022,0.326,0,1,0.0183,0,1
1451,4352.599,57.83420446,18.82772907,24.849,-185.764,-13.658,-172.901,240.848,-0.6480,-0.0019348,4354.177,10.137,3.996,14.133,2.6522,-0.3713,3.8218,-0.0013198,0.0659,-180.826,-14.181,-181.754,-187.710,-13.526,-169.411,-0.8733278,-0.0064799,-0.4870899,0.0129470,0.9992495,-0.0365065,-0.019,0.326,0,1,0.0161,0,1
1452,4355.599,57.83419127,18.82768504,24.830,-188.379,-13.678,-174.370,240.529,-0.6667,-0.0017784,4357.177,9.856,3.866,13.723,2.6724,-0.3820,3.9500,-0.0011978,0.0564,-183.529,-14.184,-182.951,-190.281,-13.543,-171.004,-0.8705528,-0.0066669,-0.4920298,0.0136208,0.9991986,-0.0376382,-0.017,0.321,0,1,0.0139,0,1
1453,4358.599,57.83417796,18.82764114,24.810,-190.987,-13.698,-175.853,240.237,-0.6812,-0.0016224,4360.177,9.568,3.756,13.323,2.6923,-0.3903,4.0704,-0.0010876,0.0483,-186.238,-14.187,-184.159,-192.851,-13.560,-172.593,-0.8681204,-0.0068118,-0.4963069,0.0142761,0.9991495,-0.0386846,-0.015,0.310,0,1,0.0116,0,1
1454,4361.599,57.83416453,18.82759736,24.789,-193.588,-13.718,-177.348,239.972,-0.6906,-0.0014669,4363.177,9.274,3.673,12.946,2.7122,-0.3957,4.1828,-0.0009898,0.0415,-188.948,-14.191,-185.377,-195.426,-13.578,-174.168,-0.8658123,-0.0069058,-0.5003212,0.0149353,0.9991026,-0.0396361,-0.013,0.293,0,1,0.0094,0,1
1455,4364.599,57.83415100,18.82755370,24.768,-196.182,-13.739,-178.855,239.733,-0.6943,-0.0013117,4366.177,8.978,3.626,12.604,2.7321,-0.3978,4.2880,-0.0009043,0.0359,-191.657,-14.197,-186.609,-198.009,-13.595,-175.724,-0.8636734,-0.0069428,-0.5040040,0.0156008,0.9990579,-0.0404963,-0.012,0.272,0,1,0.0072,0,1
1456,4367.598,57.83413738,18.82751013,24.747,-198.770,-13.760,-180.372,239.521,-0.6911,-0.0011570,4369.177,8.685,3.621,12.306,2.7522,-0.3960,4.3867,-0.0008304,0.0314,-194.365,-14.204,-187.857,-200.606,-13.612,-177.252,-0.8618236,-0.0069108,-0.5071610,0.0162760,0.9990154,-0.0412710,-0.012,0.247,0,1,0.0074,0,1
1457,4370.598,57.83412368,18.82746666,24.727,-201.353,-13.781,-181.898,239.336,-0.6804,-0.0010026,4372.177,8.398,3.661,12.059,2.7727,-0.3898,4.4800,-0.0007667,0.0279,-197.071,-14.211,-189.122,-203.220,-13.627,-178.749,-0.8602256,-0.0068038,-0.5098683,0.0169720,0.9989749,-0.0419649,-0.013,0.220,0,0,0.0076,0,1
1458,4373.598,57.83410991,18.82742326,24.707,-203.931,-13.801,-183.431,239.177,-0.6614,-0.0008489,4375.177,8.119,3.746,11.865,2.7936,-0.3789,4.5686,-0.0007112,0.0250,-199.773,-14.219,-190.404,-205.850,-13.640,-180.214,-0.8588535,-0.0066139,-0.5121787,0.0177006,0.9989362,-0.0425809,-0.015,0.191,0,0,0.0078,0,1
1459,4376.598,57.83409608,18.82737993,24.687,-206.506,-13.820,-184.971,239.045,-0.6336,-0.0006991,4378.177,7.852,3.870,11.723,2.8148,-0.3630,4.6532,-0.0006616,0.0227,-202.468,-14.226,-191.705,-208.497,-13.650,-181.652,-0.8575933,-0.0063359,-0.5142894,0.0184774,0.9988991,-0.0431177,-0.018,0.161,0,0,0.0081,0,1
1460,4379.598,57.83408220,18.82733665,24.669,-209.077,-13.839,-186.517,238.941,-0.5967,-0.0005584,4381.177,7.600,4.024,11.624,2.8361,-0.3419,4.7341,-0.0006151,0.0208,-205.155,-14.234,-193.027,-211.154,-13.658,-183.070,-0.8565497,-0.0059669,-0.5160300,0.0192966,0.9988636,-0.0435800,-0.021,0.133,0,0,0.0083,0,1
1461,4382.598,57.83406828,18.82729341,24.651,-211.645,-13.856,-188.067,238.862,-0.5504,-0.0004319,4384.177,7.364,4.197,11.561,2.8574,-0.3154,4.8110,-0.0005693,0.0190,-207.837,-14.241,-194.370,-213.815,-13.664,-184.474,-0.8559318,-0.0055039,-0.5170595,0.0201415,0.9988296,-0.0439741,-0.025,0.106,0,0,0.0089,0,1
1462,4385.598,57.83405434,18.82725020,24.636,-214.212,-13.872,-189.619,238.806,-0.4951,-0.0003234,4387.177,7.145,4.378,11.523,2.8785,-0.2837,4.8837,-0.0005218,0.0173,-210.512,-14.248,-195.731,-216.479,-13.668,-185.874,-0.8554760,-0.0049509,-0.5178188,0.0210282,0.9987974,-0.0442898,-0.028,0.082,0,0,0.0095,0,1
1463,4388.598,57.83404038,18.82720702,24.622,-216.778,-13.886,-191.174,238.766,-0.4310,-0.0002346,4390.177,6.945,4.556,11.501,2.8990,-0.2469,4.9515,-0.0004708,0.0156,-213.177,-14.253,-197.112,-219.140,-13.670,-187.278,-0.8550488,-0.0043100,-0.5185296,0.0219629,0.9987671,-0.0445182,-0.031,0.060,0,0,0.0101,0,1
1464,4391.597,57.83402641,18.82716384,24.610,-219.342,-13.897,-192.730,238.739,-0.3592,-0.0001643,4393.177,6.764,4.724,11.488,2.9187,-0.2058,5.0138,-0.0004154,0.0137,-215.833,-14.255,-198.512,-221.793,-13.669,-188.692,-0.8548586,-0.0035920,-0.5188487,0.0229147,0.9987390,-0.0446687,-0.033,0.041,0,0,0.0106,0,1
1465,4394.597,57.83401243,18.82712068,24.600,-221.907,-13.907,-194.287,238.720,-0.2806,-0.0001094,4396.177,6.603,4.877,11.480,2.9374,-0.1608,5.0700,-0.0003551,0.0117,-218.479,-14.257,-199.931,-224.439,-13.668,-190.119,-0.8546679,-0.0028060,-0.5191674,0.0238929,0.9987133,-0.0447311,-0.035,0.025,0,0,0.0112,0,1
1466,4397.597,57.83399844,18.82707753,24.593,-224.470,-13.914,-195.845,238.707,-0.1968,-0.0000647,4399.177,6.463,5.012,11.475,2.9549,-0.1128,5.1196,-0.0002905,0.0096,-221.113,-14.257,-201.368,-227.073,-13.665,-191.562,-0.8545507,-0.0019680,-0.5193642,0.0248752,0.9986901,-0.0447133,-0.037,0.012,0,0,0.0120,0,1
1467,4400.597,57.83398444,18.82703438,24.588,-227.034,-13.919,-197.403,238.700,-0.1098,-0.0000249,4402.176,6.345,5.126,11.471,2.9708,-0.0629,5.1624,-0.0002228,0.0073,-223.738,-14.256,-202.825,-229.697,-13.660,-193.023,-0.8544779,-0.0010980,-0.5194866,0.0258455,0.9986695,-0.0446228,-0.038,0.002,0,0,0.0128,0,1
1468,4403.597,57.83397045,18.82699124,24.586,-229.597,-13.921,-198.962,238.699,-0.0216,0.0000139,4405.176,6.249,5.220,11.469,2.9849,-0.0124,5.1984,-0.0001539,0.0051,-226.350,-14.252,-204.302,-232.309,-13.654,-194.502,-0.8544334,-0.0002160,-0.5195609,0.0267883,0.9986515,-0.0444693,-0.039,-0.005,0,0,0.0136,0,1
1469,4406.597,57.83395645,18.82694809,24.587,-232.160,-13.920,-200.520,238.705,0.0654,0.0000527,4408.176,6.175,5.293,11.469,2.9969,0.0375,5.2279,-0.0000856,0.0028,-228.953,-14.246,-205.797,-234.909,-13.646,-195.997,-0.8545522,0.0006540,-0.5193651,0.0276727,0.9986361,-0.0442746,-0.039,-0.010,0,0,0.0144,0,1
1470,4409.597,57.83394246,18.82690494,24.590,-234.724,-13.917,-202.078,238.717,0.1489,0.0000916,4411.176,6.123,5.345,11.469,3.0068,0.0853,5.2511,-0.0000198,0.0007,-231.544,-14.239,-207.311,-237.500,-13.637,-197.510,-0.8545964,0.0014890,-0.5192906,0.0285017,0.9986230,-0.0440418,-0.040,-0.013,0,0,0.0152,0,1
1471,4412.597,57.83392848,18.82686178,24.596,-237.288,-13.911,-203.636,238.736,0.2269,0.0001305,4414.176,6.092,5.377,11.469,3.0142,0.1300,5.2686,0.0000416,-0.0014,-234.126,-14.230,-208.843,-240.079,-13.627,-199.040,-0.8547431,0.0022690,-0.5190464,0.0292455,0.9986124,-0.0437948,-0.040,-0.015,0,0,0.0145,0,1
1472,4415.597,57.83391450,18.82681861,24.604,-239.852,-13.903,-205.192,238.762,0.2977,0.0001694,4417.176,6.081,5.387,11.468,3.0191,0.1706,5.2809,0.0000973,-0.0032,-236.699,-14.221,-210.391,-242.645,-13.616,-200.586,-0.8550530,0.0029770,-0.5185321,0.0298871,0.9986041,-0.0435503,-0.041,-0.015,0,0,0.0137,0,1
1473,4418.596,57.83390054,18.82677543,24.614,-242.418,-13.894,-206.747,238.794,0.3598,0.0002083,4420.176,6.089,5.377,11.466,3.0212,0.2061,5.2884,0.0001464,-0.0048,-239.264,-14.211,-211.955,-245.203,-13.605,-202.148,-0.8553624,0.0035980,-0.5180176,0.0304297,0.9985981,-0.0433103,-0.041,-0.014,0,0,0.0130,0,1
1474,4421.596,57.83388659,18.82673223,24.625,-244.984,-13.882,-208.300,238.833,0.4125,0.0002473,4423.176,6.117,5.346,11.462,3.0205,0.2363,5.2911,0.0001885,-0.0062,-241.818,-14.199,-213.534,-247.750,-13.594,-203.726,-0.8556715,0.0041250,-0.5175029,0.0308682,0.9985947,-0.0430797,-0.042,-0.013,0,0,0.0122,0,1
1475,4424.596,57.83387266,18.82668901,24.639,-247.552,-13.869,-209.852,238.879,0.4552,0.0002863,4426.176,6.165,5.294,11.459,3.0165,0.2608,5.2892,0.0002233,-0.0073,-244.365,-14.187,-215.130,-250.288,-13.583,-205.320,-0.8560542,0.0045520,-0.5168660,0.0311911,0.9985938,-0.0428654,-0.044,-0.010,0,0,0.0115,0,1
1476,4427.596,57.83385875,18.82664577,24.653,-250.120,-13.855,-211.401,238.932,0.4880,0.0003253,4429.176,6.234,5.221,11.455,3.0091,0.2796,5.2821,0.0002507,-0.0082,-246.903,-14.175,-216.741,-252.814,-13.572,-206.929,-0.8565548,0.0048799,-0.5160330,0.0313936,0.9985960,-0.0426663,-0.045,-0.007,0,0,0.0117,0,1
1477,4430.596,57.83384486,18.82660251,24.668,-252.691,-13.840,-212.948,238.991,0.5111,0.0003643,4432.175,6.325,5.128,11.453,2.9977,0.2928,5.2691,0.0002707,-0.0089,-249.433,-14.162,-218.370,-255.332,-13.563,-208.553,-0.8570992,0.0051109,-0.5151261,0.0314797,0.9986017,-0.0424701,-0.046,-0.002,0,0,0.0119,0,1
1478,4433.596,57.83383099,18.82655921,24.683,-255.263,-13.824,-214.492,239.057,0.5252,0.0004033,4435.175,6.439,5.015,11.453,2.9817,0.3009,5.2491,0.0002832,-0.0093,-251.952,-14.150,-220.014,-257.841,-13.554,-210.191,-0.8576722,0.0052519,-0.5141700,0.0314507,0.9986114,-0.0422618,-0.048,0.004,0,0,0.0121,0,1
1479,4436.596,57.83381716,18.82651589,24.699,-257.837,-13.808,-216.033,239.130,0.5313,0.0004424,4438.175,6.575,4.882,11.457,2.9605,0.3044,5.2204,0.0002879,-0.0094,-254.464,-14.139,-221.677,-260.342,-13.546,-211.842,-0.8583619,0.0053129,-0.5130171,0.0312995,0.9986261,-0.0420271,-0.048,0.013,0,0,0.0123,0,1
1480,4439.596,57.83380335,18.82647253,24.715,-260.413,-13.792,-217.570,239.209,0.5307,0.0004814,4441.175,6.733,4.733,11.465,2.9333,0.3041,5.1808,0.0002842,-0.0093,-256.967,-14.128,-223.354,-262.836,-13.540,-213.504,-0.8590505,0.0053069,-0.5118634,0.0310362,0.9986466,-0.0417337,-0.049,0.024,0,0,0.0125,0,1
1481,4442.596,57.83378958,18.82642913,24.731,-262.991,-13.776,-219.104,239.295,0.5250,0.0005205,4444.175,6.911,4.569,11.480,2.8991,0.3008,5.1278,0.0002713,-0.0089,-259.461,-14.117,-225.046,-265.324,-13.536,-215.176,-0.8597377,0.0052499,-0.5107089,0.0306616,0.9986741,-0.0413504,-0.048,0.038,0,0,0.0127,0,1
1482,4445.595,57.83377584,18.82638569,24.747,-265.571,-13.761,-220.634,239.388,0.5159,0.0005595,4447.175,7.110,4.396,11.505,2.8573,0.2956,5.0583,0.0002479,-0.0082,-261.951,-14.108,-226.753,-267.809,-13.534,-216.851,-0.8606562,0.0051589,-0.5091604,0.0301566,0.9987099,-0.0408559,-0.046,0.056,0,0,0.0128,0,1
1483,4448.595,57.83376214,18.82634221,24.762,-268.155,-13.745,-222.159,239.488,0.5052,0.0005986,4450.175,7.325,4.220,11.545,2.8070,0.2895,4.9691,0.0002125,-0.0071,-264.436,-14.098,-228.470,-270.297,-13.532,-218.524,-0.8615288,0.0050519,-0.5076836,0.0295431,0.9987550,-0.0401954,-0.044,0.078,0,0,0.0130,0,1
1484,4451.595,57.83374849,18.82629869,24.777,-270.740,-13.730,-223.680,239.594,0.4941,0.0006377,4453.175,7.557,4.049,11.606,2.7477,0.2831,4.8566,0.0001634,-0.0055,-266.914,-14.088,-230.197,-272.790,-13.531,-220.188,-0.8623989,0.0049409,-0.5062052,0.0288115,0.9988106,-0.0393358,-0.041,0.103,0,0,0.0131,0,1
1485,4454.595,57.83373488,18.82625511,24.792,-273.329,-13.716,-225.196,239.707,0.4838,0.0006767,4456.175,7.803,3.895,11.698,2.6791,0.2772,4.7179,0.0000987,-0.0034,-269.393,-14.078,-231.934,-275.293,-13.531,-221.833,-0.8634966,0.0048379,-0.5043314,0.0279404,0.9988773,-0.0382564,-0.037,0.132,0,0,0.0133,0,1
1486,4457.595,57.83372131,18.82621148,24.806,-275.921,-13.701,-226.706,239.826,0.4745,0.0007157,4459.175,8.063,3.767,11.830,2.6014,0.2719,4.5506,0.0000165,-0.0006,-271.869,-14.067,-233.677,-277.814,-13.529,-223.449,-0.8645480,0.0047449,-0.5025279,0.0269423,0.9989550,-0.0369192,-0.034,0.162,0,0,0.0133,0,1
1487,4460.595,57.83370780,18.82616780,24.820,-278.516,-13.687,-228.211,239.953,0.4658,0.0007548,4462.175,8.335,3.675,12.010,2.5152,0.2669,4.3534,-0.0000844,0.0030,-274.343,-14.056,-235.426,-280.356,-13.528,-225.030,-0.8656374,0.0046579,-0.5006497,0.0258031,0.9990429,-0.0353194,-0.031,0.194,0,0,0.0133,0,1
1488,4463.595,57.83369434,18.82612406,24.834,-281.115,-13.674,-229.710,240.086,0.4570,0.0007938,4465.175,8.618,3.625,12.244,2.4217,0.2618,4.1270,-0.0002046,0.0077,-276.817,-14.045,-237.180,-282.923,-13.527,-226.568,-0.8667946,0.0045700,-0.4986444,0.0245193,0.9991391,-0.0334652,-0.030,0.225,0,0,0.0133,0,1
1489,4466.595,57.83368093,18.82608026,24.847,-283.717,-13.660,-231.203,240.226,0.4467,0.0008327,4468.175,8.912,3.619,12.531,2.3224,0.2559,3.8738,-0.0003434,0.0135,-279.290,-14.033,-238.938,-285.515,-13.524,-228.062,-0.8679061,0.0044670,-0.4967083,0.0231010,0.9992406,-0.0313785,-0.031,0.255,0,1,0.0133,0,1
1490,4469.595,57.83366758,18.82603640,24.861,-286.322,-13.647,-232.690,240.372,0.4335,0.0008717,4471.175,9.215,3.653,12.868,2.2196,0.2484,3.5986,-0.0004985,0.0206,-281.766,-14.021,-240.700,-288.128,-13.522,-229.514,-0.8692384,0.0043350,-0.4943741,0.0215449,0.9993437,-0.0291186,-0.035,0.280,0,1,0.0134,0,1
1491,4472.594,57.83365430,18.82599248,24.873,-288.932,-13.634,-234.169,240.525,0.4165,0.0009106,4474.174,9.522,3.720,13.241,2.1161,0.2386,3.3084,-0.0006664,0.0292,-284.248,-14.009,-242.459,-290.762,-13.520,-230.931,-0.8706049,0.0041650,-0.4919651,0.0198911,0.9994445,-0.0267390,-0.041,0.301,0,1,0.0143,0,1
1492,4475.594,57.83364107,18.82594848,24.886,-291.546,-13.622,-235.642,240.685,0.3955,0.0009494,4477.174,9.828,3.806,13.634,2.0151,0.2266,3.0115,-0.0008418,0.0391,-286.733,-13.999,-244.211,-293.410,-13.520,-232.323,-0.8718846,0.0039550,-0.4896955,0.0181875,0.9995390,-0.0243095,-0.049,0.315,0,1,0.0153,0,1
1493,4478.594,57.83362792,18.82590442,24.897,-294.163,-13.610,-237.107,240.852,0.3716,0.0009882,4480.174,10.124,3.900,14.025,1.9197,0.2129,2.7177,-0.0010186,0.0501,-289.232,-13.990,-245.949,-296.063,-13.519,-233.700,-0.8733797,0.0037160,-0.4870258,0.0164755,0.9996240,-0.0219184,-0.060,0.321,0,1,0.0162,0,1
1494,4481.594,57.83361483,18.82586028,24.908,-296.786,-13.599,-238.564,241.025,0.3476,0.0010269,4483.174,10.399,3.990,14.389,1.8325,0.1992,2.4366,-0.0011904,0.0616,-291.749,-13.981,-247.662,-298.719,-13.521,-235.073,-0.8748665,0.0034760,-0.4843517,0.0148385,0.9996972,-0.0196278,-0.071,0.320,0,1,0.0172,0,1
1495,4484.594,57.83360182,18.82581607,24.918,-299.412,-13.589,-240.013,241.205,0.3278,0.0010653,4486.174,10.635,4.069,14.704,1.7549,0.1878,2.1771,-0.0013505,0.0730,-294.289,-13.973,-249.333,-301.372,-13.523,-236.447,-0.8763449,0.0032780,-0.4816730,0.0133560,0.9997577,-0.0174958,-0.082,0.311,0,1,0.0181,0,1
1496,4487.594,57.83358888,18.82577178,24.928,-302.044,-13.579,-241.454,241.392,0.3184,0.0011006,4489.174,10.814,4.135,14.949,1.6862,0.1824,1.9465,-0.0014932,0.0834,-296.866,-13.964,-250.948,-304.024,-13.524,-237.824,-0.8779230,0.0031840,-0.4787913,0.0121127,0.9998055,-0.0155614,-0.093,0.294,0,1,0.0186,0,1
1497,4490.594,57.83357602,18.82572741,24.938,-304.680,-13.570,-242.886,241.588,0.3269,0.0011268,4492.174,10.914,4.195,15.108,1.6236,0.1873,1.7502,-0.0016138,0.0921,-299.487,-13.953,-252.485,-306.676,-13.525,-239.197,-0.8795227,0.0032690,-0.4758456,0.0112016,0.9998415,-0.0138355,-0.102,0.272,0,0,0.0190,0,1
1498,4493.594,57.83356325,18.82568295,24.948,-307.321,-13.560,-244.309,241.789,0.3611,0.0011378,4495.174,10.916,4.258,15.174,1.5632,0.2069,1.5911,-0.0017090,0.0984,-302.161,-13.937,-253.929,-309.334,-13.523,-240.557,-0.8812189,0.0036110,-0.4726947,0.0107020,0.9998669,-0.0123130,-0.109,0.244,0,0,0.0195,0,1
1499,4496.594,57.83355055,18.82563842,24.959,-309.967,-13.548,-245.722,241.993,0.4281,0.0011284,4498.174,10.807,4.336,15.144,1.5008,0.2453,1.4703,-0.0017766,0.1019,-304.893,-13.914,-255.264,-312.003,-13.518,-241.893,-0.8829025,0.0042810,-0.4695368,0.0106823,0.9998828,-0.0109703,-0.114,0.214,0,0,0.0199,0,1
1500,4499.593,57.83353794,18.82559379,24.973,-312.618,-13.534,-247.126,242.195,0.5328,0.0010960,4501.174,10.583,4.438,15.021,1.4336,0.3053,1.3869,-0.0018157,0.1024,-307.681,-13.884,-256.487,-314.688,-13.508,-243.201,-0.8845040,0.0053279,-0.4665021,0.0111813,0.9998897,-0.0097804,-0.116,0.183,1,0,0.0204,0,1
1501,4502.593,57.83352542,18.82554908,24.991,-315.274,-13.516,-248.521,242.387,0.6757,0.0010412,4504.174,10.251,4.563,14.813,1.3618,0.3871,1.3386,-0.0018260,0.1002,-310.522,-13.845,-257.604,-317.389,-13.493,-244.478,-0.8860559,0.0067568,-0.4635292,0.0121909,0.9998876,-0.0087282,-0.116,0.153,1,1,0.0273,0,1
1502,4505.593,57.83351297,18.82550430,25.014,-317.934,-13.494,-249.907,242.566,0.8518,0.0009672,4507.174,9.828,4.706,14.534,1.2883,0.4880,1.3227,-0.0018080,0.0955,-313.406,-13.799,-258.630,-320.102,-13.472,-245.730,-0.8875255,0.0085177,-0.4606799,0.0136524,0.9998763,-0.0078150,-0.113,0.128,0,1,0.0343,0,1
1503,4508.593,57.83350060,18.82545945,25.042,-320.599,-13.465,-251.285,242.728,1.0490,0.0008797,4510.174,9.342,4.857,14.199,1.2183,0.6010,1.3360,-0.0017626,0.0888,-316.319,-13.744,-259.589,-322.824,-13.442,-246.968,-0.8888105,0.0104894,-0.4581549,0.0154433,0.9998558,-0.0070681,-0.110,0.108,1,0,0.0412,0,1
1504,4511.593,57.83348828,18.82541454,25.076,-323.267,-13.431,-252.656,242.871,1.2480,0.0007850,4513.174,8.822,5.007,13.829,1.1574,0.7150,1.3753,-0.0016909,0.0808,-319.244,-13.684,-260.507,-325.550,-13.405,-248.200,-0.8898800,0.0124790,-0.4560239,0.0173757,0.9998276,-0.0065467,-0.105,0.095,1,0,0.0482,0,1
1505,4514.593,57.83347603,18.82536957,25.116,-325.938,-13.391,-254.021,242.998,1.4235,0.0006885,4516.174,8.295,5.152,13.447,1.1105,0.8156,1.4375,-0.0015941,0.0721,-322.170,-13.620,-261.411,-328.278,-13.359,-249.431,-0.8908093,0.0142336,-0.4541544,0.0192073,0.9997954,-0.0063401,-0.099,0.092,0,0,0.0551,0,1
1506,4517.593,57.83346382,18.82532456,25.161,-328.612,-13.346,-255.381,243.108,1.5469,0.0005920,4519.174,7.783,5.296,13.079,1.0807,0.8862,1.5199,-0.0014738,0.0630,-325.092,-13.554,-262.322,-331.008,-13.307,-250.658,-0.8917391,0.0154671,-0.4522855,0.0206664,0.9997649,-0.0065567,-0.093,0.097,1,0,0.1012,1,1
1507,4520.593,57.83345165,18.82527951,25.209,-331.289,-13.299,-256.735,243.201,1.5901,0.0004957,4522.174,7.298,5.448,12.746,1.0692,0.9110,1.6199,-0.0013320,0.0541,-327.999,-13.488,-263.249,-333.745,-13.250,-251.872,-0.8925072,0.0158990,-0.4507528,0.0214908,0.9997425,-0.0072896,-0.086,0.111,1,0,0.1473,1,1
1508,4523.593,57.83343953,18.82523442,25.256,-333.968,-13.251,-258.086,243.278,1.5301,0.0003994,4525.175,6.844,5.620,12.464,1.0761,0.8766,1.7351,-0.0011708,0.0455,-330.890,-13.425,-264.199,-336.495,-13.190,-253.066,-0.8930859,0.0152992,-0.4496260,0.0214632,0.9997325,-0.0086146,-0.080,0.134,1,0,0.1934,1,1
1509,4526.592,57.83342743,18.82518931,25.300,-336.648,-13.207,-259.433,243.339,1.3533,0.0003032,4528.175,6.421,5.824,12.246,1.1012,0.7753,1.8630,-0.0009926,0.0372,-333.766,-13.368,-265.171,-339.262,-13.132,-254.228,-0.8935773,0.0135318,-0.4487055,0.0204487,0.9997350,-0.0105733,-0.074,0.164,0,0,0.2395,1,1
1510,4529.592,57.83341535,18.82514417,25.338,-339.329,-13.170,-260.778,243.383,1.0589,0.0002070,4531.175,6.027,6.067,12.094,1.1448,0.6067,2.0016,-0.0008000,0.0293,-336.628,-13.320,-266.166,-342.048,-13.078,-255.354,-0.8939099,0.0105884,-0.4481215,0.0184314,0.9997437,-0.0131445,-0.068,0.200,1,1,0.2856,1,1
1511,4532.592,57.83340328,18.82509902,25.364,-342.012,-13.143,-262.122,243.410,0.6598,0.0001109,4534.175,5.659,6.350,12.009,1.2074,0.3780,2.1487,-0.0005956,0.0215,-339.479,-13.284,-267.182,-344.855,-13.031,-256.444,-0.8941743,0.0065979,-0.4476705,0.0155153,0.9997475,-0.0162558,-0.063,0.241,1,0,0.2672,1,1
1512,4535.592,57.83339123,18.82505386,25.377,-344.694,-13.130,-263.464,243.421,0.1822,0.0000148,4537.175,5.318,6.671,11.989,1.2895,0.1044,2.3026,-0.0003817,0.0137,-342.315,-13.263,-268.220,-347.679,-12.993,-257.498,-0.8943257,0.0018220,-0.4474129,0.0119283,0.9997334,-0.0197721,-0.058,0.284,1,0,0.2487,1,1
1513,4538.592,57.83337917,18.82500871,25.375,-347.377,-13.132,-264.806,243.415,-0.3379,-0.0000814,4540.175,5.007,7.024,12.031,1.3915,-0.1936,2.4615,-0.0001606,0.0058,-345.137,-13.259,-269.284,-350.520,-12.967,-258.524,-0.8942887,-0.0033790,-0.4474777,0.0079906,0.9996915,-0.0235182,-0.054,0.327,1,0,0.2303,1,1
1514,4541.592,57.83336711,18.82496355,25.357,-350.060,-13.150,-266.149,243.393,-0.8588,-0.0001775,4543.175,4.730,7.400,12.129,1.5133,-0.4920,2.6242,0.0000658,-0.0024,-347.941,-13.273,-270.378,-353.375,-12.952,-259.533,-0.8940273,-0.0085877,-0.4479302,0.0040754,0.9996190,-0.0272988,-0.050,0.369,0,1,0.2118,1,1
1515,4544.592,57.83335504,18.82491841,25.324,-352.742,-13.184,-267.494,243.354,-1.3386,-0.0002738,4546.175,4.491,7.786,12.277,1.6537,-0.7669,2.7896,0.0002960,-0.0112,-350.728,-13.303,-271.508,-356.234,-12.949,-260.535,-0.8936794,-0.0133848,-0.4485064,0.0005483,0.9995217,-0.0309214,-0.048,0.409,1,1,0.1933,1,1
1516,4547.592,57.83334295,18.82487329,25.277,-355.422,-13.231,-268.840,243.299,-1.7397,-0.0003701,4549.175,4.292,8.171,12.462,1.8110,-0.9967,2.9567,0.0005288,-0.0205,-353.493,-13.348,-272.674,-359.094,-12.954,-261.541,-0.8931891,-0.0173944,-0.4493446,-0.0022522,0.9994121,-0.0342110,-0.046,0.446,1,0,0.1691,1,1
1517,4550.592,57.83333083,18.82482820,25.219,-358.101,-13.288,-270.190,243.227,-2.0322,-0.0004665,4552.175,4.133,8.539,12.672,1.9823,-1.1642,3.1250,0.0007632,-0.0306,-356.239,-13.404,-273.880,-361.947,-12.966,-262.567,-0.8926037,-0.0203178,-0.4503841,-0.0040632,0.9993060,-0.0370281,-0.046,0.478,1,0,0.1448,1,1
1518,4553.591,57.83331867,18.82478313,25.155,-360.779,-13.352,-271.543,243.138,-2.1966,-0.0005631,4555.176,4.013,8.874,12.886,2.1644,-1.2584,3.2940,0.0009987,-0.0415,-358.966,-13.468,-275.123,-364.788,-12.981,-263.627,-0.8919003,-0.0219607,-0.4516985,-0.0047101,0.9992172,-0.0392797,-0.047,0.505,1,0,0.1205,1,1
1519,4556.591,57.83330648,18.82473811,25.088,-363.454,-13.419,-272.901,243.033,-2.2236,-0.0006598,4558.177,3.926,9.159,13.085,2.3533,-1.2738,3.4634,0.0012348,-0.0529,-361.674,-13.536,-276.400,-367.608,-12.998,-264.738,-0.8910176,-0.0222305,-0.4534241,-0.0041061,0.9991541,-0.0409177,-0.050,0.527,1,0,0.0963,1,1
1520,4559.591,57.83329424,18.82469313,25.022,-366.126,-13.485,-274.264,242.912,-2.1149,-0.0007566,4561.177,3.866,9.377,13.243,2.5446,-1.2116,3.6332,0.0014713,-0.0645,-364.365,-13.603,-277.706,-370.398,-13.015,-265.916,-0.8900224,-0.0211443,-0.4554262,-0.0022752,0.9991175,-0.0419401,-0.053,0.544,1,0,0.0720,1,1
1521,4562.591,57.83328194,18.82464820,24.962,-368.795,-13.546,-275.634,242.773,-1.8812,-0.0008536,4564.178,3.825,9.511,13.336,2.7333,-1.0777,3.8030,0.0017080,-0.0759,-367.044,-13.666,-279.035,-373.148,-13.030,-267.177,-0.8889755,-0.0188087,-0.4575683,0.0006776,0.9991011,-0.0423851,-0.058,0.556,0,0,0.1031,1,1
1522,4565.591,57.83326959,18.82460333,24.910,-371.461,-13.597,-277.010,242.618,-1.5417,-0.0009507,4567.178,3.795,9.548,13.343,2.9149,-0.8833,3.9730,0.0019449,-0.0866,-369.716,-13.720,-280.380,-375.852,-13.040,-268.531,-0.8878986,-0.0154152,-0.4597808,0.0045746,0.9990932,-0.0423310,-0.063,0.564,0,0,0.1342,1,1
1523,4568.591,57.83325716,18.82455853,24.870,-374.123,-13.638,-278.393,242.447,-1.1219,-0.0010481,4570.178,3.768,9.482,13.250,3.0850,-0.6428,4.1430,0.0021818,-0.0958,-372.380,-13.763,-281.734,-378.509,-13.049,-269.987,-0.8865380,-0.0112183,-0.4625198,0.0092081,0.9990801,-0.0418820,-0.069,0.568,0,0,0.1653,1,1
1524,4571.591,57.83324466,18.82451380,24.843,-376.780,-13.665,-279.785,242.258,-0.6524,-0.0011456,4573.178,3.740,9.316,13.056,3.2404,-0.3738,4.3130,0.0024187,-0.1031,-375.039,-13.792,-283.095,-381.117,-13.053,-271.540,-0.8850187,-0.0065239,-0.4655098,0.0142901,0.9990500,-0.0411693,-0.075,0.568,0,0,0.1964,1,1
1525,4574.591,57.83323208,18.82446915,24.830,-379.433,-13.677,-281.186,242.053,-0.1667,-0.0012433,4576.178,3.710,9.068,12.778,3.3798,-0.0955,4.4830,0.0026556,-0.1084,-377.694,-13.807,-284.464,-383.683,-13.052,-273.176,-0.8833647,-0.0016670,-0.4686833,0.0195188,0.9989953,-0.0403419,-0.081,0.565,0,0,0.2275,1,1
1526,4577.591,57.83321941,18.82442459,24.833,-382.080,-13.675,-282.597,241.831,0.3007,-0.0013411,4579.178,3.685,8.767,12.451,3.5038,0.1723,4.6530,0.0028926,-0.1121,-380.340,-13.807,-285.845,-386.219,-13.045,-274.869,-0.8815032,0.0030070,-0.4721684,0.0245941,0.9989147,-0.0395538,-0.086,0.560,0,0,0.2202,1,1
1527,4580.590,57.83320664,18.82438012,24.848,-384.722,-13.659,-284.019,241.592,0.7169,-0.0014391,4582.178,3.672,8.450,12.122,3.6153,0.4107,4.8230,0.0031295,-0.1150,-382.975,-13.794,-287.249,-388.743,-13.028,-276.587,-0.8795048,0.0071688,-0.4758359,0.0292209,0.9988133,-0.0389622,-0.090,0.552,0,0,0.2130,1,1
1528,4583.590,57.83319377,18.82433576,24.875,-387.357,-13.632,-285.452,241.336,1.0524,-0.0015372,4585.178,3.682,8.158,11.840,3.7188,0.6030,4.9930,0.0033665,-0.1180,-385.590,-13.770,-288.683,-391.270,-13.001,-278.294,-0.8773752,0.0105234,-0.4796895,0.0331433,0.9987006,-0.0387113,-0.093,0.542,0,0,0.2057,1,1
1529,4586.590,57.83318079,18.82429151,24.911,-389.986,-13.596,-286.897,241.064,1.2834,-0.0016354,4588.178,3.725,7.925,11.650,3.8197,0.7353,5.1631,0.0036034,-0.1223,-388.184,-13.738,-290.157,-393.820,-12.960,-279.961,-0.8750896,0.0128329,-0.4837907,0.0361612,0.9985878,-0.0389207,-0.094,0.529,1,1,0.1985,1,1
1530,4589.590,57.83316770,18.82424739,24.952,-392.608,-13.555,-288.355,240.774,1.3933,-0.0017338,4591.178,3.806,7.776,11.582,3.9231,0.7983,5.3331,0.0038403,-0.1288,-390.750,-13.702,-291.676,-396.405,-12.908,-281.569,-0.8725748,0.0139316,-0.4882819,0.0381439,0.9984843,-0.0396756,-0.095,0.514,1,1,0.1912,1,1
1531,4592.590,57.83315448,18.82420338,24.994,-395.222,-13.513,-289.827,240.468,1.3736,-0.0018321,4594.178,3.928,7.718,11.646,4.0319,0.7870,5.5031,0.0040772,-0.1382,-393.286,-13.666,-293.244,-399.027,-12.845,-283.112,-0.8699401,0.0137347,-0.4929661,0.0390187,0.9983953,-0.0410399,-0.094,0.494,1,1,0.2317,1,1
1532,4595.590,57.83314114,18.82415952,25.034,-397.828,-13.474,-291.313,240.144,1.2241,-0.0019304,4597.179,4.089,7.744,11.833,4.1464,0.7013,5.6730,0.0043140,-0.1510,-395.792,-13.634,-294.859,-401.683,-12.776,-284.597,-0.8671815,0.0122401,-0.4978418,0.0387951,0.9983202,-0.0430315,-0.092,0.469,1,0,0.2721,1,1
1533,4598.590,57.83312766,18.82411580,25.067,-400.425,-13.440,-292.814,239.804,0.9519,-0.0020283,4600.179,4.288,7.826,12.114,4.2623,0.5454,5.8426,0.0045506,-0.1669,-398.268,-13.607,-296.520,-404.362,-12.704,-286.050,-0.8642170,0.0095186,-0.5030293,0.0375527,0.9982525,-0.0456270,-0.089,0.439,1,0,0.3125,1,1
1534,4601.590,57.83311404,18.82407224,25.090,-403.013,-13.417,-294.331,239.445,0.5710,-0.0021187,4603.179,4.518,7.926,12.443,4.3707,0.3272,6.0120,0.0047867,-0.1853,-400.716,-13.591,-298.222,-407.042,-12.640,-287.506,-0.8611480,0.0057099,-0.5083223,0.0354134,0.9981815,-0.0487813,-0.085,0.401,1,1,0.3529,1,1
1535,4604.589,57.83310027,18.82402884,25.101,-405.592,-13.407,-295.864,239.065,0.1007,-0.0021871,4606.178,4.775,7.993,12.768,4.4583,0.0577,6.1805,0.0050219,-0.2047,-403.139,-13.588,-299.960,-409.699,-12.592,-289.007,-0.8578746,0.0010070,-0.5138581,0.0325609,0.9980950,-0.0524038,-0.081,0.355,1,0,0.3933,1,1
1536,4607.589,57.83308635,18.82398561,25.096,-408.160,-13.411,-297.414,238.669,-0.4356,-0.0022177,4609.178,5.052,7.981,13.033,4.5094,-0.2496,6.3478,0.0052555,-0.2232,-405.533,-13.598,-301.730,-412.309,-12.570,-290.597,-0.8542323,-0.0043560,-0.5198733,0.0292204,0.9979819,-0.0563757,-0.076,0.300,1,0,0.3555,1,1
1537,4610.589,57.83307226,18.82394257,25.074,-410.717,-13.433,-298.983,238.266,-1.0114,-0.0021977,4612.178,5.346,7.850,13.195,4.5092,-0.5795,6.5126,0.0054862,-0.2388,-407.905,-13.624,-303.529,-414.846,-12.584,-292.307,-0.8504453,-0.0101135,-0.5259662,0.0255984,0.9978352,-0.0605773,-0.071,0.236,1,0,0.3176,1,1
1538,4613.589,57.83305801,18.82389972,25.035,-413.263,-13.472,-300.570,237.870,-1.5984,-0.0021204,4615.178,5.648,7.582,13.231,4.4476,-0.9157,6.6734,0.0057120,-0.2500,-410.259,-13.667,-305.353,-417.296,-12.638,-294.149,-0.8467364,-0.0159820,-0.5317725,0.0219042,0.9976538,-0.0648615,-0.066,0.164,1,0,0.2798,1,1
1539,4616.589,57.83304360,18.82385706,24.979,-415.798,-13.529,-302.174,237.494,-2.1677,-0.0019867,4618.179,5.951,7.185,13.137,4.3228,-1.2418,6.8275,0.0059299,-0.2558,-412.600,-13.725,-307.193,-419.659,-12.732,-296.115,-0.8431132,-0.0216719,-0.5372993,0.0183652,0.9974441,-0.0690500,-0.062,0.086,1,0,0.2420,1,1
1540,4619.589,57.83302905,18.82381456,24.905,-418.322,-13.602,-303.794,237.153,-2.6911,-0.0018047,4621.180,6.243,6.690,12.933,4.1442,-1.5415,6.9712,0.0061353,-0.2566,-414.936,-13.798,-309.039,-421.951,-12.861,-298.173,-0.8398113,-0.0269013,-0.5422115,0.0151620,0.9972196,-0.0729598,-0.058,0.003,1,0,0.2042,1,1
1541,4622.589,57.83301438,18.82377221,24.817,-420.838,-13.690,-305.428,236.854,-3.1428,-0.0015882,4624.181,6.506,6.149,12.655,3.9324,-1.8001,7.0994,0.0063220,-0.2531,-417.281,-13.884,-310.876,-424.200,-13.014,-300.279,-0.8369320,-0.0314125,-0.5464047,0.0124570,0.9969996,-0.0763974,-0.055,-0.083,1,1,0.2044,1,1
1542,4625.589,57.83299960,18.82373000,24.717,-423.346,-13.790,-307.074,236.599,-3.5017,-0.0013532,4627.182,6.720,5.622,12.342,3.7154,-2.0055,7.2051,0.0064818,-0.2468,-419.648,-13.981,-312.684,-426.440,-13.180,-302.380,-0.8343998,-0.0349956,-0.5500475,0.0103867,0.9968066,-0.0791757,-0.053,-0.166,0,0,0.2047,1,1
1543,4628.589,57.83298473,18.82368790,24.608,-425.847,-13.900,-308.730,236.387,-3.7535,-0.0011133,4630.184,6.864,5.164,12.027,3.5235,-2.1496,7.2801,0.0066045,-0.2388,-422.048,-14.089,-314.446,-428.705,-13.348,-304.429,-0.8322583,-0.0375086,-0.5531178,0.0090049,0.9966623,-0.0811361,-0.051,-0.244,0,0,0.2049,1,1
1544,4631.588,57.83296978,18.82364589,24.492,-428.343,-14.015,-310.395,236.216,-3.8921,-0.0008734,4633.186,6.922,4.815,11.737,3.3807,-2.2289,7.3146,0.0066785,-0.2300,-424.495,-14.201,-316.149,-431.020,-13.508,-306.393,-0.8306001,-0.0388916,-0.5555096,0.0082836,0.9965850,-0.0821572,-0.049,-0.312,0,0,0.2051,1,1
1545,4634.588,57.83295477,18.82360396,24.374,-430.835,-14.133,-312.066,236.087,-3.9209,-0.0006337,4636.189,6.890,4.595,11.485,3.2980,-2.2454,7.2985,0.0066914,-0.2207,-426.992,-14.318,-317.785,-433.398,-13.656,-308.253,-0.8293304,-0.0391789,-0.5573833,0.0081420,0.9965855,-0.0821652,-0.047,-0.367,0,1,0.2053,1,1
1546,4637.588,57.83293972,18.82356208,24.257,-433.323,-14.250,-313.742,235.999,-3.8522,-0.0003942,4639.191,6.778,4.499,11.277,3.2684,-2.2061,7.2221,0.0066313,-0.2108,-429.533,-14.435,-319.361,-435.839,-13.791,-310.012,-0.8284235,-0.0384934,-0.5587778,0.0084209,0.9966669,-0.0811435,-0.044,-0.407,0,0,0.1941,1,1
1547,4640.588,57.83292465,18.82352023,24.144,-435.809,-14.364,-315.421,235.952,-3.7057,-0.0001549,4642.193,6.614,4.505,11.118,3.2676,-2.1222,7.0773,0.0064884,-0.2005,-432.107,-14.548,-320.901,-438.331,-13.913,-311.688,-0.8280812,-0.0370316,-0.5593838,0.0088810,0.9968242,-0.0791373,-0.041,-0.428,0,0,0.1830,1,1
1548,4643.588,57.83290956,18.82347840,24.035,-438.294,-14.472,-317.100,235.946,-3.5055,0.0000843,4645.195,6.439,4.576,11.014,3.2589,-2.0077,6.8596,0.0062568,-0.1898,-434.689,-14.654,-322.435,-440.856,-14.027,-313.309,-0.8280636,-0.0350335,-0.5595385,0.0093326,0.9970460,-0.0762378,-0.036,-0.430,0,0,0.1718,1,1
1549,4646.588,57.83289448,18.82343656,23.934,-440.780,-14.574,-318.780,235.981,-3.2772,0.0003235,4648.196,6.304,4.670,10.974,3.2046,-1.8770,6.5689,0.0059355,-0.1787,-437.253,-14.752,-324.005,-443.392,-14.138,-314.909,-0.8284387,-0.0327544,-0.5591212,0.0095581,0.9973163,-0.0725868,-0.030,-0.414,0,0,0.1606,1,1
1550,4649.588,57.83287942,18.82339469,23.839,-443.268,-14.668,-320.457,236.057,-3.0442,0.0005626,4651.198,6.259,4.748,11.007,3.0769,-1.7437,6.2106,0.0055305,-0.1675,-439.774,-14.840,-325.650,-445.919,-14.248,-316.517,-0.8293253,-0.0304279,-0.5579370,0.0093866,0.9976166,-0.0683588,-0.021,-0.379,1,1,0.1494,0,1
1551,4652.588,57.83286440,18.82335278,23.752,-445.758,-14.756,-322.129,236.174,-2.8253,0.0008018,4654.199,6.339,4.783,11.122,2.8675,-1.6183,5.7954,0.0050538,-0.1563,-442.230,-14.920,-327.395,-448.420,-14.363,-318.156,-0.8304602,-0.0282417,-0.5563617,0.0087658,0.9979280,-0.0637407,-0.010,-0.330,1,1,0.1209,0,1
1552,4655.588,57.83284944,18.82331080,23.670,-448.252,-14.837,-323.796,236.332,-2.6329,0.0010410,4657.200,6.558,4.755,11.313,2.5903,-1.5082,5.3394,0.0045236,-0.1447,-444.617,-14.993,-329.254,-450.888,-14.481,-319.838,-0.8320183,-0.0263199,-0.5541235,0.0076698,0.9982326,-0.0589305,0.004,-0.270,0,0,0.0924,0,1
1553,4658.587,57.83283454,18.82326873,23.594,-450.752,-14.914,-325.455,236.532,-2.4731,0.0012802,4660.201,6.900,4.664,11.563,2.2769,-1.4167,4.8619,0.0039618,-0.1324,-446.948,-15.061,-331.211,-453.323,-14.601,-321.564,-0.8340447,-0.0247234,-0.5511426,0.0061620,0.9985156,-0.0541169,0.020,-0.202,1,0,0.0639,0,1
1554,4661.587,57.83281973,18.82322655,23.522,-453.258,-14.986,-327.104,236.772,-2.3463,0.0015194,4663.201,7.323,4.517,11.840,1.9657,-1.3441,4.3838,0.0033925,-0.1189,-449.246,-15.125,-333.230,-455.733,-14.719,-323.325,-0.8363311,-0.0234565,-0.5477227,0.0043843,0.9987661,-0.0494672,0.039,-0.132,0,0,0.0353,0,1
1555,4664.587,57.83280502,18.82318424,23.453,-455.771,-15.054,-328.742,237.054,-2.2487,0.0017587,4666.202,7.768,4.335,12.103,1.6903,-1.2882,3.9254,0.0028384,-0.1039,-451.547,-15.188,-335.262,-458.128,-14.831,-325.104,-0.8390493,-0.0224813,-0.5435907,0.0024686,0.9989783,-0.0451252,0.060,-0.063,1,0,0.0068,0,1
1556,4667.587,57.83279043,18.82314180,23.387,-458.293,-15.121,-330.366,237.377,-2.1738,0.0019978,4669.203,8.174,4.139,12.313,1.4712,-1.2453,3.5040,0.0023192,-0.0879,-453.887,-15.252,-337.251,-460.524,-14.936,-326.880,-0.8420664,-0.0217329,-0.5389358,0.0005792,0.9991509,-0.0411962,0.083,0.000,0,0,0.0071,0,1
1557,4670.587,57.83277598,18.82309919,23.322,-460.824,-15.185,-331.976,237.741,-2.1147,0.0022366,4672.203,8.490,3.952,12.441,1.3138,-1.2115,3.1326,0.0018493,-0.0716,-456.293,-15.318,-339.156,-462.933,-15.032,-328.634,-0.8454978,-0.0211423,-0.5335601,-0.0011646,0.9992865,-0.0377511,0.106,0.055,0,1,0.0073,0,1
1558,4673.587,57.83276168,18.82305639,23.260,-463.367,-15.248,-333.568,238.146,-2.0649,0.0024750,4675.204,8.687,3.793,12.479,1.2121,-1.1829,2.8191,0.0014370,-0.0559,-458.784,-15.384,-340.947,-465.368,-15.120,-330.346,-0.8492840,-0.0206446,-0.5275325,-0.0026639,0.9993900,-0.0348217,0.129,0.099,0,1,0.0075,0,1
1559,4676.587,57.83274755,18.82301340,23.198,-465.921,-15.309,-335.142,238.593,-2.0192,0.0027128,4678.204,8.760,3.676,12.436,1.1541,-1.1568,2.5661,0.0010847,-0.0419,-461.357,-15.451,-342.619,-467.836,-15.200,-332.005,-0.8533673,-0.0201879,-0.5209190,-0.0038629,0.9994673,-0.0324056,0.151,0.132,0,1,0.0078,0,1
1560,4679.587,57.83273361,18.82297020,23.138,-468.488,-15.369,-336.694,239.080,-1.9739,0.0029496,4681.205,8.725,3.609,12.333,1.1271,-1.1308,2.3713,0.0007892,-0.0300,-464.006,-15.516,-344.179,-470.342,-15.273,-333.598,-0.8577814,-0.0197352,-0.5136356,-0.0047507,0.9995244,-0.0304705,0.172,0.154,0,1,0.0080,0,1
1561,4682.587,57.83271987,18.82292677,23.080,-471.068,-15.428,-338.224,239.608,-1.9271,0.0031850,4684.205,8.608,3.593,12.201,1.1208,-1.1040,2.2292,0.0005440,-0.0202,-466.713,-15.580,-345.649,-472.885,-15.341,-335.125,-0.8624375,-0.0192674,-0.5057967,-0.0053435,0.9995661,-0.0289654,0.190,0.165,0,0,0.0078,0,1
1562,4685.586,57.83270635,18.82288309,23.023,-473.663,-15.485,-339.729,240.176,-1.8777,0.0034187,4687.206,8.441,3.624,12.065,1.1274,-1.0757,2.1319,0.0003402,-0.0124,-469.467,-15.641,-347.053,-475.465,-15.403,-336.584,-0.8675050,-0.0187737,-0.4970740,-0.0056909,0.9995967,-0.0278212,0.205,0.168,0,0,0.0076,0,1
1563,4688.586,57.83269308,18.82283915,22.967,-476.274,-15.540,-341.207,240.784,-1.8257,0.0036502,4690.206,8.250,3.694,11.944,1.1421,-1.0459,2.0703,0.0001685,-0.0060,-472.248,-15.699,-348.408,-478.077,-15.461,-337.982,-0.8726957,-0.0182540,-0.4879231,-0.0058300,0.9996192,-0.0269697,0.218,0.163,0,0,0.0074,0,1
1564,4691.586,57.83268006,18.82279494,22.913,-478.900,-15.594,-342.657,241.433,-1.7714,0.0038788,4693.206,8.059,3.791,11.850,1.1612,-1.0148,2.0355,0.0000203,-0.0007,-475.047,-15.757,-349.735,-480.712,-15.517,-339.327,-0.8781779,-0.0177112,-0.4780061,-0.0058248,0.9996361,-0.0263376,0.229,0.154,0,0,0.0072,0,1
1565,4694.586,57.83266732,18.82275046,22.861,-481.543,-15.647,-344.075,242.121,-1.7154,0.0041040,4696.207,7.884,3.900,11.784,1.1822,-0.9828,2.0192,-0.0001115,0.0039,-477.857,-15.813,-351.044,-483.366,-15.570,-340.627,-0.8838646,-0.0171515,-0.4674284,-0.0057224,0.9996492,-0.0258598,0.238,0.141,0,0,0.0070,0,1
1566,4697.586,57.83265487,18.82270568,22.810,-484.204,-15.697,-345.462,242.847,-1.6587,0.0043250,4699.207,7.735,4.007,11.742,1.2032,-0.9503,2.0139,-0.0002316,0.0080,-480.674,-15.867,-352.344,-486.033,-15.620,-341.896,-0.8896916,-0.0165847,-0.4562607,-0.0055673,0.9996598,-0.0254808,0.246,0.127,0,0,0.0081,0,1
1567,4700.586,57.83264273,18.82266060,22.761,-486.882,-15.746,-346.813,243.611,-1.6020,0.0045410,4702.207,7.619,4.100,11.720,1.2228,-0.9178,2.0138,-0.0003430,0.0118,-483.496,-15.919,-353.639,-488.704,-15.669,-343.140,-0.8957081,-0.0160179,-0.4443539,-0.0053998,0.9996691,-0.0251511,0.253,0.113,0,0,0.0092,0,1
1568,4703.586,57.83263092,18.82261521,22.714,-489.578,-15.793,-348.128,244.412,-1.5468,0.0047515,4705.207,7.542,4.169,11.711,1.2400,-0.8862,2.0139,-0.0004468,0.0153,-486.321,-15.970,-354.931,-491.378,-15.717,-344.368,-0.9018231,-0.0154661,-0.4318285,-0.0052518,0.9996777,-0.0248362,0.260,0.100,0,0,0.0103,0,1
1569,4706.585,57.83261947,18.82256952,22.668,-492.293,-15.839,-349.404,245.249,-1.4944,0.0049553,4708.208,7.507,4.205,11.712,1.2545,-0.8562,2.0106,-0.0005428,0.0186,-489.151,-16.021,-356.222,-494.053,-15.764,-345.585,-0.9081066,-0.0149423,-0.4184723,-0.0051559,0.9996864,-0.0245071,0.265,0.089,0,0,0.0114,0,1
1570,4709.585,57.83260837,18.82252350,22.624,-495.027,-15.883,-350.639,246.121,-1.4468,0.0051516,4711.208,7.516,4.206,11.721,1.2660,-0.8289,2.0014,-0.0006299,0.0216,-491.986,-16.069,-357.512,-496.729,-15.810,-346.793,-0.9143744,-0.0144665,-0.4046111,-0.0051304,0.9996952,-0.0241491,0.270,0.078,0,0,0.0125,0,1
1571,4712.585,57.83259766,18.82247717,22.581,-497.780,-15.926,-351.832,247.030,-1.4065,0.0053294,4714.208,7.569,4.171,11.741,1.2745,-0.8058,1.9846,-0.0007068,0.0244,-494.826,-16.117,-358.801,-499.408,-15.856,-347.991,-0.9206414,-0.0140636,-0.3901560,-0.0052048,0.9997043,-0.0237538,0.273,0.070,0,0,0.0126,0,1
1572,4715.585,57.83258734,18.82243053,22.540,-500.551,-15.968,-352.980,247.983,-1.3756,0.0054371,4717.208,7.668,4.105,11.773,1.2801,-0.7881,1.9596,-0.0007719,0.0267,-497.675,-16.164,-360.088,-502.091,-15.901,-349.175,-0.9269102,-0.0137547,-0.3750311,-0.0054005,0.9997135,-0.0233179,0.274,0.063,0,0,0.0126,0,1
1573,4718.585,57.83257745,18.82238356,22.499,-503.341,-16.009,-354.082,248.978,-1.3564,0.0054003,4720.208,7.810,4.013,11.823,1.2829,-0.7771,1.9264,-0.0008242,0.0288,-500.534,-16.210,-361.371,-504.783,-15.945,-350.337,-0.9331179,-0.0135628,-0.3593146,-0.0057340,0.9997226,-0.0228449,0.271,0.057,0,0,0.0126,0,1
1574,4721.585,57.83256798,18.82233629,22.458,-506.150,-16.049,-355.136,249.983,-1.3505,0.0051494,4723.208,7.992,3.903,11.894,1.2825,-0.7737,1.8858,-0.0008633,0.0305,-503.407,-16.255,-362.642,-507.489,-15.989,-351.470,-0.9391762,-0.0135038,-0.3431701,-0.0062109,0.9997311,-0.0223418,0.265,0.053,0,0,0.0127,0,1
1575,4724.585,57.83255895,18.82228871,22.418,-508.976,-16.090,-356.141,250.944,-1.3584,0.0046373,4726.209,8.208,3.785,11.992,1.2789,-0.7783,1.8393,-0.0008891,0.0320,-506.293,-16.301,-363.898,-510.213,-16.033,-352.564,-0.9449861,-0.0135827,-0.3268285,-0.0068242,0.9997387,-0.0218169,0.254,0.050,0,0,0.0127,0,1
1576,4727.584,57.83255037,18.82224085,22.377,-511.820,-16.131,-357.097,251.791,-1.3795,0.0038489,4729.209,8.451,3.669,12.119,1.2718,-0.7903,1.7886,-0.0009022,0.0331,-509.182,-16.347,-365.125,-512.965,-16.078,-353.612,-0.9499343,-0.0137937,-0.3121451,-0.0075202,0.9997450,-0.0212929,0.240,0.049,0,0,0.0115,0,1
1577,4730.584,57.83254213,18.82219278,22.335,-514.676,-16.172,-358.014,252.457,-1.4121,0.0028023,4732.209,8.713,3.562,12.275,1.2611,-0.8090,1.7358,-0.0009038,0.0340,-512.050,-16.392,-366.322,-515.749,-16.122,-354.617,-0.9534221,-0.0141196,-0.3013087,-0.0082320,0.9997497,-0.0208009,0.221,0.050,0,0,0.0103,0,1
1578,4733.584,57.83253413,18.82214456,22.292,-517.541,-16.215,-358.905,252.892,-1.4531,0.0015418,4735.209,8.986,3.471,12.457,1.2470,-0.8325,1.6831,-0.0008951,0.0347,-514.893,-16.439,-367.492,-518.564,-16.167,-355.588,-0.9554905,-0.0145295,-0.2946637,-0.0089235,0.9997529,-0.0203606,0.200,0.053,0,1,0.0092,0,1
1579,4736.584,57.83252625,18.82209627,22.248,-520.409,-16.260,-359.782,253.070,-1.4985,0.0001242,4738.209,9.260,3.399,12.659,1.2299,-0.8585,1.6326,-0.0008775,0.0352,-517.705,-16.486,-368.638,-521.401,-16.215,-356.532,-0.9563037,-0.0149833,-0.2919910,-0.0095620,0.9997546,-0.0199851,0.176,0.058,0,1,0.0080,0,1
1580,4739.584,57.83251839,18.82204798,22.202,-523.279,-16.305,-360.657,252.986,-1.5439,-0.0014006,4741.210,9.526,3.344,12.870,1.2105,-0.8845,1.5861,-0.0008524,0.0353,-520.483,-16.533,-369.764,-524.261,-16.261,-357.460,-0.9558487,-0.0154372,-0.2934535,-0.0101017,0.9997551,-0.0196885,0.150,0.065,0,1,0.0068,0,1
1581,4742.584,57.83251043,18.82199973,22.155,-526.145,-16.352,-361.543,252.643,-1.5847,-0.0030167,4744.210,9.774,3.306,13.081,1.1892,-0.9079,1.5450,-0.0008207,0.0351,-523.220,-16.581,-370.869,-527.134,-16.310,-358.388,-0.9540631,-0.0158450,-0.2991865,-0.0104953,0.9997552,-0.0194793,0.125,0.073,0,1,0.0071,0,1
1582,4745.584,57.83250226,18.82195162,22.107,-529.003,-16.400,-362.452,252.031,-1.6169,-0.0047680,4747.210,9.994,3.282,13.276,1.1664,-0.9263,1.5105,-0.0007830,0.0345,-525.910,-16.629,-371.955,-530.019,-16.359,-359.331,-0.9507688,-0.0161669,-0.3094790,-0.0106971,0.9997553,-0.0193631,0.101,0.083,0,1,0.0074,0,1
1583,4748.584,57.83249375,18.82190371,22.058,-531.850,-16.449,-363.400,251.125,-1.6372,-0.0067122,4750.210,10.176,3.267,13.443,1.1423,-0.9380,1.4832,-0.0007394,0.0334,-528.545,-16.676,-373.024,-532.911,-16.408,-360.310,-0.9456511,-0.0163698,-0.3247707,-0.0106641,0.9997561,-0.0193407,0.078,0.093,0,1,0.0078,0,1
1584,4751.583,57.83248476,18.82185611,22.009,-534.678,-16.498,-364.401,249.883,-1.6437,-0.0088940,4753.211,10.312,3.258,13.571,1.1170,-0.9417,1.4634,-0.0006894,0.0317,-531.118,-16.722,-374.079,-535.803,-16.458,-361.343,-0.9383899,-0.0164348,-0.3451875,-0.0103716,0.9997579,-0.0194045,0.057,0.103,0,1,0.0081,0,1
1585,4754.583,57.83247515,18.82180894,21.960,-537.480,-16.548,-365.471,248.243,-1.6357,-0.0113260,4756.211,10.396,3.254,13.650,1.0902,-0.9371,1.4514,-0.0006323,0.0295,-533.617,-16.767,-375.123,-538.689,-16.507,-362.450,-0.9282720,-0.0163548,-0.3715422,-0.0097900,0.9997610,-0.0195485,0.040,0.111,0,1,0.0084,0,1
1586,4757.583,57.83246474,18.82176237,21.911,-540.247,-16.597,-366.630,246.140,-1.6139,-0.0139727,4759.211,10.426,3.252,13.677,1.0621,-0.9246,1.4472,-0.0005669,0.0265,-536.023,-16.809,-376.162,-541.564,-16.556,-363.657,-0.9141457,-0.0161369,-0.4050645,-0.0088902,0.9997651,-0.0197652,0.024,0.118,0,0,0.0084,0,1
1587,4760.583,57.83245333,18.82171664,21.863,-542.964,-16.645,-367.901,243.514,-1.5801,-0.0167401,4762.211,10.402,3.251,13.653,1.0330,-0.9053,1.4510,-0.0004923,0.0229,-538.323,-16.849,-377.210,-544.414,-16.603,-364.992,-0.8948152,-0.0157990,-0.4461571,-0.0076645,0.9997700,-0.0200313,0.012,0.122,0,1,0.0085,0,1
1588,4763.582,57.83244070,18.82167204,21.816,-545.614,-16.691,-369.306,240.331,-1.5373,-0.0194730,4765.211,10.330,3.250,13.581,1.0035,-0.8807,1.4628,-0.0004079,0.0188,-540.501,-16.886,-378.282,-547.223,-16.648,-366.482,-0.8687966,-0.0153712,-0.4949306,-0.0061154,0.9997749,-0.0203153,0.002,0.123,1,1,0.0085,0,1
1589,4766.581,57.83242667,18.82162895,21.771,-548.174,-16.737,-370.869,236.600,-1.4886,-0.0219661,4768.210,10.219,3.250,13.469,0.9748,-0.8528,1.4830,-0.0003136,0.0142,-542.549,-16.921,-379.400,-549.963,-16.692,-368.156,-0.8347699,-0.0148844,-0.5503977,-0.0042636,0.9997793,-0.0205705,-0.006,0.122,1,1,0.0085,0,1
1590,4769.581,57.83241107,18.82158779,21.727,-550.619,-16.781,-372.606,232.356,-1.4378,-0.0238981,4771.210,10.076,3.250,13.326,0.9484,-0.8237,1.5117,-0.0002105,0.0093,-544.471,-16.955,-380.590,-552.602,-16.734,-370.031,-0.7922257,-0.0143765,-0.6100588,-0.0021679,0.9997824,-0.0207454,-0.012,0.119,1,1,0.0085,0,1
1591,4772.580,57.83239383,18.82154902,21.684,-552.923,-16.823,-374.526,227.692,-1.3881,-0.0248192,4774.209,9.912,3.250,13.162,0.9258,-0.7953,1.5491,-0.0001003,0.0043,-546.267,-16.986,-381.871,-555.105,-16.774,-372.118,-0.7409701,-0.0138797,-0.6713946,0.0001155,0.9997837,-0.0207959,-0.015,0.113,1,1,0.0079,0,1
1592,4775.579,57.83237494,18.82151305,21.644,-555.060,-16.864,-376.630,222.835,-1.3412,-0.0243272,4777.209,9.734,3.250,12.984,0.9085,-0.7684,1.5950,0.0000143,-0.0006,-547.945,-17.018,-383.272,-557.436,-16.812,-374.412,-0.6823461,-0.0134108,-0.7309063,0.0025058,0.9997829,-0.0206835,-0.017,0.106,1,1,0.0073,0,1
1593,4778.578,57.83235449,18.82148020,21.604,-557.012,-16.903,-378.906,218.141,-1.2979,-0.0222194,4780.208,9.549,3.250,12.799,0.8976,-0.7436,1.6484,0.0001297,-0.0053,-549.510,-17.049,-384.814,-559.565,-16.848,-376.895,-0.6186828,-0.0129779,-0.7855337,0.0049180,0.9997800,-0.0203909,-0.017,0.097,1,1,0.0067,0,1
1594,4781.577,57.83233266,18.82145065,21.566,-558.768,-16.941,-381.338,214.005,-1.2582,-0.0185725,4783.207,9.364,3.251,12.614,0.8936,-0.7209,1.7078,0.0002422,-0.0096,-550.992,-17.080,-386.554,-561.468,-16.883,-379.527,-0.5570402,-0.0125810,-0.8303902,0.0071715,0.9997751,-0.0199581,-0.014,0.089,1,1,0.0061,0,1
1595,4784.576,57.83230979,18.82142399,21.529,-560.352,-16.978,-383.885,210.767,-1.2216,-0.0136725,4786.207,9.184,3.252,12.436,0.8962,-0.6999,1.7707,0.0003479,-0.0135,-552.450,-17.111,-388.565,-563.150,-16.917,-382.228,-0.5095450,-0.0122151,-0.8603573,0.0090079,0.9997687,-0.0195293,-0.010,0.080,1,1,0.0055,0,1
1596,4787.576,57.83228632,18.82139922,21.493,-561.824,-17.015,-386.498,208.645,-1.1859,-0.0078504,4789.207,9.015,3.254,12.269,0.9041,-0.6794,1.8334,0.0004434,-0.0167,-553.921,-17.144,-390.834,-564.677,-16.951,-384.933,-0.4809889,-0.0118582,-0.8766465,0.0103669,0.9997617,-0.0192115,-0.003,0.072,1,1,0.0071,0,1
1597,4790.576,57.83226256,18.82137543,21.458,-563.238,-17.050,-389.145,207.713,-1.1471,-0.0013496,4792.207,8.863,3.259,12.122,0.9149,-0.6572,1.8915,0.0005256,-0.0193,-555.412,-17.176,-393.306,-566.116,-16.983,-387.615,-0.4694411,-0.0114702,-0.8828893,0.0113132,0.9997554,-0.0190039,0.007,0.065,1,1,0.0087,0,1
1598,4793.576,57.83223875,18.82135182,21.424,-564.641,-17.083,-391.796,207.952,-1.0997,0.0057223,4795.207,8.734,3.267,12.001,0.9256,-0.6301,1.9395,0.0005926,-0.0213,-556.951,-17.207,-395.936,-567.518,-17.013,-390.247,-0.4740513,-0.0109963,-0.8804286,0.0118605,0.9997515,-0.0188727,0.019,0.060,1,1,0.0102,0,1
1599,4796.576,57.83221513,18.82132756,21.392,-566.082,-17.116,-394.427,209.360,-1.0385,0.0133332,4798.207,8.628,3.281,11.908,0.9323,-0.5950,1.9712,0.0006430,-0.0228,-558.587,-17.238,-398.700,-568.932,-17.044,-392.802,-0.4952682,-0.0103844,-0.8686781,0.0119774,0.9997519,-0.0187801,0.033,0.055,1,1,0.0118,0,1
1600,4799.575,57.83219196,18.82130182,21.361,-567.612,-17.146,-397.007,212.195,-0.9614,0.0212333,4801.207,8.544,3.301,11.845,0.9313,-0.5508,1.9801,0.0006762,-0.0237,-560.390,-17.266,-401.572,-570.402,-17.073,-395.243,-0.5342694,-0.0096136,-0.8452596,0.0115983,0.9997578,-0.0187017,0.048,0.051,1,1,0.0134,0,1
1601,4802.574,57.83216961,18.82127365,21.334,-569.286,-17.174,-399.496,216.782,-0.8679,0.0289725,4804.206,8.475,3.329,11.804,0.9188,-0.4973,1.9600,0.0006923,-0.0241,-562.465,-17.290,-404.525,-571.966,-17.101,-397.520,-0.5934158,-0.0086787,-0.8048493,0.0106227,0.9997703,-0.0186126,0.064,0.048,1,1,0.0136,0,1
1602,4805.573,57.83214865,18.82124197,21.309,-571.168,-17.198,-401.830,223.176,-0.7566,0.0357421,4807.205,8.413,3.365,11.778,0.8913,-0.4335,1.9051,0.0006920,-0.0240,-564.959,-17.309,-407.507,-573.652,-17.126,-399.559,-0.6747967,-0.0075658,-0.7379649,0.0089519,0.9997900,-0.0184357,0.080,0.045,0,1,0.0139,0,1
1603,4808.570,57.83212995,18.82120569,21.289,-573.324,-17.219,-403.912,231.021,-0.6265,0.0402788,4810.202,8.347,3.408,11.755,0.8460,-0.3590,1.8108,0.0006764,-0.0234,-568.033,-17.323,-410.368,-575.484,-17.149,-401.276,-0.7734496,-0.0062649,-0.6338269,0.0066303,0.9998165,-0.0179733,0.095,0.042,0,1,0.0141,0,1
1604,4811.566,57.83211465,18.82116421,21.272,-575.788,-17.235,-405.616,239.554,-0.4810,0.0413642,4813.198,8.272,3.454,11.726,0.7804,-0.2756,1.6738,0.0006467,-0.0222,-571.648,-17.329,-412.778,-577.517,-17.169,-402.626,-0.8657293,-0.0048099,-0.5004893,0.0042122,0.9998484,-0.0168952,0.108,0.039,0,0,0.0143,0,1
1605,4814.563,57.83210310,18.82111865,21.260,-578.496,-17.247,-406.902,247.812,-0.3292,0.0388072,4816.195,8.188,3.499,11.687,0.6928,-0.1886,1.4927,0.0006047,-0.0206,-575.489,-17.329,-414.518,-579.781,-17.187,-403.647,-0.9301111,-0.0032920,-0.3672635,0.0024200,0.9998832,-0.0150912,0.118,0.035,0,0,0.0145,0,1
1606,4817.562,57.83209492,18.82107057,21.252,-581.352,-17.255,-407.813,254.966,-0.1828,0.0336450,4819.193,8.102,3.541,11.642,0.5824,-0.1047,1.2683,0.0005521,-0.0187,-579.301,-17.322,-415.651,-582.248,-17.203,-404.388,-0.9674203,-0.0018280,-0.2531692,0.0014423,0.9999179,-0.0127314,0.125,0.030,0,0,0.0128,0,1
1607,4820.560,57.83208948,18.82102113,21.249,-584.289,-17.258,-408.418,260.577,-0.0517,0.0272675,4822.192,8.024,3.575,11.600,0.4496,-0.0296,1.0032,0.0004911,-0.0165,-582.980,-17.307,-416.335,-584.872,-17.216,-404.891,-0.9865960,-0.0005170,-0.1631813,0.0011270,0.9999495,-0.0099817,0.129,0.024,0,0,0.0110,0,1
1608,4823.560,57.83208613,18.82097104,21.249,-587.265,-17.258,-408.791,264.637,0.0574,0.0207063,4825.192,7.968,3.604,11.572,0.2965,0.0329,0.7023,0.0004234,-0.0142,-586.498,-17.287,-416.722,-587.612,-17.227,-405.204,-0.9953602,0.0005740,-0.0962176,0.0012470,0.9999752,-0.0069349,0.130,0.017,0,0,0.0093,0,1
1609,4826.559,57.83208430,18.82092067,21.252,-590.258,-17.255,-408.995,267.418,0.1392,0.0146329,4828.191,7.943,3.629,11.572,0.1263,0.0798,0.3719,0.0003511,-0.0118,-589.873,-17.262,-416.928,-590.434,-17.237,-405.370,-0.9988215,0.0013920,-0.0485156,0.0015708,0.9999921,-0.0036471,0.129,0.009,0,0,0.0075,0,1
1610,4829.559,57.83208351,18.82087019,21.258,-593.256,-17.250,-409.082,269.159,0.1904,0.0094168,4831.191,7.950,3.657,11.607,-0.0566,0.1091,0.0197,0.0002759,-0.0093,-593.121,-17.234,-417.031,-593.318,-17.246,-405.425,-0.9998536,0.0019040,-0.0170032,0.0019071,0.9999982,-0.0001649,0.127,0.001,0,0,0.0058,0,1
1611,4832.559,57.83208337,18.82081970,21.264,-596.256,-17.244,-409.097,270.046,0.2110,0.0051974,4834.191,7.988,3.695,11.682,-0.2472,0.1209,-0.3459,0.0001994,-0.0068,-596.259,-17.204,-417.085,-596.255,-17.254,-405.402,-0.9999977,0.0021100,0.0003333,0.0021111,0.9999918,0.0034582,0.123,-0.009,0,0,0.0066,0,1
1612,4835.559,57.83208352,18.82076921,21.270,-599.256,-17.237,-409.080,270.268,0.2041,0.0020045,4837.191,8.045,3.749,11.794,-0.4409,0.1169,-0.7167,0.0001230,-0.0043,-599.294,-17.171,-417.125,-599.239,-17.262,-405.331,-0.9999870,0.0020410,0.0046666,0.0020744,0.9999722,0.0071568,0.118,-0.018,0,0,0.0075,0,1
1613,4838.559,57.83208361,18.82071871,21.276,-602.256,-17.231,-409.069,270.029,0.1758,-0.0001974,4840.191,8.109,3.829,11.937,-0.6334,0.1007,-1.0849,0.0000482,-0.0017,-602.245,-17.140,-417.178,-602.261,-17.272,-405.240,-0.9999976,0.0017580,-0.0013333,0.0017434,0.9999396,0.0108512,0.113,-0.027,0,0,0.0083,0,1
1614,4841.559,57.83208344,18.82066822,21.281,-605.256,-17.227,-409.088,269.536,0.1336,-0.0014970,4843.190,8.162,3.941,12.103,-0.8218,0.0765,-1.4444,-0.0000237,0.0009,-605.168,-17.111,-417.250,-605.299,-17.284,-405.147,-0.9999404,0.0013360,-0.0108345,0.0011793,0.9998948,0.0144563,0.108,-0.035,0,0,0.0092,0,1
1615,4844.558,57.83208302,18.82061773,21.284,-608.255,-17.223,-409.134,268.975,0.0860,-0.0020377,4846.190,8.190,4.094,12.284,-1.0043,0.0493,-1.7904,-0.0000914,0.0034,-608.095,-17.082,-417.323,-608.335,-17.298,-405.041,-0.9998094,0.0008600,-0.0195028,0.0005106,0.9998394,0.0179146,0.104,-0.043,0,0,0.0100,0,1
1616,4847.558,57.83208238,18.82056725,21.286,-611.254,-17.222,-409.205,268.481,0.0403,-0.0020130,4849.190,8.180,4.295,12.476,-1.1805,0.0231,-2.1202,-0.0001534,0.0060,-611.033,-17.059,-417.382,-611.370,-17.316,-404.911,-0.9996354,0.0004030,-0.0269992,-0.0001695,0.9997752,0.0212002,0.099,-0.049,0,0,0.0098,0,1
1617,4850.558,57.83208156,18.82051678,21.286,-614.253,-17.221,-409.296,268.111,0.0025,-0.0016440,4852.190,8.122,4.552,12.674,-1.3510,0.0014,-2.4328,-0.0002086,0.0084,-613.986,-17.037,-417.414,-614.402,-17.336,-404.747,-0.9994609,0.0000250,-0.0328320,-0.0007735,0.9997042,0.0243090,0.095,-0.054,0,0,0.0095,0,1
1618,4853.558,57.83208060,18.82046631,21.286,-617.251,-17.222,-409.402,267.862,-0.0239,-0.0011329,4855.190,8.010,4.867,12.877,-1.5172,-0.0137,-2.7290,-0.0002560,0.0106,-616.955,-17.020,-417.407,-617.431,-17.361,-404.538,-0.9993150,-0.0002390,-0.0370055,-0.0012483,0.9996278,0.0272528,0.091,-0.057,0,0,0.0093,0,1
1619,4856.558,57.83207956,18.82041586,21.285,-620.248,-17.223,-409.518,267.707,-0.0381,-0.0005929,4858.190,7.843,5.236,13.078,-1.6803,-0.0218,-3.0105,-0.0002953,0.0126,-619.937,-17.005,-417.354,-620.456,-17.389,-404.287,-0.9992128,-0.0003810,-0.0396685,-0.0015742,0.9995471,0.0300525,0.088,-0.058,0,0,0.0090,0,1
1620,4859.558,57.83207846,18.82036540,21.283,-623.246,-17.224,-409.640,267.647,-0.0413,-0.0000366,4861.190,7.622,5.644,13.266,-1.8413,-0.0237,-3.2794,-0.0003268,0.0144,-622.935,-16.993,-417.256,-623.476,-17.419,-404.001,-0.9991659,-0.0004130,-0.0408333,-0.0017508,0.9994626,0.0327320,0.085,-0.058,0,0,0.0088,0,1
1621,4862.558,57.83207735,18.82031495,21.282,-626.243,-17.225,-409.763,267.685,-0.0363,0.0005347,4864.190,7.355,6.068,13.423,-2.0003,-0.0208,-3.5378,-0.0003516,0.0158,-625.948,-16.984,-417.112,-626.487,-17.453,-403.700,-0.9991929,-0.0003630,-0.0401677,-0.0017826,0.9993747,0.0353128,0.082,-0.056,0,0,0.0095,0,1
1622,4865.558,57.83207629,18.82026450,21.281,-629.241,-17.226,-409.881,267.822,-0.0267,0.0011194,4867.190,7.051,6.479,13.530,-2.1567,-0.0153,-3.7872,-0.0003715,0.0170,-628.975,-16.977,-416.927,-629.485,-17.487,-403.407,-0.9992904,-0.0002670,-0.0376650,-0.0016921,0.9992836,0.0378081,0.081,-0.052,0,0,0.0102,0,1
1623,4868.557,57.83207531,18.82021403,21.281,-632.239,-17.227,-409.989,268.062,-0.0162,0.0017157,4870.189,6.720,6.848,13.568,-2.3096,-0.0093,-4.0282,-0.0003886,0.0179,-632.014,-16.974,-416.706,-632.468,-17.521,-403.145,-0.9994386,-0.0001620,-0.0335035,-0.0015103,0.9991896,0.0402215,0.080,-0.048,0,0,0.0110,0,1
1624,4871.557,57.83207447,18.82016356,21.280,-635.237,-17.227,-410.082,268.406,-0.0076,0.0023217,4873.189,6.376,7.153,13.529,-2.4575,-0.0044,-4.2603,-0.0004051,0.0185,-635.062,-16.972,-416.455,-635.434,-17.552,-402.931,-0.9996217,-0.0000760,-0.0275033,-0.0012466,0.9990937,0.0425467,0.080,-0.042,0,0,0.0117,0,1
1625,4874.557,57.83207382,18.82011308,21.280,-638.236,-17.227,-410.154,268.855,-0.0033,0.0029347,4876.189,6.029,7.385,13.415,-2.5992,-0.0019,-4.4823,-0.0004230,0.0190,-638.117,-16.972,-416.182,-638.381,-17.581,-402.770,-0.9998066,-0.0000330,-0.0196661,-0.0009136,0.9989970,0.0447682,0.080,-0.035,0,0,0.0124,0,1
1626,4877.557,57.83207340,18.82006259,21.280,-641.236,-17.227,-410.200,269.412,-0.0045,0.0035516,4879.189,5.693,7.545,13.238,-2.7332,-0.0026,-4.6919,-0.0004434,0.0194,-641.179,-16.974,-415.893,-641.311,-17.606,-402.656,-0.9999500,-0.0000450,-0.0099995,-0.0005136,0.9989011,0.0468645,0.081,-0.026,0,0,0.0131,0,1
1627,4880.557,57.83207327,18.82001210,21.280,-644.236,-17.227,-410.214,270.076,-0.0118,0.0041684,4882.189,5.377,7.643,13.020,-2.8582,-0.0068,-4.8869,-0.0004666,0.0198,-644.244,-16.978,-415.591,-644.225,-17.628,-402.571,-0.9999989,-0.0001180,0.0015002,-0.0000446,0.9988080,0.0488110,0.082,-0.017,0,0,0.0137,0,1
1628,4883.557,57.83207348,18.81996161,21.279,-647.235,-17.228,-410.191,270.851,-0.0253,0.0047706,4885.189,5.093,7.696,12.788,-2.9728,-0.0145,-5.0651,-0.0004918,0.0201,-647.311,-16.983,-415.283,-647.120,-17.647,-402.496,-0.9998874,-0.0002530,0.0150033,0.0005063,0.9987197,0.0505841,0.084,-0.007,0,0,0.0143,0,1
1629,4886.557,57.83207408,18.81991112,21.278,-650.234,-17.229,-410.124,271.739,-0.0447,0.0053271,4888.189,4.849,7.720,12.569,-3.0756,-0.0256,-5.2246,-0.0005174,0.0204,-650.382,-16.988,-414.971,-649.999,-17.663,-402.408,-0.9995346,-0.0004470,0.0305011,0.0011452,0.9986379,0.0521644,0.085,0.004,0,0,0.0150,0,1
1630,4889.557,57.83207511,18.81986067,21.277,-653.232,-17.231,-410.008,272.732,-0.0697,0.0058027,4891.189,4.658,7.728,12.386,-3.1656,-0.0399,-5.3645,-0.0005409,0.0207,-653.454,-16.993,-414.661,-652.864,-17.678,-402.289,-0.9988630,-0.0006970,0.0476681,0.0018583,0.9985640,0.0535403,0.085,0.014,0,0,0.0156,0,1
1631,4892.556,57.83207663,18.81981025,21.274,-656.227,-17.233,-409.838,273.812,-0.0997,0.0061686,4894.188,4.532,7.731,12.263,-3.2416,-0.0571,-5.4847,-0.0005598,0.0210,-656.528,-16.996,-414.360,-655.714,-17.690,-402.124,-0.9977964,-0.0009970,0.0663420,0.0026399,0.9984988,0.0547097,0.083,0.024,0,0,0.0151,0,1
1632,4895.556,57.83207868,18.81975990,21.271,-659.218,-17.237,-409.610,274.950,-0.1338,0.0064092,4897.188,4.487,7.732,12.219,-3.3031,-0.0767,-5.5860,-0.0005711,0.0213,-659.606,-16.998,-414.080,-658.549,-17.703,-401.907,-0.9962503,-0.0013380,0.0865073,0.0034939,0.9984426,0.0556795,0.078,0.031,0,0,0.0145,0,1
1633,4898.556,57.83208128,18.81970965,21.266,-662.204,-17.241,-409.319,276.112,-0.1709,0.0065257,4900.188,4.539,7.734,12.273,-3.3498,-0.0979,-5.6703,-0.0005721,0.0215,-662.690,-16.995,-413.832,-661.376,-17.714,-401.629,-0.9942565,-0.0017090,0.1070097,0.0043616,0.9983948,0.0564699,0.071,0.036,0,0,0.0139,0,1
1634,4901.556,57.83208443,18.81965950,21.260,-665.183,-17.247,-408.968,277.270,-0.2092,0.0065356,4903.188,4.699,7.738,12.437,-3.3825,-0.1199,-5.7402,-0.0005604,0.0217,-665.778,-16.990,-413.630,-664.203,-17.725,-401.292,-0.9919414,-0.0020920,0.1266805,0.0051880,0.9983544,0.0571105,0.060,0.038,0,0,0.0134,0,1
1635,4904.556,57.83208810,18.81960948,21.254,-668.155,-17.254,-408.559,278.407,-0.2464,0.0064685,4906.188,4.975,7.743,12.718,-3.4030,-0.1412,-5.7986,-0.0005338,0.0216,-668.882,-16.979,-413.481,-667.023,-17.735,-400.899,-0.9892550,-0.0024640,0.1461797,0.0060288,0.9983200,0.0576266,0.045,0.036,0,0,0.0128,0,1
1636,4907.556,57.83209229,18.81955960,21.246,-671.118,-17.262,-408.091,279.514,-0.2800,0.0063597,4909.188,5.358,7.749,13.107,-3.4143,-0.1604,-5.8488,-0.0004909,0.0211,-672.004,-16.963,-413.376,-669.837,-17.745,-400.449,-0.9862319,-0.0028000,0.1653443,0.0068974,0.9982901,0.0580461,0.026,0.031,0,0,0.0136,0,1
1637,4910.555,57.83209699,18.81950988,21.237,-674.072,-17.270,-407.567,280.596,-0.3070,0.0062401,4912.187,5.827,7.756,13.583,-3.4204,-0.1759,-5.8936,-0.0004309,0.0199,-675.143,-16.941,-413.294,-672.646,-17.753,-399.943,-0.9829486,-0.0030700,0.1838549,0.0078045,0.9982631,0.0583945,0.004,0.022,0,0,0.0144,0,1
1638,4913.555,57.83210219,18.81946033,21.227,-677.015,-17.280,-406.988,281.658,-0.3247,0.0061242,4915.187,6.344,7.766,14.110,-3.4258,-0.1860,-5.9358,-0.0003541,0.0176,-678.296,-16.918,-413.201,-675.446,-17.762,-399.382,-0.9793782,-0.0032470,0.2020093,0.0087954,0.9982377,0.0586870,-0.021,0.009,0,0,0.0152,0,1
1639,4916.555,57.83210787,18.81941097,21.217,-679.948,-17.290,-406.355,282.700,-0.3305,0.0060129,4918.187,6.865,7.780,14.645,-3.4344,-0.1894,-5.9774,-0.0002617,0.0140,-681.456,-16.892,-413.052,-678.239,-17.771,-398.765,-0.9755660,-0.0033050,0.2196815,0.0098893,0.9982129,0.0589343,-0.048,-0.005,0,0,0.0160,0,1
1640,4919.555,57.83211402,18.81936181,21.208,-682.868,-17.300,-405.670,283.723,-0.3226,0.0059061,4921.187,7.346,7.801,15.147,-3.4488,-0.1848,-6.0196,-0.0001560,0.0089,-684.611,-16.866,-412.807,-681.018,-17.779,-398.092,-0.9714563,-0.0032260,0.2371967,0.0111241,0.9981880,0.0591356,-0.075,-0.021,0,0,0.0167,0,1
1641,4922.555,57.83212063,18.81931286,21.198,-685.776,-17.309,-404.932,284.729,-0.3001,0.0058041,4924.187,7.753,7.829,15.582,-3.4697,-0.1719,-6.0629,-0.0000407,0.0025,-687.747,-16.841,-412.431,-683.786,-17.786,-397.360,-0.9671457,-0.0030010,0.2542050,0.0124869,0.9981626,0.0592912,-0.101,-0.037,0,0,0.0204,0,1
1642,4925.555,57.83212770,18.81926414,21.190,-688.670,-17.318,-404.145,285.717,-0.2628,0.0057068,4927.187,8.064,7.867,15.931,-3.4958,-0.1506,-6.1074,0.0000796,-0.0051,-690.853,-16.820,-411.908,-686.540,-17.794,-396.572,-0.9626571,-0.0026280,0.2707109,0.0139774,0.9981368,0.0593937,-0.125,-0.053,0,0,0.0240,0,1
1643,4928.555,57.83213521,18.81921565,21.182,-691.551,-17.325,-403.308,286.688,-0.2118,0.0056145,4930.187,8.275,7.915,16.190,-3.5247,-0.1214,-6.1523,0.0001997,-0.0131,-693.927,-16.802,-411.234,-689.278,-17.799,-395.726,-0.9578746,-0.0021180,0.2871790,0.0156098,0.9981106,0.0594272,-0.147,-0.068,0,0,0.0276,0,1
1644,4931.554,57.83214316,18.81916740,21.177,-694.417,-17.330,-402.422,287.645,-0.1488,0.0055270,4933.187,8.392,7.974,16.365,-3.5535,-0.0853,-6.1969,0.0003142,-0.0210,-696.961,-16.788,-410.419,-691.999,-17.804,-394.824,-0.9529269,-0.0014880,0.3031964,0.0173375,0.9980843,0.0593891,-0.166,-0.082,0,0,0.0312,0,1
1645,4934.554,57.83215153,18.81911941,21.174,-697.268,-17.334,-401.489,288.586,-0.0762,0.0054446,4936.186,8.431,8.043,16.474,-3.5800,-0.0437,-6.2403,0.0004180,-0.0284,-699.955,-16.778,-409.481,-694.705,-17.809,-393.866,-0.9478632,-0.0007620,0.3186767,0.0191268,0.9980583,0.0592766,-0.182,-0.094,0,0,0.0349,0,1
1646,4937.554,57.83216032,18.81907167,21.172,-700.104,-17.335,-400.510,289.515,0.0031,0.0053652,4939.186,8.411,8.122,16.534,-3.6028,0.0018,-6.2817,0.0005073,-0.0347,-702.914,-16.771,-408.438,-697.391,-17.812,-392.854,-0.9425649,0.0000310,0.3340230,0.0209703,0.9980328,0.0590826,-0.196,-0.105,0,0,0.0395,0,1
1647,4940.554,57.83216951,18.81902421,21.174,-702.923,-17.334,-399.485,290.436,0.0859,0.0052693,4942.186,8.350,8.212,16.562,-3.6215,0.0492,-6.3212,0.0005800,-0.0398,-705.837,-16.766,-407.310,-700.057,-17.814,-391.789,-0.9371074,0.0008590,0.3490400,0.0228230,0.9980077,0.0588195,-0.207,-0.114,0,0,0.0441,0,1
1648,4943.554,57.83217911,18.81897703,21.178,-705.726,-17.330,-398.416,291.351,0.1691,0.0051223,4945.186,8.262,8.311,16.573,-3.6370,0.0969,-6.3594,0.0006361,-0.0437,-708.731,-16.761,-406.112,-702.703,-17.815,-390.674,-0.9315240,0.0016910,0.3636760,0.0246530,0.9979826,0.0585060,-0.218,-0.121,0,0,0.0487,0,1
1649,4946.554,57.83218910,18.81893014,21.184,-708.512,-17.323,-397.303,292.252,0.2493,0.0048878,4948.186,8.156,8.419,16.575,-3.6506,0.1428,-6.3979,0.0006784,-0.0466,-711.597,-16.756,-404.853,-705.328,-17.814,-389.510,-0.9257245,0.0024930,0.3781903,0.0264498,0.9979565,0.0581648,-0.227,-0.128,0,0,0.0534,0,1
1650,4949.554,57.83219947,18.81888354,21.193,-711.280,-17.315,-396.147,293.117,0.3236,0.0045376,4951.186,8.039,8.530,16.569,-3.6645,0.1854,-6.4395,0.0007123,-0.0489,-714.434,-16.751,-403.541,-707.933,-17.812,-388.301,-0.9198199,0.0032360,0.3923276,0.0281821,0.9979279,0.0578423,-0.238,-0.134,0,0,0.0580,0,1
1651,4952.553,57.83221022,18.81883724,21.203,-714.031,-17.304,-394.949,293.913,0.3892,0.0040580,4954.186,7.910,8.639,16.549,-3.6813,0.2230,-6.4884,0.0007461,-0.0511,-717.237,-16.744,-402.180,-710.529,-17.809,-387.051,-0.9141617,0.0038920,0.4053311,0.0297948,0.9978941,0.0576159,-0.250,-0.139,0,0,0.0497,0,1
1652,4955.553,57.83222130,18.81879121,21.216,-716.765,-17.291,-393.715,294.607,0.4437,0.0034530,4957.185,7.768,8.737,16.505,-3.7039,0.2542,-6.5501,0.0007906,-0.0538,-720.000,-16.734,-400.778,-713.127,-17.803,-385.771,-0.9091663,0.0044370,0.4164095,0.0312424,0.9978519,0.0575805,-0.265,-0.144,0,0,0.0413,0,1
1653,4958.553,57.83223265,18.81874542,21.230,-719.485,-17.277,-392.451,295.172,0.4855,0.0027429,4960.185,7.608,8.813,16.421,-3.7349,0.2782,-6.6313,0.0008590,-0.0579,-722.720,-16.723,-399.337,-715.738,-17.795,-384.474,-0.9050836,0.0048549,0.4252059,0.0325195,0.9977968,0.0578275,-0.284,-0.148,0,0,0.0330,0,1
1654,4961.553,57.83224420,18.81869980,21.245,-722.195,-17.262,-391.164,295.592,0.5133,0.0019593,4963.185,7.424,8.857,16.281,-3.7768,0.2941,-6.7395,0.0009651,-0.0640,-725.400,-16.708,-397.861,-718.372,-17.783,-383.175,-0.9020151,0.0051329,0.4316739,0.0336463,0.9977236,0.0584428,-0.306,-0.152,0,0,0.0247,0,1
1655,4964.553,57.83225589,18.81865431,21.261,-724.897,-17.247,-389.861,295.862,0.5269,0.0011378,4966.185,7.210,8.861,16.072,-3.8313,0.3019,-6.8823,0.0011232,-0.0725,-728.039,-16.692,-396.350,-721.035,-17.769,-381.885,-0.9000097,0.0052689,0.4358380,0.0346558,0.9976263,0.0595040,-0.334,-0.156,0,0,0.0164,0,1
1656,4967.553,57.83226767,18.81860890,21.276,-727.595,-17.231,-388.549,295.983,0.5267,0.0003186,4969.185,6.960,8.828,15.787,-3.8988,0.3018,-7.0666,0.0013457,-0.0839,-730.641,-16.674,-394.807,-723.731,-17.750,-380.611,-0.8991305,0.0052669,0.4376490,0.0355739,0.9974987,0.0610806,-0.367,-0.160,0,0,0.0166,0,1
1657,4970.553,57.83227947,18.81856350,21.292,-730.292,-17.215,-387.235,295.934,0.5136,-0.0003909,4972.185,6.669,8.764,15.433,-3.9777,0.2943,-7.2973,0.0016417,-0.0978,-733.210,-16.655,-393.232,-726.458,-17.728,-379.355,-0.8991966,0.0051359,0.4375146,0.0364482,0.9973350,0.0632021,-0.405,-0.163,0,0,0.0168,0,1
1658,4973.553,57.83229123,18.81851808,21.307,-732.990,-17.200,-385.924,295.711,0.4885,-0.0008259,4975.185,6.339,8.683,15.022,-4.0634,0.2799,-7.5760,0.0020148,-0.1137,-735.748,-16.639,-391.632,-729.213,-17.706,-378.106,-0.9004013,0.0048849,0.4350329,0.0372498,0.9971307,0.0659004,-0.447,-0.165,0,0,0.0170,0,1
1659,4976.552,57.83230289,18.81847256,21.321,-735.694,-17.186,-384.625,295.365,0.4521,-0.0008144,4978.185,5.975,8.602,14.577,-4.1483,0.2590,-7.8997,0.0024619,-0.1308,-738.264,-16.626,-390.019,-731.995,-17.683,-376.859,-0.9027897,0.0045210,0.4300586,0.0379367,0.9968841,0.0691580,-0.493,-0.168,0,1,0.0172,0,1
1660,4979.552,57.83231439,18.81842690,21.334,-738.406,-17.173,-383.344,295.006,0.4038,-0.0002177,4981.185,5.588,8.537,14.125,-4.2229,0.2314,-8.2602,0.0029719,-0.1482,-740.773,-16.619,-388.406,-734.790,-17.662,-375.610,-0.9058775,0.0040380,0.4235206,0.0385103,0.9965978,0.0728686,-0.539,-0.169,0,1,0.0175,0,1
1661,4982.552,57.83232569,18.81838107,21.345,-741.129,-17.162,-382.084,294.787,0.3421,0.0010427,4984.185,5.196,8.497,13.693,-4.2775,0.1960,-8.6434,0.0035255,-0.1653,-743.305,-16.618,-386.802,-737.570,-17.642,-374.368,-0.9080760,0.0034210,0.4187915,0.0391585,0.9962796,0.0767700,-0.584,-0.171,0,1,0.0300,0,1
1662,4985.552,57.83233694,18.81833518,21.354,-743.855,-17.153,-380.831,294.871,0.2639,0.0029734,4987.185,4.821,8.484,13.304,-4.3063,0.1512,-9.0304,0.0040962,-0.1813,-745.881,-16.622,-385.205,-740.289,-17.624,-373.133,-0.9073602,0.0026390,0.4203458,0.0401899,0.9959439,0.0805014,-0.624,-0.172,0,1,0.0425,0,1
1663,4988.552,57.83234833,18.81828942,21.361,-746.573,-17.147,-379.562,295.400,0.1650,0.0055137,4990.184,4.485,8.489,12.974,-4.3093,0.0945,-9.3980,0.0046521,-0.1958,-748.500,-16.632,-383.612,-742.925,-17.610,-371.897,-0.9029579,0.0016500,0.4297259,0.0416918,0.9956116,0.0837818,-0.656,-0.172,0,1,0.0550,0,1
1664,4991.552,57.83236008,18.81824399,21.364,-749.272,-17.143,-378.253,296.476,0.0406,0.0085474,4993.184,4.209,8.501,12.711,-4.2932,0.0233,-9.7212,0.0051588,-0.2084,-751.155,-16.642,-382.018,-745.470,-17.597,-370.649,-0.8944271,0.0004060,0.4472136,0.0436318,0.9953081,0.0863600,-0.677,-0.172,0,1,0.0676,0,1
1665,4994.552,57.83237241,18.81819910,21.363,-751.939,-17.144,-376.879,298.156,-0.1129,0.0119178,4996.184,4.008,8.504,12.512,-4.2692,-0.0647,-9.9752,0.0055828,-0.2185,-753.836,-16.655,-380.410,-747.914,-17.589,-369.388,-0.8809038,-0.0011290,0.4732941,0.0459892,0.9950610,0.0879695,-0.684,-0.172,1,1,0.0801,0,1
1666,4997.551,57.83238556,18.81815503,21.357,-754.556,-17.150,-375.414,300.496,-0.2976,0.0153805,4999.184,3.887,8.482,12.369,-4.2494,-0.1705,-10.1384,0.0058946,-0.2254,-756.531,-16.667,-378.762,-750.247,-17.586,-368.109,-0.8613340,-0.0029760,0.5080303,0.0486932,0.9948956,0.0883843,-0.675,-0.172,1,1,0.0894,0,1
1667,5000.551,57.83239976,18.81811213,21.345,-757.105,-17.162,-373.832,303.550,-0.5127,0.0186485,5002.183,3.847,8.419,12.266,-4.2425,-0.2938,-10.1945,0.0060724,-0.2284,-759.228,-16.680,-377.040,-752.459,-17.590,-366.811,-0.8339585,-0.0051269,0.5518034,0.0517100,0.9948308,0.0873942,-0.650,-0.172,1,0,0.0986,0,1
1668,5003.550,57.83241526,18.81807084,21.326,-759.557,-17.181,-372.105,307.285,-0.7533,0.0214059,5005.183,3.884,8.306,12.190,-4.2523,-0.4316,-10.1345,0.0061037,-0.2268,-761.903,-16.695,-375.200,-754.540,-17.602,-365.485,-0.7969649,-0.0075328,0.6039786,0.0549256,0.9948758,0.0848838,-0.610,-0.171,1,1,0.1079,0,1
1669,5006.549,57.83243226,18.81803169,21.300,-761.883,-17.207,-370.211,311.558,-1.0108,0.0233497,5008.182,3.993,8.135,12.129,-4.2768,-0.5791,-9.9579,0.0059871,-0.2202,-764.529,-16.714,-373.202,-756.493,-17.621,-364.118,-0.7489615,-0.0101075,0.6625364,0.0581166,0.9950283,0.0808776,-0.558,-0.170,0,1,0.1172,0,1
1670,5009.548,57.83245091,18.81799528,21.266,-764.046,-17.241,-368.134,316.130,-1.2728,0.0242797,5011.181,4.173,7.901,12.075,-4.3095,-0.7292,-9.6724,0.0057317,-0.2089,-767.060,-16.737,-371.020,-758.339,-17.647,-362.670,-0.6915303,-0.0127270,0.7222353,0.0607719,0.9952750,0.0757266,-0.495,-0.169,0,1,0.1264,0,1
1671,5012.547,57.83247112,18.81796192,21.224,-766.027,-17.283,-365.883,320.727,-1.5257,0.0241749,5014.181,4.424,7.604,12.028,-4.3408,-0.8741,-9.2936,0.0053564,-0.1937,-769.460,-16.767,-368.674,-760.128,-17.680,-361.086,-0.6308081,-0.0152552,0.7757889,0.0622063,0.9955944,0.0701586,-0.427,-0.168,1,1,0.1042,0,1
1672,5015.547,57.83249266,18.81793161,21.175,-767.827,-17.333,-363.484,325.109,-1.7565,0.0232052,5017.180,4.747,7.245,11.993,-4.3587,-1.0063,-8.8429,0.0048873,-0.1757,-771.724,-16.803,-366.194,-761.879,-17.717,-359.347,-0.5708640,-0.0175623,0.8208568,0.0623176,0.9959605,0.0646473,-0.359,-0.167,1,1,0.0819,0,1
1673,5018.546,57.83251530,18.81790429,21.119,-769.450,-17.389,-360.961,329.127,-1.9552,0.0216652,5020.180,5.140,6.834,11.974,-4.3505,-1.1201,-8.3454,0.0043552,-0.1561,-773.861,-16.845,-363.599,-763.585,-17.756,-357.454,-0.5130972,-0.0195483,0.8581079,0.0613676,0.9963467,0.0593916,-0.294,-0.165,0,0,0.0596,0,1
1674,5021.545,57.83253886,18.81787981,21.057,-770.904,-17.450,-358.338,332.740,-2.1148,0.0198736,5023.180,5.593,6.382,11.975,-4.3050,-1.2115,-7.8269,0.0037918,-0.1359,-775.875,-16.894,-360.902,-765.232,-17.795,-355.412,-0.4583493,-0.0211433,0.8885206,0.0596678,0.9967295,0.0544982,-0.237,-0.164,0,1,0.0373,0,1
1675,5024.545,57.83256315,18.81785800,20.992,-772.199,-17.516,-355.632,335.991,-2.2320,0.0180811,5026.180,6.089,5.908,11.997,-4.2148,-1.2786,-7.3112,0.0032275,-0.1161,-777.760,-16.951,-358.112,-766.803,-17.835,-353.225,-0.4072589,-0.0223144,0.9130401,0.0575108,0.9970910,0.0500212,-0.191,-0.162,0,0,0.0151,0,1
1676,5027.544,57.83258802,18.81783866,20.923,-773.347,-17.584,-352.861,338.922,-2.3084,0.0163984,5029.181,6.602,5.435,12.036,-4.0796,-1.3224,-6.8185,0.0026882,-0.0974,-779.505,-17.017,-355.240,-768.278,-17.875,-350.903,-0.3602571,-0.0230779,0.9325675,0.0551431,0.9974190,0.0459848,-0.157,-0.160,0,1,0.0136,0,1
1677,5030.544,57.83261337,18.81782161,20.853,-774.360,-17.654,-350.038,341.566,-2.3500,0.0148547,5032.181,7.102,4.986,12.089,-3.9059,-1.3462,-6.3634,0.0021940,-0.0802,-781.096,-17.091,-352.289,-769.631,-17.917,-348.458,-0.3168404,-0.0234935,0.9481879,0.0527845,0.9977071,0.0423586,-0.137,-0.159,0,0,0.0122,0,1
1678,5033.544,57.83263910,18.81780666,20.783,-775.248,-17.725,-347.172,343.953,-2.3659,0.0134600,5035.182,7.562,4.586,12.148,-3.7062,-1.3553,-5.9545,0.0017582,-0.0649,-782.514,-17.174,-349.266,-770.841,-17.961,-345.902,-0.2768227,-0.0236524,0.9606299,0.0505618,0.9979536,0.0391417,-0.129,-0.157,0,0,0.0108,0,1
1679,5036.543,57.83266512,18.81779362,20.712,-776.021,-17.796,-344.274,346.113,-2.3674,0.0122132,5038.182,7.957,4.255,12.212,-3.4955,-1.3562,-5.5947,0.0013875,-0.0517,-783.744,-17.263,-346.188,-771.891,-18.009,-343.250,-0.2405064,-0.0236674,0.9703590,0.0485189,0.9981598,0.0363710,-0.130,-0.155,0,1,0.0093,0,1
1680,5039.543,57.83269137,18.81778234,20.641,-776.691,-17.867,-341.350,348.073,-2.3655,0.0111057,5041.183,8.273,4.006,12.279,-3.2875,-1.3551,-5.2820,0.0010828,-0.0408,-784.784,-17.356,-343.064,-772.772,-18.061,-340.520,-0.2071707,-0.0236484,0.9780189,0.0466932,0.9983294,0.0340304,-0.140,-0.153,0,0,0.0079,0,1
1681,5042.543,57.83271781,18.81777268,20.570,-777.264,-17.938,-338.406,349.857,-2.3701,0.0101258,5044.183,8.506,3.847,12.352,-3.0924,-1.3577,-5.0110,0.0008402,-0.0320,-785.636,-17.451,-339.907,-773.478,-18.118,-337.727,-0.1764737,-0.0236943,0.9840201,0.0450705,0.9984671,0.0321251,-0.153,-0.150,0,0,0.0151,0,1
1682,5045.543,57.83274439,18.81776449,20.499,-777.750,-18.009,-335.445,351.487,-2.3881,0.0092600,5047.184,8.658,3.779,12.438,-2.9156,-1.3680,-4.7745,0.0006530,-0.0253,-786.312,-17.547,-336.731,-774.012,-18.180,-334.884,-0.1484693,-0.0238742,0.9886288,0.0436069,0.9985781,0.0306632,-0.168,-0.148,0,1,0.0222,0,1
1683,5048.542,57.83277107,18.81775767,20.427,-778.155,-18.081,-332.473,352.980,-2.4232,0.0084946,5050.185,8.740,3.801,12.541,-2.7582,-1.3881,-4.5646,0.0005125,-0.0202,-786.829,-17.643,-333.545,-774.382,-18.247,-332.007,-0.1226446,-0.0242249,0.9921550,0.0422721,0.9986673,0.0296093,-0.181,-0.145,0,1,0.0294,0,1
1684,5051.542,57.83279784,18.81775209,20.353,-778.486,-18.154,-329.491,354.353,-2.4750,0.0078218,5053.185,8.762,3.906,12.668,-2.6184,-1.4178,-4.3742,0.0004096,-0.0164,-787.205,-17.739,-330.356,-774.599,-18.319,-329.106,-0.0986483,-0.0247424,0.9948147,0.0410346,0.9987394,0.0289091,-0.191,-0.141,0,0,0.0365,0,1
1685,5054.542,57.83282468,18.81774768,20.278,-778.747,-18.229,-326.503,355.616,-2.5401,0.0072423,5056.186,8.735,4.087,12.822,-2.4929,-1.4551,-4.1976,0.0003356,-0.0138,-787.457,-17.837,-327.171,-774.672,-18.395,-326.190,-0.0764934,-0.0253928,0.9967467,0.0398618,0.9987986,0.0285042,-0.195,-0.136,0,1,0.0437,0,1
1686,5057.542,57.83285155,18.81774433,20.201,-778.945,-18.306,-323.510,356.784,-2.6124,0.0067572,5059.187,8.666,4.334,13.000,-2.3783,-1.4965,-4.0310,0.0002822,-0.0119,-787.598,-17.935,-323.998,-774.618,-18.475,-323.266,-0.0563185,-0.0261151,0.9980713,0.0387294,0.9988483,0.0283208,-0.195,-0.131,0,1,0.0378,0,1
1687,5060.542,57.83287846,18.81774198,20.121,-779.085,-18.386,-320.513,357.876,-2.6845,0.0063655,5062.188,8.556,4.639,13.194,-2.2719,-1.5377,-3.8722,0.0002427,-0.0106,-787.635,-18.037,-320.832,-774.449,-18.560,-320.340,-0.0373250,-0.0268353,0.9989428,0.0376505,0.9988918,0.0282408,-0.188,-0.124,0,1,0.0320,0,1
1688,5063.542,57.83290538,18.81774056,20.040,-779.169,-18.467,-317.515,358.912,-2.7488,0.0060597,5065.189,8.397,4.993,13.390,-2.1719,-1.5745,-3.7207,0.0002113,-0.0095,-787.564,-18.140,-317.676,-774.177,-18.648,-317.419,-0.0191623,-0.0274776,0.9994387,0.0366338,0.9989317,0.0281661,-0.176,-0.116,0,1,0.0261,0,1
1689,5066.541,57.83293231,18.81774001,19.957,-779.200,-18.551,-314.515,359.908,-2.7984,0.0058265,5068.190,8.178,5.387,13.565,-2.0779,-1.6029,-3.5772,0.0001829,-0.0084,-787.378,-18.246,-314.530,-773.813,-18.738,-314.505,-0.0018326,-0.0279730,0.9996070,0.0356834,0.9989702,0.0280206,-0.159,-0.107,0,1,0.0203,0,1
1690,5069.541,57.83295925,18.81774034,19.872,-779.180,-18.635,-311.515,0.880,-2.8281,0.0056464,5071.191,7.888,5.806,13.695,-1.9902,-1.6200,-3.4429,0.0001539,-0.0072,-787.067,-18.354,-311.395,-773.374,-18.830,-311.603,0.0151614,-0.0282697,0.9994853,0.0348198,0.9990089,0.0277280,-0.138,-0.098,0,1,0.0144,0,1
1691,5072.541,57.83298618,18.81774153,19.787,-779.109,-18.720,-308.516,1.833,-2.8342,0.0054977,5074.192,7.521,6.235,13.755,-1.9102,-1.6234,-3.3196,0.0001212,-0.0057,-786.626,-18.463,-308.277,-772.877,-18.922,-308.715,0.0318256,-0.0283306,0.9990918,0.0340488,0.9990487,0.0272448,-0.116,-0.087,0,1,0.0143,0,1
1692,5075.541,57.83301309,18.81774354,19.702,-778.989,-18.805,-305.519,2.769,-2.8142,0.0053584,5077.193,7.081,6.649,13.730,-1.8397,-1.6120,-3.2085,0.0000825,-0.0039,-786.062,-18.574,-305.178,-772.348,-19.015,-305.839,0.0481559,-0.0281309,0.9984436,0.0333727,0.9990905,0.0265395,-0.093,-0.076,0,1,0.0143,0,1
1693,5078.541,57.83303998,18.81774638,19.618,-778.820,-18.889,-302.524,3.684,-2.7670,0.0052122,5080.194,6.590,7.022,13.612,-1.7807,-1.5850,-3.1106,0.0000364,-0.0017,-785.396,-18.682,-302.101,-771.812,-19.106,-302.975,0.0641382,-0.0276594,0.9975576,0.0327884,0.9991345,0.0255950,-0.070,-0.065,0,0,0.0142,0,1
1694,5081.541,57.83306685,18.81775001,19.536,-778.604,-18.971,-299.531,4.571,-2.6913,0.0050521,5083.195,6.082,7.327,13.409,-1.7346,-1.5416,-3.0262,-0.0000178,0.0008,-784.667,-18.788,-299.046,-771.300,-19.194,-300.115,0.0796369,-0.0269033,0.9964608,0.0322838,0.9991809,0.0243966,-0.049,-0.054,0,0,0.0141,0,1
1695,5084.541,57.83309368,18.81775440,19.457,-778.342,-19.050,-296.543,5.430,-2.5854,0.0048787,5086.196,5.601,7.542,13.143,-1.7016,-1.4810,-2.9552,-0.0000800,0.0035,-783.918,-18.887,-296.014,-770.834,-19.277,-297.256,0.0944864,-0.0258454,0.9951906,0.0318393,0.9992300,0.0229273,-0.031,-0.045,1,0,0.0140,0,1
1696,5087.540,57.83312047,18.81775953,19.382,-778.037,-19.126,-293.559,6.258,-2.4466,0.0046926,5089.197,5.189,7.656,12.844,-1.6803,-1.4015,-2.8967,-0.0001493,0.0062,-783.195,-18.980,-292.994,-770.427,-19.357,-294.392,0.1088073,-0.0244587,0.9937619,0.0314354,0.9992819,0.0211527,-0.015,-0.036,1,0,0.0119,0,1
1697,5090.540,57.83314723,18.81776538,19.311,-777.689,-19.196,-290.579,7.052,-2.2711,0.0044947,5092.197,4.875,7.670,12.545,-1.6679,-1.3010,-2.8493,-0.0002241,0.0088,-782.527,-19.062,-289.981,-770.077,-19.428,-291.520,0.1226287,-0.0227051,0.9921929,0.0310427,0.9993368,0.0190320,-0.002,-0.030,0,0,0.0098,0,1
1698,5093.540,57.83317394,18.81777190,19.246,-777.301,-19.261,-287.604,7.810,-2.0537,0.0042862,5095.198,4.672,7.599,12.272,-1.6609,-1.1765,-2.8111,-0.0003025,0.0114,-781.930,-19.136,-286.969,-769.772,-19.492,-288.636,0.1358134,-0.0205327,0.9905216,0.0306218,0.9993945,0.0165180,0.007,-0.026,0,0,0.0078,0,1
1699,5096.540,57.83320060,18.81777907,19.188,-776.874,-19.319,-284.635,8.532,-1.7887,0.0040682,5098.198,4.575,7.470,12.045,-1.6559,-1.0247,-2.7802,-0.0003823,0.0139,-781.398,-19.200,-283.956,-769.487,-19.548,-285.743,0.1483249,-0.0178841,0.9887770,0.0301312,0.9994540,0.0135573,0.014,-0.024,0,0,0.0057,0,1
1700,5099.540,57.83322721,18.81778686,19.139,-776.411,-19.368,-281.671,9.215,-1.4702,0.0038416,5101.199,4.562,7.311,11.873,-1.6502,-0.8423,-2.7542,-0.0004612,0.0163,-780.914,-19.252,-280.941,-769.194,-19.594,-282.841,0.1600012,-0.0147004,0.9870074,0.0295249,0.9995130,0.0101005,0.020,-0.024,0,0,0.0036,0,1
1701,5102.540,57.83325378,18.81779522,19.101,-775.914,-19.407,-278.713,9.858,-1.0927,0.0036074,5104.199,4.604,7.151,11.755,-1.6425,-0.6260,-2.7306,-0.0005375,0.0186,-780.450,-19.293,-277.926,-768.868,-19.630,-279.936,0.1710074,-0.0109263,0.9852092,0.0287601,0.9995678,0.0060936,0.024,-0.027,0,0,0.0047,0,1
1702,5105.540,57.83328029,18.81780412,19.074,-775.385,-19.433,-275.760,10.460,-0.6517,0.0033666,5107.199,4.672,7.013,11.685,-1.6323,-0.3734,-2.7070,-0.0006099,0.0208,-779.979,-19.320,-274.912,-768.489,-19.653,-277.033,0.1815064,-0.0065169,0.9833682,0.0277921,0.9996126,0.0014947,0.027,-0.030,0,0,0.0059,0,1
1703,5108.540,57.83330675,18.81781352,19.062,-774.825,-19.445,-272.813,11.019,-0.1444,0.0031202,5110.199,4.739,6.912,11.651,-1.6198,-0.0827,-2.6805,-0.0006778,0.0230,-779.477,-19.333,-271.908,-768.040,-19.663,-274.133,0.1910167,-0.0014440,0.9815857,0.0265781,0.9996399,-0.0037015,0.030,-0.034,0,0,0.0070,0,1
1704,5111.539,57.83333317,18.81782339,19.066,-774.239,-19.441,-269.871,11.536,0.4301,0.0028690,5113.198,4.786,6.858,11.644,-1.6051,0.2464,-2.6486,-0.0007413,0.0251,-778.929,-19.331,-268.915,-767.520,-19.657,-271.241,0.1998308,0.0043010,0.9798210,0.0250831,0.9996402,-0.0095036,0.034,-0.038,0,0,0.0082,0,1
1705,5114.539,57.83335954,18.81783368,19.088,-773.626,-19.419,-266.934,12.008,1.0706,0.0026138,5116.198,4.802,6.851,11.653,-1.5880,0.6134,-2.6083,-0.0008010,0.0272,-778.323,-19.312,-265.935,-766.925,-19.635,-268.359,0.2079804,0.0107054,0.9780744,0.0232761,0.9996028,-0.0158905,0.039,-0.040,0,0,0.0093,0,1
1706,5117.539,57.83338586,18.81784437,19.131,-772.991,-19.377,-264.002,12.436,1.7739,0.0023555,5119.199,4.781,6.889,11.670,-1.5681,1.0163,-2.5567,-0.0008580,0.0292,-777.660,-19.274,-262.973,-766.264,-19.594,-265.484,0.2151491,0.0177362,0.9764201,0.0211410,0.9995162,-0.0228140,0.045,-0.040,0,0,0.0122,0,1
1707,5120.539,57.83341215,18.81785540,19.195,-772.335,-19.312,-261.075,12.819,2.5349,0.0020949,5122.199,4.724,6.967,11.691,-1.5444,1.4521,-2.4913,-0.0009134,0.0312,-776.941,-19.215,-260.028,-765.542,-19.530,-262.619,0.2216220,0.0253409,0.9748033,0.0186614,0.9993690,-0.0302222,0.051,-0.037,0,0,0.0151,0,1
1708,5123.539,57.83343839,18.81786675,19.283,-771.661,-19.224,-258.152,13.158,3.3467,0.0018328,5125.200,4.633,7.078,11.711,-1.5158,1.9168,-2.4095,-0.0009682,0.0332,-776.172,-19.133,-257.098,-764.769,-19.443,-259.762,0.2273605,0.0334483,0.9732361,0.0158360,0.9991508,-0.0380384,0.058,-0.032,0,0,0.0180,0,1
1709,5126.539,57.83346461,18.81787836,19.396,-770.970,-19.111,-255.232,13.450,4.2007,0.0015696,5128.202,4.513,7.216,11.729,-1.4812,2.4054,-2.3092,-0.0010232,0.0352,-775.359,-19.028,-254.183,-763.951,-19.331,-256.910,0.2322793,0.0419700,0.9717432,0.0126788,0.9988531,-0.0461715,0.065,-0.023,0,0,0.0209,0,1
1710,5129.539,57.83349079,18.81789021,19.535,-770.266,-18.972,-252.316,13.697,5.0870,0.0013060,5131.206,4.371,7.375,11.746,-1.4396,2.9121,-2.1892,-0.0010783,0.0372,-774.513,-18.897,-251.281,-763.100,-19.192,-254.062,0.2363819,0.0508043,0.9703311,0.0092155,0.9984700,-0.0545226,0.071,-0.011,0,0,0.0238,0,1
1711,5132.539,57.83351695,18.81790224,19.701,-769.550,-18.806,-249.403,13.899,5.9934,0.0010425,5134.210,4.217,7.550,11.766,-1.3901,3.4299,-2.0489,-0.0011331,0.0392,-773.643,-18.740,-248.390,-762.221,-19.025,-251.216,0.2397516,0.0598266,0.9689891,0.0054836,0.9980001,-0.0629746,0.075,0.002,0,0,0.0246,0,1
1712,5135.539,57.83354309,18.81791443,19.895,-768.825,-18.613,-246.492,14.055,6.9061,0.0007797,5137.216,4.058,7.736,11.794,-1.3321,3.9506,-1.8890,-0.0011863,0.0413,-772.761,-18.556,-245.507,-761.320,-18.830,-248.370,0.2421158,0.0688969,0.9677981,0.0015609,0.9974467,-0.0713981,0.076,0.017,0,0,0.0254,0,1
1713,5138.538,57.83356921,18.81792674,20.115,-768.094,-18.392,-243.583,14.166,7.8086,0.0005181,5140.224,3.905,7.933,11.837,-1.2656,4.4649,-1.7112,-0.0012362,0.0433,-771.880,-18.344,-242.628,-760.402,-18.606,-245.523,0.2437933,0.0778490,0.9666977,-0.0024943,0.9968201,-0.0796458,0.072,0.032,0,0,0.0263,0,1
1714,5141.538,57.83359532,18.81793912,20.363,-767.358,-18.145,-240.675,14.232,8.6823,0.0002579,5143.234,3.767,8.137,11.905,-1.1905,4.9621,-1.5184,-0.0012809,0.0454,-771.010,-18.106,-239.749,-759.470,-18.353,-242.675,0.2449069,0.0864976,0.9656805,-0.0066000,0.9961381,-0.0875519,0.065,0.047,0,0,0.0271,0,1
1715,5144.538,57.83362143,18.81795154,20.636,-766.619,-17.872,-237.767,14.254,9.5054,-0.0000003,5146.246,3.654,8.350,12.004,-1.1077,5.4299,-1.3145,-0.0013182,0.0475,-770.161,-17.842,-236.868,-758.526,-18.074,-239.822,0.2450369,0.0946275,0.9648847,-0.0106074,0.9954275,-0.0949290,0.052,0.060,0,0,0.0279,0,1
1716,5147.538,57.83364754,18.81796396,20.932,-765.881,-17.575,-234.859,14.231,10.2545,-0.0002561,5149.261,3.573,8.571,12.144,-1.0180,5.8549,-1.1042,-0.0013460,0.0496,-769.344,-17.553,-233.981,-757.573,-17.769,-236.965,0.2443901,0.1020101,0.9642963,-0.0144124,0.9947234,-0.1015762,0.034,0.072,0,0,0.0290,0,1
1717,5150.538,57.83367365,18.81797633,21.250,-765.145,-17.257,-231.951,14.164,10.9047,-0.0005092,5152.278,3.526,8.800,12.326,-0.9230,6.2233,-0.8925,-0.0013624,0.0518,-768.564,-17.242,-231.089,-756.612,-17.441,-234.103,0.2430943,0.1084044,0.9639262,-0.0179053,0.9940678,-0.1072786,0.013,0.080,0,0,0.0301,0,1
1718,5153.538,57.83369978,18.81798864,21.585,-764.414,-16.922,-229.042,14.054,11.4313,-0.0007592,5155.296,3.514,9.038,12.552,-0.8242,6.5213,-0.6842,-0.0013658,0.0538,-767.823,-16.915,-228.189,-755.646,-17.095,-231.235,0.2411222,0.1135734,0.9638263,-0.0209687,0.9935067,-0.1118250,-0.011,0.087,0,0,0.0311,0,1
1719,5156.538,57.83372591,18.81800083,21.935,-763.689,-16.573,-226.131,13.901,11.8113,-0.0010057,5158.316,3.530,9.284,12.814,-0.7237,6.7362,-0.4835,-0.0013547,0.0556,-767.115,-16.573,-225.283,-754.676,-16.735,-228.361,0.2385238,0.1172976,0.9640268,-0.0235109,0.9930854,-0.1150162,-0.037,0.090,1,0,0.0322,0,1
1720,5159.538,57.83375207,18.81801287,22.293,-762.973,-16.214,-223.218,13.705,12.0262,-0.0012475,5161.338,3.565,9.539,13.105,-0.6229,6.8576,-0.2939,-0.0013281,0.0570,-766.437,-16.220,-222.374,-753.705,-16.363,-225.477,0.2351505,0.1194016,0.9645971,-0.0254450,0.9928418,-0.1166949,-0.062,0.091,1,0,0.0333,0,1
1721,5162.538,57.83377825,18.81802473,22.655,-762.268,-15.852,-220.302,13.462,12.0631,-0.0014624,5164.359,3.609,9.803,13.412,-0.5232,6.8784,-0.1171,-0.0012852,0.0578,-765.778,-15.865,-219.462,-752.734,-15.987,-222.585,0.2311613,0.1197628,0.9655161,-0.0267547,0.9928019,-0.1167418,-0.085,0.090,1,0,0.0325,0,1
1722,5165.537,57.83380446,18.81803636,23.016,-761.576,-15.492,-217.383,13.166,11.9172,-0.0015989,5167.381,3.651,10.075,13.726,-0.4247,6.7960,0.0461,-0.0012258,0.0577,-765.131,-15.510,-216.550,-751.767,-15.612,-219.680,0.2263968,0.1183347,0.9668202,-0.0274254,0.9929737,-0.1151136,-0.106,0.087,1,0,0.0317,0,1
1723,5168.537,57.83383071,18.81804774,23.369,-760.900,-15.138,-214.460,12.830,11.5921,-0.0015986,5170.401,3.685,10.353,14.038,-0.3271,6.6123,0.1960,-0.0011503,0.0567,-764.492,-15.161,-213.639,-750.807,-15.241,-216.765,0.2211987,0.1151499,0.9684067,-0.0275398,0.9933462,-0.1118249,-0.123,0.083,0,0,0.0310,0,1
1724,5171.537,57.83385698,18.81805884,23.710,-760.240,-14.797,-211.534,12.485,11.1007,-0.0014134,5173.421,3.707,10.635,14.342,-0.2292,6.3343,0.3341,-0.0010598,0.0545,-763.859,-14.824,-210.731,-749.858,-14.881,-213.838,0.2153605,0.1103293,0.9702821,-0.0271482,0.9938896,-0.1069880,-0.137,0.079,0,0,0.0302,0,1
1725,5174.537,57.83388330,18.81806961,24.034,-759.600,-14.473,-208.603,12.182,10.4641,-0.0010172,5176.438,3.718,10.915,14.633,-0.1296,5.9737,0.4621,-0.0009566,0.0512,-763.235,-14.503,-207.819,-748.931,-14.537,-210.904,0.2096930,0.1040728,0.9722128,-0.0264348,0.9945592,-0.1007633,-0.146,0.074,1,0,0.0294,0,1
1726,5177.537,57.83390964,18.81808012,24.337,-758.975,-14.170,-205.669,11.975,9.7105,-0.0004113,5179.453,3.722,11.185,14.907,-0.0273,5.5463,0.5818,-0.0008435,0.0469,-762.616,-14.203,-204.898,-748.032,-14.210,-207.986,0.2061912,0.0966504,0.9737268,-0.0256872,0.9953017,-0.0933525,-0.152,0.070,0,0,0.0282,0,1
1727,5180.537,57.83393600,18.81809052,24.616,-758.357,-13.891,-202.733,11.912,8.8727,0.0003768,5182.466,3.720,11.438,15.158,0.0778,5.0704,0.6949,-0.0007245,0.0416,-761.996,-13.927,-201.965,-747.165,-13.906,-205.095,0.2056812,0.0883798,0.9746201,-0.0250216,0.9960630,-0.0850438,-0.155,0.067,0,0,0.0270,0,1
1728,5183.537,57.83396236,18.81810095,24.869,-757.736,-13.638,-199.798,12.025,7.9857,0.0012992,5185.476,3.712,11.663,15.375,0.1847,4.5658,0.8026,-0.0006040,0.0357,-761.366,-13.676,-199.023,-746.330,-13.627,-202.234,0.2081946,0.0796036,0.9748427,-0.0244486,0.9967947,-0.0761747,-0.156,0.065,0,0,0.0258,0,1
1729,5186.537,57.83398869,18.81811158,25.095,-757.104,-13.412,-196.866,12.324,7.0837,0.0022991,5188.485,3.698,11.848,15.546,0.2915,4.0519,0.9055,-0.0004868,0.0294,-760.716,-13.452,-196.074,-745.530,-13.373,-199.402,0.2134999,0.0706599,0.9743844,-0.0239458,0.9974598,-0.0670865,-0.154,0.064,1,0,0.0246,0,1
1730,5189.536,57.83401498,18.81812254,25.294,-756.452,-13.213,-193.938,12.804,6.1986,0.0033278,5191.491,3.678,11.984,15.662,0.3957,3.5470,1.0041,-0.0003774,0.0231,-760.038,-13.255,-193.121,-744.767,-13.147,-196.601,0.2217430,0.0618673,0.9731405,-0.0235154,0.9980343,-0.0580916,-0.152,0.064,1,0,0.0234,0,1
1731,5192.536,57.83404121,18.81813400,25.467,-755.771,-13.040,-191.016,13.472,5.3576,0.0043293,5194.496,3.654,12.063,15.718,0.4947,3.0667,1.0986,-0.0002797,0.0173,-759.325,-13.084,-190.164,-744.040,-12.948,-193.829,0.2328562,0.0534993,0.9710385,-0.0231419,0.9985078,-0.0494632,-0.147,0.065,1,0,0.0210,0,1
1732,5195.536,57.83406736,18.81814609,25.615,-755.053,-12.892,-188.104,14.349,4.5826,0.0051880,5197.500,3.634,12.079,15.713,0.5859,2.6238,1.1889,-0.0001970,0.0122,-758.574,-12.938,-187.205,-743.349,-12.777,-191.092,0.2470973,0.0457780,0.9679087,-0.0228295,0.9988812,-0.0414147,-0.142,0.066,1,0,0.0187,0,1
1733,5198.536,57.83409341,18.81815897,25.742,-754.287,-12.765,-185.203,15.421,3.8888,0.0057553,5200.502,3.628,12.028,15.656,0.6674,2.2270,1.2752,-0.0001314,0.0081,-757.785,-12.813,-184.243,-742.688,-12.631,-188.386,0.2644685,0.0388586,0.9636111,-0.0225709,0.9991636,-0.0340976,-0.134,0.067,1,0,0.0164,0,1
1734,5201.536,57.83411931,18.81817280,25.849,-753.465,-12.658,-182.318,16.622,3.2847,0.0058951,5203.504,3.647,11.910,15.557,0.7380,1.8813,1.3577,-0.0000842,0.0051,-756.961,-12.709,-181.279,-742.049,-12.508,-185.711,0.2847008,0.0328293,0.9580541,-0.0223566,0.9993690,-0.0276014,-0.125,0.067,1,0,0.0141,0,1
1735,5204.536,57.83414505,18.81818772,25.939,-752.578,-12.568,-179.452,17.839,2.7730,0.0055175,5206.505,3.702,11.727,15.429,0.7974,1.5884,1.4365,-0.0000558,0.0033,-756.102,-12.622,-178.317,-741.416,-12.407,-183.046,0.3063931,0.0277193,0.9515014,-0.0221625,0.9995127,-0.0219815,-0.113,0.066,1,0,0.0117,0,1
1736,5207.536,57.83417059,18.81820373,26.016,-751.626,-12.491,-176.607,18.934,2.3510,0.0046001,5209.506,3.794,11.484,15.278,0.8462,1.3468,1.5121,-0.0000455,0.0027,-755.213,-12.549,-175.373,-740.767,-12.323,-180.343,0.3252740,0.0235035,0.9453277,-0.0219389,0.9996095,-0.0173042,-0.098,0.064,0,0,0.0124,0,1
1737,5210.535,57.83419598,18.81822056,26.081,-750.626,-12.426,-173.779,19.778,2.0115,0.0031912,5212.506,3.916,11.189,15.105,0.8860,1.1523,1.5846,-0.0000525,0.0030,-754.311,-12.489,-172.453,-740.099,-12.255,-177.569,0.3386215,0.0201109,0.9407077,-0.0217151,0.9996723,-0.0135548,-0.082,0.061,0,0,0.0131,0,1
1738,5213.535,57.83422128,18.81823791,26.137,-749.594,-12.370,-170.962,20.276,1.7439,0.0013979,5215.507,4.054,10.851,14.904,0.9184,0.9991,1.6541,-0.0000751,0.0042,-753.397,-12.438,-169.559,-739.414,-12.199,-174.717,0.3459694,0.0174363,0.9380838,-0.0215476,0.9997113,-0.0106350,-0.062,0.057,0,0,0.0138,0,1
1739,5216.535,57.83424653,18.81825548,26.186,-748.550,-12.321,-168.150,20.384,1.5349,-0.0006411,5218.507,4.185,10.481,14.666,0.9456,0.8794,1.7206,-0.0001113,0.0060,-752.475,-12.395,-166.697,-738.721,-12.153,-171.789,0.3471703,0.0153472,0.9376765,-0.0214590,0.9997343,-0.0084178,-0.042,0.053,0,0,0.0145,0,1
1740,5219.535,57.83427180,18.81827297,26.230,-747.511,-12.278,-165.336,20.099,1.3703,-0.0027773,5221.507,4.291,10.093,14.383,0.9691,0.7851,1.7836,-0.0001586,0.0082,-751.542,-12.357,-163.865,-738.030,-12.114,-168.795,0.3426743,0.0137017,0.9393543,-0.0214468,0.9997471,-0.0067589,-0.020,0.050,0,0,0.0152,0,1
1741,5222.535,57.83429714,18.81829007,26.269,-746.494,-12.239,-162.514,19.412,1.2365,-0.0048419,5224.507,4.357,9.699,14.056,0.9901,0.7084,1.8428,-0.0002144,0.0106,-750.604,-12.323,-161.067,-737.345,-12.080,-165.734,0.3320099,0.0123641,0.9431949,-0.0214827,0.9997539,-0.0055434,0.001,0.048,0,0,0.0141,0,1
1742,5225.535,57.83432262,18.81830647,26.304,-745.519,-12.203,-159.677,18.319,1.1208,-0.0066802,5227.508,4.380,9.313,13.693,1.0092,0.6421,1.8975,-0.0002755,0.0129,-749.677,-12.291,-158.299,-736.679,-12.050,-162.608,0.3146575,0.0112073,0.9491391,-0.0215325,0.9997573,-0.0046666,0.022,0.048,0,0,0.0130,0,1
1743,5228.535,57.83434827,18.81832184,26.336,-744.606,-12.171,-156.819,16.866,1.0127,-0.0081414,5230.508,4.370,8.948,13.318,1.0266,0.5802,1.9471,-0.0003388,0.0150,-748.786,-12.263,-155.547,-736.045,-12.024,-159.423,0.2910008,0.0101265,0.9566692,-0.0215703,0.9997592,-0.0040213,0.040,0.051,0,0,0.0118,0,1
1744,5231.534,57.83437415,18.81833585,26.365,-743.773,-12.142,-153.937,15.152,0.9044,-0.0091097,5233.507,4.340,8.614,12.954,1.0425,0.5182,1.9912,-0.0004012,0.0168,-747.963,-12.236,-152.803,-735.458,-12.000,-156.187,0.2612301,0.0090436,0.9652342,-0.0215781,0.9997609,-0.0035272,0.056,0.056,0,0,0.0107,0,1
1745,5234.534,57.83440027,18.81834820,26.391,-743.039,-12.117,-151.029,13.311,0.7909,-0.0095327,5236.507,4.309,8.319,12.628,1.0570,0.4531,2.0294,-0.0004599,0.0183,-747.234,-12.213,-150.043,-734.941,-11.980,-152.932,0.2287348,0.0079088,0.9734566,-0.0215603,0.9997629,-0.0030564,0.068,0.064,0,0,0.0096,0,1
1746,5237.534,57.83442659,18.81835893,26.413,-742.401,-12.095,-148.098,11.483,0.6700,-0.0094348,5239.507,4.289,8.067,12.356,1.0703,0.3839,2.0617,-0.0005122,0.0195,-746.605,-12.193,-147.249,-734.494,-11.962,-149.694,0.1978746,0.0066998,0.9802044,-0.0215302,0.9997651,-0.0024872,0.077,0.074,0,0,0.0097,0,1
1747,5240.534,57.83445307,18.81836817,26.431,-741.852,-12.076,-145.149,9.778,0.5420,-0.0089125,5242.507,4.283,7.861,12.144,1.0823,0.3105,2.0882,-0.0005562,0.0205,-746.073,-12.176,-144.423,-734.105,-11.946,-146.482,0.1695304,0.0054199,0.9855101,-0.0214933,0.9997674,-0.0018010,0.083,0.087,0,0,0.0097,0,1
1748,5243.533,57.83447967,18.81837604,26.445,-741.384,-12.062,-142.186,8.261,0.4093,-0.0081099,5245.507,4.288,7.701,11.989,1.0928,0.2345,2.1092,-0.0005905,0.0212,-745.627,-12.163,-141.569,-733.763,-11.935,-143.295,0.1440099,0.0040930,0.9895678,-0.0214562,0.9997693,-0.0010127,0.085,0.100,0,0,0.0098,0,1
1749,5246.533,57.83450637,18.81838269,26.456,-740.988,-12.052,-139.212,6.937,0.2757,-0.0071794,5248.507,4.296,7.586,11.882,1.1017,0.1580,2.1251,-0.0006141,0.0217,-745.252,-12.155,-138.691,-733.458,-11.926,-140.133,0.1213463,0.0027570,0.9926064,-0.0214240,0.9997705,-0.0001578,0.085,0.115,0,0,0.0098,0,1
1750,5249.533,57.83453314,18.81838826,26.462,-740.656,-12.045,-136.231,5.786,0.1458,-0.0062304,5251.506,4.296,7.514,11.810,1.1086,0.0835,2.1366,-0.0006266,0.0219,-744.930,-12.148,-135.796,-733.181,-11.920,-136.992,0.1013352,0.0014580,0.9948513,-0.0213993,0.9997708,0.0007145,0.083,0.129,0,0,0.0099,0,1
1751,5252.533,57.83455996,18.81839290,26.465,-740.380,-12.043,-133.243,4.800,0.0244,-0.0052904,5254.506,4.283,7.481,11.764,1.1133,0.0140,2.1442,-0.0006281,0.0217,-744.647,-12.146,-132.883,-732.926,-11.918,-133.871,0.0839971,0.0002440,0.9964660,-0.0213814,0.9997702,0.0015575,0.081,0.142,0,0,0.0105,0,1
1752,5255.533,57.83458682,18.81839674,26.464,-740.152,-12.044,-130.252,3.975,-0.0839,-0.0043628,5257.506,4.250,7.484,11.734,1.1159,-0.0481,2.1481,-0.0006190,0.0213,-744.392,-12.146,-129.956,-732.687,-11.918,-130.773,0.0696715,-0.0008390,0.9975696,-0.0213652,0.9997690,0.0023330,0.078,0.154,0,0,0.0111,0,1
1753,5258.533,57.83461370,18.81839993,26.460,-739.962,-12.048,-127.258,3.309,-0.1755,-0.0034495,5260.506,4.199,7.517,11.715,1.1169,-0.1006,2.1487,-0.0006001,0.0206,-744.154,-12.149,-127.014,-732.458,-11.920,-127.695,0.0581747,-0.0017550,0.9983049,-0.0213432,0.9997677,0.0030013,0.076,0.164,0,0,0.0118,0,1
1754,5261.533,57.83464060,18.81840260,26.453,-739.803,-12.054,-124.263,2.798,-0.2477,-0.0025503,5263.506,4.132,7.574,11.706,1.1165,-0.1419,2.1460,-0.0005724,0.0196,-743.930,-12.152,-124.059,-732.238,-11.924,-124.637,0.0493389,-0.0024770,0.9987790,-0.0213070,0.9997667,0.0035320,0.075,0.173,0,0,0.0124,0,1
1755,5264.532,57.83466750,18.81840488,26.445,-739.666,-12.063,-121.266,2.441,-0.2994,-0.0016641,5266.506,4.054,7.650,11.704,1.1154,-0.1715,2.1402,-0.0005372,0.0184,-743.716,-12.159,-121.091,-732.023,-11.931,-121.596,0.0431694,-0.0029940,0.9990633,-0.0212477,0.9997666,0.0039142,0.075,0.181,0,0,0.0130,0,1
1756,5267.532,57.83469442,18.81840692,26.435,-739.544,-12.072,-118.269,2.233,-0.3307,-0.0007885,5269.506,3.971,7.736,11.706,1.1138,-0.1895,2.1311,-0.0004963,0.0170,-743.512,-12.164,-118.113,-731.814,-11.937,-118.573,0.0393355,-0.0033070,0.9992206,-0.0211596,0.9997675,0.0041418,0.077,0.188,0,0,0.0121,0,1
1757,5270.532,57.83472133,18.81840885,26.425,-739.430,-12.082,-115.271,2.175,-0.3426,0.0000790,5272.506,3.889,7.824,11.713,1.1120,-0.1963,2.1188,-0.0004516,0.0155,-743.316,-12.171,-115.122,-731.612,-11.944,-115.571,0.0383305,-0.0034260,0.9992592,-0.0210361,0.9997697,0.0042347,0.079,0.194,0,0,0.0112,0,1
1758,5273.532,57.83474825,18.81841078,26.415,-739.314,-12.093,-112.273,2.264,-0.3374,0.0009412,5275.506,3.813,7.908,11.720,1.1099,-0.1933,2.1033,-0.0004052,0.0139,-743.124,-12.179,-112.120,-731.413,-11.952,-112.589,0.0400011,-0.0033740,0.9991939,-0.0208766,0.9997732,0.0042117,0.081,0.200,0,0,0.0103,0,1
1759,5276.532,57.83477516,18.81841286,26.405,-739.190,-12.102,-109.276,2.504,-0.3173,0.0017888,5278.505,3.747,7.981,11.728,1.1073,-0.1818,2.0850,-0.0003593,0.0124,-742.934,-12.185,-109.111,-731.217,-11.958,-109.627,0.0440012,-0.0031730,0.9990264,-0.0206852,0.9997777,0.0040864,0.083,0.206,0,0,0.0094,0,1
1760,5279.532,57.83480207,18.81841521,26.396,-739.050,-12.111,-106.279,2.903,-0.2851,0.0025748,5281.505,3.697,8.038,11.735,1.1040,-0.1633,2.0642,-0.0003159,0.0109,-742.742,-12.192,-106.092,-731.022,-11.965,-106.686,0.0506689,-0.0028510,0.9987114,-0.0204665,0.9997830,0.0038924,0.084,0.212,0,0,0.0085,0,1
1761,5282.532,57.83482896,18.81841797,26.388,-738.886,-12.119,-103.284,3.458,-0.2432,0.0032334,5284.505,3.665,8.075,11.740,1.0996,-0.1393,2.0416,-0.0002772,0.0096,-742.544,-12.198,-103.064,-730.825,-11.972,-103.769,0.0600017,-0.0024320,0.9981953,-0.0202295,0.9997887,0.0036519,0.084,0.217,0,0,0.0092,0,1
1762,5285.532,57.83485584,18.81842125,26.381,-738.690,-12.126,-100.290,4.142,-0.1937,0.0037027,5287.505,3.655,8.088,11.743,1.0940,-0.1110,2.0182,-0.0002448,0.0084,-742.335,-12.203,-100.027,-730.623,-11.979,-100.871,0.0718392,-0.0019370,0.9974143,-0.0199861,0.9997945,0.0033811,0.082,0.221,0,0,0.0100,0,1
1763,5288.531,57.83488269,18.81842520,26.376,-738.455,-12.131,-97.300,4.905,-0.1383,0.0039404,5290.505,3.669,8.074,11.743,1.0871,-0.0792,1.9946,-0.0002202,0.0076,-742.111,-12.207,-96.986,-730.411,-11.984,-97.992,0.0856800,-0.0013830,0.9963217,-0.0197504,0.9998002,0.0030863,0.078,0.224,0,0,0.0107,0,1
1764,5291.531,57.83490951,18.81842989,26.373,-738.176,-12.134,-94.313,5.686,-0.0788,0.0039337,5293.505,3.710,8.031,11.742,1.0791,-0.0451,1.9720,-0.0002046,0.0071,-741.868,-12.210,-93.943,-730.185,-11.989,-95.113,0.0996687,-0.0007880,0.9950204,-0.0195391,0.9998053,0.0027490,0.072,0.224,0,0,0.0115,0,1
1765,5294.531,57.83493629,18.81843525,26.372,-737.857,-12.136,-91.330,6.424,-0.0166,0.0037021,5296.505,3.779,7.959,11.737,1.0702,-0.0095,1.9511,-0.0001986,0.0068,-741.612,-12.213,-90.906,-729.949,-11.993,-92.224,0.1123338,-0.0001660,0.9936705,-0.0193647,0.9998097,0.0023562,0.065,0.222,0,0,0.0123,0,1
1766,5297.531,57.83496304,18.81844120,26.372,-737.502,-12.135,-88.351,7.073,0.0465,0.0032936,5299.505,3.875,7.856,11.731,1.0609,0.0266,1.9326,-0.0002028,0.0070,-741.347,-12.213,-87.874,-729.706,-11.996,-89.319,0.1231731,0.0004650,0.9923851,-0.0192325,0.9998132,0.0019186,0.056,0.216,0,0,0.0124,0,1
1767,5300.531,57.83498975,18.81844766,26.374,-737.118,-12.133,-85.376,7.613,0.1085,0.0027732,5302.504,3.996,7.725,11.721,1.0520,0.0622,1.9171,-0.0002170,0.0075,-741.079,-12.213,-84.848,-729.461,-11.998,-86.397,0.1321746,0.0010850,0.9912259,-0.0191426,0.9998157,0.0014582,0.047,0.208,0,0,0.0126,0,1
1768,5303.531,57.83501644,18.81845454,26.379,-736.709,-12.129,-82.404,8.044,0.1668,0.0022059,5305.504,4.142,7.568,11.709,1.0440,0.0956,1.9048,-0.0002408,0.0083,-740.810,-12.212,-81.826,-729.216,-11.999,-83.461,0.1396709,0.0016680,0.9901966,-0.0190909,0.9998172,0.0010086,0.037,0.197,0,0,0.0128,0,1
1769,5306.531,57.83504310,18.81846175,26.384,-736.280,-12.123,-79.435,8.374,0.2182,0.0016319,5308.504,4.306,7.389,11.696,1.0378,0.1250,1.8958,-0.0002733,0.0093,-740.541,-12.210,-78.809,-728.969,-11.998,-80.509,0.1453401,0.0021820,0.9893793,-0.0190704,0.9998180,0.0005964,0.027,0.183,0,0,0.0129,0,1
1770,5309.531,57.83506974,18.81846920,26.392,-735.837,-12.116,-76.468,8.605,0.2589,0.0010568,5311.504,4.486,7.195,11.681,1.0341,0.1483,1.8899,-0.0003131,0.0107,-740.273,-12.207,-75.798,-728.723,-11.996,-77.543,0.1493506,0.0025890,0.9887809,-0.0190701,0.9998181,0.0002626,0.017,0.168,0,0,0.0131,0,1
1771,5312.530,57.83509636,18.81847682,26.400,-735.384,-12.108,-73.503,8.738,0.2848,0.0004803,5314.504,4.676,6.991,11.667,1.0334,0.1632,1.8867,-0.0003580,0.0122,-740.006,-12.204,-72.794,-728.474,-11.994,-74.563,0.1516808,0.0028480,0.9884254,-0.0190776,0.9998180,0.0000468,0.008,0.152,0,0,0.0124,0,1
1772,5315.530,57.83512299,18.81848450,26.408,-734.927,-12.099,-70.538,8.772,0.2912,-0.0000983,5317.504,4.870,6.784,11.654,1.0359,0.1668,1.8859,-0.0004057,0.0138,-739.740,-12.200,-69.797,-728.222,-11.990,-71.570,0.1521693,0.0029120,0.9883502,-0.0190789,0.9998180,-0.0000083,-0.001,0.136,0,0,0.0117,0,1
1773,5318.530,57.83514961,18.81849217,26.417,-734.471,-12.090,-67.573,8.706,0.2741,-0.0006793,5320.504,5.061,6.581,11.642,1.0415,0.1570,1.8868,-0.0004534,0.0154,-739.474,-12.197,-66.809,-727.965,-11.985,-68.567,0.1510045,0.0027410,0.9885293,-0.0190623,0.9998183,0.0001396,-0.010,0.120,0,0,0.0110,0,1
1774,5321.530,57.83517624,18.81849974,26.425,-734.021,-12.083,-64.607,8.540,0.2298,-0.0012635,5323.504,5.244,6.388,11.633,1.0495,0.1317,1.8889,-0.0004982,0.0169,-739.208,-12.196,-63.830,-727.703,-11.983,-65.553,0.1481608,0.0022980,0.9889606,-0.0190179,0.9998190,0.0005259,-0.018,0.106,0,0,0.0102,0,1
1775,5324.530,57.83520288,18.81850712,26.431,-733.582,-12.077,-61.639,8.274,0.1560,-0.0018512,5326.504,5.415,6.210,11.625,1.0592,0.0894,1.8917,-0.0005373,0.0182,-738.940,-12.195,-60.861,-727.436,-11.980,-62.531,0.1436607,0.0015600,0.9896258,-0.0189411,0.9998199,0.0011735,-0.025,0.093,0,0,0.0095,0,1
1776,5327.530,57.83522955,18.81851423,26.434,-733.159,-12.073,-58.669,7.907,0.0519,-0.0024428,5329.504,5.567,6.053,11.619,1.0695,0.0297,1.8944,-0.0005680,0.0192,-738.673,-12.196,-57.904,-727.164,-11.979,-59.500,0.1373367,0.0005190,0.9905243,-0.0188326,0.9998205,0.0020873,-0.031,0.082,0,0,0.0090,0,1
1777,5330.530,57.83525625,18.81852097,26.434,-732.758,-12.074,-55.696,7.437,-0.0817,-0.0030380,5332.503,5.697,5.919,11.615,1.0791,-0.0468,1.8967,-0.0005883,0.0198,-738.407,-12.201,-54.960,-726.889,-11.982,-56.461,0.1291824,-0.0008170,0.9916205,-0.0186989,0.9998198,0.0032597,-0.037,0.074,0,0,0.0085,0,1
1778,5333.530,57.83528297,18.81852725,26.429,-732.384,-12.078,-52.720,6.860,-0.2416,-0.0036219,5335.503,5.802,5.811,11.613,1.0870,-0.1384,1.8979,-0.0005967,0.0201,-738.145,-12.208,-52.029,-726.614,-11.988,-53.413,0.1191712,-0.0024160,0.9928708,-0.0185528,0.9998170,0.0046597,-0.041,0.068,0,0,0.0080,0,1
1779,5336.530,57.83530973,18.81853299,26.419,-732.043,-12.088,-49.739,6.170,-0.4235,-0.0041537,5338.503,5.879,5.733,11.613,1.0922,-0.2426,1.8978,-0.0005923,0.0200,-737.888,-12.220,-49.107,-726.343,-11.999,-50.355,0.1075031,-0.0042350,0.9941957,-0.0184094,0.9998110,0.0062495,-0.044,0.065,0,0,0.0074,0,1
1780,5339.529,57.83533653,18.81853809,26.403,-731.739,-12.104,-46.755,5.372,-0.6216,-0.0045836,5341.503,5.928,5.686,11.614,1.0942,-0.3561,1.8960,-0.0005749,0.0194,-737.641,-12.237,-46.198,-726.078,-12.015,-47.290,0.0940049,-0.0062159,0.9955523,-0.0182882,0.9998010,0.0079693,-0.047,0.064,0,0,0.0069,0,1
1781,5342.529,57.83536336,18.81854246,26.382,-731.479,-12.126,-43.766,4.492,-0.8296,-0.0048680,5344.503,5.949,5.671,11.620,1.0928,-0.4753,1.8924,-0.0005449,0.0184,-737.409,-12.258,-43.299,-725.826,-12.036,-44.211,0.0785036,-0.0082957,0.9968793,-0.0182101,0.9997866,0.0097539,-0.049,0.067,0,0,0.0070,0,1
1782,5345.529,57.83539023,18.81854601,26.354,-731.268,-12.154,-40.774,3.567,-1.0414,-0.0049802,5347.503,5.946,5.688,11.634,1.0884,-0.5967,1.8869,-0.0005032,0.0170,-737.202,-12.284,-40.405,-725.591,-12.063,-41.127,0.0620014,-0.0104134,0.9980217,-0.0181826,0.9997678,0.0115612,-0.050,0.072,0,0,0.0071,0,1
1783,5348.529,57.83541713,18.81854870,26.319,-731.107,-12.188,-37.778,2.644,-1.2515,-0.0049160,5350.503,5.927,5.738,11.665,1.0818,-0.7170,1.8798,-0.0004512,0.0153,-737.028,-12.315,-37.507,-725.375,-12.095,-38.040,0.0456687,-0.0125140,0.9988783,-0.0182018,0.9997451,0.0133571,-0.051,0.080,0,0,0.0072,0,1
1784,5351.529,57.83544404,18.81855060,26.278,-730.994,-12.229,-34.781,1.764,-1.4558,-0.0046949,5353.503,5.904,5.821,11.724,1.0739,-0.8341,1.8714,-0.0003904,0.0134,-736.895,-12.353,-34.601,-725.176,-12.133,-34.959,0.0305029,-0.0145565,0.9994287,-0.0182558,0.9997190,0.0151179,-0.052,0.090,0,0,0.0073,0,1
1785,5354.529,57.83547097,18.81855177,26.232,-730.924,-12.276,-31.782,0.956,-1.6512,-0.0043558,5356.503,5.889,5.935,11.825,1.0661,-0.9460,1.8623,-0.0003229,0.0113,-736.813,-12.397,-31.683,-724.989,-12.177,-31.882,0.0168315,-0.0165097,0.9997220,-0.0183369,0.9996904,0.0168179,-0.054,0.104,0,0,0.0073,0,1
1786,5357.529,57.83549790,18.81855228,26.179,-730.893,-12.328,-28.782,0.233,-1.8357,-0.0039474,5359.504,5.895,6.081,11.977,1.0591,-1.0517,1.8534,-0.0002507,0.0090,-736.788,-12.446,-28.756,-724.812,-12.225,-28.808,0.0043326,-0.0183539,0.9998222,-0.0184478,0.9996599,0.0184309,-0.056,0.120,0,0,0.0067,0,1
1787,5360.528,57.83552484,18.81855219,26.122,-730.898,-12.386,-25.782,359.591,-2.0082,-0.0035147,5362.504,5.929,6.255,12.184,1.0540,-1.1505,1.8455,-0.0001759,0.0065,-736.827,-12.502,-25.824,-724.643,-12.277,-25.738,-0.0069984,-0.0200780,0.9997739,-0.0185885,0.9996283,0.0199449,-0.059,0.139,0,0,0.0060,0,1
1788,5363.528,57.83555177,18.81855156,26.059,-730.935,-12.448,-22.782,359.024,-2.1679,-0.0030805,5365.505,5.989,6.455,12.444,1.0513,-1.2419,1.8398,-0.0001007,0.0039,-736.923,-12.562,-22.883,-724.481,-12.333,-22.673,-0.0168298,-0.0216739,0.9996234,-0.0187532,0.9995960,0.0213576,-0.063,0.160,0,0,0.0054,0,1
1789,5366.528,57.83557870,18.81855047,25.992,-730.999,-12.516,-19.783,358.532,-2.3139,-0.0026472,5368.505,6.067,6.674,12.741,1.0517,-1.3255,1.8375,-0.0000272,0.0011,-737.064,-12.628,-19.937,-724.327,-12.395,-19.614,-0.0253311,-0.0231328,0.9994114,-0.0189468,0.9995638,0.0226561,-0.068,0.182,0,0,0.0047,0,1
1790,5369.528,57.83560562,18.81854898,25.920,-731.087,-12.587,-16.785,358.115,-2.4455,-0.0022153,5371.506,6.148,6.905,13.054,1.0557,-1.4009,1.8395,0.0000426,-0.0018,-737.232,-12.698,-16.986,-724.185,-12.458,-16.559,-0.0326612,-0.0244477,0.9991674,-0.0191750,0.9995321,0.0238298,-0.074,0.205,0,0,0.0041,0,1
1791,5372.528,57.83563254,18.81854715,25.845,-731.195,-12.662,-13.787,357.772,-2.5620,-0.0017850,5374.507,6.218,7.140,13.357,1.0637,-1.4676,1.8468,0.0001069,-0.0048,-737.408,-12.773,-14.027,-724.061,-12.525,-13.511,-0.0386508,-0.0256116,0.9989245,-0.0194352,0.9995016,0.0248744,-0.082,0.228,0,0,0.0057,0,1
1792,5375.528,57.83565945,18.81854505,25.767,-731.319,-12.741,-10.789,357.502,-2.6625,-0.0013564,5377.508,6.263,7.366,13.629,1.0760,-1.5251,1.8601,0.0001640,-0.0076,-737.576,-12.851,-11.060,-723.960,-12.595,-10.470,-0.0433206,-0.0266156,0.9987066,-0.0197273,0.9994730,0.0257803,-0.090,0.249,0,0,0.0074,0,1
1793,5378.528,57.83568636,18.81854275,25.686,-731.455,-12.822,-7.793,357.306,-2.7465,-0.0009297,5380.509,6.279,7.575,13.854,1.0926,-1.5732,1.8797,0.0002126,-0.0102,-737.727,-12.932,-8.087,-723.889,-12.667,-7.438,-0.0468189,-0.0274546,0.9985260,-0.0200514,0.9994466,0.0265398,-0.099,0.269,0,0,0.0091,0,1
1794,5381.528,57.83571326,18.81854031,25.602,-731.600,-12.905,-4.796,357.184,-2.8136,-0.0005045,5383.510,6.269,7.755,14.024,1.1129,-1.6116,1.9052,0.0002513,-0.0124,-737.862,-13.015,-5.103,-723.854,-12.742,-4.416,-0.0489789,-0.0281249,0.9984038,-0.0203961,0.9994232,0.0271530,-0.108,0.286,0,0,0.0108,0,1
1795,5384.528,57.83574017,18.81853779,25.517,-731.749,-12.990,-1.800,357.134,-2.8631,-0.0000808,5386.511,6.243,7.901,14.144,1.1356,-1.6400,1.9360,0.0002793,-0.0140,-737.984,-13.100,-2.111,-723.858,-12.820,-1.406,-0.0498174,-0.0286193,0.9983482,-0.0207501,0.9994033,0.0276141,-0.119,0.299,0,0,0.0125,0,1
1796,5387.527,57.83576707,18.81853526,25.431,-731.899,-13.077,1.196,357.157,-2.8944,0.0003407,5389.512,6.212,8.007,14.219,1.1593,-1.6579,1.9706,0.0002959,-0.0150,-738.104,-13.188,0.889,-723.902,-12.900,1.591,-0.0493184,-0.0289319,0.9983640,-0.0210972,0.9993875,0.0279194,-0.129,0.308,0,0,0.0131,0,1
1797,5390.527,57.83579397,18.81853278,25.344,-732.045,-13.164,4.192,357.256,-2.9059,0.0007489,5392.513,6.188,8.074,14.262,1.1824,-1.6645,2.0074,0.0003007,-0.0153,-738.226,-13.277,3.897,-723.981,-12.982,4.577,-0.0476480,-0.0290467,0.9984418,-0.0214226,0.9993769,0.0280516,-0.139,0.314,0,0,0.0136,0,1
1798,5393.527,57.83582087,18.81853042,25.257,-732.185,-13.251,7.189,357.431,-2.8953,0.0011232,5395.514,6.179,8.102,14.281,1.2034,-1.6584,2.0441,0.0002935,-0.0150,-738.358,-13.366,6.912,-724.091,-13.066,7.552,-0.0448143,-0.0289409,0.9985760,-0.0217053,0.9993725,0.0279899,-0.148,0.314,0,0,0.0142,0,1
1799,5396.527,57.83584778,18.81852824,25.170,-732.314,-13.337,10.186,357.677,-2.8595,0.0014416,5398.515,6.190,8.095,14.285,1.2208,-1.6379,2.0787,0.0002747,-0.0140,-738.499,-13.455,9.934,-724.225,-13.151,10.515,-0.0406503,-0.0285833,0.9987645,-0.0219193,0.9993757,0.0277087,-0.156,0.311,0,0,0.0147,0,1
1800,5399.527,57.83587470,18.81852630,25.085,-732.429,-13.422,13.184,357.980,-2.7943,0.0016873,5401.517,6.219,8.059,14.278,1.2340,-1.6006,2.1090,0.0002448,-0.0125,-738.644,-13.544,12.964,-724.375,-13.236,13.469,-0.0353210,-0.0279321,0.9989856,-0.0220507,0.9993878,0.0271637,-0.163,0.305,0,0,0.0153,0,1
1801,5402.527,57.83590162,18.81852466,25.003,-732.526,-13.505,16.182,358.319,-2.6954,0.0018520,5404.518,6.264,7.997,14.261,1.2423,-1.5440,2.1331,0.0002049,-0.0104,-738.787,-13.631,16.000,-724.532,-13.321,16.414,-0.0289918,-0.0269442,0.9992164,-0.0220907,0.9994098,0.0263085,-0.167,0.296,0,0,0.0140,0,1
1802,5405.527,57.83592855,18.81852334,24.924,-732.603,-13.584,19.181,358.676,-2.5590,0.0019383,5407.518,6.319,7.912,14.231,1.2458,-1.4659,2.1497,0.0001563,-0.0079,-738.920,-13.714,19.037,-724.693,-13.404,19.362,-0.0228275,-0.0255816,0.9994121,-0.0220633,0.9994420,0.0250784,-0.169,0.285,0,0,0.0126,0,1
1803,5408.527,57.83595548,18.81852234,24.850,-732.663,-13.658,22.180,359.031,-2.3820,0.0019587,5410.519,6.375,7.808,14.183,1.2445,-1.3645,2.1580,0.0001007,-0.0051,-739.037,-13.791,22.073,-724.856,-13.483,22.311,-0.0168290,-0.0238132,0.9995748,-0.0219667,0.9994839,0.0234412,-0.168,0.272,0,0,0.0113,0,1
1804,5411.526,57.83598241,18.81852163,24.781,-732.704,-13.726,25.180,359.375,-2.1630,0.0019333,5413.520,6.422,7.686,14.108,1.2391,-1.2391,2.1580,0.0000398,-0.0020,-739.126,-13.863,25.110,-725.019,-13.558,25.263,-0.0108302,-0.0216249,0.9997075,-0.0218027,0.9995336,0.0213850,-0.164,0.259,0,0,0.0100,0,1
1805,5414.526,57.83600934,18.81852122,24.720,-732.728,-13.787,28.180,359.705,-1.9027,0.0018844,5416.520,6.450,7.547,13.997,1.2302,-1.0900,2.1501,-0.0000243,0.0012,-739.178,-13.927,28.147,-725.181,-13.626,28.219,-0.0051657,-0.0190236,0.9998057,-0.0215903,0.9995881,0.0189079,-0.158,0.246,0,0,0.0086,0,1
1806,5417.526,57.83603628,18.81852109,24.667,-732.735,-13.840,31.180,0.025,-1.6039,0.0018300,5419.521,6.449,7.393,13.842,1.2185,-0.9189,2.1355,-0.0000897,0.0043,-739.184,-13.981,31.182,-725.342,-13.687,31.178,0.0003333,-0.0160369,0.9998713,-0.0213418,0.9996436,0.0160404,-0.148,0.233,0,0,0.0087,0,1
1807,5420.526,57.83606321,18.81852124,24.624,-732.726,-13.883,34.179,0.334,-1.2714,0.0017758,5422.521,6.416,7.224,13.640,1.2048,-0.7284,2.1155,-0.0001546,0.0072,-739.141,-14.025,34.216,-725.502,-13.738,34.137,0.0058337,-0.0127130,0.9999022,-0.0210741,0.9996955,0.0128333,-0.137,0.221,0,0,0.0087,0,1
1808,5423.526,57.83609015,18.81852166,24.591,-732.700,-13.916,37.179,0.635,-0.9117,0.0017217,5425.521,6.352,7.043,13.395,1.1898,-0.5224,2.0918,-0.0002174,0.0098,-739.052,-14.058,37.250,-725.658,-13.779,37.100,0.0111655,-0.0091166,0.9998961,-0.0208097,0.9997398,0.0093476,-0.124,0.211,0,0,0.0088,0,1
1809,5426.526,57.83611708,18.81852234,24.569,-732.659,-13.938,40.179,0.926,-0.5327,0.0016679,5428.521,6.270,6.850,13.120,1.1744,-0.3052,2.0661,-0.0002769,0.0119,-738.928,-14.078,40.280,-725.810,-13.809,40.068,0.0161670,-0.0053269,0.9998551,-0.0205673,0.9997725,0.0056590,-0.110,0.201,0,0,0.0088,0,1
1810,5429.526,57.83614401,18.81852327,24.559,-732.603,-13.948,43.178,1.208,-0.1428,0.0016142,5431.521,6.185,6.648,12.832,1.1597,-0.0818,2.0398,-0.0003322,0.0137,-738.786,-14.087,43.308,-725.957,-13.827,43.038,0.0210023,-0.0014280,0.9997784,-0.0203592,0.9997910,0.0018557,-0.096,0.193,0,0,0.0089,0,1
1811,5432.526,57.83617094,18.81852445,24.561,-732.533,-13.947,46.177,1.481,0.2488,0.0015608,5434.521,6.116,6.437,12.553,1.1468,0.1426,2.0142,-0.0003828,0.0151,-738.647,-14.084,46.334,-726.098,-13.833,46.012,0.0256667,0.0024880,0.9996675,-0.0201948,0.9997941,-0.0019698,-0.083,0.187,0,0,0.0093,0,1
1812,5435.526,57.83619786,18.81852586,24.574,-732.449,-13.933,49.176,1.745,0.6329,0.0015076,5437.521,6.078,6.222,12.301,1.1366,0.3626,1.9901,-0.0004285,0.0162,-738.525,-14.070,49.360,-726.230,-13.826,48.987,0.0303339,0.0063289,0.9995198,-0.0200795,0.9997820,-0.0057212,-0.071,0.182,0,0,0.0097,0,1
1813,5438.525,57.83622478,18.81852750,24.599,-732.351,-13.909,52.174,1.999,1.0003,0.0014546,5440.521,6.082,6.006,12.088,1.1296,0.5731,1.9681,-0.0004691,0.0171,-738.429,-14.046,52.387,-726.349,-13.808,51.964,0.0350001,0.0100025,0.9993373,-0.0200144,0.9997564,-0.0093057,-0.061,0.180,0,0,0.0101,0,1
1814,5441.525,57.83625170,18.81852936,24.634,-732.239,-13.873,55.172,2.245,1.3422,0.0014017,5443.521,6.127,5.792,11.919,1.1259,0.7690,1.9484,-0.0005045,0.0179,-738.361,-14.011,55.412,-726.452,-13.777,54.945,0.0391657,0.0134208,0.9991426,-0.0199894,0.9997202,-0.0126450,-0.053,0.179,0,0,0.0105,0,1
1815,5444.525,57.83627861,18.81853143,24.679,-732.116,-13.828,58.169,2.481,1.6499,0.0013491,5446.521,6.206,5.585,11.791,1.1252,0.9452,1.9309,-0.0005347,0.0186,-738.316,-13.968,58.437,-726.536,-13.737,57.928,0.0431637,0.0164968,0.9989318,-0.0199973,0.9996776,-0.0156450,-0.047,0.180,0,0,0.0109,0,1
1816,5447.525,57.83630552,18.81853371,24.733,-731.980,-13.775,61.166,2.708,1.9157,0.0012966,5449.521,6.308,5.390,11.698,1.1268,1.0975,1.9155,-0.0005594,0.0191,-738.281,-13.918,61.465,-726.596,-13.688,60.911,0.0473268,0.0191535,0.9986958,-0.0200330,0.9996332,-0.0182221,-0.044,0.183,0,0,0.0103,0,1
1817,5450.525,57.83633242,18.81853619,24.793,-731.832,-13.714,64.162,2.927,2.1330,0.0012443,5452.522,6.420,5.211,11.631,1.1295,1.2219,1.9018,-0.0005784,0.0196,-738.243,-13.860,64.489,-726.627,-13.631,63.896,0.0509900,0.0213251,0.9984715,-0.0200728,0.9995919,-0.0203240,-0.042,0.188,0,0,0.0097,0,1
1818,5453.525,57.83635932,18.81853885,24.860,-731.674,-13.647,67.158,3.136,2.2968,0.0011922,5455.523,6.529,5.054,11.583,1.1325,1.3157,1.8895,-0.0005912,0.0198,-738.193,-13.796,67.515,-726.628,-13.567,66.882,0.0546525,0.0229619,0.9982414,-0.0201137,0.9995580,-0.0218910,-0.042,0.193,0,0,0.0090,0,1
1819,5456.525,57.83638621,18.81854169,24.931,-731.504,-13.576,70.153,3.336,2.4048,0.0011402,5458.523,6.627,4.920,11.547,1.1346,1.3776,1.8785,-0.0005977,0.0199,-738.120,-13.727,70.538,-726.592,-13.498,69.867,0.0581483,0.0240410,0.9980184,-0.0201421,0.9995347,-0.0229040,-0.043,0.199,0,0,0.0084,0,1
1820,5459.525,57.83641310,18.81854470,25.004,-731.325,-13.503,73.148,3.528,2.4570,0.0010883,5461.524,6.706,4.815,11.521,1.1351,1.4075,1.8684,-0.0005979,0.0198,-738.019,-13.655,73.560,-726.519,-13.427,72.852,0.0614778,0.0245626,0.9978062,-0.0201497,0.9995240,-0.0233634,-0.044,0.204,0,0,0.0077,0,1
1821,5462.525,57.83643998,18.81854788,25.078,-731.135,-13.429,76.142,3.710,2.4566,0.0010365,5464.525,6.763,4.740,11.503,1.1337,1.4072,1.8591,-0.0005920,0.0196,-737.883,-13.582,76.579,-726.405,-13.354,75.835,0.0646519,0.0245586,0.9976056,-0.0201316,0.9995258,-0.0233012,-0.046,0.208,0,0,0.0075,0,1
1822,5465.524,57.83646686,18.81855122,25.151,-730.937,-13.356,79.135,3.884,2.4093,0.0009847,5467.526,6.792,4.699,11.490,1.1298,1.3802,1.8506,-0.0005807,0.0192,-737.713,-13.508,79.595,-726.249,-13.282,78.817,0.0676498,0.0240860,0.9974184,-0.0200848,0.9995388,-0.0227750,-0.048,0.209,0,0,0.0073,0,1
1823,5468.524,57.83649373,18.81855470,25.222,-730.729,-13.285,82.128,4.049,2.3232,0.0009331,5470.526,6.791,4.692,11.484,1.1236,1.3309,1.8427,-0.0005649,0.0186,-737.503,-13.436,82.608,-726.048,-13.211,81.796,0.0706476,0.0232257,0.9972309,-0.0200134,0.9995607,-0.0218622,-0.049,0.208,0,0,0.0071,0,1
1824,5471.524,57.83652059,18.81855833,25.290,-730.513,-13.217,85.120,4.205,2.2074,0.0008815,5473.527,6.760,4.722,11.482,1.1150,1.2645,1.8350,-0.0005458,0.0180,-737.255,-13.366,85.616,-725.804,-13.143,84.774,0.0733258,0.0220686,0.9970638,-0.0199118,0.9995883,-0.0206602,-0.050,0.203,0,0,0.0070,0,1
1825,5474.524,57.83654745,18.81856209,25.355,-730.289,-13.153,88.111,4.352,2.0720,0.0008299,5476.528,6.697,4.788,11.484,1.1043,1.1870,1.8274,-0.0005246,0.0173,-736.966,-13.299,88.619,-725.515,-13.078,87.748,0.0758262,0.0207156,0.9969058,-0.0197857,0.9996186,-0.0192670,-0.050,0.195,0,0,0.0068,0,1
1826,5477.524,57.83657431,18.81856597,25.415,-730.058,-13.093,91.102,4.490,1.9261,0.0007783,5479.528,6.602,4.888,11.491,1.0916,1.1034,1.8194,-0.0005025,0.0166,-736.640,-13.235,91.618,-725.185,-13.016,90.720,0.0781475,0.0192574,0.9967558,-0.0196367,0.9996492,-0.0177738,-0.049,0.185,0,0,0.0062,0,1
1827,5480.524,57.83660116,18.81856997,25.470,-729.820,-13.037,94.093,4.619,1.7778,0.0007267,5482.528,6.480,5.020,11.499,1.0772,1.0185,1.8102,-0.0004804,0.0159,-736.279,-13.174,94.615,-724.817,-12.958,93.689,0.0804810,0.0177752,0.9965976,-0.0194677,0.9996783,-0.0162580,-0.047,0.173,0,0,0.0057,0,1
1828,5483.524,57.83662801,18.81857409,25.521,-729.575,-12.986,97.083,4.740,1.6337,0.0006750,5485.529,6.334,5.176,11.510,1.0610,0.9360,1.7989,-0.0004591,0.0152,-735.887,-13.118,97.607,-724.416,-12.905,96.655,0.0826620,0.0163348,0.9964438,-0.0192727,0.9997049,-0.0147895,-0.044,0.160,0,0,0.0052,0,1
1829,5486.524,57.83665485,18.81857830,25.568,-729.324,-12.939,100.072,4.852,1.4982,0.0006233,5488.529,6.171,5.351,11.522,1.0430,0.8583,1.7846,-0.0004391,0.0146,-735.473,-13.066,100.593,-723.992,-12.856,99.620,0.0844981,0.0149803,0.9963110,-0.0190433,0.9997286,-0.0134166,-0.039,0.147,0,0,0.0047,0,1
1830,5489.524,57.83668168,18.81858261,25.611,-729.068,-12.896,103.061,4.954,1.3745,0.0005714,5491.529,5.999,5.535,11.534,1.0229,0.7875,1.7660,-0.0004204,0.0140,-735.044,-13.017,103.579,-723.554,-12.811,102.583,0.0863337,0.0137437,0.9961715,-0.0187760,0.9997497,-0.0121658,-0.031,0.136,0,0,0.0042,0,1
1831,5492.523,57.83670852,18.81858700,25.650,-728.806,-12.857,106.049,5.048,1.2641,0.0005195,5494.529,5.826,5.720,11.546,1.0003,0.7242,1.7417,-0.0004032,0.0134,-734.610,-12.972,106.562,-723.109,-12.771,105.546,0.0880035,0.0126400,0.9960400,-0.0184578,0.9997685,-0.0110565,-0.022,0.126,0,0,0.0048,0,1
1832,5495.523,57.83673535,18.81859147,25.687,-728.540,-12.820,109.037,5.133,1.1677,0.0004673,5497.529,5.661,5.897,11.558,0.9747,0.6690,1.7104,-0.0003872,0.0129,-734.178,-12.929,109.543,-722.666,-12.733,108.510,0.0893274,0.0116762,0.9959339,-0.0180753,0.9997856,-0.0101002,-0.010,0.119,0,0,0.0055,0,1
1833,5498.523,57.83676217,18.81859602,25.721,-728.270,-12.787,112.025,5.209,1.0854,0.0004150,5500.530,5.510,6.061,11.571,0.9455,0.6219,1.6709,-0.0003725,0.0125,-733.757,-12.890,112.525,-722.234,-12.699,111.474,0.0908309,0.0108534,0.9958072,-0.0176223,0.9998016,-0.0092895,0.004,0.114,0,0,0.0061,0,1
1834,5501.523,57.83678899,18.81860062,25.752,-727.995,-12.755,115.012,5.276,1.0165,0.0003626,5503.530,5.379,6.206,11.585,0.9122,0.5824,1.6219,-0.0003588,0.0120,-733.351,-12.853,115.507,-721.815,-12.668,114.441,0.0920037,0.0101645,0.9957068,-0.0170827,0.9998169,-0.0086280,0.020,0.110,0,0,0.0068,0,1
1835,5504.523,57.83681581,18.81860528,25.782,-727.718,-12.726,117.999,5.333,0.9597,0.0003128,5506.530,5.270,6.330,11.599,0.8742,0.5499,1.5627,-0.0003461,0.0116,-732.965,-12.818,118.488,-721.416,-12.641,117.411,0.0928304,0.0095966,0.9956357,-0.0164473,0.9998319,-0.0081035,0.037,0.107,0,0,0.0074,0,1
1836,5507.523,57.83684263,18.81860999,25.810,-727.438,-12.698,120.986,5.380,0.9132,0.0002704,5509.530,5.184,6.431,11.614,0.8311,0.5232,1.4924,-0.0003345,0.0113,-732.599,-12.784,121.472,-721.036,-12.616,120.383,0.0938221,0.0091316,0.9955471,-0.0157126,0.9998470,-0.0076903,0.054,0.105,0,0,0.0086,0,1
1837,5510.523,57.83686945,18.81861474,25.836,-727.155,-12.671,123.973,5.418,0.8741,0.0002406,5512.530,5.120,6.510,11.629,0.7825,0.5008,1.4108,-0.0003239,0.0110,-732.252,-12.752,124.457,-720.674,-12.593,123.358,0.0944987,0.0087407,0.9954866,-0.0148684,0.9998623,-0.0073677,0.071,0.102,0,0,0.0097,0,1
1838,5513.523,57.83689626,18.81861951,25.862,-726.871,-12.645,126.959,5.450,0.8388,0.0002277,5515.530,5.074,6.569,11.643,0.7279,0.4806,1.3175,-0.0003145,0.0107,-731.922,-12.720,127.441,-720.332,-12.572,126.335,0.0950103,0.0083877,0.9954410,-0.0139105,0.9998781,-0.0070974,0.087,0.098,0,0,0.0109,0,1
1839,5516.523,57.83692308,18.81862431,25.887,-726.585,-12.621,129.945,5.482,0.8034,0.0002335,5518.530,5.043,6.612,11.655,0.6672,0.4603,1.2125,-0.0003063,0.0104,-731.605,-12.690,130.427,-720.003,-12.554,129.314,0.0955061,0.0080337,0.9953964,-0.0128355,0.9998942,-0.0068385,0.100,0.093,0,0,0.0120,0,1
1840,5519.522,57.83694989,18.81862914,25.910,-726.298,-12.597,132.931,5.517,0.7636,0.0002577,5521.530,5.025,6.641,11.665,0.6001,0.4375,1.0958,-0.0002994,0.0102,-731.300,-12.660,133.413,-719.688,-12.537,132.293,0.0960018,0.0076358,0.9953519,-0.0116391,0.9999108,-0.0065482,0.110,0.087,0,0,0.0132,0,1
1841,5522.522,57.83697670,18.81863400,25.933,-726.009,-12.575,135.917,5.559,0.7157,0.0002972,5524.530,5.015,6.659,11.674,0.5265,0.4101,0.9673,-0.0002939,0.0100,-731.001,-12.631,136.403,-719.382,-12.524,135.272,0.0968277,0.0071568,0.9952754,-0.0103196,0.9999276,-0.0061863,0.117,0.079,0,0,0.0114,0,1
1842,5525.522,57.83700351,18.81863891,25.953,-725.717,-12.554,138.903,5.613,0.6569,0.0003472,5527.530,5.014,6.667,11.681,0.4464,0.3764,0.8270,-0.0002899,0.0099,-730.707,-12.603,139.394,-719.082,-12.512,138.251,0.0978347,0.0065689,0.9951810,-0.0088725,0.9999442,-0.0057281,0.119,0.069,0,0,0.0097,0,1
1843,5528.522,57.83703031,18.81864386,25.972,-725.422,-12.535,141.888,5.677,0.5860,0.0004023,5530.530,5.020,6.668,11.688,0.3595,0.3357,0.6749,-0.0002873,0.0098,-730.417,-12.576,142.385,-718.787,-12.503,141.228,0.0990069,0.0058599,0.9950695,-0.0072956,0.9999601,-0.0051628,0.118,0.058,0,0,0.0079,0,1
1844,5531.522,57.83705711,18.81864888,25.988,-725.123,-12.519,144.873,5.751,0.5035,0.0004579,5533.529,5.034,6.661,11.695,0.2661,0.2885,0.5110,-0.0002859,0.0098,-730.131,-12.552,145.377,-718.495,-12.498,144.206,0.1001625,0.0050349,0.9949584,-0.0055884,0.9999743,-0.0044977,0.113,0.047,0,0,0.0062,0,1
1845,5534.522,57.83708391,18.81865397,26.002,-724.821,-12.505,147.858,5.835,0.4116,0.0005124,5536.529,5.057,6.647,11.703,0.1662,0.2358,0.3355,-0.0002858,0.0098,-729.851,-12.529,148.372,-718.209,-12.495,147.182,0.1016643,0.0041160,0.9948102,-0.0037556,0.9999859,-0.0037536,0.105,0.034,0,0,0.0044,0,1
1846,5537.522,57.83711070,18.81865914,26.013,-724.513,-12.494,150.842,5.928,0.3143,0.0005654,5539.529,5.089,6.624,11.713,0.0599,0.1801,0.1486,-0.0002867,0.0098,-729.575,-12.509,151.368,-717.925,-12.497,150.158,0.1033308,0.0031430,0.9946421,-0.0018031,0.9999940,-0.0029726,0.095,0.021,0,0,0.0056,0,1
1847,5540.522,57.83713749,18.81866439,26.021,-724.201,-12.486,153.826,6.030,0.2162,0.0006169,5542.529,5.130,6.593,11.722,-0.0522,0.1239,-0.0489,-0.0002880,0.0099,-729.302,-12.491,154.365,-717.645,-12.502,153.134,0.1049969,0.0021620,0.9944702,0.0002594,0.9999975,-0.0022014,0.083,0.009,0,0,0.0067,0,1
1848,5543.522,57.83716428,18.81866973,26.026,-723.883,-12.481,156.809,6.141,0.1227,0.0006665,5545.529,5.177,6.553,11.730,-0.1697,0.0703,-0.2563,-0.0002894,0.0100,-729.030,-12.475,157.363,-717.367,-12.510,156.108,0.1070097,0.0012270,0.9942572,0.0024170,0.9999960,-0.0014942,0.072,-0.004,0,0,0.0079,0,1
1849,5546.521,57.83719105,18.81867518,26.029,-723.559,-12.479,159.791,6.261,0.0390,0.0007142,5548.529,5.227,6.507,11.734,-0.2920,0.0223,-0.4724,-0.0002902,0.0100,-728.755,-12.462,160.362,-717.091,-12.522,159.081,0.1091692,0.0003900,0.9940231,0.0046533,0.9999888,-0.0009034,0.061,-0.015,0,0,0.0090,0,1
1850,5549.521,57.83721783,18.81868073,26.029,-723.228,-12.479,162.773,6.388,-0.0305,0.0007596,5551.529,5.278,6.456,11.734,-0.4182,-0.0175,-0.6959,-0.0002894,0.0100,-728.473,-12.450,163.361,-716.812,-12.536,162.054,0.1113462,-0.0003050,0.9937816,0.0069490,0.9999757,-0.0004717,0.051,-0.024,0,0,0.0102,0,1
1851,5552.521,57.83724459,18.81868640,26.027,-722.891,-12.481,165.753,6.524,-0.0825,0.0008028,5554.529,5.328,6.401,11.729,-0.5475,-0.0473,-0.9249,-0.0002864,0.0098,-728.184,-12.440,166.358,-716.531,-12.552,165.026,0.1135230,-0.0008250,0.9935350,0.0092824,0.9999569,-0.0002303,0.043,-0.032,0,0,0.0099,0,1
1852,5555.521,57.83727135,18.81869219,26.024,-722.547,-12.484,168.733,6.666,-0.1153,0.0008436,5557.529,5.376,6.345,11.721,-0.6787,-0.0661,-1.1575,-0.0002801,0.0096,-727.886,-12.430,169.357,-716.245,-12.569,167.996,0.1161546,-0.0011530,0.9932305,0.0116302,0.9999323,-0.0001993,0.038,-0.036,0,0,0.0096,0,1
1853,5558.521,57.83729810,18.81869811,26.020,-722.194,-12.487,171.713,6.814,-0.1287,0.0008875,5560.529,5.423,6.289,11.712,-0.8106,-0.0737,-1.3915,-0.0002699,0.0093,-727.578,-12.419,172.357,-715.950,-12.585,170.966,0.1188231,-0.0012870,0.9929146,0.0139675,0.9999024,-0.0003755,0.035,-0.037,0,0,0.0093,0,1
1854,5561.521,57.83732484,18.81870416,26.016,-721.834,-12.491,174.691,6.960,-0.1241,0.0009616,5563.528,5.469,6.235,11.704,-0.9416,-0.0711,-1.6239,-0.0002552,0.0087,-727.263,-12.410,175.355,-715.645,-12.602,173.934,0.1213467,-0.0012410,0.9926094,0.0162679,0.9998674,-0.0007387,0.034,-0.033,0,0,0.0090,0,1
1855,5564.521,57.83735157,18.81871035,26.013,-721.466,-12.495,177.668,7.108,-0.1044,0.0011040,5566.528,5.515,6.185,11.699,-1.0700,-0.0598,-1.8520,-0.0002359,0.0081,-726.938,-12.400,178.353,-715.329,-12.619,176.900,0.1241783,-0.0010440,0.9922594,0.0185030,0.9998280,-0.0012636,0.035,-0.024,0,0,0.0087,0,1
1856,5567.521,57.83737829,18.81871668,26.010,-721.089,-12.498,180.644,7.270,-0.0734,0.0013519,5569.528,5.558,6.140,11.698,-1.1942,-0.0421,-2.0723,-0.0002120,0.0073,-726.602,-12.389,181.350,-714.999,-12.633,179.864,0.1270087,-0.0007340,0.9919013,0.0206439,0.9997851,-0.0019035,0.038,-0.009,0,0,0.0091,0,1
1857,5570.521,57.83740501,18.81872317,26.008,-720.704,-12.499,183.619,7.474,-0.0354,0.0017323,5572.528,5.597,6.101,11.698,-1.3122,-0.0203,-2.2814,-0.0001840,0.0063,-726.253,-12.377,184.347,-714.655,-12.645,182.825,0.1301656,-0.0003540,0.9914922,0.0226600,0.9997398,-0.0026179,0.043,0.010,0,0,0.0095,0,1
1858,5573.520,57.83743171,18.81872983,26.008,-720.308,-12.500,186.593,7.755,0.0050,0.0022582,5575.528,5.628,6.070,11.698,-1.4221,0.0029,-2.4759,-0.0001525,0.0052,-725.885,-12.365,187.352,-714.293,-12.656,185.775,0.1348380,0.0000500,0.9908677,0.0245183,0.9996936,-0.0033869,0.048,0.035,0,0,0.0099,0,1
1859,5576.520,57.83745838,18.81873677,26.009,-719.895,-12.499,189.564,8.147,0.0436,0.0029266,5578.528,5.650,6.046,11.696,-1.5221,0.0250,-2.6525,-0.0001183,0.0040,-725.488,-12.353,190.365,-713.910,-12.664,188.706,0.1418414,0.0004360,0.9898893,0.0261857,0.9996483,-0.0041924,0.053,0.064,0,0,0.0102,0,1
1860,5579.520,57.83748503,18.81874413,26.010,-719.457,-12.497,192.532,8.679,0.0769,0.0037215,5581.528,5.660,6.029,11.689,-1.6105,0.0441,-2.8085,-0.0000824,0.0028,-725.052,-12.341,193.389,-713.498,-12.669,191.620,0.1513307,0.0007690,0.9884829,0.0276342,0.9996056,-0.0050083,0.059,0.096,0,0,0.0106,0,1
1861,5582.520,57.83751164,18.81875203,26.013,-718.987,-12.494,195.495,9.369,0.1024,0.0046194,5584.528,5.659,6.017,11.676,-1.6859,0.0587,-2.9416,-0.0000457,0.0016,-724.570,-12.329,196.419,-713.051,-12.673,194.512,0.1633447,0.0010240,0.9865685,0.0288416,0.9995671,-0.0058127,0.063,0.130,0,0,0.0109,0,1
1862,5585.520,57.83753818,18.81876061,26.017,-718.477,-12.491,198.451,10.224,0.1190,0.0055990,5587.527,5.648,6.010,11.658,-1.7474,0.0682,-3.0504,-0.0000089,0.0003,-724.035,-12.319,199.457,-712.563,-12.675,197.381,0.1780344,0.0011900,0.9840235,0.0297908,0.9995344,-0.0065987,0.068,0.163,0,0,0.0112,0,1
1863,5588.520,57.83756464,18.81877000,26.020,-717.919,-12.487,201.398,11.248,0.1269,0.0066537,5590.527,5.630,6.006,11.636,-1.7944,0.0727,-3.1339,0.0000271,-0.0009,-723.440,-12.310,202.500,-712.029,-12.674,200.223,0.1956992,0.0012690,0.9806631,0.0304692,0.9995085,-0.0073738,0.071,0.194,0,0,0.0115,0,1
1864,5591.520,57.83759101,18.81878035,26.024,-717.303,-12.483,204.334,12.454,0.1278,0.0077987,5593.527,5.609,6.005,11.614,-1.8268,0.0732,-3.1918,0.0000611,-0.0021,-722.779,-12.302,205.547,-711.440,-12.672,203.035,0.2163302,0.0012780,0.9763194,0.0308698,0.9994902,-0.0081484,0.073,0.222,0,0,0.0118,0,1
1865,5594.519,57.83761724,18.81879183,26.028,-716.621,-12.479,207.256,13.861,0.1247,0.0090518,5596.527,5.588,6.006,11.594,-1.8447,0.0714,-3.2245,0.0000922,-0.0031,-722.045,-12.296,208.598,-710.791,-12.669,205.813,0.2401816,0.0012470,0.9707272,0.0309854,0.9994798,-0.0089505,0.074,0.244,0,0,0.0121,0,1
1866,5597.519,57.83764330,18.81880460,26.032,-715.862,-12.476,210.158,15.488,0.1219,0.0104322,5599.527,5.571,6.010,11.581,-1.8486,0.0698,-3.2328,0.0001191,-0.0040,-721.229,-12.292,211.650,-710.071,-12.666,208.549,0.2677554,0.0012190,0.9634861,0.0308053,0.9994771,-0.0098254,0.074,0.259,0,0,0.0117,0,1
1867,5600.519,57.83766913,18.81881885,26.036,-715.015,-12.472,213.035,17.362,0.1247,0.0119539,5602.527,5.561,6.018,11.580,-1.8395,0.0714,-3.2181,0.0001402,-0.0047,-720.322,-12.289,214.698,-709.272,-12.661,211.235,0.2990720,0.0012470,0.9542297,0.0303192,0.9994818,-0.0108087,0.072,0.268,0,0,0.0114,0,1
1868,5603.519,57.83769469,18.81883479,26.039,-714.068,-12.468,215.882,19.511,0.1390,0.0136260,5605.526,5.562,6.031,11.592,-1.8185,0.0796,-3.1821,0.0001541,-0.0052,-719.309,-12.286,217.744,-708.385,-12.654,213.863,0.3347199,0.0013900,0.9423166,0.0295054,0.9994931,-0.0119549,0.069,0.270,0,0,0.0111,0,1
1869,5606.518,57.83771989,18.81885264,26.044,-713.007,-12.463,218.688,21.965,0.1710,0.0154458,5608.526,5.574,6.048,11.622,-1.7869,0.0980,-3.1274,0.0001595,-0.0054,-718.174,-12.284,220.777,-707.400,-12.646,216.421,0.3748374,0.0017100,0.9270890,0.0283386,0.9995099,-0.0133014,0.065,0.265,0,0,0.0108,0,1
1870,5609.518,57.83774462,18.81887261,26.050,-711.820,-12.457,221.442,24.759,0.2267,0.0173934,5611.525,5.598,6.071,11.669,-1.7467,0.1299,-3.0569,0.0001553,-0.0053,-716.902,-12.281,223.790,-706.309,-12.637,218.896,0.4193849,0.0022670,0.9078057,0.0267870,0.9995305,-0.0148710,0.060,0.256,0,0,0.0105,0,1
1871,5612.517,57.83776877,18.81889496,26.058,-710.492,-12.450,224.132,27.934,0.3113,0.0193889,5614.525,5.635,6.098,11.734,-1.6998,0.1784,-2.9742,0.0001412,-0.0049,-715.470,-12.278,226.774,-705.105,-12.626,221.273,0.4687587,0.0031130,0.8833208,0.0248013,0.9995532,-0.0166841,0.055,0.242,0,0,0.0098,0,1
1872,5615.517,57.83779218,18.81891992,26.069,-709.009,-12.439,226.739,31.526,0.4290,0.0212586,5617.524,5.683,6.128,11.812,-1.6486,0.2458,-2.8834,0.0001172,-0.0041,-713.855,-12.271,229.708,-703.783,-12.611,223.537,0.5224164,0.0042900,0.8526797,0.0223355,0.9995754,-0.0187134,0.049,0.226,0,0,0.0091,0,1
1873,5618.516,57.83781468,18.81894768,26.084,-707.360,-12.424,229.244,35.517,0.5819,0.0227847,5620.524,5.741,6.158,11.899,-1.5954,0.3334,-2.7887,0.0000839,-0.0030,-712.038,-12.261,232.572,-702.343,-12.593,225.674,0.5797282,0.0058189,0.8147892,0.0193408,0.9995945,-0.0208998,0.043,0.209,0,0,0.0085,0,1
1874,5621.515,57.83783604,18.81897841,26.104,-705.534,-12.404,231.623,39.813,0.7705,0.0237594,5623.523,5.806,6.183,11.988,-1.5424,0.4415,-2.6942,0.0000429,-0.0015,-709.997,-12.246,235.336,-700.781,-12.569,227.669,0.6394759,0.0077048,0.7687725,0.0157795,0.9996076,-0.0231439,0.037,0.193,0,0,0.0078,0,1
1875,5624.514,57.83785606,18.81901219,26.130,-703.527,-12.377,233.852,44.260,0.9921,0.0240446,5626.522,5.874,6.200,12.074,-1.4916,0.5684,-2.6037,-0.0000042,0.0002,-707.731,-12.224,237.954,-699.090,-12.539,229.522,0.6983437,0.0099205,0.7156938,0.0117023,0.9996120,-0.0252746,0.030,0.178,0,0,0.0071,0,1
1876,5627.513,57.83787456,18.81904887,26.163,-701.348,-12.344,235.913,48.674,1.2422,0.0236160,5629.521,5.944,6.206,12.150,-1.4444,0.7117,-2.5201,-0.0000552,0.0020,-705.266,-12.196,240.383,-697.257,-12.503,231.246,0.7519811,0.0124210,0.6590677,0.0072656,0.9996055,-0.0271288,0.025,0.166,0,0,0.0070,0,1
1877,5630.513,57.83789154,18.81908807,26.204,-699.019,-12.303,237.803,52.886,1.5136,0.0225703,5632.521,6.013,6.201,12.214,-1.4019,0.8672,-2.4453,-0.0001080,0.0040,-702.642,-12.160,242.602,-695.283,-12.459,232.854,0.7979827,0.0151343,0.6024903,0.0026536,0.9995867,-0.0286238,0.020,0.155,0,0,0.0070,0,1
1878,5633.512,57.83790701,18.81912939,26.254,-696.564,-12.253,239.525,56.780,1.7973,0.0210933,5635.521,6.079,6.184,12.263,-1.3645,1.0297,-2.3803,-0.0001603,0.0060,-699.895,-12.114,244.611,-693.176,-12.406,234.352,0.8364288,0.0179701,0.5477809,-0.0019938,0.9995555,-0.0297463,0.015,0.148,0,0,0.0069,0,1
1879,5636.511,57.83792104,18.81917250,26.312,-694.003,-12.195,241.088,60.311,2.0823,0.0194013,5638.521,6.142,6.158,12.300,-1.3320,1.1929,-2.3249,-0.0002102,0.0080,-697.048,-12.060,246.422,-690.950,-12.346,235.740,0.8682703,0.0208185,0.4956543,-0.0065545,0.9995133,-0.0304996,0.011,0.142,0,0,0.0068,0,1
1880,5639.511,57.83793371,18.81921706,26.379,-691.356,-12.129,242.498,63.497,2.3555,0.0176823,5641.521,6.200,6.126,12.326,-1.3041,1.3494,-2.2784,-0.0002559,0.0097,-694.126,-11.998,248.045,-688.619,-12.278,237.018,0.8944124,0.0235485,0.4466227,-0.0108894,0.9994635,-0.0308901,0.009,0.137,0,0,0.0068,0,1
1881,5642.510,57.83794510,18.81926281,26.453,-688.638,-12.054,243.767,66.372,2.6027,0.0160450,5644.521,6.251,6.091,12.343,-1.2799,1.4909,-2.2390,-0.0002959,0.0113,-691.147,-11.926,249.493,-686.193,-12.201,238.188,0.9156137,0.0260182,0.4012165,-0.0148436,0.9994112,-0.0309356,0.007,0.133,0,0,0.0098,0,1
1882,5645.510,57.83795533,18.81930953,26.535,-685.863,-11.973,244.905,68.963,2.8100,0.0145235,5647.522,6.293,6.060,12.353,-1.2589,1.6096,-2.2053,-0.0003291,0.0126,-688.125,-11.847,250.777,-683.685,-12.119,239.250,0.9327925,0.0280889,0.3593176,-0.0182831,0.9993626,-0.0306599,0.006,0.128,0,0,0.0129,0,1
1883,5648.510,57.83796448,18.81935703,26.622,-683.041,-11.886,245.923,71.299,2.9648,0.0131326,5650.523,6.322,6.037,12.360,-1.2404,1.6982,-2.1754,-0.0003545,0.0135,-685.072,-11.763,251.910,-681.101,-12.030,240.206,0.9465700,0.0296350,0.3211339,-0.0210731,0.9993246,-0.0301051,0.007,0.122,0,0,0.0160,0,1
1884,5651.510,57.83797264,18.81940515,26.712,-680.183,-11.795,246.832,73.405,3.0569,0.0118752,5653.524,6.337,6.026,12.363,-1.2238,1.7509,-2.1479,-0.0003716,0.0142,-681.997,-11.674,252.904,-678.458,-11.938,241.058,0.9577041,0.0305547,0.2861281,-0.0231250,0.9993028,-0.0293102,0.009,0.114,0,0,0.0191,0,1
1885,5654.509,57.83797990,18.81945379,26.805,-677.294,-11.703,247.640,75.308,3.0799,0.0107469,5656.525,6.334,6.031,12.365,-1.2090,1.7641,-2.1219,-0.0003802,0.0145,-678.904,-11.584,253.766,-675.761,-11.845,241.807,0.9666917,0.0307844,0.2540856,-0.0243763,0.9993013,-0.0283312,0.011,0.105,0,0,0.0222,0,1
1886,5657.509,57.83798634,18.81950282,26.897,-674.381,-11.611,248.357,77.031,3.0316,0.0097371,5659.527,6.313,6.053,12.366,-1.1956,1.7364,-2.0969,-0.0003802,0.0145,-675.800,-11.494,254.508,-673.020,-11.752,242.459,0.9739465,0.0303021,0.2247441,-0.0248082,0.9993213,-0.0272296,0.014,0.094,0,0,0.0201,0,1
1887,5660.509,57.83799202,18.81955219,26.986,-671.448,-11.521,248.989,78.592,2.9146,0.0088347,5662.528,6.274,6.092,12.365,-1.1836,1.6695,-2.0728,-0.0003718,0.0142,-672.691,-11.406,255.138,-670.241,-11.661,243.018,0.9797457,0.0291336,0.1981152,-0.0244438,0.9993610,-0.0260772,0.018,0.082,0,0,0.0180,0,1
1888,5663.509,57.83799702,18.81960181,27.071,-668.501,-11.436,249.546,80.011,2.7356,0.0080267,5665.529,6.220,6.143,12.363,-1.1730,1.5670,-2.0503,-0.0003555,0.0136,-669.584,-11.322,255.671,-667.432,-11.575,243.497,0.9843700,0.0273458,0.1739770,-0.0233565,0.9994162,-0.0249362,0.023,0.070,0,0,0.0160,0,1
1889,5666.508,57.83800140,18.81965164,27.150,-665.541,-11.357,250.033,81.301,2.5049,0.0073022,5668.530,6.157,6.204,12.361,-1.1637,1.4349,-2.0298,-0.0003318,0.0127,-666.474,-11.245,256.119,-664.601,-11.496,243.901,0.9881445,0.0250411,0.1514710,-0.0216730,0.9994807,-0.0238467,0.028,0.058,0,0,0.0139,0,1
1890,5669.508,57.83800520,18.81970164,27.221,-662.571,-11.286,250.455,82.472,2.2351,0.0066662,5671.530,6.091,6.267,12.358,-1.1559,1.2804,-2.0123,-0.0003017,0.0115,-663.370,-11.175,256.493,-661.749,-11.424,244.242,0.9911123,0.0223454,0.1311374,-0.0195095,0.9995481,-0.0228707,0.033,0.047,0,0,0.0118,0,1
1891,5672.508,57.83800848,18.81975177,27.284,-659.593,-11.223,250.820,83.529,1.9396,0.0061491,5674.531,6.029,6.326,12.355,-1.1495,1.1112,-1.9986,-0.0002658,0.0101,-660.272,-11.112,256.811,-658.880,-11.360,244.534,0.9934443,0.0193924,0.1126604,-0.0170138,0.9996124,-0.0220357,0.038,0.038,0,0,0.0115,0,1
1892,5675.508,57.83801128,18.81980200,27.337,-656.610,-11.170,251.131,84.491,1.6315,0.0057901,5677.531,5.979,6.374,12.353,-1.1447,0.9347,-1.9893,-0.0002256,0.0086,-657.182,-11.059,257.083,-656.000,-11.306,244.786,0.9952802,0.0163128,0.0956616,-0.0143322,0.9996692,-0.0213556,0.043,0.031,0,0,0.0111,0,1
1893,5678.508,57.83801364,18.81985231,27.382,-653.621,-11.126,251.394,85.389,1.3223,0.0056238,5680.531,5.949,6.404,12.353,-1.1418,0.7576,-1.9849,-0.0001821,0.0069,-654.098,-11.014,257.323,-653.108,-11.261,245.011,0.9966947,0.0132218,0.0801555,-0.0115860,0.9997157,-0.0208387,0.048,0.026,0,0,0.0108,0,1
1894,5681.508,57.83801560,18.81990267,27.417,-650.629,-11.091,251.612,86.268,1.0216,0.0056710,5683.531,5.943,6.409,12.352,-1.1410,0.5853,-1.9853,-0.0001372,0.0052,-651.016,-10.978,257.543,-650.211,-11.224,245.216,0.9978222,0.0102155,0.0651659,-0.0088982,0.9997508,-0.0204719,0.052,0.023,0,0,0.0105,0,1
1895,5684.508,57.83801716,18.81995309,27.443,-647.634,-11.064,251.785,87.181,0.7367,0.0059344,5686.531,5.968,6.384,12.352,-1.1426,0.4221,-1.9906,-0.0000925,0.0035,-647.929,-10.948,257.746,-647.318,-11.195,245.409,0.9987468,0.0073668,0.0495040,-0.0063711,0.9997748,-0.0202415,0.056,0.021,0,0,0.0101,0,1
1896,5687.507,57.83801827,18.82000355,27.461,-644.637,-11.046,251.909,88.172,0.4724,0.0063976,5689.531,6.027,6.322,12.349,-1.1466,0.2707,-2.0000,-0.0000501,0.0019,-644.830,-10.927,257.933,-644.435,-11.174,245.590,0.9994766,0.0047239,0.0320046,-0.0040806,0.9997889,-0.0201368,0.060,0.020,0,0,0.0096,0,1
1897,5690.507,57.83801889,18.82005404,27.471,-641.638,-11.036,251.977,89.277,0.2313,0.0070293,5692.531,6.121,6.221,12.342,-1.1532,0.1325,-2.0129,-0.0000119,0.0005,-641.714,-10.913,258.098,-641.561,-11.162,245.757,0.9999213,0.0023130,0.0123344,-0.0020641,0.9997948,-0.0201515,0.062,0.018,0,0,0.0092,0,1
1898,5693.507,57.83801895,18.82010454,27.475,-638.638,-11.032,251.983,90.517,0.0145,0.0077920,5695.531,6.251,6.077,12.328,-1.1621,0.0083,-2.0281,0.0000204,-0.0008,-638.579,-10.904,258.234,-638.696,-11.154,245.906,0.9999549,0.0001450,-0.0095012,-0.0003376,0.9997944,-0.0202747,0.064,0.014,0,0,0.0087,0,1
1899,5696.507,57.83801839,18.82015504,27.472,-635.639,-11.035,251.920,91.900,-0.1783,0.0086552,5698.531,6.414,5.891,12.305,-1.1727,-0.1022,-2.0446,0.0000454,-0.0017,-635.423,-10.902,258.330,-635.837,-11.154,246.032,0.9994314,-0.0017830,-0.0336700,0.0010933,0.9997895,-0.0204900,0.066,0.009,0,0,0.0082,0,1
1900,5699.507,57.83801714,18.82020548,27.464,-632.642,-11.043,251.781,93.437,-0.3483,0.0096096,5701.531,6.606,5.665,12.271,-1.1841,-0.1996,-2.0610,0.0000623,-0.0023,-632.242,-10.904,258.374,-632.985,-11.158,246.126,0.9981615,-0.0034830,-0.0605098,0.0022290,0.9997816,-0.0207786,0.067,0.002,0,0,0.0077,0,1
1901,5702.506,57.83801514,18.82025585,27.452,-629.651,-11.056,251.557,95.144,-0.4969,0.0106648,5704.530,6.820,5.406,12.226,-1.1951,-0.2847,-2.0761,0.0000711,-0.0027,-629.036,-10.911,258.349,-630.139,-11.166,246.173,0.9959123,-0.0049689,-0.0901889,0.0030756,0.9997722,-0.0211199,0.068,-0.007,0,0,0.0070,0,1
1902,5705.506,57.83801229,18.82030606,27.435,-626.668,-11.072,251.240,97.040,-0.6253,0.0118287,5707.530,7.050,5.123,12.172,-1.2045,-0.3583,-2.0887,0.0000724,-0.0027,-625.801,-10.921,258.236,-627.298,-11.177,246.156,0.9923836,-0.0062529,-0.1230269,0.0036350,0.9997624,-0.0214921,0.069,-0.017,0,0,0.0063,0,1
1903,5708.506,57.83800851,18.82035606,27.414,-623.698,-11.093,250.819,99.147,-0.7343,0.0131056,5710.530,7.285,4.828,12.112,-1.2111,-0.4207,-2.0975,0.0000674,-0.0025,-622.536,-10.937,258.010,-624.468,-11.193,246.053,0.9871620,-0.0073428,-0.1595531,0.0039013,0.9997532,-0.0218722,0.069,-0.027,0,0,0.0056,0,1
1904,5711.506,57.83800371,18.82040575,27.391,-620.747,-11.116,250.283,101.487,-0.8236,0.0144944,5713.530,7.516,4.535,12.052,-1.2138,-0.4719,-2.1015,0.0000578,-0.0021,-619.246,-10.955,257.648,-621.653,-11.210,245.839,0.9798161,-0.0082357,-0.1997311,0.0038715,0.9997454,-0.0222314,0.069,-0.037,0,0,0.0049,0,1
1905,5714.505,57.83799777,18.82045501,27.365,-617.821,-11.142,249.621,104.083,-0.8925,0.0159841,5716.529,7.737,4.260,11.997,-1.2121,-0.5114,-2.1001,0.0000454,-0.0016,-615.934,-10.977,257.124,-618.860,-11.231,245.489,0.9697597,-0.0089246,-0.2438986,0.0035323,0.9997398,-0.0225374,0.069,-0.045,0,0,0.0042,0,1
1906,5717.505,57.83799058,18.82050368,27.338,-614.930,-11.170,248.820,106.957,-0.9397,0.0175525,5719.529,7.940,4.016,11.956,-1.2059,-0.5384,-2.0924,0.0000319,-0.0011,-612.610,-11.002,256.414,-616.103,-11.254,244.979,0.9563262,-0.0093966,-0.2921506,0.0028730,0.9997370,-0.0227507,0.069,-0.050,0,0,0.0048,0,1
1907,5720.504,57.83798204,18.82055157,27.309,-612.086,-11.198,247.869,110.126,-0.9634,0.0191602,5722.529,8.123,3.811,11.935,-1.1951,-0.5520,-2.0782,0.0000186,-0.0007,-609.287,-11.028,255.495,-613.399,-11.277,244.291,0.9387231,-0.0096336,-0.3445376,0.0018831,0.9997378,-0.0228228,0.069,-0.051,0,0,0.0053,0,1
1908,5723.504,57.83797204,18.82059845,27.280,-609.301,-11.227,246.754,113.603,-0.9626,0.0207425,5725.528,8.287,3.652,11.939,-1.1802,-0.5515,-2.0572,0.0000063,-0.0002,-605.981,-11.056,254.347,-610.764,-11.302,243.408,0.9162144,-0.0096256,-0.4005728,0.0005788,0.9997422,-0.0226994,0.069,-0.049,0,0,0.0059,0,1
1909,5726.503,57.83796048,18.82064406,27.252,-606.592,-11.256,245.467,117.404,-0.9365,0.0221562,5728.528,8.431,3.540,11.971,-1.1613,-0.5366,-2.0295,-0.0000047,0.0002,-602.714,-11.085,252.954,-608.220,-11.328,242.323,0.8879251,-0.0093646,-0.4598928,-0.0010179,0.9997503,-0.0223228,0.069,-0.044,0,0,0.0065,0,1
1910,5729.502,57.83794729,18.82068808,27.224,-603.978,-11.283,243.997,121.509,-0.8852,0.0231940,5731.527,8.557,3.475,12.032,-1.1388,-0.5072,-1.9954,-0.0000148,0.0005,-599.514,-11.113,251.298,-605.791,-11.353,241.032,0.8531164,-0.0088517,-0.5216455,-0.0028567,0.9997618,-0.0216366,0.068,-0.036,0,0,0.0070,0,1
1911,5732.502,57.83793242,18.82073017,27.199,-601.478,-11.309,242.340,125.834,-0.8093,0.0236506,5734.526,8.664,3.454,12.118,-1.1129,-0.4637,-1.9556,-0.0000250,0.0009,-596.417,-11.141,249.372,-603.496,-11.377,239.536,0.8116501,-0.0080927,-0.5840878,-0.0048527,0.9997761,-0.0205955,0.067,-0.025,0,0,0.0062,0,1
1912,5735.501,57.83791586,18.82076999,27.176,-599.113,-11.332,240.496,130.223,-0.7104,0.0233870,5737.526,8.748,3.473,12.221,-1.0837,-0.4070,-1.9110,-0.0000365,0.0014,-593.466,-11.168,247.177,-601.355,-11.399,237.843,0.7637529,-0.0071038,-0.6454696,-0.0069077,0.9997922,-0.0191769,0.066,-0.014,0,0,0.0053,0,1
1913,5738.500,57.83789769,18.82080724,27.156,-596.900,-11.351,238.471,134.488,-0.5909,0.0223798,5740.525,8.803,3.527,12.330,-1.0519,-0.3386,-1.8630,-0.0000508,0.0019,-590.722,-11.191,244.743,-599.375,-11.417,235.959,0.7124120,-0.0059089,-0.7017366,-0.0088624,0.9998091,-0.0174160,0.065,-0.004,0,1,0.0045,0,1
1914,5741.499,57.83787810,18.82084189,27.140,-594.842,-11.367,236.289,138.448,-0.4542,0.0207333,5743.524,8.824,3.607,12.431,-1.0183,-0.2602,-1.8138,-0.0000697,0.0027,-588.231,-11.212,242.134,-597.544,-11.433,233.900,0.6623151,-0.0045420,-0.7492116,-0.0105795,0.9998252,-0.0154137,0.063,0.006,0,1,0.0036,0,1
1915,5744.498,57.83785736,18.82087410,27.129,-592.929,-11.378,233.979,141.974,-0.3045,0.0186458,5746.524,8.805,3.704,12.509,-0.9841,-0.1745,-1.7661,-0.0000946,0.0037,-585.992,-11.230,239.402,-595.847,-11.445,231.698,0.6158871,-0.0030450,-0.7878285,-0.0120364,0.9998395,-0.0132739,0.062,0.013,0,0,0.0028,0,1
1916,5747.498,57.83783569,18.82090408,27.122,-591.149,-11.385,231.565,145.013,-0.1475,0.0163523,5749.523,8.740,3.808,12.548,-0.9515,-0.0845,-1.7232,-0.0001265,0.0050,-583.992,-11.244,236.581,-594.268,-11.452,229.379,0.5739428,-0.0014750,-0.8188940,-0.0132626,0.9998505,-0.0110964,0.060,0.018,1,0,0.0175,0,1
1917,5750.498,57.83781327,18.82093207,27.120,-589.487,-11.387,229.068,147.584,0.0103,0.0140686,5752.523,8.625,3.911,12.536,-0.9231,0.0059,-1.6894,-0.0001656,0.0065,-582.211,-11.254,233.700,-592.786,-11.456,226.968,0.5369941,0.0001030,-0.8435860,-0.0143045,0.9998573,-0.0089836,0.059,0.021,0,0,0.0322,0,1
1918,5753.497,57.83779025,18.82095831,27.123,-587.928,-11.385,226.505,149.752,0.1602,0.0119412,5755.523,8.459,4.008,12.467,-0.9026,0.0918,-1.6694,-0.0002109,0.0082,-580.625,-11.259,230.774,-591.388,-11.455,224.482,0.5046061,0.0016020,-0.8633482,-0.0152186,0.9998594,-0.0070396,0.058,0.021,0,0,0.0468,0,1
1919,5756.497,57.83776677,18.82098304,27.129,-586.460,-11.378,223.889,151.571,0.2928,0.0100104,5758.522,8.241,4.099,12.340,-0.8942,0.1678,-1.6683,-0.0002598,0.0099,-579.217,-11.258,227.819,-590.063,-11.451,221.934,0.4768985,0.0029280,-0.8789535,-0.0160581,0.9998566,-0.0053820,0.057,0.020,0,0,0.0615,0,1
1920,5759.497,57.83774292,18.82100649,27.140,-585.067,-11.367,221.232,153.079,0.3985,0.0082644,5761.522,7.976,4.187,12.163,-0.9024,0.2283,-1.6916,-0.0003074,0.0114,-577.959,-11.252,224.849,-588.799,-11.443,219.333,0.4535326,0.0039850,-0.8912308,-0.0168807,0.9998490,-0.0041197,0.056,0.018,0,1,0.0762,0,1
1921,5762.497,57.83771877,18.82102887,27.153,-583.739,-11.354,218.542,154.309,0.4696,0.0066810,5764.522,7.677,4.275,11.951,-0.9315,0.2691,-1.7438,-0.0003468,0.0124,-576.824,-11.241,221.876,-587.590,-11.435,216.686,0.4342268,0.0046959,-0.9007914,-0.0177449,0.9998370,-0.0033416,0.055,0.017,0,1,0.0816,0,1
1922,5765.497,57.83769440,18.82105037,27.168,-582.462,-11.339,215.828,155.289,0.5015,0.0052336,5767.522,7.364,4.363,11.727,-0.9846,0.2873,-1.8291,-0.0003684,0.0127,-575.775,-11.224,218.912,-586.424,-11.426,214.000,0.4188521,0.0050149,-0.9080406,-0.0187064,0.9998202,-0.0031069,0.054,0.016,0,0,0.0870,0,1
1923,5768.496,57.83766986,18.82107117,27.183,-581.226,-11.324,213.094,156.040,0.4945,0.0038931,5770.522,7.060,4.451,11.511,-1.0631,0.2833,-1.9498,-0.0003606,0.0119,-574.776,-11.204,215.966,-585.292,-11.418,211.283,0.4068293,0.0049449,-0.9134908,-0.0198197,0.9997977,-0.0034147,0.052,0.016,0,0,0.0924,0,1
1924,5771.496,57.83764519,18.82109147,27.198,-580.021,-11.309,210.347,156.577,0.4539,0.0026318,5773.522,6.788,4.533,11.321,-1.1669,0.2601,-2.1069,-0.0003098,0.0099,-573.794,-11.180,213.050,-584.179,-11.411,208.542,0.3982161,0.0045390,-0.9172804,-0.0211286,0.9997678,-0.0042254,0.050,0.018,0,0,0.0978,0,1
1925,5774.496,57.83762044,18.82111141,27.211,-578.837,-11.297,207.591,156.911,0.3897,0.0014226,5776.522,6.560,4.606,11.165,-1.2944,0.2233,-2.2989,-0.0002018,0.0063,-572.804,-11.155,210.167,-583.073,-11.407,205.782,0.3926688,0.0038970,-0.9196717,-0.0226670,0.9997283,-0.0054418,0.047,0.022,0,0,0.1032,0,1
1926,5777.496,57.83759565,18.82113115,27.221,-577.665,-11.286,204.829,157.049,0.3150,0.0002391,5779.522,6.375,4.669,11.044,-1.4431,0.1805,-2.5231,-0.0000227,0.0007,-571.796,-11.126,207.318,-581.964,-11.404,203.006,0.3904752,0.0031500,-0.9206081,-0.0244504,0.9996769,-0.0069501,0.044,0.026,0,0,0.1017,0,1
1927,5780.496,57.83757086,18.82115087,27.230,-576.494,-11.278,202.067,156.992,0.2434,-0.0009412,5782.521,6.225,4.728,10.954,-1.6101,0.1395,-2.7750,0.0002394,-0.0072,-570.766,-11.096,204.504,-580.845,-11.404,200.216,0.3915030,0.0024340,-0.9201736,-0.0264776,0.9996122,-0.0086212,0.038,0.032,0,0,0.1002,0,1
1928,5783.496,57.83754609,18.82117071,27.236,-575.316,-11.272,199.308,156.728,0.1869,-0.0021024,5785.521,6.098,4.791,10.889,-1.7910,0.1071,-3.0493,0.0005934,-0.0176,-569.715,-11.064,201.720,-579.716,-11.404,197.413,0.3955475,0.0018690,-0.9184436,-0.0287325,0.9995337,-0.0103402,0.032,0.037,0,0,0.0988,0,1
1929,5786.496,57.83752138,18.82119083,27.241,-574.121,-11.267,196.557,156.242,0.1538,-0.0031849,5788.521,5.982,4.868,10.850,-1.9799,0.0881,-3.3408,0.0010431,-0.0307,-568.646,-11.030,198.967,-578.576,-11.405,194.596,0.4028722,0.0015380,-0.9152550,-0.0311795,0.9994412,-0.0120450,0.024,0.041,0,0,0.0973,0,1
1930,5789.496,57.83749678,18.82121141,27.245,-572.899,-11.263,193.817,155.543,0.1477,-0.0041123,5791.521,5.872,4.971,10.843,-2.1692,0.0846,-3.6449,0.0015870,-0.0466,-567.552,-10.994,196.245,-577.425,-11.405,191.761,0.4135011,0.0014770,-0.9105024,-0.0337749,0.9993353,-0.0137176,0.015,0.044,1,1,0.0958,0,1
1931,5792.496,57.83747234,18.82123261,27.249,-571.640,-11.258,191.094,154.668,0.1675,-0.0048139,5794.521,5.770,5.112,10.882,-2.3499,0.0960,-3.9579,0.0022174,-0.0656,-566.425,-10.956,193.562,-576.261,-11.402,188.908,0.4277060,0.0016750,-0.9039164,-0.0364640,0.9992163,-0.0154021,0.006,0.047,1,1,0.0957,0,1
1932,5795.495,57.83744809,18.82125462,27.255,-570.333,-11.252,188.394,153.678,0.2086,-0.0052425,5797.521,5.679,5.299,10.978,-2.5131,0.1195,-4.2779,0.0029212,-0.0880,-565.244,-10.915,190.916,-575.081,-11.397,186.041,0.4440760,0.0020860,-0.8959867,-0.0392200,0.9990841,-0.0171125,-0.005,0.049,1,1,0.0956,0,1
1933,5798.495,57.83742407,18.82127747,27.262,-568.976,-11.245,185.719,152.646,0.2640,-0.0053848,5800.521,5.606,5.537,11.143,-2.6506,0.1513,-4.6041,0.0036805,-0.1142,-563.999,-10.871,188.299,-573.892,-11.387,183.171,0.4602328,0.0026400,-0.8877943,-0.0420458,0.9989383,-0.0188261,-0.015,0.052,1,1,0.0954,0,1
1934,5801.495,57.83740027,18.82130111,27.271,-567.572,-11.237,183.068,151.641,0.3264,-0.0052656,5803.520,5.553,5.826,11.379,-2.7565,0.1870,-4.9368,0.0044746,-0.1448,-562.686,-10.825,185.707,-572.698,-11.373,180.300,0.4751903,0.0032640,-0.8798770,-0.0449344,0.9987783,-0.0205624,-0.025,0.057,0,0,0.0953,0,1
1935,5804.495,57.83737668,18.82132548,27.282,-566.125,-11.226,180.440,150.710,0.3886,-0.0049419,5806.520,5.520,6.157,11.677,-2.8282,0.2227,-5.2767,0.0052817,-0.1801,-561.310,-10.774,183.140,-571.496,-11.351,177.429,0.4890463,0.0038860,-0.8722492,-0.0478594,0.9986032,-0.0223846,-0.034,0.066,0,0,0.0951,0,1
1936,5807.495,57.83735329,18.82135052,27.294,-564.638,-11.213,177.835,149.875,0.4448,-0.0044882,5809.520,5.505,6.515,12.020,-2.8678,0.2548,-5.6241,0.0060808,-0.2196,-559.876,-10.719,180.597,-570.274,-11.321,174.566,0.5016882,0.0044480,-0.8650371,-0.0508021,0.9984123,-0.0243295,-0.041,0.078,0,0,0.1025,0,1
1937,5810.495,57.83733009,18.82137617,27.308,-563.115,-11.199,175.250,149.133,0.4905,-0.0039710,5812.520,5.499,6.880,12.379,-2.8814,0.2810,-5.9793,0.0068536,-0.2626,-558.394,-10.663,178.070,-569.021,-11.286,171.722,0.5128220,0.0049049,-0.8584810,-0.0537506,0.9982052,-0.0264052,-0.047,0.096,0,0,0.1099,0,1
1938,5813.495,57.83730705,18.82140233,27.324,-561.561,-11.184,172.684,148.486,0.5225,-0.0034182,5815.520,5.496,7.228,12.724,-2.8779,0.2994,-6.3413,0.0075856,-0.3070,-556.875,-10.606,175.555,-567.724,-11.246,168.907,0.5224807,0.0052249,-0.8526351,-0.0566846,0.9979818,-0.0286198,-0.051,0.119,0,0,0.1173,0,1
1939,5816.494,57.83728416,18.82142895,27.340,-559.980,-11.168,170.134,147.938,0.5388,-0.0028362,5818.520,5.484,7.542,13.026,-2.8665,0.3087,-6.7087,0.0082668,-0.3507,-555.332,-10.552,173.044,-566.373,-11.204,166.132,0.5305755,0.0053879,-0.8476206,-0.0595893,0.9977428,-0.0309582,-0.053,0.147,0,0,0.1246,0,1
1940,5819.494,57.83726139,18.82145594,27.356,-558.378,-11.152,167.599,147.495,0.5383,-0.0022310,5821.520,5.455,7.808,13.264,-2.8550,0.3084,-7.0793,0.0088917,-0.3911,-553.776,-10.501,170.529,-564.964,-11.163,163.405,0.5371050,0.0053829,-0.8434982,-0.0624488,0.9974892,-0.0333992,-0.054,0.177,0,0,0.1320,0,1
1941,5822.494,57.83723873,18.82148322,27.372,-556.758,-11.136,165.074,147.160,0.5210,-0.0016089,5824.520,5.405,8.020,13.425,-2.8491,0.2985,-7.4507,0.0094593,-0.4262,-552.217,-10.457,168.004,-563.497,-11.125,160.726,0.5421309,0.0052099,-0.8402779,-0.0652505,0.9972224,-0.0359153,-0.053,0.209,0,0,0.1480,1,1
1942,5825.494,57.83721613,18.82151070,27.387,-555.125,-11.120,162.557,146.935,0.4880,-0.0009765,5827.520,5.331,8.174,13.506,-2.8544,0.2796,-7.8207,0.0099716,-0.4547,-550.656,-10.420,165.465,-561.977,-11.093,158.099,0.5453509,0.0048799,-0.8381936,-0.0680066,0.9969440,-0.0384427,-0.052,0.239,0,1,0.1640,1,1
1943,5828.494,57.83719358,18.82153831,27.401,-553.486,-11.106,160.045,146.822,0.4415,-0.0003403,5830.520,5.242,8.271,13.513,-2.8775,0.2530,-8.1874,0.0104335,-0.4763,-549.098,-10.390,162.911,-560.411,-11.069,155.522,0.5468623,0.0044150,-0.8372110,-0.0707239,0.9966554,-0.0409407,-0.051,0.264,0,1,0.1800,1,1
1944,5831.494,57.83717104,18.82156596,27.414,-551.844,-11.094,157.534,146.820,0.3846,0.0002930,5833.520,5.146,8.313,13.459,-2.9268,0.2204,-8.5494,0.0108511,-0.4914,-547.536,-10.367,160.349,-558.803,-11.055,152.987,0.5469804,0.0038460,-0.8371366,-0.0734064,0.9963580,-0.0433858,-0.050,0.283,0,0,0.1960,1,1
1945,5834.494,57.83714848,18.82159357,27.424,-550.204,-11.083,155.022,146.929,0.3219,0.0009171,5836.520,5.057,8.304,13.361,-3.0102,0.1844,-8.9058,0.0112313,-0.5013,-545.966,-10.345,157.780,-557.164,-11.048,150.492,0.5454716,0.0032190,-0.8381231,-0.0760963,0.9960526,-0.0456999,-0.051,0.293,0,0,0.2120,1,1
1946,5837.494,57.83712589,18.82162106,27.433,-548.571,-11.074,152.505,147.152,0.2589,0.0015024,5839.519,4.986,8.253,13.239,-3.1330,0.1483,-9.2559,0.0115804,-0.5074,-544.382,-10.325,155.209,-555.504,-11.049,148.029,0.5423300,0.0025890,-0.8401616,-0.0788318,0.9957404,-0.0478181,-0.052,0.293,0,0,0.2085,1,1
1947,5840.493,57.83710323,18.82164836,27.440,-546.950,-11.067,149.981,147.498,0.2019,0.0019734,5842.519,4.941,8.168,13.109,-3.2953,0.1157,-9.5991,0.0119038,-0.5114,-542.784,-10.302,152.637,-553.837,-11.057,145.590,0.5375429,0.0020190,-0.8432340,-0.0816531,0.9954224,-0.0496686,-0.056,0.284,0,0,0.2051,1,1
1948,5843.493,57.83708047,18.82167537,27.445,-545.346,-11.062,147.446,147.951,0.1582,0.0022419,5845.519,4.922,8.061,12.983,-3.4922,0.0906,-9.9344,0.0122052,-0.5143,-541.176,-10.277,150.061,-552.175,-11.070,143.163,0.5313309,0.0015820,-0.8471629,-0.0845844,0.9951004,-0.0511921,-0.061,0.266,0,0,0.2017,1,1
1949,5846.493,57.83705759,18.82170203,27.450,-543.762,-11.058,144.898,148.462,0.1360,0.0022343,5848.519,4.926,7.943,12.869,-3.7146,0.0779,-10.2597,0.0124860,-0.5169,-539.566,-10.250,147.478,-550.529,-11.085,140.738,0.5237063,0.0013600,-0.8518978,-0.0876545,0.9947772,-0.0522977,-0.067,0.242,0,0,0.1983,1,1
1950,5849.493,57.83703458,18.82172827,27.454,-542.204,-11.054,142.335,148.960,0.1435,0.0019106,5851.519,4.946,7.821,12.766,-3.9515,0.0822,-10.5720,0.0127453,-0.5193,-537.966,-10.219,144.884,-548.906,-11.101,138.304,0.5154019,0.0014350,-0.8569474,-0.0908299,0.9944570,-0.0529634,-0.074,0.213,0,0,0.1949,1,1
1951,5852.493,57.83701144,18.82175411,27.458,-540.670,-11.049,139.757,149.361,0.1886,0.0012724,5854.519,4.973,7.700,12.673,-4.1901,0.1081,-10.8663,0.0129790,-0.5211,-536.390,-10.188,142.288,-547.298,-11.116,135.837,0.5090428,0.0018860,-0.8607391,-0.0939372,0.9941463,-0.0533763,-0.081,0.181,0,1,0.1747,1,1
1952,5855.493,57.83698822,18.82177971,27.465,-539.150,-11.042,137.171,149.593,0.2778,0.0003618,5857.519,4.998,7.588,12.586,-4.4160,0.1592,-11.1355,0.0131800,-0.5220,-534.839,-10.156,139.700,-545.695,-11.128,133.332,0.5060127,0.0027780,-0.8625216,-0.0968530,0.9938533,-0.0536195,-0.087,0.149,0,1,0.1545,1,1
1953,5858.493,57.83696498,18.82180523,27.475,-537.634,-11.032,134.582,149.607,0.4146,-0.0007479,5860.519,5.014,7.491,12.505,-4.6119,0.2375,-11.3705,0.0133379,-0.5214,-533.310,-10.127,137.121,-544.094,-11.135,130.789,0.5063310,0.0041460,-0.8623293,-0.0995089,0.9935892,-0.0536513,-0.091,0.119,0,0,0.1344,1,1
1954,5861.493,57.83694177,18.82183086,27.490,-536.112,-11.017,131.997,149.385,0.5981,-0.0019692,5863.519,5.012,7.420,12.433,-4.7580,0.3427,-11.5598,0.0134396,-0.5194,-531.800,-10.100,134.553,-542.495,-11.135,128.213,0.5098709,0.0059809,-0.8602301,-0.1018128,0.9933672,-0.0534394,-0.092,0.090,0,1,0.1142,1,1
1955,5864.493,57.83691864,18.82185674,27.511,-534.575,-10.996,129.421,148.936,0.8213,-0.0032245,5866.518,4.988,7.387,12.375,-4.8354,0.4706,-11.6906,0.0134696,-0.5157,-530.304,-10.078,131.998,-540.900,-11.125,125.605,0.5165359,0.0082127,-0.8562262,-0.1036344,0.9932027,-0.0529930,-0.091,0.065,0,0,0.0941,1,1
1956,5867.492,57.83689564,18.82188304,27.539,-533.013,-10.968,126.860,148.261,1.0706,-0.0044350,5869.519,4.940,7.398,12.339,-4.8315,0.6134,-11.7488,0.0134112,-0.5104,-528.813,-10.060,129.461,-539.303,-11.103,122.965,0.5264736,0.0107054,-0.8501241,-0.1047950,0.9931128,-0.0523926,-0.087,0.043,0,0,0.0956,1,1
1957,5870.492,57.83687284,18.82190992,27.575,-531.416,-10.933,124.320,147.339,1.3262,-0.0054681,5872.519,4.873,7.452,12.325,-4.7476,0.7598,-11.7209,0.0132481,-0.5031,-527.312,-10.047,126.949,-537.691,-11.071,120.301,0.5393279,0.0132608,-0.8419915,-0.1051220,0.9931149,-0.0516937,-0.080,0.023,0,0,0.0972,1,1
1958,5873.492,57.83685029,18.82193753,27.618,-529.777,-10.889,121.808,146.184,1.5638,-0.0061544,5875.519,4.799,7.533,12.332,-4.6028,0.8959,-11.5951,0.0129662,-0.4930,-525.785,-10.034,124.473,-536.042,-11.027,117.626,0.5551323,0.0156361,-0.8316151,-0.1044080,0.9932249,-0.0510213,-0.071,0.005,0,0,0.0988,1,1
1959,5876.492,57.83682805,18.82196601,27.668,-528.085,-10.839,119.330,144.877,1.7575,-0.0063380,5878.519,4.740,7.615,12.355,-4.4331,1.0069,-11.3628,0.0125553,-0.4791,-524.204,-10.018,122.051,-534.320,-10.976,114.958,0.5740000,0.0175723,-0.8186667,-0.1024521,0.9934548,-0.0505093,-0.059,-0.013,0,0,0.1004,1,1
1960,5879.492,57.83680619,18.82199552,27.724,-526.333,-10.784,116.896,143.549,1.8843,-0.0059164,5881.519,4.723,7.662,12.386,-4.2835,1.0795,-11.0202,0.0120112,-0.4607,-522.534,-9.995,119.703,-532.495,-10.923,112.342,0.5942246,0.0188397,-0.8040784,-0.0992077,0.9938082,-0.0500308,-0.047,-0.031,0,0,0.1019,0,1
1961,5882.492,57.83678473,18.82202604,27.782,-524.520,-10.726,114.506,142.359,1.9283,-0.0048637,5884.520,4.783,7.638,12.421,-4.1934,1.1047,-10.5694,0.0113366,-0.4373,-520.736,-9.961,117.431,-530.563,-10.872,109.834,0.6115283,0.0192794,-0.7909877,-0.0948665,0.9942780,-0.0491088,-0.034,-0.050,0,0,0.1211,1,1
1962,5885.491,57.83676357,18.82205730,27.839,-522.663,-10.668,112.149,141.458,1.8842,-0.0032345,5887.520,4.948,7.515,12.463,-4.1824,1.0794,-10.0187,0.0105424,-0.4094,-518.794,-9.914,115.233,-528.540,-10.826,107.465,0.6232014,0.0188387,-0.7818345,-0.0896231,0.9948440,-0.0474675,-0.021,-0.071,0,0,0.1402,1,1
1963,5888.491,57.83674261,18.82208901,27.895,-520.780,-10.613,109.814,140.957,1.7588,-0.0011477,5890.520,5.242,7.281,12.523,-4.2408,1.0076,-9.3824,0.0096469,-0.3782,-516.706,-9.856,113.112,-526.439,-10.785,105.233,0.6291201,0.0175853,-0.7771092,-0.0836098,0.9954747,-0.0451608,-0.010,-0.093,0,0,0.1594,1,1
1964,5891.491,57.83672171,18.82212087,27.945,-518.888,-10.562,107.486,140.907,1.5697,0.0012432,5893.521,5.669,6.947,12.616,-4.3304,0.8993,-8.6806,0.0086751,-0.3452,-514.483,-9.791,111.055,-524.285,-10.746,103.112,0.6295042,0.0156951,-0.7768385,-0.0770263,0.9961317,-0.0422920,-0.001,-0.116,1,0,0.1785,1,1
1965,5894.491,57.83670076,18.82215260,27.989,-517.003,-10.519,105.153,141.312,1.3427,0.0037886,5896.521,6.220,6.544,12.764,-4.3966,0.7693,-7.9370,0.0076567,-0.3119,-512.143,-9.729,109.034,-522.116,-10.711,101.069,0.6239881,0.0134258,-0.7813185,-0.0701708,0.9967757,-0.0389128,0.006,-0.140,1,0,0.1977,1,1
1966,5897.491,57.83667962,18.82218391,28.025,-515.144,-10.482,102.798,142.182,1.1069,0.0063413,5899.521,6.863,6.119,12.981,-4.3861,0.6342,-7.1773,0.0066242,-0.2791,-509.719,-9.677,107.001,-519.981,-10.673,99.051,0.6123441,0.0110683,-0.7905139,-0.0633530,0.9973734,-0.0351095,0.010,-0.163,1,1,0.1696,1,1
1967,5900.491,57.83665818,18.82221447,28.055,-513.329,-10.452,100.410,143.545,0.8899,0.0087548,5902.521,7.554,5.722,13.276,-4.2636,0.5099,-6.4276,0.0056098,-0.2472,-507.253,-9.646,104.899,-517.931,-10.636,97.009,0.5942269,0.0088986,-0.8042482,-0.0568644,0.9979013,-0.0309735,0.011,-0.184,1,1,0.1415,1,1
1968,5903.491,57.83663631,18.82224393,28.078,-511.579,-10.429,97.973,145.382,0.7128,0.0108661,5905.521,8.242,5.401,13.643,-4.0218,0.4084,-5.7116,0.0046431,-0.2160,-504.800,-9.643,102.661,-516.021,-10.602,94.901,0.5687620,0.0071278,-0.8224712,-0.0509473,0.9983476,-0.0265795,0.011,-0.203,1,1,0.1135,1,1
1969,5906.490,57.83661389,18.82227192,28.097,-509.917,-10.410,95.476,147.615,0.5877,0.0125284,5908.521,8.875,5.184,14.060,-3.6809,0.3367,-5.0496,0.0037489,-0.1853,-502.424,-9.667,100.232,-514.294,-10.571,92.698,0.5358518,0.0058769,-0.8442916,-0.0457242,0.9987103,-0.0220683,0.008,-0.218,0,0,0.0854,1,1
1970,5909.490,57.83659084,18.82229804,28.113,-508.365,-10.394,92.909,150.117,0.5167,0.0136459,5911.520,9.411,5.085,14.496,-3.2801,0.2960,-4.4568,0.0029455,-0.1547,-500.199,-9.714,97.587,-512.777,-10.544,90.382,0.4970478,0.0051669,-0.8677078,-0.0411997,0.9989950,-0.0176516,0.003,-0.227,0,0,0.0573,0,1
1971,5912.489,57.83656716,18.82232212,28.128,-506.936,-10.379,90.272,152.743,0.4938,0.0142013,5914.520,9.820,5.092,14.911,-2.8646,0.2829,-3.9429,0.0022440,-0.1247,-498.199,-9.775,94.755,-511.466,-10.522,87.948,0.4565209,0.0049379,-0.8896990,-0.0373056,0.9992114,-0.0135965,-0.003,-0.232,0,0,0.0481,0,1
1972,5915.489,57.83654293,18.82234414,28.143,-505.627,-10.364,87.573,155.360,0.5066,0.0142609,5917.520,10.089,5.179,15.268,-2.4741,0.2903,-3.5118,0.0016479,-0.0960,-496.454,-9.842,91.773,-510.336,-10.502,85.417,0.4162705,0.0050659,-0.9092267,-0.0340184,0.9993711,-0.0100064,-0.011,-0.231,0,0,0.0388,0,1
1973,5918.489,57.83651820,18.82236415,28.159,-504.439,-10.348,84.818,157.881,0.5401,0.0139568,5920.519,10.223,5.312,15.535,-2.1357,0.3095,-3.1623,0.0011543,-0.0696,-494.968,-9.904,88.666,-509.360,-10.483,82.818,0.3764386,0.0054009,-0.9264258,-0.0313136,0.9994858,-0.0068969,-0.019,-0.225,0,0,0.0296,0,1
1974,5921.488,57.83649304,18.82238217,28.176,-503.369,-10.332,82.016,160.273,0.5793,0.0134480,5923.519,10.240,5.452,15.692,-1.8616,0.3319,-2.8888,0.0007552,-0.0465,-493.730,-9.957,85.474,-508.501,-10.467,80.175,0.3376508,0.0057929,-0.9412536,-0.0291344,0.9995663,-0.0042994,-0.027,-0.216,0,0,0.0203,0,1
1975,5924.488,57.83646751,18.82239826,28.194,-502.414,-10.313,79.173,162.549,0.6116,0.0128694,5926.519,10.167,5.566,15.733,-1.6522,0.3504,-2.6828,0.0004385,-0.0271,-492.716,-9.995,82.224,-507.724,-10.449,77.503,0.3000724,0.0061159,-0.9538968,-0.0274163,0.9996216,-0.0022155,-0.036,-0.203,0,0,0.0110,0,1
1976,5927.488,57.83644167,18.82241249,28.213,-501.569,-10.295,76.294,164.719,0.6282,0.0122774,5929.519,10.034,5.632,15.666,-1.4997,0.3599,-2.5341,0.0001907,-0.0117,-491.890,-10.022,78.940,-507.001,-10.432,74.809,0.2637328,0.0062819,-0.9645753,-0.0260916,0.9996594,-0.0006236,-0.044,-0.187,0,0,0.0109,0,1
1977,5930.488,57.83641556,18.82242491,28.232,-500.832,-10.276,73.387,166.783,0.6243,0.0116830,5932.518,9.870,5.635,15.505,-1.3926,0.3577,-2.4319,-0.0000021,0.0001,-491.224,-10.036,75.646,-506.317,-10.413,72.097,0.2288955,0.0062429,-0.9734310,-0.0250945,0.9996850,0.0005105,-0.052,-0.170,0,1,0.0108,0,1
1978,5933.487,57.83638924,18.82243561,28.250,-500.196,-10.257,70.455,168.742,0.5993,0.0110951,5935.518,9.698,5.573,15.271,-1.3192,0.3434,-2.3658,-0.0001528,0.0089,-490.686,-10.042,72.351,-505.662,-10.394,69.365,0.1955356,0.0059929,-0.9806783,-0.0243661,0.9997023,0.0012508,-0.060,-0.152,0,1,0.0106,0,1
1979,5936.487,57.83636274,18.82244466,28.268,-499.659,-10.240,67.504,170.597,0.5554,0.0105206,5938.518,9.534,5.453,14.987,-1.2691,0.3182,-2.3265,-0.0002724,0.0153,-490.254,-10.043,69.063,-505.039,-10.375,66.612,0.1635314,0.0055539,-0.9865225,-0.0238536,0.9997141,0.0016741,-0.067,-0.134,0,1,0.0105,0,1
1980,5939.487,57.83633611,18.82245215,28.284,-499.215,-10.224,64.537,172.353,0.4975,0.0099642,5941.518,9.388,5.285,14.673,-1.2343,0.2850,-2.3061,-0.0003695,0.0199,-489.911,-10.040,65.789,-504.453,-10.356,63.832,0.1333411,0.0049749,-0.9910577,-0.0235123,0.9997218,0.0018550,-0.074,-0.115,0,1,0.0103,0,1
1981,5942.487,57.83630936,18.82245814,28.298,-498.859,-10.210,61.558,174.014,0.4315,0.0094300,5944.518,9.264,5.082,14.345,-1.2087,0.2472,-2.2983,-0.0004505,0.0232,-489.646,-10.036,62.526,-503.913,-10.338,61.027,0.1045189,0.0043150,-0.9945135,-0.0233015,0.9997267,0.0018887,-0.080,-0.098,0,1,0.0100,0,1
1982,5945.486,57.83628254,18.82246271,28.309,-498.588,-10.198,58.571,175.585,0.3641,0.0089203,5947.517,9.161,4.855,14.016,-1.1883,0.2086,-2.2980,-0.0005198,0.0255,-489.454,-10.031,59.278,-503.429,-10.322,58.196,0.0771804,0.0036410,-0.9970105,-0.0231864,0.9997294,0.0018560,-0.085,-0.080,0,1,0.0097,0,1
1983,5948.486,57.83625566,18.82246595,28.319,-498.396,-10.188,55.577,177.069,0.3013,0.0084359,5950.517,9.076,4.618,13.694,-1.1704,0.1726,-2.3017,-0.0005801,0.0272,-489.332,-10.027,56.043,-503.007,-10.307,55.340,0.0513424,0.0030130,-0.9986766,-0.0231349,0.9997307,0.0018268,-0.090,-0.064,0,1,0.0094,0,1
1984,5951.486,57.83622875,18.82246792,28.327,-498.280,-10.180,52.580,178.471,0.2485,0.0079777,5953.517,9.004,4.379,13.383,-1.1537,0.1424,-2.3066,-0.0006330,0.0283,-489.279,-10.024,52.822,-502.658,-10.293,52.462,0.0268370,0.0024850,-0.9996367,-0.0231181,0.9997310,0.0018646,-0.093,-0.049,0,1,0.0091,0,1
1985,5954.486,57.83620181,18.82246868,28.334,-498.235,-10.173,49.580,179.796,0.2096,0.0075498,5956.517,8.940,4.150,13.090,-1.1374,0.1201,-2.3109,-0.0006797,0.0291,-489.295,-10.021,49.614,-502.385,-10.281,49.564,0.0038333,0.0020960,-0.9999905,-0.0231104,0.9997309,0.0020069,-0.096,-0.036,0,1,0.0088,0,1
1986,5957.486,57.83617488,18.82246831,28.340,-498.257,-10.167,46.580,181.047,0.1866,0.0071599,5959.517,8.878,3.939,12.817,-1.1213,0.1069,-2.3133,-0.0007206,0.0296,-489.380,-10.018,46.420,-502.195,-10.269,46.651,-0.0180031,0.0018660,-0.9998362,-0.0230893,0.9997308,0.0022815,-0.098,-0.025,0,1,0.0081,0,1
1987,5960.485,57.83614796,18.82246686,28.345,-498.343,-10.162,43.582,182.230,0.1801,0.0068155,5962.517,8.815,3.756,12.571,-1.1059,0.1032,-2.3130,-0.0007563,0.0299,-489.534,-10.017,43.240,-502.096,-10.260,43.728,-0.0388428,0.0018010,-0.9992437,-0.0230367,0.9997310,0.0026974,-0.098,-0.015,0,1,0.0074,0,1
1988,5963.485,57.83612105,18.82246439,28.351,-498.490,-10.156,40.586,183.357,0.1890,0.0065214,5965.516,8.747,3.608,12.355,-1.0913,0.1083,-2.3097,-0.0007876,0.0301,-489.758,-10.014,40.074,-502.092,-10.250,40.797,-0.0585069,0.0018900,-0.9982852,-0.0229407,0.9997316,0.0032372,-0.098,-0.008,0,1,0.0068,0,1
1989,5966.485,57.83609418,18.82246097,28.357,-498.694,-10.151,37.593,184.437,0.2110,0.0062777,5968.516,8.670,3.505,12.175,-1.0782,0.1209,-2.3032,-0.0008153,0.0302,-490.050,-10.013,36.924,-502.188,-10.242,37.863,-0.0771679,0.0021100,-0.9970159,-0.0227943,0.9997326,0.0038800,-0.097,-0.003,0,0,0.0061,0,1
1990,5969.485,57.83606735,18.82245661,28.364,-498.953,-10.144,34.604,185.483,0.2430,0.0060798,5971.516,8.581,3.450,12.031,-1.0670,0.1392,-2.2936,-0.0008402,0.0304,-490.411,-10.009,33.786,-502.387,-10.233,34.933,-0.0953437,0.0024300,-0.9954414,-0.0225940,0.9997341,0.0046045,-0.095,0.000,0,0,0.0054,0,1
1991,5972.485,57.83604056,18.82245135,28.371,-499.266,-10.136,31.621,186.503,0.2815,0.0059189,5974.516,8.477,3.447,11.923,-1.0582,0.1613,-2.2813,-0.0008631,0.0307,-490.844,-10.005,30.662,-502.690,-10.225,32.011,-0.1131748,0.0028150,-0.9935711,-0.0223419,0.9997359,0.0053774,-0.093,0.001,0,0,0.0063,0,1
1992,5975.485,57.83601382,18.82244520,28.381,-499.632,-10.127,28.643,187.504,0.3228,0.0057836,5977.516,8.355,3.493,11.848,-1.0521,0.1850,-2.2666,-0.0008848,0.0311,-491.349,-9.999,27.553,-503.095,-10.217,29.099,-0.1304926,0.0032280,-0.9914440,-0.0220453,0.9997380,0.0061566,-0.089,0.001,0,0,0.0072,0,1
1993,5978.485,57.83598715,18.82243818,28.391,-500.049,-10.116,25.672,188.487,0.3635,0.0056617,5980.516,8.213,3.586,11.799,-1.0489,0.2083,-2.2500,-0.0009058,0.0315,-491.926,-9.992,24.461,-503.596,-10.208,26.201,-0.1475081,0.0036350,-0.9890542,-0.0217123,0.9997404,0.0069124,-0.085,-0.002,0,0,0.0081,0,1
1994,5981.484,57.83596055,18.82243031,28.402,-500.517,-10.105,22.709,189.450,0.4008,0.0055442,5983.516,8.051,3.720,11.771,-1.0489,0.2296,-2.2320,-0.0009263,0.0321,-492.575,-9.985,21.387,-504.186,-10.201,23.320,-0.1641814,0.0040080,-0.9864220,-0.0213536,0.9997430,0.0076162,-0.081,-0.007,0,0,0.0090,0,1
1995,5984.484,57.83593401,18.82242162,28.415,-501.034,-10.092,19.754,190.393,0.4324,0.0054278,5986.515,7.870,3.886,11.756,-1.0519,0.2477,-2.2129,-0.0009459,0.0327,-493.293,-9.976,18.335,-504.856,-10.192,20.455,-0.1803504,0.0043240,-0.9835929,-0.0209810,0.9997459,0.0082420,-0.077,-0.012,0,0,0.0099,0,1
1996,5987.484,57.83590756,18.82241211,28.428,-501.599,-10.079,16.808,191.316,0.4567,0.0053125,5989.515,7.672,4.077,11.750,-1.0578,0.2617,-2.1930,-0.0009640,0.0333,-494.076,-9.967,15.303,-505.597,-10.184,17.608,-0.1961782,0.0045670,-0.9805576,-0.0206031,0.9997492,0.0087784,-0.073,-0.019,0,0,0.0103,0,1
1997,5990.484,57.83588119,18.82240182,28.442,-502.211,-10.065,13.871,192.219,0.4729,0.0051988,5992.515,7.463,4.285,11.748,-1.0664,0.2709,-2.1726,-0.0009795,0.0338,-494.917,-9.957,12.293,-506.399,-10.176,14.777,-0.2115069,0.0047289,-0.9773651,-0.0202295,0.9997529,0.0092150,-0.069,-0.026,0,0,0.0107,0,1
1998,5993.484,57.83585491,18.82239075,28.457,-502.868,-10.051,10.944,193.103,0.4805,0.0050869,5995.515,7.246,4.502,11.748,-1.0770,0.2753,-2.1518,-0.0009911,0.0342,-495.811,-9.947,9.301,-507.253,-10.168,11.965,-0.2266948,0.0048049,-0.9739540,-0.0198640,0.9997570,0.0095557,-0.065,-0.033,0,0,0.0112,0,1
1999,5996.484,57.83582872,18.82237894,28.471,-503.571,-10.036,8.028,193.968,0.4798,0.0049769,5998.515,7.029,4.720,11.748,-1.0888,0.2749,-2.1308,-0.0009972,0.0344,-496.750,-9.935,6.332,-508.151,-10.159,9.167,-0.2413561,0.0047979,-0.9704248,-0.0195158,0.9997615,0.0097968,-0.062,-0.040,0,0,0.0116,0,1
2000,5999.484,57.83580263,18.82236639,28.485,-504.316,-10.022,5.122,194.813,0.4712,0.0048691,6001.515,6.817,4.932,11.749,-1.1012,0.2700,-2.1099,-0.0009962,0.0344,-497.725,-9.924,3.380,-509.084,-10.150,6.382,-0.2555323,0.0047119,-0.9667890,-0.0191901,0.9997664,0.0099448,-0.059,-0.046,0,0,0.0120,0,1
2001,6002.483,57.83577664,18.82235313,28.499,-505.104,-10.008,2.228,195.640,0.4558,0.0047637,6004.515,6.617,5.132,11.749,-1.1131,0.2612,-2.0894,-0.0009867,0.0341,-498.732,-9.913,0.444,-510.046,-10.141,3.611,-0.2695406,0.0045580,-0.9629783,-0.0188879,0.9997714,0.0100189,-0.056,-0.051,0,0,0.0118,0,1
2002,6005.483,57.83575076,18.82233918,28.513,-505.933,-9.995,-0.655,196.450,0.4352,0.0046609,6007.515,6.434,5.315,11.749,-1.1237,0.2493,-2.0698,-0.0009678,0.0334,-499.763,-9.902,-2.477,-511.030,-10.132,0.850,-0.2831832,0.0043520,-0.9590560,-0.0186144,0.9997764,0.0100331,-0.052,-0.055,0,0,0.0116,0,1
2003,6008.483,57.83572498,18.82232455,28.525,-506.803,-9.982,-3.526,197.242,0.4114,0.0045605,6010.515,6.272,5.475,11.748,-1.1325,0.2357,-2.0518,-0.0009390,0.0324,-500.812,-9.890,-5.385,-512.032,-10.122,-1.903,-0.2963548,0.0041140,-0.9550691,-0.0183728,0.9997811,0.0100076,-0.049,-0.058,0,0,0.0114,0,1
2004,6011.483,57.83569931,18.82230926,28.537,-507.711,-9.970,-6.385,198.017,0.3871,0.0044608,6013.514,6.136,5.610,11.746,-1.1393,0.2218,-2.0360,-0.0009006,0.0311,-501.876,-9.879,-8.282,-513.046,-10.113,-4.651,-0.3091667,0.0038710,-0.9510000,-0.0181614,0.9997853,0.0099738,-0.045,-0.059,0,0,0.0113,0,1
2005,6014.483,57.83567375,18.82229333,28.549,-508.658,-9.959,-9.232,198.777,0.3653,0.0043561,6016.514,6.025,5.717,11.742,-1.1440,0.2093,-2.0231,-0.0008539,0.0294,-502.954,-9.868,-11.171,-514.071,-10.103,-7.392,-0.3218199,0.0036530,-0.9467939,-0.0179753,0.9997887,0.0099673,-0.040,-0.060,0,0,0.0111,0,1
2006,6017.483,57.83564830,18.82227677,28.559,-509.642,-9.948,-12.066,199.522,0.3496,0.0042390,6019.514,5.940,5.796,11.736,-1.1471,0.2003,-2.0139,-0.0008009,0.0276,-504.043,-9.857,-14.050,-515.105,-10.092,-10.130,-0.3340210,0.0034960,-0.9425592,-0.0178104,0.9997912,0.0100198,-0.035,-0.059,0,0,0.0110,0,1
2007,6020.483,57.83562297,18.82225961,28.570,-510.662,-9.938,-14.887,200.248,0.3434,0.0041029,6022.514,5.879,5.848,11.727,-1.1494,0.1968,-2.0087,-0.0007443,0.0256,-505.146,-9.846,-16.921,-516.149,-10.081,-12.864,-0.3460200,0.0034340,-0.9382209,-0.0176544,0.9997924,0.0101704,-0.030,-0.057,0,0,0.0109,0,1
2008,6023.482,57.83559776,18.82224184,28.580,-511.718,-9.927,-17.695,200.951,0.3497,0.0039430,6025.514,5.841,5.873,11.714,-1.1516,0.2004,-2.0080,-0.0006874,0.0236,-506.263,-9.833,-19.783,-517.203,-10.069,-15.595,-0.3575245,0.0034970,-0.9338972,-0.0174988,0.9997923,0.0104428,-0.024,-0.055,0,0,0.0108,0,1
2009,6026.482,57.83557266,18.82222351,28.591,-512.807,-9.917,-20.490,201.623,0.3707,0.0037575,6028.514,5.822,5.875,11.697,-1.1544,0.2124,-2.0117,-0.0006335,0.0217,-507.394,-9.821,-22.635,-518.269,-10.057,-18.326,-0.3683972,0.0037070,-0.9296611,-0.0173331,0.9997908,0.0108552,-0.018,-0.052,0,0,0.0108,0,1
2010,6029.482,57.83554767,18.82220464,28.602,-513.928,-9.905,-23.272,202.260,0.4073,0.0035481,6031.514,5.820,5.856,11.676,-1.1582,0.2334,-2.0197,-0.0005860,0.0200,-508.541,-9.807,-25.476,-519.348,-10.043,-21.054,-0.3786751,0.0040730,-0.9255207,-0.0171469,0.9997878,0.0114154,-0.012,-0.050,0,0,0.0107,0,1
2011,6032.482,57.83552280,18.82218527,28.615,-515.079,-9.892,-26.043,202.856,0.4589,0.0033194,6034.514,5.832,5.819,11.651,-1.1634,0.2629,-2.0315,-0.0005477,0.0186,-509.704,-9.792,-28.308,-520.441,-10.029,-23.783,-0.3883360,0.0045890,-0.9215064,-0.0169344,0.9997832,0.0121152,-0.007,-0.047,0,0,0.0107,0,1
2012,6035.482,57.83549803,18.82216543,28.630,-516.258,-9.877,-28.801,203.408,0.5233,0.0030777,6037.514,5.857,5.768,11.624,-1.1696,0.2998,-2.0463,-0.0005206,0.0176,-510.883,-9.775,-31.127,-521.551,-10.012,-26.510,-0.3971903,0.0052329,-0.9177213,-0.0166976,0.9997770,0.0129275,-0.001,-0.044,0,0,0.0108,0,1
2013,6038.482,57.83547336,18.82214517,28.647,-517.462,-9.861,-31.549,203.917,0.5969,0.0028294,6040.514,5.890,5.706,11.596,-1.1768,0.3420,-2.0635,-0.0005061,0.0170,-512.077,-9.757,-33.937,-522.678,-9.995,-29.236,-0.4053270,0.0059689,-0.9141523,-0.0164408,0.9997694,0.0138176,0.004,-0.041,0,0,0.0108,0,1
2014,6041.482,57.83544878,18.82212451,28.666,-518.690,-9.842,-34.286,204.383,0.6752,0.0025782,6043.513,5.931,5.638,11.569,-1.1843,0.3869,-2.0821,-0.0005043,0.0169,-513.288,-9.736,-36.734,-523.825,-9.975,-31.959,-0.4128139,0.0067518,-0.9107904,-0.0161731,0.9997605,0.0147418,0.008,-0.038,0,0,0.0108,0,1
2015,6044.482,57.83542429,18.82210349,28.687,-519.939,-9.820,-37.014,204.805,0.7526,0.0023250,6046.513,5.976,5.567,11.543,-1.1918,0.4312,-2.1013,-0.0005145,0.0171,-514.514,-9.713,-39.520,-524.993,-9.953,-34.679,-0.4193211,0.0075258,-0.9078068,-0.0159168,0.9997510,0.0156401,0.012,-0.034,0,0,0.0108,0,1
2016,6047.481,57.83539987,18.82208216,28.711,-521.206,-9.797,-39.733,205.183,0.8239,0.0020704,6049.513,6.022,5.500,11.522,-1.1986,0.4720,-2.1203,-0.0005351,0.0178,-515.756,-9.689,-42.294,-526.183,-9.930,-37.394,-0.4253331,0.0082387,-0.9049994,-0.0156808,0.9997414,0.0164709,0.016,-0.030,0,0,0.0110,0,1
2017,6050.481,57.83537553,18.82206054,28.737,-522.491,-9.771,-42.444,205.517,0.8840,0.0018150,6052.513,6.066,5.438,11.504,-1.2047,0.5065,-2.1383,-0.0005641,0.0187,-517.016,-9.662,-45.057,-527.398,-9.904,-40.102,-0.4307189,0.0088397,-0.9024428,-0.0154858,0.9997324,0.0171837,0.020,-0.026,0,0,0.0112,0,1
2018,6053.481,57.83535125,18.82203867,28.764,-523.790,-9.744,-45.147,205.807,0.9288,0.0015591,6055.513,6.106,5.385,11.490,-1.2097,0.5321,-2.1548,-0.0005988,0.0198,-518.293,-9.635,-47.804,-528.638,-9.877,-42.803,-0.4352197,0.0092876,-0.9002764,-0.0153533,0.9997248,0.0177358,0.023,-0.020,0,0,0.0114,0,1
2019,6056.481,57.83532703,18.82201660,28.792,-525.102,-9.715,-47.845,206.053,0.9554,0.0013033,6058.513,6.138,5.342,11.480,-1.2138,0.5474,-2.1694,-0.0006366,0.0210,-519.588,-9.606,-50.540,-529.902,-9.849,-45.499,-0.4391094,0.0095536,-0.8983828,-0.0152906,0.9997192,0.0181049,0.026,-0.014,0,0,0.0116,0,1
2020,6059.481,57.83530285,18.82199434,28.821,-526.425,-9.686,-50.538,206.255,0.9622,0.0010478,6061.513,6.161,5.310,11.471,-1.2170,0.5513,-2.1818,-0.0006750,0.0222,-520.900,-9.577,-53.263,-531.188,-9.821,-48.189,-0.4423198,0.0096216,-0.8968058,-0.0153068,0.9997158,0.0182752,0.028,-0.006,0,0,0.0118,0,1
2021,6062.481,57.83527871,18.82197194,28.850,-527.756,-9.658,-53.226,206.413,0.9491,0.0007930,6064.513,6.174,5.289,11.463,-1.2196,0.5438,-2.1919,-0.0007117,0.0234,-522.226,-9.550,-55.971,-532.493,-9.794,-50.874,-0.4446584,0.0094906,-0.8956500,-0.0154076,0.9997149,0.0182426,0.031,0.003,0,0,0.0107,0,1
2022,6065.481,57.83525460,18.82194943,28.878,-529.093,-9.629,-55.912,206.527,0.9171,0.0005396,6067.513,6.177,5.276,11.454,-1.2216,0.5254,-2.1996,-0.0007447,0.0244,-523.565,-9.522,-58.670,-533.814,-9.766,-53.556,-0.4464614,0.0091706,-0.8947559,-0.0155827,0.9997162,0.0180218,0.033,0.012,0,0,0.0095,0,1
2023,6068.481,57.83523051,18.82192685,28.905,-530.435,-9.603,-58.595,206.595,0.8686,0.0002955,6070.514,6.173,5.272,11.445,-1.2233,0.4977,-2.2050,-0.0007728,0.0253,-524.915,-9.496,-61.358,-535.150,-9.741,-56.235,-0.4476633,0.0086857,-0.8941600,-0.0158235,0.9997193,0.0176331,0.034,0.023,0,0,0.0084,0,1
2024,6071.481,57.83520642,18.82190424,28.930,-531.779,-9.577,-61.277,206.616,0.8066,0.0000772,6073.514,6.161,5.276,11.437,-1.2246,0.4621,-2.2080,-0.0007948,0.0260,-526.271,-9.471,-64.037,-536.496,-9.716,-58.913,-0.4479989,0.0080657,-0.8939977,-0.0161220,0.9997238,0.0170986,0.035,0.035,0,0,0.0072,0,1
2025,6074.480,57.83518234,18.82188162,28.953,-533.123,-9.554,-63.959,206.595,0.7347,-0.0000971,6076.513,6.142,5.289,11.431,-1.2258,0.4209,-2.2088,-0.0008103,0.0265,-527.631,-9.449,-66.709,-537.852,-9.693,-61.591,-0.4476681,0.0073468,-0.8941696,-0.0164576,0.9997292,0.0164537,0.035,0.047,0,0,0.0061,0,1
2026,6077.480,57.83515825,18.82185902,28.974,-534.465,-9.533,-66.642,206.541,0.6568,-0.0002124,6079.513,6.118,5.311,11.429,-1.2267,0.3763,-2.2075,-0.0008189,0.0267,-528.992,-9.429,-69.376,-539.216,-9.673,-64.269,-0.4468706,0.0065679,-0.8945745,-0.0168088,0.9997349,0.0157365,0.034,0.059,0,0,0.0070,0,1
2027,6080.480,57.83513415,18.82183649,28.992,-535.804,-9.515,-69.326,206.471,0.5768,-0.0002612,6082.513,6.087,5.342,11.430,-1.2277,0.3305,-2.2042,-0.0008209,0.0268,-530.355,-9.411,-72.039,-540.586,-9.656,-66.945,-0.4456721,0.0057679,-0.8951777,-0.0171569,0.9997405,0.0149833,0.033,0.070,0,0,0.0080,0,1
2028,6083.480,57.83511002,18.82181403,29.009,-537.139,-9.499,-72.013,206.401,0.4984,-0.0002444,6085.513,6.048,5.385,11.434,-1.2288,0.2856,-2.1991,-0.0008164,0.0267,-531.721,-9.396,-74.701,-541.963,-9.641,-69.619,-0.4444728,0.0049839,-0.8957785,-0.0174794,0.9997459,0.0142354,0.032,0.080,0,0,0.0090,0,1
2029,6086.480,57.83508589,18.82179161,29.022,-538.471,-9.485,-74.701,206.347,0.4249,-0.0001714,6088.513,6.000,5.439,11.439,-1.2300,0.2434,-2.1924,-0.0008060,0.0264,-533.094,-9.382,-77.364,-543.345,-9.628,-72.288,-0.4437390,0.0042490,-0.8961460,-0.0177570,0.9997507,0.0135328,0.030,0.088,0,0,0.0099,0,1
2030,6089.480,57.83506174,18.82176922,29.034,-539.801,-9.473,-77.389,206.318,0.3592,-0.0000581,6091.513,5.941,5.502,11.443,-1.2315,0.2058,-2.1843,-0.0007905,0.0259,-534.476,-9.371,-80.023,-544.733,-9.617,-74.949,-0.4434060,0.0035920,-0.8963137,-0.0179816,0.9997551,0.0129020,0.028,0.094,0,0,0.0109,0,1
2031,6092.480,57.83503760,18.82174684,29.044,-541.131,-9.463,-80.078,206.318,0.3034,0.0000768,6094.513,5.872,5.572,11.444,-1.2331,0.1738,-2.1755,-0.0007706,0.0252,-535.868,-9.362,-82.682,-546.126,-9.608,-77.607,-0.4434745,0.0030340,-0.8962818,-0.0181485,0.9997589,0.0123640,0.027,0.097,0,0,0.0105,0,1
2032,6095.480,57.83501346,18.82172445,29.052,-542.462,-9.455,-82.767,206.343,0.2594,0.0002176,6097.513,5.793,5.648,11.441,-1.2347,0.1486,-2.1662,-0.0007473,0.0245,-537.271,-9.355,-85.338,-547.523,-9.601,-80.261,-0.4438090,0.0025940,-0.8961176,-0.0182563,0.9997621,0.0119356,0.026,0.097,0,0,0.0101,0,1
2033,6098.480,57.83498932,18.82170203,29.060,-543.794,-9.448,-85.455,206.393,0.2283,0.0003582,6100.513,5.709,5.724,11.433,-1.2364,0.1308,-2.1571,-0.0007218,0.0236,-538.680,-9.348,-87.993,-548.922,-9.595,-82.910,-0.4445435,0.0022830,-0.8957543,-0.0183036,0.9997648,0.0116318,0.026,0.093,0,0,0.0097,0,1
2034,6101.479,57.83496520,18.82167956,29.066,-545.129,-9.441,-88.141,206.467,0.2106,0.0004984,6103.513,5.623,5.800,11.424,-1.2381,0.1207,-2.1488,-0.0006952,0.0227,-540.095,-9.342,-90.647,-550.321,-9.589,-85.556,-0.4456786,0.0021060,-0.8951906,-0.0182935,0.9997670,0.0114596,0.026,0.086,0,0,0.0094,0,1
2035,6104.479,57.83494110,18.82165702,29.072,-546.468,-9.435,-90.826,206.564,0.2065,0.0006386,6106.513,5.541,5.873,11.414,-1.2397,0.1183,-2.1419,-0.0006685,0.0218,-541.512,-9.337,-93.304,-551.721,-9.584,-88.200,-0.4472126,0.0020650,-0.8944253,-0.0182299,0.9997686,0.0114232,0.028,0.077,0,0,0.0090,0,1
2036,6107.479,57.83491702,18.82163440,29.079,-547.812,-9.429,-93.507,206.686,0.2153,0.0007788,6109.513,5.467,5.941,11.408,-1.2415,0.1234,-2.1368,-0.0006429,0.0209,-542.927,-9.331,-95.963,-553.120,-9.579,-90.838,-0.4492116,0.0021530,-0.8934228,-0.0181191,0.9997695,0.0115195,0.031,0.064,0,0,0.0082,0,1
2037,6110.479,57.83489296,18.82161167,29.085,-549.163,-9.422,-96.186,206.832,0.2358,0.0009194,6112.512,5.404,6.003,11.407,-1.2437,0.1351,-2.1339,-0.0006194,0.0201,-544.341,-9.325,-98.626,-554.519,-9.572,-93.476,-0.4514737,0.0023580,-0.8922813,-0.0179715,0.9997696,0.0117352,0.035,0.050,0,0,0.0074,0,1
2038,6113.479,57.83486894,18.82158882,29.093,-550.521,-9.415,-98.861,207.002,0.2659,0.0010605,6115.512,5.355,6.058,11.413,-1.2463,0.1523,-2.1335,-0.0005985,0.0195,-545.750,-9.318,-101.292,-555.918,-9.566,-96.111,-0.4539991,0.0026590,-0.8909982,-0.0177979,0.9997690,0.0120523,0.040,0.034,0,0,0.0066,0,1
2039,6116.479,57.83484496,18.82156582,29.101,-551.887,-9.406,-101.532,207.196,0.3029,0.0012021,6118.512,5.319,6.104,11.423,-1.2496,0.1735,-2.1356,-0.0005811,0.0190,-547.156,-9.309,-103.963,-557.316,-9.558,-98.742,-0.4570521,0.0030290,-0.8894348,-0.0176064,0.9997675,0.0124521,0.046,0.018,0,0,0.0058,0,1
2040,6119.479,57.83482103,18.82154266,29.111,-553.263,-9.396,-104.197,207.415,0.3434,0.0013445,6121.512,5.295,6.141,11.436,-1.2536,0.1968,-2.1402,-0.0005674,0.0186,-548.563,-9.299,-106.636,-558.714,-9.549,-101.369,-0.4605626,0.0034340,-0.8876206,-0.0174115,0.9997652,0.0129022,0.053,0.001,0,0,0.0050,0,1
2041,6122.479,57.83479714,18.82151932,29.122,-554.650,-9.385,-106.857,207.658,0.3838,0.0014878,6124.512,5.283,6.168,11.451,-1.2583,0.2199,-2.1471,-0.0005577,0.0183,-549.971,-9.287,-109.310,-560.112,-9.539,-103.993,-0.4643274,0.0038380,-0.8856553,-0.0172298,0.9997622,0.0133656,0.060,-0.016,0,0,0.0050,0,1
2042,6125.479,57.83477331,18.82149579,29.134,-556.049,-9.373,-109.511,207.925,0.4202,0.0016321,6127.512,5.282,6.182,11.464,-1.2635,0.2408,-2.1558,-0.0005519,0.0181,-551.382,-9.275,-111.985,-561.511,-9.527,-106.616,-0.4683507,0.0042020,-0.8835327,-0.0170756,0.9997589,0.0138063,0.068,-0.031,0,0,0.0051,0,1
2043,6128.478,57.83474954,18.82147203,29.147,-557.460,-9.360,-112.158,208.218,0.4488,0.0017776,6130.512,5.291,6.184,11.474,-1.2690,0.2571,-2.1660,-0.0005498,0.0181,-552.798,-9.261,-114.660,-562.909,-9.515,-109.234,-0.4728224,0.0044880,-0.8811463,-0.0169598,0.9997554,0.0141927,0.076,-0.045,0,0,0.0051,0,1
2044,6131.478,57.83472584,18.82144804,29.161,-558.886,-9.346,-114.798,208.536,0.4668,0.0019243,6133.512,5.310,6.172,11.482,-1.2744,0.2675,-2.1771,-0.0005511,0.0182,-554.221,-9.246,-117.335,-564.307,-9.501,-111.849,-0.4778074,0.0046679,-0.8784522,-0.0168907,0.9997522,0.0144997,0.083,-0.057,0,0,0.0052,0,1
2045,6134.478,57.83470222,18.82142379,29.175,-560.327,-9.332,-117.429,208.879,0.4722,0.0020724,6136.512,5.342,6.145,11.487,-1.2793,0.2705,-2.1887,-0.0005553,0.0183,-555.649,-9.231,-120.010,-565.707,-9.487,-114.461,-0.4830455,0.0047219,-0.8755825,-0.0168785,0.9997494,0.0147032,0.090,-0.067,0,0,0.0052,0,1
2046,6137.478,57.83467867,18.82139927,29.189,-561.784,-9.318,-120.051,209.247,0.4644,0.0022220,6139.512,5.388,6.104,11.492,-1.2834,0.2661,-2.2001,-0.0005618,0.0185,-557.083,-9.216,-122.684,-567.109,-9.473,-117.068,-0.4886488,0.0046439,-0.8724682,-0.0169217,0.9997473,0.0147989,0.096,-0.074,0,0,0.0053,0,1
2047,6140.478,57.83465521,18.82137445,29.203,-563.259,-9.304,-122.664,209.641,0.4441,0.0023731,6142.512,5.449,6.050,11.498,-1.2862,0.2544,-2.2110,-0.0005698,0.0188,-558.524,-9.200,-125.359,-568.517,-9.459,-119.672,-0.4946257,0.0044410,-0.8690947,-0.0170148,0.9997458,0.0147922,0.100,-0.080,0,0,0.0055,0,1
2048,6143.478,57.83463185,18.82134932,29.216,-564.752,-9.292,-125.266,210.062,0.4130,0.0025258,6145.511,5.524,5.985,11.508,-1.2876,0.2366,-2.2210,-0.0005786,0.0192,-559.972,-9.187,-128.034,-569.931,-9.446,-122.267,-0.5010451,0.0041300,-0.8654113,-0.0171468,0.9997449,0.0146985,0.103,-0.084,0,0,0.0056,0,1
2049,6146.478,57.83460859,18.82132386,29.228,-566.265,-9.280,-127.856,210.509,0.3740,0.0026802,6148.511,5.611,5.913,11.524,-1.2874,0.2143,-2.2297,-0.0005874,0.0195,-561.431,-9.173,-130.705,-571.359,-9.432,-124.853,-0.5077595,0.0037400,-0.8614908,-0.0173049,0.9997445,0.0145396,0.103,-0.086,0,0,0.0057,0,1
2050,6149.478,57.83458543,18.82129806,29.238,-567.798,-9.269,-130.434,210.982,0.3302,0.0028361,6151.511,5.707,5.840,11.547,-1.2859,0.1892,-2.2368,-0.0005956,0.0199,-562.905,-9.161,-133.371,-572.805,-9.420,-127.428,-0.5146890,0.0033020,-0.8573706,-0.0174740,0.9997445,0.0143401,0.102,-0.086,0,0,0.0059,0,1
2051,6152.478,57.83456240,18.82127188,29.247,-569.353,-9.260,-133.000,211.483,0.2849,0.0029936,6154.511,5.806,5.770,11.576,-1.2833,0.1632,-2.2422,-0.0006027,0.0202,-564.402,-9.150,-136.032,-574.274,-9.409,-129.986,-0.5222903,0.0028490,-0.8527630,-0.0176285,0.9997447,0.0141369,0.098,-0.086,0,0,0.0065,0,1
2052,6155.477,57.83453949,18.82124532,29.255,-570.932,-9.252,-135.551,212.011,0.2408,0.0031526,6157.511,5.898,5.710,11.608,-1.2799,0.1380,-2.2457,-0.0006080,0.0205,-565.931,-9.141,-138.678,-575.773,-9.400,-132.524,-0.5301922,0.0024080,-0.8478741,-0.0177595,0.9997450,0.0139446,0.093,-0.085,0,0,0.0072,0,1
2053,6158.477,57.83451672,18.82121835,29.262,-572.534,-9.246,-138.087,212.566,0.2000,0.0033131,6160.511,5.977,5.663,11.640,-1.2762,0.1146,-2.2470,-0.0006115,0.0207,-567.497,-9.134,-141.305,-577.306,-9.393,-135.038,-0.5383619,0.0020000,-0.8427114,-0.0178546,0.9997456,0.0137790,0.087,-0.083,0,0,0.0078,0,1
2054,6161.477,57.83449409,18.82119096,29.267,-574.162,-9.240,-140.607,213.149,0.1638,0.0034750,6163.511,6.035,5.633,11.668,-1.2726,0.0939,-2.2460,-0.0006127,0.0209,-569.110,-9.127,-143.907,-578.878,-9.386,-137.526,-0.5468669,0.0016380,-0.8372180,-0.0179038,0.9997465,0.0136507,0.081,-0.082,0,0,0.0085,0,1
2055,6164.477,57.83447162,18.82116313,29.272,-575.815,-9.236,-143.110,213.760,0.1329,0.0036381,6166.511,6.065,5.623,11.688,-1.2692,0.0761,-2.2426,-0.0006117,0.0209,-570.773,-9.122,-146.480,-580.490,-9.381,-139.985,-0.5556994,0.0013290,-0.8313823,-0.0179012,0.9997478,0.0135634,0.074,-0.080,0,0,0.0092,0,1
2056,6167.477,57.83444930,18.82113484,29.275,-577.496,-9.232,-145.595,214.399,0.1069,0.0038022,6169.511,6.066,5.633,11.699,-1.2661,0.0612,-2.2365,-0.0006084,0.0208,-572.491,-9.119,-149.022,-582.144,-9.377,-142.412,-0.5650421,0.0010690,-0.8250614,-0.0178436,0.9997494,0.0135155,0.068,-0.078,0,0,0.0090,0,1
2057,6170.477,57.83442717,18.82110608,29.278,-579.205,-9.229,-148.060,215.067,0.0853,0.0039671,6172.510,6.038,5.663,11.700,-1.2632,0.0489,-2.2276,-0.0006027,0.0206,-574.264,-9.116,-151.529,-583.840,-9.374,-144.806,-0.5745803,0.0008530,-0.8184478,-0.0177374,0.9997516,0.0134943,0.062,-0.076,0,0,0.0089,0,1
2058,6173.477,57.83440521,18.82107682,29.280,-580.943,-9.227,-150.505,215.763,0.0673,0.0041323,6175.510,5.984,5.710,11.693,-1.2601,0.0386,-2.2160,-0.0005947,0.0203,-576.088,-9.116,-154.003,-585.576,-9.373,-147.168,-0.5845285,0.0006730,-0.8113729,-0.0175826,0.9997543,0.0134961,0.057,-0.075,0,0,0.0087,0,1
2059,6176.476,57.83438345,18.82104706,29.282,-582.712,-9.225,-152.928,216.488,0.0520,0.0042976,6178.510,5.910,5.770,11.680,-1.2566,0.0298,-2.2018,-0.0005842,0.0199,-577.961,-9.115,-156.443,-587.350,-9.371,-149.497,-0.5947331,0.0005200,-0.8039231,-0.0173870,0.9997576,0.0135094,0.054,-0.073,0,0,0.0086,0,1
2060,6179.476,57.83436190,18.82101677,29.284,-584.511,-9.224,-155.328,217.241,0.0387,0.0044624,6181.510,5.824,5.839,11.663,-1.2522,0.0222,-2.1850,-0.0005710,0.0194,-579.875,-9.116,-158.853,-589.159,-9.371,-151.794,-0.6052142,0.0003870,-0.7960626,-0.0171555,0.9997613,0.0135286,0.051,-0.071,0,0,0.0084,0,1
2061,6182.476,57.83434057,18.82098594,29.285,-586.343,-9.223,-157.704,218.024,0.0269,0.0046233,6184.510,5.734,5.910,11.644,-1.2464,0.0154,-2.1659,-0.0005549,0.0188,-581.826,-9.117,-161.237,-590.998,-9.370,-154.063,-0.6160385,0.0002690,-0.7877160,-0.0168915,0.9997655,0.0135516,0.049,-0.068,0,0,0.0082,0,1
2062,6185.476,57.83431946,18.82095457,29.285,-588.207,-9.222,-160.054,218.836,0.0166,0.0047727,6187.510,5.649,5.977,11.627,-1.2388,0.0095,-2.1448,-0.0005355,0.0181,-583.807,-9.118,-163.597,-592.863,-9.369,-156.306,-0.6270908,0.0001660,-0.7789461,-0.0165989,0.9997701,0.0135760,0.048,-0.065,0,0,0.0080,0,1
2063,6188.476,57.83429860,18.82092262,29.286,-590.105,-9.222,-162.377,219.677,0.0079,0.0049023,6190.510,5.576,6.035,11.611,-1.2290,0.0045,-2.1218,-0.0005126,0.0173,-585.813,-9.120,-165.937,-594.750,-9.369,-158.524,-0.6384780,0.0000790,-0.7696401,-0.0162759,0.9997750,0.0136047,0.047,-0.060,0,0,0.0078,0,1
2064,6191.476,57.83427800,18.82089010,29.286,-592.038,-9.222,-164.672,220.541,0.0014,0.0050053,6193.509,5.523,6.077,11.599,-1.2165,0.0008,-2.0967,-0.0004858,0.0163,-587.841,-9.121,-168.262,-596.656,-9.367,-160.722,-0.6499675,0.0000140,-0.7599620,-0.0159212,0.9997803,0.0136353,0.047,-0.053,0,0,0.0076,0,1
2065,6194.476,57.83425766,18.82085699,29.286,-594.005,-9.222,-166.937,221.422,-0.0020,0.0050777,6196.509,5.494,6.098,11.591,-1.2010,-0.0011,-2.0689,-0.0004551,0.0153,-589.886,-9.122,-170.572,-598.577,-9.365,-162.903,-0.6616382,-0.0000200,-0.7498233,-0.0155229,0.9997861,0.0136706,0.046,-0.044,0,0,0.0074,0,1
2066,6197.476,57.83423760,18.82082329,29.286,-596.007,-9.222,-169.170,222.311,-0.0014,0.0051193,6199.509,5.492,6.094,11.587,-1.1815,-0.0008,-2.0372,-0.0004204,0.0141,-591.946,-9.123,-172.868,-600.513,-9.362,-165.067,-0.6732451,-0.0000140,-0.7394194,-0.0150696,0.9997926,0.0137020,0.046,-0.033,0,0,0.0077,0,1
2067,6200.475,57.83421782,18.82078901,29.286,-598.044,-9.222,-171.373,223.201,0.0044,0.0051340,6202.509,5.521,6.064,11.585,-1.1573,0.0025,-1.9994,-0.0003819,0.0128,-594.020,-9.123,-175.152,-602.464,-9.357,-167.222,-0.6845950,0.0000440,-0.7289237,-0.0145413,0.9998002,0.0137174,0.045,-0.019,0,0,0.0080,0,1
2068,6203.475,57.83419833,18.82075416,29.286,-600.115,-9.221,-173.544,224.089,0.0161,0.0051283,6205.509,5.578,6.007,11.585,-1.1270,0.0092,-1.9526,-0.0003400,0.0114,-596.109,-9.123,-177.425,-604.429,-9.351,-169.364,-0.6958516,0.0001610,-0.7181855,-0.0139087,0.9998094,0.0137003,0.045,-0.003,0,0,0.0082,0,1
2069,6206.475,57.83417912,18.82071875,29.287,-602.219,-9.221,-175.682,224.971,0.0342,0.0051103,6208.509,5.661,5.927,11.587,-1.0888,0.0196,-1.8926,-0.0002950,0.0099,-598.214,-9.123,-179.683,-606.412,-9.344,-171.493,-0.7067733,0.0003420,-0.7074400,-0.0131451,0.9998209,0.0136160,0.044,0.017,0,0,0.0085,0,1
2070,6209.475,57.83416021,18.82068280,29.288,-604.355,-9.219,-177.788,225.849,0.0585,0.0050867,6211.509,5.765,5.826,11.591,-1.0403,0.0335,-1.8144,-0.0002478,0.0083,-600.339,-9.123,-181.924,-608.413,-9.333,-173.608,-0.7174482,0.0005850,-0.6966116,-0.0122174,0.9998353,0.0134225,0.043,0.039,0,0,0.0088,0,1
2071,6212.475,57.83414160,18.82064630,29.290,-606.523,-9.217,-179.861,226.723,0.0882,0.0050604,6214.508,5.883,5.713,11.596,-0.9789,0.0505,-1.7120,-0.0001992,0.0067,-602.490,-9.123,-184.144,-610.440,-9.321,-175.701,-0.7280382,0.0008820,-0.6855360,-0.0110923,0.9998531,0.0130664,0.042,0.063,0,0,0.0079,0,1
2072,6215.475,57.83412328,18.82060928,29.293,-608.723,-9.214,-181.901,227.591,0.1219,0.0050313,6217.508,6.005,5.598,11.603,-0.9011,0.0698,-1.5789,-0.0001500,0.0050,-604.674,-9.125,-186.335,-612.498,-9.307,-177.767,-0.7383839,0.0012190,-0.6743795,-0.0097464,0.9998746,0.0124788,0.040,0.088,0,0,0.0070,0,1
2073,6218.475,57.83410526,18.82057174,29.297,-610.953,-9.210,-183.907,228.455,0.1577,0.0049995,6220.508,6.121,5.491,11.612,-0.8033,0.0904,-1.4085,-0.0001012,0.0034,-606.893,-9.128,-188.488,-614.595,-9.290,-179.798,-0.7484099,0.0015770,-0.6632346,-0.0081607,0.9998996,0.0115862,0.037,0.113,0,0,0.0061,0,1
2074,6221.474,57.83408755,18.82053371,29.303,-613.213,-9.205,-185.880,229.312,0.1936,0.0049652,6223.508,6.221,5.401,11.622,-0.6818,0.1109,-1.1944,-0.0000540,0.0018,-609.157,-9.133,-190.596,-616.735,-9.271,-181.785,-0.7581953,0.0019360,-0.6520246,-0.0063196,0.9999268,0.0103177,0.033,0.137,0,0,0.0053,0,1
2075,6224.474,57.83407014,18.82049518,29.309,-615.502,-9.198,-187.819,230.164,0.2281,0.0049285,6226.508,6.295,5.338,11.633,-0.5329,0.1307,-0.9310,-0.0000093,0.0003,-611.470,-9.140,-192.653,-618.921,-9.248,-183.720,-0.7679050,0.0022810,-0.6405597,-0.0042118,0.9999541,0.0086099,0.029,0.159,0,0,0.0044,0,1
2076,6227.474,57.83405303,18.82045617,29.316,-617.820,-9.191,-189.723,231.009,0.2603,0.0048896,6229.508,6.338,5.306,11.644,-0.3536,0.1491,-0.6138,0.0000316,-0.0011,-613.832,-9.151,-194.649,-621.159,-9.223,-185.599,-0.7772267,0.0026030,-0.6292153,-0.0018392,0.9999778,0.0064087,0.023,0.178,0,0,0.0043,0,1
2077,6230.474,57.83403623,18.82041669,29.325,-620.165,-9.183,-191.594,231.847,0.2902,0.0048487,6232.508,6.346,5.309,11.655,-0.1417,0.1663,-0.2403,0.0000675,-0.0023,-616.245,-9.165,-196.584,-623.445,-9.194,-187.419,-0.7863150,0.0029020,-0.6178190,0.0007972,0.9999929,0.0036825,0.016,0.194,0,0,0.0043,0,1
2078,6233.474,57.83401975,18.82037676,29.334,-622.538,-9.173,-193.430,232.678,0.3182,0.0048059,6235.508,6.320,5.345,11.665,0.1036,0.1823,0.1902,0.0000973,-0.0033,-618.707,-9.181,-198.456,-625.779,-9.160,-189.179,-0.7952708,0.0031820,-0.6062460,0.0036838,0.9999931,0.0004162,0.009,0.206,0,0,0.0043,0,1
2079,6236.474,57.83400357,18.82033639,29.344,-624.936,-9.163,-195.231,233.504,0.3458,0.0047520,6238.507,6.264,5.410,11.674,0.3815,0.1981,0.6761,0.0001198,-0.0041,-621.210,-9.201,-200.266,-628.154,-9.123,-190.882,-0.8038594,0.0034580,-0.5948093,0.0068010,0.9999712,-0.0033778,0.000,0.213,0,0,0.0042,0,1
2080,6239.474,57.83398770,18.82029559,29.355,-627.360,-9.153,-196.998,234.333,0.3741,0.0046436,6241.507,6.184,5.496,11.680,0.6898,0.2143,1.2131,0.0001341,-0.0046,-623.752,-9.223,-202.021,-630.566,-9.082,-192.534,-0.8122047,0.0037410,-0.5833606,0.0101147,0.9999194,-0.0076703,-0.009,0.218,0,0,0.0042,0,1
2081,6242.473,57.83397214,18.82025437,29.366,-629.809,-9.141,-198.731,235.163,0.4041,0.0044199,6244.507,6.089,5.593,11.683,1.0244,0.2315,1.7949,0.0001394,-0.0048,-626.327,-9.245,-203.726,-633.007,-9.036,-194.143,-0.8203512,0.0040410,-0.5718458,0.0135771,0.9998308,-0.0124120,-0.018,0.219,0,0,0.0058,0,1
2082,6245.473,57.83395689,18.82021275,29.379,-632.282,-9.129,-200.429,235.968,0.4361,0.0040239,6247.507,5.988,5.693,11.681,1.3799,0.2499,2.4128,0.0001353,-0.0046,-628.927,-9.269,-205.389,-635.472,-8.987,-195.714,-0.8282801,0.0043610,-0.5602973,0.0171259,0.9996996,-0.0175360,-0.027,0.217,0,0,0.0075,0,1
2083,6248.473,57.83394194,18.82017073,29.392,-634.779,-9.115,-202.093,236.704,0.4695,0.0034173,6250.507,5.889,5.786,11.675,1.7497,0.2690,3.0561,0.0001218,-0.0041,-631.545,-9.291,-207.014,-637.957,-8.934,-197.258,-0.8356897,0.0046949,-0.5491818,0.0206974,0.9995223,-0.0229503,-0.036,0.214,0,0,0.0092,0,1
2084,6251.473,57.83392729,18.82012836,29.407,-637.296,-9.100,-203.724,237.315,0.5031,0.0025877,6253.507,5.800,5.865,11.666,2.1267,0.2883,3.7128,0.0000994,-0.0034,-634.164,-9.312,-208.607,-640.463,-8.879,-198.787,-0.8417306,0.0050309,-0.5398743,0.0242627,0.9992988,-0.0285164,-0.044,0.210,0,0,0.0108,0,1
2085,6254.473,57.83391286,18.82008573,29.423,-639.829,-9.085,-205.332,237.747,0.5353,0.0015503,6256.507,5.728,5.927,11.655,2.5031,0.3067,4.3702,0.0000692,-0.0023,-636.772,-9.333,-210.176,-642.992,-8.824,-200.320,-0.8456748,0.0053529,-0.5336718,0.0278228,0.9990322,-0.0340683,-0.052,0.206,0,0,0.0125,0,1
2086,6257.473,57.83389854,18.82004296,29.439,-642.370,-9.068,-206.926,237.958,0.5646,0.0003429,6259.507,5.675,5.971,11.645,2.8715,0.3235,5.0150,0.0000326,-0.0011,-639.357,-9.352,-211.734,-645.540,-8.767,-201.867,-0.8473475,0.0056459,-0.5310089,0.0313750,0.9987290,-0.0394471,-0.059,0.201,0,0,0.0131,0,1
2087,6260.473,57.83388424,18.82000015,29.456,-644.913,-9.051,-208.518,237.927,0.5900,-0.0009840,6262.507,5.640,5.997,11.638,3.2250,0.3380,5.6349,-0.0000084,0.0003,-641.914,-9.369,-213.295,-648.101,-8.713,-203.438,-0.8469520,0.0058999,-0.5316366,0.0348988,0.9983989,-0.0445175,-0.065,0.198,0,0,0.0137,0,1
2088,6263.473,57.83386989,18.81995742,29.475,-647.452,-9.033,-210.116,237.653,0.6115,-0.0023830,6265.507,5.622,6.011,11.633,3.5572,0.3504,6.2185,-0.0000518,0.0018,-644.440,-9.384,-214.863,-650.672,-8.661,-205.040,-0.8443861,0.0061149,-0.5357002,0.0384017,0.9980535,-0.0491373,-0.071,0.195,0,0,0.0143,0,1
2089,6266.472,57.83385538,18.81991488,29.493,-649.979,-9.014,-211.732,237.137,0.6299,-0.0038305,6268.507,5.615,6.015,11.630,3.8632,0.3609,6.7565,-0.0000955,0.0032,-646.928,-9.396,-216.446,-653.248,-8.611,-206.683,-0.8394462,0.0062989,-0.5434064,0.0419075,0.9977055,-0.0531733,-0.076,0.193,0,0,0.0149,0,1
2090,6269.472,57.83384062,18.81987264,29.512,-652.488,-8.995,-213.376,236.374,0.6468,-0.0053366,6271.506,5.614,6.014,11.628,4.1391,0.3706,7.2422,-0.0001373,0.0046,-649.375,-9.406,-218.049,-655.822,-8.564,-208.371,-0.8322380,0.0064679,-0.5543808,0.0454131,0.9973671,-0.0565382,-0.081,0.192,0,0,0.0155,0,1
2091,6272.472,57.83382550,18.81983084,29.532,-654.972,-8.975,-215.058,235.350,0.6646,-0.0069154,6274.506,5.614,6.010,11.625,4.3828,0.3808,7.6713,-0.0001757,0.0059,-651.776,-9.411,-219.674,-658.393,-8.520,-210.116,-0.8221860,0.0066459,-0.5691801,0.0489839,0.9970486,-0.0591160,-0.085,0.192,0,0,0.0156,0,1
2092,6275.472,57.83380995,18.81978962,29.552,-657.421,-8.955,-216.791,234.050,0.6856,-0.0085784,6277.506,5.612,6.006,11.618,4.5936,0.3928,8.0427,-0.0002093,0.0071,-654.123,-9.413,-221.332,-660.951,-8.480,-211.932,-0.8090485,0.0068558,-0.5877019,0.0526442,0.9967580,-0.0608440,-0.090,0.193,0,0,0.0158,0,1
2093,6278.472,57.83379384,18.81974915,29.573,-659.826,-8.934,-218.584,232.455,0.7123,-0.0103280,6280.506,5.607,6.001,11.608,4.7723,0.4081,8.3579,-0.0002375,0.0080,-656.406,-9.410,-223.027,-663.487,-8.441,-213.829,-0.7923745,0.0071228,-0.6099933,0.0564301,0.9965003,-0.0616661,-0.094,0.194,0,0,0.0160,0,1
2094,6281.472,57.83377708,18.81970962,29.595,-662.174,-8.912,-220.450,230.546,0.7466,-0.0121578,6283.506,5.601,5.996,11.597,4.9212,0.4278,8.6206,-0.0002600,0.0087,-658.611,-9.403,-224.772,-665.989,-8.404,-215.824,-0.7715236,0.0074658,-0.6361569,0.0603767,0.9962773,-0.0615321,-0.099,0.195,0,0,0.0162,0,1
2095,6284.471,57.83375957,18.81967125,29.618,-664.454,-8.889,-222.400,228.304,0.7901,-0.0140469,6286.506,5.598,5.992,11.590,5.0434,0.4527,8.8361,-0.0002768,0.0093,-660.727,-9.392,-226.578,-668.443,-8.369,-217.929,-0.7461983,0.0079008,-0.6656769,0.0644647,0.9960880,-0.0604402,-0.103,0.196,0,0,0.0164,0,1
2096,6287.471,57.83374122,18.81963429,29.643,-666.650,-8.865,-224.443,225.713,0.8440,-0.0159551,6289.505,5.603,5.989,11.592,5.1427,0.4836,9.0111,-0.0002885,0.0097,-662.736,-9.379,-228.452,-670.834,-8.336,-220.158,-0.7154515,0.0084397,-0.6986114,0.0687125,0.9959294,-0.0583373,-0.107,0.196,0,0,0.0169,0,1
2097,6290.470,57.83372194,18.81959903,29.669,-668.745,-8.839,-226.590,222.767,0.9090,-0.0178253,6292.505,5.620,5.991,11.611,5.2230,0.5208,9.1522,-0.0002955,0.0100,-664.618,-9.363,-230.404,-673.145,-8.301,-222.524,-0.6786814,0.0090896,-0.7343766,0.0730756,0.9957972,-0.0552082,-0.112,0.195,0,0,0.0175,0,1
2098,6293.470,57.83370167,18.81956579,29.697,-670.720,-8.810,-228.847,219.467,0.9854,-0.0195671,6295.505,5.652,6.002,11.654,5.2881,0.5646,9.2662,-0.0002986,0.0101,-666.356,-9.343,-232.440,-675.353,-8.265,-225.032,-0.6355653,0.0098535,-0.7719842,0.0774645,0.9956864,-0.0510667,-0.116,0.191,0,0,0.0180,0,1
2099,6296.469,57.83368037,18.81953490,29.728,-672.556,-8.779,-231.219,215.832,1.0732,-0.0210537,6298.504,5.701,6.027,11.729,5.3411,0.6149,9.3589,-0.0002987,0.0103,-667.934,-9.322,-234.558,-677.442,-8.226,-227.689,-0.5855664,0.0107314,-0.8105534,0.0817855,0.9955923,-0.0459029,-0.120,0.185,0,0,0.0185,0,1
2100,6299.469,57.83365803,18.81950671,29.762,-674.231,-8.746,-233.707,211.921,1.1714,-0.0221679,6301.504,5.765,6.074,11.839,5.3848,0.6711,9.4351,-0.0002962,0.0104,-669.339,-9.300,-236.757,-679.385,-8.184,-230.493,-0.5290777,0.0117132,-0.8484925,0.0858728,0.9955107,-0.0398033,-0.123,0.176,0,0,0.0191,0,1
2101,6302.468,57.83363469,18.81948152,29.798,-675.728,-8.709,-236.306,207.833,1.2787,-0.0228458,6304.503,5.839,6.145,11.984,5.4210,0.7326,9.4987,-0.0002921,0.0105,-670.564,-9.274,-239.032,-681.162,-8.136,-233.438,-0.4667531,0.0127860,-0.8842952,0.0895623,0.9954383,-0.0328802,-0.127,0.166,0,0,0.0212,0,1
2102,6305.467,57.83361043,18.81945962,29.838,-677.029,-8.669,-239.008,203.683,1.3933,-0.0231023,6307.503,5.918,6.241,12.159,5.4512,0.7983,9.5522,-0.0002868,0.0106,-671.606,-9.244,-241.378,-682.748,-8.084,-236.508,-0.4004737,0.0139316,-0.9162024,0.0926755,0.9953730,-0.0253731,-0.131,0.155,0,0,0.0232,0,1
2103,6308.466,57.83358537,18.81944112,29.882,-678.129,-8.626,-241.799,199.575,1.5131,-0.0230321,6310.502,5.996,6.357,12.353,5.4761,0.8669,9.5970,-0.0002808,0.0107,-672.476,-9.212,-243.799,-684.122,-8.027,-239.678,-0.3335496,0.0151293,-0.9426111,0.0950726,0.9953136,-0.0176670,-0.135,0.144,0,0,0.0253,0,1
2104,6311.466,57.83355969,18.81942597,29.929,-679.029,-8.578,-244.660,195.572,1.6363,-0.0227880,6313.502,6.068,6.482,12.550,5.4963,0.9374,9.6339,-0.0002746,0.0108,-673.183,-9.173,-246.284,-685.275,-7.965,-242.924,-0.2676941,0.0163608,-0.9633650,0.0967417,0.9952595,-0.0099795,-0.138,0.136,0,0,0.0274,0,1
2105,6314.465,57.83353351,18.81941412,29.980,-679.734,-8.527,-247.575,191.683,1.7611,-0.0225410,6316.502,6.130,6.605,12.734,5.5121,1.0089,9.6629,-0.0002686,0.0109,-673.731,-9.129,-248.816,-686.202,-7.901,-246.238,-0.2024639,0.0176083,-0.9791314,0.0977233,0.9952109,-0.0023097,-0.141,0.131,0,0,0.0295,0,1
2106,6317.464,57.83350697,18.81940556,30.035,-680.243,-8.473,-250.531,187.873,1.8859,-0.0224427,6319.502,6.183,6.710,12.893,5.5235,1.0804,9.6841,-0.0002631,0.0109,-674.118,-9.082,-251.378,-686.890,-7.835,-249.612,-0.1369122,0.0188556,-0.9904037,0.0980354,0.9951683,0.0053941,-0.144,0.131,0,0,0.0277,0,1
2107,6320.464,57.83348018,18.81940031,30.093,-680.555,-8.414,-253.514,184.071,2.0093,-0.0225961,6322.501,6.229,6.788,13.017,5.5307,1.1511,9.6974,-0.0002581,0.0109,-674.341,-9.028,-253.956,-687.326,-7.768,-253.033,-0.0708771,0.0200889,-0.9972827,0.0976762,0.9951320,0.0131038,-0.145,0.137,0,0,0.0258,0,1
2108,6323.463,57.83345327,18.81939841,30.155,-680.668,-8.352,-256.511,180.210,2.1299,-0.0230305,6325.501,6.274,6.830,13.104,5.5339,1.2202,9.7028,-0.0002539,0.0109,-674.394,-8.971,-256.533,-687.498,-7.701,-256.487,-0.0035021,0.0212942,-0.9997671,0.0966262,0.9951022,0.0208563,-0.146,0.150,0,0,0.0240,0,1
2109,6326.462,57.83342636,18.81939997,30.221,-680.576,-8.286,-259.509,176.238,2.2468,-0.0237205,6328.501,6.323,6.831,13.154,5.5336,1.2871,9.7009,-0.0002503,0.0108,-674.267,-8.909,-259.093,-687.392,-7.635,-259.958,0.0657053,0.0224623,-0.9975862,0.0948533,0.9950788,0.0286533,-0.145,0.171,0,0,0.0222,0,1
2110,6329.461,57.83339956,18.81940507,30.290,-680.274,-8.217,-262.493,172.094,2.3588,-0.0245844,6331.501,6.381,6.789,13.170,5.5304,1.3512,9.6926,-0.0002473,0.0107,-673.954,-8.846,-261.617,-686.999,-7.570,-263.425,0.1372710,0.0235814,-0.9902528,0.0923106,0.9950613,0.0364922,-0.143,0.197,0,0,0.0203,0,1
2111,6332.461,57.83337305,18.81941385,30.362,-679.753,-8.145,-265.446,167.728,2.4644,-0.0254732,6334.501,6.451,6.701,13.153,5.5250,1.4117,9.6791,-0.0002448,0.0106,-673.448,-8.780,-264.080,-686.302,-7.507,-266.865,0.2116519,0.0246365,-0.9770346,0.0889373,0.9950491,0.0443570,-0.139,0.228,0,0,0.0217,0,1
2112,6335.460,57.83334697,18.81942645,30.438,-679.005,-8.070,-268.351,163.140,2.5607,-0.0262110,6337.502,6.537,6.567,13.103,5.5185,1.4669,9.6623,-0.0002423,0.0104,-672.746,-8.712,-266.464,-685.292,-7.446,-270.247,0.2885695,0.0255986,-0.9571167,0.0846959,0.9950413,0.0521486,-0.134,0.263,0,0,0.0230,0,1
2113,6338.459,57.83332153,18.81944299,30.516,-678.023,-7.992,-271.184,158.385,2.6438,-0.0266444,6340.502,6.636,6.384,13.020,5.5119,1.5144,9.6439,-0.0002396,0.0102,-671.852,-8.643,-268.743,-683.960,-7.386,-273.532,0.3676915,0.0264288,-0.9295722,0.0795571,0.9950375,0.0597588,-0.127,0.299,0,0,0.0244,0,1
2114,6341.458,57.83329694,18.81946356,30.596,-676.801,-7.911,-273.923,153.568,2.7093,-0.0266868,6343.502,6.746,6.156,12.903,5.5062,1.5519,9.6259,-0.0002360,0.0098,-670.763,-8.571,-270.914,-682.311,-7.327,-276.669,0.4458482,0.0270831,-0.8946988,0.0737033,0.9950372,0.0668484,-0.118,0.333,0,0,0.0258,0,1
2115,6344.457,57.83327338,18.81948799,30.678,-675.350,-7.829,-276.548,148.807,2.7533,-0.0263494,6346.502,6.863,5.889,12.751,5.5022,1.5771,9.6103,-0.0002307,0.0094,-669.485,-8.499,-272.985,-680.383,-7.271,-279.606,0.5190514,0.0275226,-0.8542998,0.0674993,0.9950402,0.0730676,-0.109,0.366,0,0,0.0271,0,1
2116,6347.456,57.83325095,18.81951595,30.761,-673.689,-7.746,-279.045,144.198,2.7727,-0.0257358,6349.502,6.980,5.592,12.572,5.5005,1.5882,9.5989,-0.0002228,0.0088,-668.031,-8.427,-274.957,-678.222,-7.216,-282.320,0.5854239,0.0277163,-0.8102534,0.0612617,0.9950458,0.0783003,-0.100,0.394,0,0,0.0234,0,1
2117,6350.455,57.83322976,18.81954709,30.844,-671.840,-7.663,-281.406,139.789,2.7655,-0.0250108,6352.502,7.095,5.283,12.377,5.5013,1.5841,9.5930,-0.0002109,0.0081,-666.422,-8.354,-276.826,-675.874,-7.162,-284.816,0.6453365,0.0276444,-0.7633981,0.0551331,0.9950533,0.0826399,-0.091,0.418,0,0,0.0197,0,1
2118,6353.454,57.83320986,18.81958111,30.927,-669.819,-7.580,-283.623,135.566,2.7309,-0.0243522,6355.503,7.202,4.979,12.181,5.5045,1.5643,9.5939,-0.0001936,0.0072,-664.676,-8.281,-278.582,-673.375,-7.107,-287.109,0.6997205,0.0272988,-0.7138950,0.0491560,0.9950618,0.0862305,-0.083,0.437,0,0,0.0160,0,1
2119,6356.453,57.83319133,18.81961774,31.008,-667.644,-7.499,-285.687,131.470,2.6692,-0.0239049,6358.503,7.298,4.703,12.000,5.5098,1.5290,9.6022,-0.0001691,0.0061,-662.811,-8.209,-280.219,-670.758,-7.051,-289.211,0.7490354,0.0266825,-0.6619925,0.0433734,0.9950703,0.0891841,-0.076,0.452,0,0,0.0123,0,1
2120,6359.453,57.83317422,18.81965673,31.087,-665.327,-7.420,-287.593,127.435,2.5826,-0.0237274,6361.503,7.379,4.470,11.849,5.5164,1.4794,9.6184,-0.0001357,0.0048,-660.842,-8.137,-281.733,-668.044,-6.993,-291.142,0.7938327,0.0258174,-0.6075880,0.0377644,0.9950774,0.0916228,-0.072,0.464,0,0,0.0085,0,1
2121,6362.452,57.83315862,18.81969788,31.163,-662.883,-7.344,-289.331,123.392,2.4759,-0.0237854,6364.503,7.442,4.294,11.736,5.5240,1.4183,9.6422,-0.0000919,0.0032,-658.786,-8.067,-283.118,-665.247,-6.932,-292.916,0.8345561,0.0247514,-0.5503667,0.0322553,0.9950814,0.0936622,-0.071,0.476,0,0,0.0129,0,1
2122,6365.451,57.83314460,18.81974098,31.235,-660.323,-7.272,-290.893,119.286,2.3551,-0.0239950,6367.504,7.483,4.182,11.665,5.5321,1.3491,9.6733,-0.0000368,0.0013,-656.658,-7.998,-284.369,-662.371,-6.868,-294.539,0.8715921,0.0235445,-0.4896660,0.0267154,0.9950806,0.0953989,-0.073,0.487,0,0,0.0172,0,1
2123,6368.450,57.83313226,18.81978586,31.304,-657.657,-7.203,-292.267,115.085,2.2268,-0.0242397,6370.504,7.498,4.133,11.631,5.5408,1.2757,9.7108,0.0000300,-0.0010,-654.471,-7.929,-285.480,-659.413,-6.801,-296.009,0.9050060,0.0222625,-0.4248158,0.0210016,0.9950737,0.0968876,-0.078,0.499,0,0,0.0216,0,1
2124,6371.449,57.83312174,18.81983233,31.369,-654.897,-7.138,-293.440,110.796,2.0975,-0.0243995,6373.503,7.484,4.143,11.627,5.5504,1.2016,9.7535,0.0001072,-0.0036,-652.236,-7.862,-286.445,-656.370,-6.732,-297.312,0.9344539,0.0209704,-0.3554661,0.0149991,0.9950603,0.0981325,-0.086,0.514,0,0,0.0259,0,1
2125,6374.449,57.83311314,18.81988017,31.430,-652.055,-7.077,-294.398,106.461,1.9731,-0.0243748,6376.503,7.441,4.200,11.641,5.5617,1.1304,9.8000,0.0001927,-0.0065,-649.948,-7.796,-287.261,-653.244,-6.662,-298.426,0.9589021,0.0197272,-0.2830504,0.0087769,0.9950405,0.0990829,-0.097,0.530,0,0,0.0303,0,1
2126,6377.448,57.83310651,18.81992910,31.487,-649.148,-7.020,-295.137,102.145,1.8582,-0.0241083,6379.503,7.371,4.293,11.664,5.5754,1.0645,9.8487,0.0002825,-0.0096,-647.600,-7.731,-287.930,-650.050,-6.592,-299.334,0.9775286,0.0185788,-0.2099827,0.0025040,0.9950151,0.0996934,-0.111,0.548,0,0,0.0300,0,1
2127,6380.447,57.83310184,18.81997882,31.541,-646.194,-6.966,-295.657,97.916,1.7554,-0.0235999,6382.503,7.278,4.409,11.687,5.5921,1.0057,9.8978,0.0003714,-0.0127,-645.192,-7.667,-288.448,-646.801,-6.522,-300.024,0.9903302,0.0175513,-0.1376154,-0.0037451,0.9949856,0.0999483,-0.126,0.567,0,0,0.0297,0,1
2128,6383.446,57.83309911,18.82002904,31.592,-643.211,-6.915,-295.962,93.825,1.6652,-0.0228964,6385.502,7.168,4.536,11.704,5.6121,0.9540,9.9456,0.0004531,-0.0155,-642.731,-7.605,-288.810,-643.514,-6.455,-300.488,0.9976217,0.0166497,-0.0668862,-0.0099113,0.9949540,0.0998409,-0.142,0.585,0,0,0.0294,0,1
2129,6386.445,57.83309826,18.82007951,31.641,-640.213,-6.866,-296.058,89.896,1.5861,-0.0220726,6388.502,7.048,4.666,11.714,5.6349,0.9087,9.9905,0.0005207,-0.0179,-640.225,-7.544,-289.010,-640.205,-6.389,-300.724,0.9998728,0.0158590,0.0016676,-0.0159462,0.9949226,0.0993716,-0.159,0.600,0,0,0.0291,0,1
2130,6389.445,57.83309921,18.82012996,31.688,-637.215,-6.820,-295.952,86.135,1.5151,-0.0211981,6391.502,6.924,4.792,11.716,5.6596,0.8680,10.0311,0.0005675,-0.0195,-637.680,-7.487,-289.044,-636.893,-6.326,-300.733,0.9976239,0.0151493,0.0672087,-0.0217477,0.9948934,0.0985603,-0.175,0.609,0,0,0.0288,0,1
2131,6392.444,57.83310188,18.82018020,31.732,-634.231,-6.775,-295.655,82.543,1.4482,-0.0203178,6394.501,6.802,4.911,11.713,5.6851,0.8297,10.0663,0.0005876,-0.0202,-635.113,-7.433,-288.910,-633.595,-6.267,-300.524,0.9914629,0.0144805,0.1295823,-0.0272647,0.9948684,0.0974345,-0.191,0.612,0,0,0.0286,0,1
2132,6395.444,57.83310619,18.82023004,31.775,-631.270,-6.733,-295.175,79.114,1.3815,-0.0194665,6397.501,6.685,5.022,11.707,5.7101,0.7915,10.0950,0.0005766,-0.0198,-632.531,-7.382,-288.610,-630.323,-6.212,-300.107,0.9819591,0.0138137,0.1885882,-0.0324390,0.9948491,0.0960358,-0.206,0.607,0,0,0.0284,0,1
2133,6398.443,57.83311205,18.82027932,31.815,-628.342,-6.692,-294.524,75.838,1.3117,-0.0186689,6400.501,6.574,5.127,11.701,5.7331,0.7515,10.1168,0.0005324,-0.0182,-629.948,-7.334,-288.149,-627.089,-6.159,-299.496,0.9696161,0.0131159,0.2442799,-0.0372417,0.9948368,0.0944080,-0.219,0.592,0,0,0.0282,0,1
2134,6401.443,57.83311936,18.82032791,31.853,-625.455,-6.654,-293.710,72.702,1.2363,-0.0179453,6403.501,6.468,5.230,11.698,5.7530,0.7083,10.1310,0.0004552,-0.0156,-627.377,-7.290,-287.534,-623.901,-6.112,-298.704,0.9547565,0.0123621,0.2971317,-0.0416927,0.9948320,0.0925792,-0.230,0.569,0,0,0.0280,0,1
2135,6404.442,57.83312805,18.82037570,31.889,-622.616,-6.618,-292.742,69.688,1.1540,-0.0173083,6406.500,6.365,5.335,11.700,5.7681,0.6612,10.1372,0.0003482,-0.0119,-624.824,-7.249,-286.772,-620.765,-6.067,-297.745,0.9378130,0.0115392,0.3469491,-0.0457590,0.9948355,0.0906004,-0.239,0.536,0,0,0.0278,0,1
2136,6407.442,57.83313805,18.82042259,31.923,-619.830,-6.585,-291.629,66.780,1.0646,-0.0167670,6409.500,6.264,5.443,11.707,5.7771,0.6099,10.1350,0.0002170,-0.0074,-622.298,-7.211,-285.872,-617.685,-6.027,-296.632,0.9190498,0.0106454,0.3939976,-0.0494624,0.9948475,0.0884977,-0.245,0.497,0,0,0.0257,0,1
2137,6410.441,57.83314928,18.82046848,31.953,-617.104,-6.554,-290.379,63.959,0.9685,-0.0163273,6412.500,6.164,5.556,11.720,5.7782,0.5549,10.1235,0.0000691,-0.0024,-619.809,-7.175,-284.840,-614.666,-5.989,-295.371,0.8985147,0.0096845,0.4388366,-0.0528575,0.9948686,0.0862698,-0.249,0.452,0,0,0.0237,0,1
2138,6413.441,57.83316169,18.82051329,31.981,-614.441,-6.527,-288.997,61.206,0.8664,-0.0159897,6415.500,6.068,5.671,11.739,5.7702,0.4964,10.1017,-0.0000866,0.0030,-617.364,-7.143,-283.680,-611.709,-5.957,-293.967,0.8763097,0.0086637,0.4816702,-0.0559644,0.9948995,0.0839219,-0.250,0.405,0,0,0.0216,0,1
2139,6416.441,57.83317522,18.82055695,32.005,-611.848,-6.502,-287.490,58.496,0.7589,-0.0157321,6418.499,5.978,5.784,11.762,5.7520,0.4348,10.0683,-0.0002408,0.0083,-614.971,-7.113,-282.392,-608.827,-5.928,-292.422,0.8526797,0.0075888,0.5223789,-0.0587686,0.9949413,0.0814742,-0.249,0.356,0,0,0.0195,0,1
2140,6419.440,57.83318982,18.82059937,32.026,-609.327,-6.481,-285.864,55.807,0.6461,-0.0155071,6421.499,5.901,5.886,11.787,5.7232,0.3702,10.0216,-0.0003847,0.0134,-612.641,-7.086,-280.981,-606.022,-5.904,-290.734,0.8274391,0.0064609,0.5615182,-0.0613119,0.9949954,0.0788992,-0.244,0.309,0,0,0.0174,0,1
2141,6422.440,57.83320547,18.82064048,32.044,-606.885,-6.464,-284.122,53.130,0.5274,-0.0152543,6424.499,5.844,5.970,11.814,5.6839,0.3022,9.9594,-0.0005108,0.0178,-610.388,-7.063,-279.444,-603.307,-5.888,-288.900,0.8004488,0.0052739,0.5993779,-0.0636015,0.9950634,0.0761820,-0.238,0.266,0,0,0.0165,0,1
2142,6425.439,57.83322211,18.82068017,32.058,-604.526,-6.450,-282.269,50.478,0.4017,-0.0149154,6427.498,5.813,6.027,11.841,5.6348,0.2302,9.8795,-0.0006135,0.0215,-608.223,-7.045,-277.783,-600.693,-5.877,-286.920,0.7717025,0.0040170,0.6359709,-0.0656115,0.9951472,0.0733290,-0.229,0.227,0,0,0.0155,0,1
2143,6428.439,57.83323972,18.82071838,32.068,-602.257,-6.440,-280.308,47.881,0.2682,-0.0144468,6430.498,5.816,6.055,11.871,5.5761,0.1537,9.7795,-0.0006895,0.0243,-606.157,-7.032,-275.994,-598.196,-5.873,-284.800,0.7418056,0.0026820,0.6706096,-0.0672510,0.9952486,0.0704104,-0.218,0.194,0,0,0.0145,0,1
2144,6431.439,57.83325823,18.82075505,32.074,-600.077,-6.434,-278.247,45.377,0.1259,-0.0138287,6433.498,5.854,6.053,11.908,5.5075,0.0721,9.6569,-0.0007376,0.0261,-604.190,-7.025,-274.081,-595.825,-5.876,-282.555,0.7116758,0.0012590,0.7025069,-0.0684178,0.9953688,0.0675269,-0.205,0.167,0,0,0.0136,0,1
2145,6434.438,57.83327756,18.82079022,32.075,-597.988,-6.432,-276.094,43.008,-0.0250,-0.0130682,6436.497,5.930,6.027,11.958,5.4280,-0.0143,9.5094,-0.0007587,0.0271,-602.325,-7.023,-272.049,-593.580,-5.886,-280.205,0.6820865,-0.0002500,0.7312714,-0.0690576,0.9955090,0.0647531,-0.191,0.146,0,0,0.0126,0,1
2146,6437.438,57.83329761,18.82082392,32.072,-595.986,-6.435,-273.861,40.800,-0.1831,-0.0121966,6439.497,6.039,5.987,12.026,5.3356,-0.1049,9.3354,-0.0007552,0.0273,-600.556,-7.026,-269.913,-591.456,-5.903,-277.775,0.6537099,-0.0018310,0.7567430,-0.0691473,0.9956691,0.0621418,-0.177,0.130,0,0,0.0136,0,1
2147,6440.438,57.83331832,18.82085621,32.064,-594.067,-6.443,-271.555,38.767,-0.3459,-0.0112588,6442.497,6.173,5.944,12.117,5.2282,-0.1982,9.1337,-0.0007304,0.0268,-598.879,-7.035,-267.688,-589.434,-5.926,-275.278,0.6264380,-0.0034590,0.7794636,-0.0687405,0.9958488,0.0596645,-0.163,0.118,0,0,0.0145,0,1
2148,6443.438,57.83333960,18.82088716,32.052,-592.228,-6.456,-269.185,36.908,-0.5093,-0.0102981,6445.497,6.321,5.911,12.233,5.1042,-0.2918,8.9039,-0.0006880,0.0257,-597.281,-7.046,-265.386,-587.503,-5.954,-272.737,0.6009253,-0.0050929,0.7992890,-0.0678390,0.9960466,0.0573497,-0.148,0.109,0,0,0.0154,0,1
2149,6446.437,57.83336138,18.82091687,32.034,-590.462,-6.473,-266.760,35.220,-0.6685,-0.0093375,6448.496,6.470,5.901,12.371,4.9624,-0.3830,8.6468,-0.0006319,0.0242,-595.746,-7.059,-263.026,-585.643,-5.985,-270.165,0.5771022,-0.0066849,0.8166446,-0.0665075,0.9962604,0.0551543,-0.135,0.102,0,0,0.0164,0,1
2150,6449.437,57.83338360,18.82094542,32.012,-588.766,-6.496,-264.286,33.701,-0.8182,-0.0083879,6451.496,6.608,5.919,12.528,4.8033,-0.4688,8.3640,-0.0005653,0.0222,-594.263,-7.073,-260.618,-583.842,-6.021,-267.572,0.5550662,-0.0081817,0.8317659,-0.0648015,0.9964873,0.0530463,-0.123,0.096,0,0,0.0173,0,1
2151,6452.437,57.83340618,18.82097293,31.985,-587.132,-6.522,-261.770,32.346,-0.9533,-0.0074568,6454.496,6.725,5.971,12.696,4.6282,-0.5462,8.0584,-0.0004909,0.0198,-592.812,-7.086,-258.169,-582.089,-6.058,-264.967,0.5353727,-0.0095326,0.8445621,-0.0627507,0.9967239,0.0510280,-0.113,0.091,0,0,0.0187,0,1
2152,6455.437,57.83342909,18.82099948,31.954,-585.554,-6.553,-259.219,31.150,-1.0691,-0.0065484,6457.496,6.814,6.055,12.869,4.4398,-0.6125,7.7333,-0.0004109,0.0170,-591.384,-7.099,-255.691,-580.374,-6.100,-262.354,0.5176736,-0.0106904,0.8555114,-0.0604441,0.9969665,0.0490330,-0.104,0.085,0,0,0.0201,0,1
2153,6458.437,57.83345228,18.82102519,31.921,-584.026,-6.587,-256.637,30.109,-1.1620,-0.0056640,6460.496,6.871,6.166,13.037,4.2413,-0.6657,7.3930,-0.0003272,0.0139,-589.969,-7.110,-253.187,-578.693,-6.144,-259.732,0.5019810,-0.0116192,0.8648006,-0.0579432,0.9972114,0.0470319,-0.097,0.079,0,0,0.0216,0,1
2154,6461.436,57.83347569,18.82105017,31.885,-582.542,-6.623,-254.030,29.217,-1.2296,-0.0048027,6463.496,6.898,6.296,13.194,4.0364,-0.7045,7.0419,-0.0002414,0.0105,-588.561,-7.120,-250.660,-577.048,-6.189,-257.106,0.4884903,-0.0122951,0.8724827,-0.0552962,0.9974547,0.0450157,-0.092,0.072,0,0,0.0230,0,1
2155,6464.436,57.83349928,18.82107451,31.847,-581.095,-6.660,-251.402,28.471,-1.2709,-0.0039621,6466.496,6.896,6.436,13.333,3.8284,-0.7281,6.6847,-0.0001554,0.0069,-587.156,-7.128,-248.112,-575.438,-6.236,-254.472,0.4769908,-0.0127080,0.8788164,-0.0525666,0.9976930,0.0429583,-0.089,0.065,0,0,0.0244,0,1
2156,6467.436,57.83352303,18.82109833,31.809,-579.680,-6.699,-248.757,27.866,-1.2863,-0.0031386,6469.497,6.869,6.576,13.445,3.6206,-0.7370,6.3254,-0.0000715,0.0032,-585.751,-7.137,-245.544,-573.868,-6.286,-251.832,0.4676576,-0.0128619,0.8838161,-0.0497902,0.9979232,0.0408682,-0.088,0.059,0,0,0.0214,0,1
2157,6470.436,57.83354690,18.82112174,31.770,-578.289,-6.737,-246.099,27.401,-1.2774,-0.0023322,6472.497,6.821,6.704,13.524,3.4153,-0.7319,5.9680,0.0000077,-0.0004,-584.343,-7.144,-242.957,-572.339,-6.337,-249.187,0.4606590,-0.0127730,0.8874853,-0.0469968,0.9981428,0.0387598,-0.088,0.052,0,0,0.0185,0,1
2158,6473.436,57.83357085,18.82114484,31.732,-576.916,-6.775,-243.432,27.078,-1.2471,-0.0015572,6475.497,6.756,6.811,13.567,3.2143,-0.7145,5.6155,0.0000789,-0.0036,-582.930,-7.151,-240.355,-570.852,-6.389,-246.535,0.4554926,-0.0124700,0.8901522,-0.0442361,0.9983497,0.0366215,-0.090,0.046,0,0,0.0155,0,1
2159,6476.436,57.83359486,18.82116773,31.695,-575.556,-6.812,-240.758,26.895,-1.1991,-0.0008348,6478.497,6.678,6.891,13.569,3.0187,-0.6870,5.2705,0.0001387,-0.0064,-581.512,-7.158,-237.737,-569.410,-6.442,-243.875,0.4523071,-0.0119901,0.8917816,-0.0415205,0.9985424,0.0344845,-0.092,0.040,0,0,0.0125,0,1
2160,6479.436,57.83361890,18.82119052,31.660,-574.202,-6.847,-238.081,26.840,-1.1375,-0.0001849,6481.497,6.592,6.938,13.530,2.8291,-0.6517,4.9353,0.0001837,-0.0084,-580.084,-7.164,-235.104,-568.011,-6.496,-241.214,0.4515129,-0.0113743,0.8921921,-0.0388490,0.9987199,0.0323927,-0.095,0.036,0,0,0.0095,0,1
2161,6482.436,57.83364293,18.82121332,31.627,-572.847,-6.880,-235.405,26.895,-1.0671,0.0003789,6484.497,6.502,6.950,13.452,2.6457,-0.6114,4.6115,0.0002108,-0.0095,-578.645,-7.171,-232.462,-566.650,-6.549,-238.551,0.4526462,-0.0106704,0.8916264,-0.0362485,0.9988817,0.0303560,-0.098,0.032,0,0,0.0099,0,1
2162,6485.436,57.83366694,18.82123622,31.596,-571.486,-6.911,-232.731,27.039,-0.9925,0.0008535,6487.497,6.413,6.926,13.338,2.4690,-0.5686,4.3007,0.0002180,-0.0097,-577.197,-7.178,-229.813,-565.319,-6.603,-235.882,0.4549741,-0.0099245,0.8904494,-0.0337488,0.9990274,0.0283786,-0.101,0.029,0,0,0.0103,0,1
2163,6488.435,57.83369090,18.82125926,31.568,-570.117,-6.940,-230.062,27.249,-0.9183,0.0012469,6490.497,6.328,6.869,13.197,2.2995,-0.5261,4.0045,0.0002044,-0.0089,-575.742,-7.185,-227.162,-564.012,-6.655,-233.210,0.4582287,-0.0091826,0.8887869,-0.0313585,0.9991571,0.0264903,-0.104,0.027,0,0,0.0107,0,1
2164,6491.435,57.83371482,18.82128248,31.541,-568.737,-6.966,-227.399,27.509,-0.8485,0.0015769,6493.497,6.252,6.784,13.036,2.1382,-0.4861,3.7245,0.0001703,-0.0072,-574.282,-7.192,-224.509,-562.721,-6.705,-230.534,0.4621335,-0.0084847,0.8867698,-0.0290865,0.9992712,0.0247193,-0.107,0.026,0,0,0.0111,0,1
2165,6494.435,57.83373868,18.82130592,31.517,-567.344,-6.991,-224.741,27.810,-0.7867,0.0018678,6496.497,6.188,6.677,12.866,1.9863,-0.4507,3.4624,0.0001178,-0.0049,-572.817,-7.201,-221.853,-561.438,-6.755,-227.857,0.4666247,-0.0078668,0.8844204,-0.0269353,0.9993702,0.0231004,-0.109,0.025,0,0,0.0115,0,1
2166,6497.435,57.83376247,18.82132960,31.494,-565.937,-7.013,-222.092,28.155,-0.7358,0.0021434,6499.497,6.139,6.557,12.695,1.8455,-0.4216,3.2200,0.0000501,-0.0020,-571.349,-7.209,-219.195,-560.156,-6.800,-225.186,0.4718987,-0.0073578,0.8816221,-0.0249028,0.9994550,0.0216707,-0.110,0.026,0,0,0.0103,0,1
2167,6500.435,57.83378618,18.82135357,31.473,-564.513,-7.035,-219.452,28.547,-0.6978,0.0024180,6502.497,6.104,6.429,12.533,1.7171,-0.3998,2.9988,-0.0000284,0.0011,-569.875,-7.219,-216.534,-558.866,-6.843,-222.525,0.4779995,-0.0069778,0.8783324,-0.0229933,0.9995264,0.0204539,-0.110,0.026,0,0,0.0092,0,1
2168,6503.435,57.83380979,18.82137786,31.452,-563.069,-7.055,-216.822,28.987,-0.6740,0.0026930,6505.497,6.086,6.301,12.387,1.6026,-0.3862,2.8002,-0.0001129,0.0043,-568.392,-7.230,-213.871,-557.558,-6.883,-219.877,0.4847968,-0.0067398,0.8746008,-0.0212146,0.9995855,0.0194624,-0.110,0.028,0,0,0.0081,0,1
2169,6506.435,57.83383330,18.82140251,31.432,-561.604,-7.075,-214.204,29.474,-0.6646,0.0029671,6508.497,6.083,6.178,12.262,1.5027,-0.3808,2.6252,-0.0001981,0.0074,-566.900,-7.242,-211.210,-556.226,-6.920,-217.245,0.4921562,-0.0066459,0.8704815,-0.0195739,0.9996335,0.0186987,-0.109,0.029,0,0,0.0069,0,1
2170,6509.435,57.83385669,18.82142756,31.412,-560.116,-7.095,-211.599,30.008,-0.6693,0.0032393,6511.497,6.096,6.065,12.161,1.4177,-0.3835,2.4740,-0.0002793,0.0103,-565.394,-7.256,-208.550,-554.864,-6.955,-214.633,0.5001970,-0.0066929,0.8658858,-0.0180688,0.9996717,0.0181648,-0.107,0.032,0,0,0.0058,0,1
2171,6512.434,57.83387995,18.82145302,31.392,-558.603,-7.115,-209.009,30.589,-0.6866,0.0035083,6514.497,6.121,5.964,12.085,1.3473,-0.3934,2.3464,-0.0003525,0.0129,-563.872,-7.272,-205.894,-553.469,-6.988,-212.044,0.5089083,-0.0068658,0.8607934,-0.0166987,0.9997013,0.0178462,-0.103,0.034,0,0,0.0067,0,1
2172,6515.434,57.83390306,18.82147895,31.371,-557.063,-7.136,-206.435,31.217,-0.7146,0.0037730,6517.497,6.157,5.876,12.033,1.2906,-0.4094,2.2412,-0.0004147,0.0150,-562.328,-7.290,-203.243,-552.039,-7.019,-209.481,0.5183993,-0.0071458,0.8551088,-0.0154561,0.9997234,0.0177244,-0.099,0.037,0,0,0.0076,0,1
2173,6518.434,57.83392602,18.82150536,31.349,-555.493,-7.158,-203.879,31.891,-0.7506,0.0040319,6520.497,6.201,5.800,12.001,1.2462,-0.4301,2.1567,-0.0004643,0.0167,-560.758,-7.310,-200.602,-550.569,-7.049,-206.944,0.5284552,-0.0075058,0.8489280,-0.0143387,0.9997394,0.0177650,-0.095,0.040,0,0,0.0085,0,1
2174,6521.434,57.83394880,18.82153230,31.326,-553.892,-7.181,-201.341,32.608,-0.7915,0.0042836,6523.497,6.249,5.736,11.986,1.2124,-0.4535,2.0906,-0.0005008,0.0180,-559.156,-7.331,-197.973,-549.060,-7.078,-204.433,0.5389706,-0.0079148,0.8422874,-0.0133402,0.9997502,0.0179306,-0.089,0.043,0,0,0.0094,0,1
2175,6524.434,57.83397139,18.82155979,31.302,-552.259,-7.206,-198.825,33.370,-0.8338,0.0045256,6526.497,6.297,5.684,11.981,1.1874,-0.4777,2.0405,-0.0005247,0.0188,-557.518,-7.355,-195.361,-547.512,-7.107,-201.952,0.5500565,-0.0083377,0.8350858,-0.0124508,0.9997572,0.0181829,-0.083,0.047,0,0,0.0103,0,1
2176,6527.434,57.83399379,18.82158785,31.276,-550.592,-7.231,-196.331,34.179,-0.8740,0.0047319,6529.497,6.340,5.643,11.982,1.1693,-0.5008,2.0036,-0.0005375,0.0193,-555.837,-7.380,-192.770,-545.924,-7.135,-199.501,0.5617367,-0.0087397,0.8272699,-0.0116628,0.9997612,0.0184813,-0.076,0.050,0,0,0.0096,0,1
2177,6530.434,57.83401596,18.82161651,31.249,-548.889,-7.258,-193.862,35.040,-0.9082,0.0048492,6532.497,6.373,5.613,11.986,1.1563,-0.5203,1.9772,-0.0005411,0.0194,-554.108,-7.406,-190.205,-544.292,-7.164,-197.083,0.5738749,-0.0090816,0.8188926,-0.0109774,0.9997634,0.0187804,-0.070,0.054,0,0,0.0089,0,1
2178,6533.434,57.83403791,18.82164579,31.221,-547.149,-7.286,-191.418,35.938,-0.9329,0.0048193,6535.497,6.393,5.598,11.990,1.1469,-0.5345,1.9592,-0.0005379,0.0193,-552.327,-7.433,-187.670,-542.614,-7.193,-194.700,0.5863410,-0.0093286,0.8100106,-0.0103978,0.9997646,0.0190405,-0.063,0.057,0,0,0.0082,0,1
2179,6536.433,57.83405960,18.82167572,31.193,-545.371,-7.314,-189.002,36.836,-0.9445,0.0045967,6538.497,6.395,5.599,11.994,1.1398,-0.5411,1.9474,-0.0005298,0.0191,-550.491,-7.460,-185.170,-540.888,-7.222,-192.357,0.5991996,-0.0094446,0.8005440,-0.0099285,0.9997659,0.0192263,-0.057,0.061,0,0,0.0075,0,1
2180,6539.433,57.83408104,18.82170629,31.165,-543.554,-7.342,-186.615,37.683,-0.9400,0.0041600,6541.497,6.377,5.620,11.997,1.1340,-0.5386,1.9402,-0.0005189,0.0187,-548.600,-7.487,-182.717,-539.107,-7.249,-190.051,0.6113256,-0.0093996,0.7913233,-0.0096049,0.9997677,0.0192957,-0.051,0.064,0,0,0.0069,0,1
2181,6542.433,57.83410223,18.82173745,31.137,-541.703,-7.370,-184.254,38.425,-0.9171,0.0035160,6544.497,6.335,5.663,11.998,1.1288,-0.5254,1.9363,-0.0005067,0.0182,-546.665,-7.513,-180.316,-537.267,-7.277,-187.775,0.6216155,-0.0091706,0.7832688,-0.0094642,0.9997706,0.0192164,-0.046,0.067,0,0,0.0068,0,1
2182,6545.433,57.83412324,18.82176907,31.110,-539.824,-7.397,-181.915,39.014,-0.8747,0.0026983,6547.497,6.268,5.732,11.999,1.1237,-0.5012,1.9350,-0.0004943,0.0178,-544.694,-7.538,-177.969,-535.371,-7.302,-185.523,0.6294762,-0.0087467,0.7769706,-0.0095264,0.9997746,0.0189728,-0.040,0.070,0,0,0.0068,0,1
2183,6548.433,57.83414410,18.82180101,31.085,-537.926,-7.423,-179.592,39.422,-0.8127,0.0017594,6550.497,6.173,5.827,12.000,1.1184,-0.4656,1.9355,-0.0004823,0.0174,-542.696,-7.561,-175.674,-533.423,-7.327,-183.290,0.6347042,-0.0081267,0.7727124,-0.0097956,0.9997797,0.0185610,-0.035,0.073,0,0,0.0067,0,1
2184,6551.433,57.83416487,18.82183316,31.061,-536.016,-7.446,-177.279,39.643,-0.7324,0.0007581,6553.497,6.051,5.950,12.001,1.1127,-0.4196,1.9375,-0.0004712,0.0170,-540.678,-7.581,-173.421,-531.432,-7.347,-181.072,0.6375404,-0.0073238,0.7703821,-0.0102551,0.9997855,0.0179915,-0.030,0.076,0,0,0.0067,0,1
2185,6554.433,57.83418560,18.82186540,31.041,-534.101,-7.467,-174.970,39.685,-0.6367,-0.0002588,6556.496,5.902,6.101,12.003,1.1067,-0.3648,1.9410,-0.0004606,0.0166,-538.645,-7.598,-171.203,-529.404,-7.366,-178.864,0.6381856,-0.0063669,0.7698562,-0.0108773,0.9997914,0.0172854,-0.025,0.079,0,0,0.0067,0,1
2186,6557.433,57.83420635,18.82189760,31.023,-532.187,-7.484,-172.660,39.555,-0.5298,-0.0012767,6559.496,5.726,6.281,12.008,1.1004,-0.3036,1.9458,-0.0004504,0.0162,-536.604,-7.610,-169.016,-527.342,-7.380,-176.657,0.6363641,-0.0052979,0.7713706,-0.0116357,0.9997967,0.0164660,-0.019,0.081,0,0,0.0066,0,1
2187,6560.432,57.83422716,18.82192966,31.009,-530.283,-7.498,-170.342,39.251,-0.4166,-0.0023018,6562.496,5.526,6.491,12.017,1.0941,-0.2387,1.9522,-0.0004400,0.0159,-534.565,-7.619,-166.848,-525.254,-7.390,-174.446,0.6322424,-0.0041660,0.7747595,-0.0124885,0.9998008,0.0155673,-0.012,0.083,0,0,0.0065,0,1
2188,6563.432,57.83424809,18.82196145,30.998,-528.394,-7.509,-168.012,38.772,-0.3026,-0.0033402,6565.496,5.305,6.730,12.035,1.0881,-0.1734,1.9605,-0.0004285,0.0155,-532.532,-7.625,-164.692,-523.145,-7.396,-172.224,0.6258094,-0.0030260,0.7799702,-0.0133948,0.9998033,0.0146261,-0.004,0.085,0,0,0.0065,0,1
2189,6566.432,57.83426918,18.82199285,30.991,-526.528,-7.517,-165.662,38.115,-0.1930,-0.0043971,6568.496,5.068,6.999,12.066,1.0833,-0.1106,1.9711,-0.0004152,0.0151,-530.517,-7.628,-162.536,-521.019,-7.399,-169.979,0.6167968,-0.0019300,0.7871201,-0.0143221,0.9998039,0.0136745,0.004,0.087,0,0,0.0064,0,1
2190,6569.432,57.83429049,18.82202373,30.987,-524.693,-7.521,-163.289,37.275,-0.0919,-0.0054764,6571.496,4.823,7.294,12.117,1.0807,-0.0527,1.9851,-0.0003990,0.0146,-528.532,-7.626,-160.370,-518.886,-7.397,-167.704,0.6052140,-0.0009190,0.7960623,-0.0152432,0.9998026,0.0127430,0.012,0.088,0,0,0.0063,0,1
2191,6572.432,57.83431207,18.82205396,30.985,-522.897,-7.522,-160.886,36.247,-0.0015,-0.0065802,6574.496,4.581,7.611,12.192,1.0821,-0.0009,2.0034,-0.0003785,0.0141,-526.593,-7.622,-158.180,-516.756,-7.391,-165.382,0.5907854,-0.0000150,0.8068288,-0.0161522,0.9997994,0.0118457,0.019,0.089,0,0,0.0064,0,1
2192,6575.432,57.83433396,18.82208339,30.987,-521.149,-7.521,-158.449,35.027,0.0778,-0.0077075,6577.496,4.356,7.936,12.292,1.0895,0.0446,2.0279,-0.0003520,0.0133,-524.717,-7.616,-155.950,-514.648,-7.382,-163.001,0.5735964,0.0007780,0.8191377,-0.0170539,0.9997941,0.0109923,0.024,0.089,0,0,0.0064,0,1
2193,6578.432,57.83435620,18.82211187,30.990,-519.456,-7.517,-155.972,33.608,0.1479,-0.0088536,6580.495,4.162,8.251,12.413,1.1061,0.0847,2.0606,-0.0003175,0.0122,-522.923,-7.608,-153.670,-512.582,-7.369,-160.536,0.5530829,0.0014790,0.8331249,-0.0179814,0.9997867,0.0101624,0.027,0.089,0,0,0.0065,0,1
2194,6581.431,57.83437884,18.82213923,30.995,-517.831,-7.512,-153.451,31.986,0.2129,-0.0100096,6583.495,4.010,8.530,12.540,1.1349,0.1220,2.1042,-0.0002725,0.0107,-521.233,-7.601,-151.329,-510.594,-7.352,-157.965,0.5292484,0.0021290,0.8484643,-0.0189762,0.9997764,0.0093282,0.027,0.088,0,0,0.0065,0,1
2195,6584.431,57.83440190,18.82216531,31.003,-516.281,-7.505,-150.882,30.148,0.2772,-0.0111271,6586.495,3.910,8.740,12.649,1.1794,0.1588,2.1620,-0.0002139,0.0086,-519.662,-7.593,-148.919,-508.723,-7.332,-155.270,0.5020853,0.0027720,0.8648136,-0.0200842,0.9997625,0.0084558,0.024,0.087,0,0,0.0066,0,1
2196,6587.431,57.83442542,18.82218991,31.012,-514.819,-7.495,-148.263,28.069,0.3453,-0.0120517,6589.495,3.863,8.850,12.713,1.2421,0.1978,2.2373,-0.0001386,0.0056,-518.226,-7.583,-146.444,-507.012,-7.308,-152.431,0.4709921,0.0034530,0.8821307,-0.0213566,0.9997439,0.0074895,0.018,0.085,1,0,0.0076,0,1
2197,6590.431,57.83444941,18.82221286,31.023,-513.456,-7.484,-145.591,25.769,0.4190,-0.0125812,6592.494,3.867,8.836,12.703,1.3245,0.2401,2.3336,-0.0000434,0.0017,-516.935,-7.575,-143.904,-505.505,-7.281,-149.446,0.4363065,0.0041900,0.8997884,-0.0228194,0.9997191,0.0064098,0.010,0.083,1,0,0.0086,0,1
2198,6593.430,57.83447388,18.82223396,31.037,-512.202,-7.471,-142.866,23.339,0.4958,-0.0125310,6595.494,3.915,8.687,12.602,1.4264,0.2841,2.4542,0.0000750,-0.0030,-515.794,-7.566,-141.308,-504.233,-7.252,-146.323,0.3979347,0.0049579,0.9174003,-0.0244807,0.9996867,0.0052162,0.001,0.080,1,0,0.0095,0,1
2199,6596.430,57.83449882,18.82225302,31.052,-511.069,-7.455,-140.088,20.934,0.5682,-0.0117862,6598.494,4.001,8.409,12.410,1.5456,0.3256,2.6018,0.0002189,-0.0084,-514.806,-7.556,-138.658,-503.215,-7.221,-143.093,0.3572857,0.0056819,0.9339779,-0.0263215,0.9996456,0.0039877,-0.008,0.076,1,0,0.0105,0,1
2200,6599.429,57.83452418,18.82227002,31.070,-510.059,-7.437,-137.264,18.737,0.6226,-0.0103330,6601.494,4.116,8.029,12.145,1.6787,0.3567,2.7781,0.0003901,-0.0144,-513.959,-7.545,-135.947,-502.452,-7.189,-139.833,0.3199202,0.0062259,0.9474240,-0.0283016,0.9995950,0.0029880,-0.017,0.073,0,1,0.0115,0,1
2201,6602.429,57.83454985,18.82228531,31.089,-509.150,-7.418,-134.405,16.919,0.6415,-0.0082585,6604.493,4.255,7.583,11.838,1.8214,0.3675,2.9839,0.0005894,-0.0206,-513.221,-7.534,-133.169,-501.894,-7.158,-136.608,0.2905519,0.0064149,0.9568377,-0.0304013,0.9995346,0.0025305,-0.023,0.069,0,1,0.0452,1,1
2202,6605.429,57.83457573,18.82229934,31.108,-508.316,-7.399,-131.524,15.597,0.6053,-0.0057232,6607.493,4.412,7.116,11.528,1.9698,0.3468,3.2186,0.0008162,-0.0271,-512.565,-7.525,-130.334,-501.464,-7.129,-133.443,0.2696930,0.0060529,0.9629273,-0.0326082,0.9994641,0.0028502,-0.027,0.064,1,1,0.0790,1,1
2203,6608.429,57.83460173,18.82231254,31.125,-507.532,-7.382,-128.628,14.820,0.4967,-0.0029194,6610.493,4.584,6.665,11.250,2.1208,0.2846,3.4806,0.0010691,-0.0338,-511.962,-7.519,-127.449,-501.091,-7.103,-130.342,0.2571719,0.0049669,0.9663529,-0.0348915,0.9993825,0.0041488,-0.029,0.059,1,1,0.1127,1,1
2204,6611.429,57.83462779,18.82232531,31.138,-506.773,-7.369,-125.726,14.573,0.3046,-0.0000256,6613.493,4.767,6.259,11.026,2.2725,0.1745,3.7675,0.0013456,-0.0409,-511.385,-7.518,-124.520,-500.717,-7.080,-127.310,0.2530314,0.0030460,0.9674533,-0.0371932,0.9992864,0.0065814,-0.028,0.053,1,1,0.1464,1,1
2205,6614.429,57.83465384,18.82233809,31.144,-506.014,-7.363,-122.824,14.845,0.0282,0.0027802,6616.493,4.954,5.911,10.865,2.4240,0.0162,4.0760,0.0016429,-0.0485,-510.802,-7.525,-121.550,-500.302,-7.065,-124.344,0.2571750,0.0002820,0.9663648,-0.0394287,0.9991703,0.0102014,-0.026,0.047,1,1,0.1802,1,1
2206,6617.429,57.83467984,18.82235128,31.140,-505.230,-7.367,-119.928,15.653,-0.3210,0.0053104,6619.493,5.141,5.624,10.764,2.5749,-0.1839,4.4026,0.0019575,-0.0567,-510.181,-7.542,-118.542,-499.815,-7.058,-121.444,0.2696533,-0.0032100,0.9629521,-0.0414888,0.9990271,0.0149483,-0.023,0.041,1,1,0.2003,1,1
2207,6620.428,57.83470572,18.82236531,31.125,-504.396,-7.382,-117.046,16.962,-0.7191,0.0073566,6622.493,5.319,5.393,10.713,2.7255,-0.4120,4.7437,0.0022860,-0.0656,-509.486,-7.570,-115.501,-499.235,-7.060,-118.612,0.2903515,-0.0071908,0.9568931,-0.0432554,0.9988510,0.0206312,-0.020,0.035,1,1,0.2204,1,1
2208,6623.428,57.83473139,18.82238058,31.097,-503.488,-7.410,-114.187,18.658,-1.1323,0.0087339,6625.493,5.481,5.216,10.697,2.8776,-0.6487,5.0960,0.0026253,-0.0751,-508.682,-7.610,-112.438,-498.544,-7.073,-115.851,0.3190566,-0.0113223,0.9476680,-0.0446229,0.9986402,0.0269547,-0.018,0.029,1,1,0.2405,1,1
2209,6626.428,57.83475677,18.82239751,31.057,-502.482,-7.450,-111.361,20.562,-1.5218,0.0093286,6628.493,5.615,5.093,10.708,3.0348,-0.8719,5.4567,0.0029726,-0.0852,-507.737,-7.663,-109.382,-497.716,-7.095,-113.156,0.3524161,-0.0152162,0.9357197,-0.0456287,0.9983993,0.0334204,-0.017,0.023,1,1,0.2606,1,1
2210,6629.428,57.83478180,18.82241616,31.006,-501.374,-7.501,-108.574,22.470,-1.8499,0.0091308,6631.493,5.712,5.026,10.737,3.2024,-1.0598,5.8233,0.0033256,-0.0959,-506.648,-7.725,-106.380,-496.734,-7.124,-110.504,0.3840524,-0.0184958,0.9231260,-0.0465733,0.9981385,0.0393749,-0.018,0.018,1,1,0.2807,1,1
2211,6632.427,57.83480650,18.82243628,30.946,-500.178,-7.561,-105.823,24.196,-2.0868,0.0082416,6634.493,5.766,5.016,10.781,3.3868,-1.1955,6.1940,0.0036825,-0.1070,-505.435,-7.796,-103.456,-495.604,-7.158,-107.882,0.4104832,-0.0208635,0.9116294,-0.0478092,0.9978708,0.0443644,-0.020,0.013,0,0,0.2635,1,1
2212,6635.427,57.83483091,18.82245762,30.881,-498.911,-7.627,-103.104,25.615,-2.2147,0.0068473,6637.494,5.776,5.063,10.839,3.5930,-1.2687,6.5674,0.0040420,-0.1187,-504.120,-7.871,-100.609,-494.345,-7.191,-105.291,0.4319098,-0.0221416,0.9016450,-0.0495428,0.9976068,0.0482303,-0.025,0.010,0,0,0.2463,1,1
2213,6638.427,57.83485508,18.82247990,30.813,-497.586,-7.694,-100.412,26.683,-2.2295,0.0051707,6640.494,5.753,5.158,10.911,3.8220,-1.2772,6.9426,0.0044030,-0.1310,-502.728,-7.948,-97.833,-492.976,-7.219,-102.724,0.4482352,-0.0222895,0.8936377,-0.0519230,0.9973521,0.0509202,-0.030,0.007,1,0,0.2290,1,1
2214,6641.427,57.83487907,18.82250288,30.747,-496.221,-7.760,-97.741,27.416,-2.1408,0.0034253,6643.495,5.715,5.287,11.002,4.0695,-1.2264,7.3188,0.0047651,-0.1442,-501.297,-8.023,-95.114,-491.526,-7.240,-100.171,0.4595987,-0.0214031,0.8878688,-0.0549950,0.9971052,0.0525041,-0.037,0.004,1,1,0.2118,1,1
2215,6644.427,57.83490292,18.82252632,30.685,-494.828,-7.822,-95.084,27.824,-1.9691,0.0017694,6646.495,5.688,5.429,11.118,4.3250,-1.1281,7.6957,0.0051277,-0.1585,-499.860,-8.094,-92.431,-490.025,-7.253,-97.616,0.4662879,-0.0196872,0.8844139,-0.0587067,0.9968598,0.0531421,-0.044,0.003,0,0,0.1946,1,1
2216,6647.427,57.83492672,18.82254998,30.629,-493.423,-7.878,-92.434,27.918,-1.7422,0.0003023,6649.496,5.698,5.566,11.263,4.5742,-0.9981,8.0731,0.0054907,-0.1741,-498.457,-8.160,-89.765,-488.506,-7.259,-95.041,0.4682837,-0.0174194,0.8834064,-0.0629553,0.9966068,0.0530234,-0.051,0.001,0,0,0.1878,1,1
2217,6650.427,57.83495052,18.82257362,30.581,-492.018,-7.927,-89.783,27.741,-1.4910,-0.0008902,6652.496,5.762,5.676,11.438,4.8018,-0.8542,8.4509,0.0058539,-0.1915,-497.117,-8.220,-87.099,-486.995,-7.259,-92.427,0.4657290,-0.0149083,0.8848018,-0.0675892,0.9963381,0.0523643,-0.058,0.001,0,0,0.1811,1,1
2218,6653.426,57.83497439,18.82259701,30.540,-490.628,-7.967,-87.124,27.364,-1.2457,-0.0017521,6655.496,5.889,5.748,11.637,4.9958,-0.7137,8.8291,0.0062172,-0.2105,-495.859,-8.271,-84.420,-485.522,-7.254,-89.763,0.4591379,-0.0124560,0.8882777,-0.0724261,0.9960483,0.0514033,-0.064,-0.000,0,0,0.1744,1,1
2219,6656.426,57.83499838,18.82261998,30.506,-489.263,-8.001,-84.453,26.873,-1.0334,-0.0022693,6658.496,6.070,5.774,11.844,5.1504,-0.5921,9.2078,0.0065807,-0.2308,-494.680,-8.317,-81.716,-484.109,-7.250,-87.057,0.4509856,-0.0103334,0.8924714,-0.0771897,0.9957349,0.0505347,-0.069,-0.001,0,0,0.1676,1,1
2220,6659.426,57.83502248,18.82264254,30.478,-487.922,-8.030,-81.769,26.353,-0.8763,-0.0024726,6661.496,6.285,5.755,12.040,5.2669,-0.5021,9.5868,0.0069444,-0.2516,-493.556,-8.358,-78.983,-482.764,-7.248,-84.319,0.4431917,-0.0087627,0.8963840,-0.0816765,0.9953982,0.0501132,-0.074,-0.002,1,0,0.1609,1,1
2221,6662.426,57.83504667,18.82266473,30.453,-486.604,-8.054,-79.075,25.866,-0.7915,-0.0024314,6664.496,6.510,5.692,12.203,5.3520,-0.4535,9.9662,0.0073084,-0.2721,-492.463,-8.393,-76.236,-481.482,-7.250,-81.557,0.4360308,-0.0079148,0.8998969,-0.0858097,0.9950395,0.0503293,-0.078,-0.002,0,0,0.1391,1,1
2222,6665.426,57.83507096,18.82268658,30.430,-485.306,-8.077,-76.370,25.441,-0.7903,-0.0022382,6667.496,6.723,5.592,12.315,5.4141,-0.4528,10.3459,0.0076729,-0.2909,-491.377,-8.426,-73.481,-480.257,-7.259,-78.773,0.4296484,-0.0079028,0.9029617,-0.0895459,0.9946600,0.0513132,-0.081,-0.003,0,0,0.1174,1,1
2223,6668.426,57.83509532,18.82270812,30.406,-484.026,-8.102,-73.657,25.075,-0.8776,-0.0019834,6670.496,6.910,5.457,12.368,5.4595,-0.5028,10.7254,0.0080382,-0.3074,-490.284,-8.459,-70.727,-479.083,-7.277,-75.971,0.4239820,-0.0087757,0.9056281,-0.0928784,0.9942596,0.0531168,-0.084,-0.004,0,0,0.0956,1,1
2224,6671.426,57.83511975,18.82272938,30.377,-482.762,-8.130,-70.936,24.757,-1.0518,-0.0017214,6673.496,7.068,5.293,12.362,5.4905,-0.6026,11.1039,0.0084047,-0.3211,-489.180,-8.495,-67.975,-477.955,-7.307,-73.153,0.4188342,-0.0105174,0.9080018,-0.0958298,0.9938372,0.0557151,-0.086,-0.004,0,0,0.0738,1,1
2225,6674.426,57.83514424,18.82275041,30.342,-481.513,-8.165,-68.209,24.483,-1.3037,-0.0014590,6676.496,7.205,5.105,12.309,5.5052,-0.7469,11.4804,0.0087730,-0.3323,-488.069,-8.537,-65.223,-476.868,-7.350,-70.325,0.4144834,-0.0130359,0.9099635,-0.0984179,0.9933911,0.0590599,-0.088,-0.003,1,0,0.0521,0,1
2226,6677.426,57.83516878,18.82277124,30.299,-480.275,-8.208,-65.476,24.255,-1.6167,-0.0011966,6679.497,7.331,4.899,12.230,5.5002,-0.9262,11.8530,0.0091436,-0.3419,-486.959,-8.586,-62.464,-475.809,-7.408,-67.489,0.4107961,-0.0161649,0.9115839,-0.1007039,0.9929205,0.0629884,-0.089,-0.001,0,0,0.0804,1,1
2227,6680.425,57.83519335,18.82279190,30.245,-479.048,-8.262,-62.739,24.072,-1.9675,-0.0009341,6682.497,7.459,4.687,12.146,5.4730,-1.1271,12.2189,0.0095171,-0.3510,-485.858,-8.644,-59.695,-474.769,-7.480,-64.652,0.4079764,-0.0196712,0.9127805,-0.1027406,0.9924283,0.0673086,-0.090,0.002,0,1,0.1087,1,1
2228,6683.425,57.83521796,18.82281244,30.181,-477.827,-8.326,-59.999,23.934,-2.3280,-0.0006717,6685.498,7.597,4.483,12.080,5.4236,-1.3336,12.5743,0.0098935,-0.3609,-484.770,-8.710,-56.916,-473.729,-7.563,-61.819,0.4057656,-0.0232737,0.9136808,-0.1046191,0.9919223,0.0717280,-0.089,0.007,0,0,0.1371,1,1
2229,6686.425,57.83524259,18.82283288,30.106,-476.613,-8.401,-57.256,23.841,-2.6679,-0.0004096,6688.498,7.746,4.299,12.045,5.3549,-1.5282,12.9142,0.0102723,-0.3726,-483.698,-8.785,-54.125,-472.681,-7.656,-58.994,0.4040298,-0.0266695,0.9143570,-0.1064196,0.9914171,0.0759411,-0.088,0.014,0,0,0.1654,1,1
2230,6689.425,57.83526723,18.82285326,30.021,-475.402,-8.486,-54.511,23.793,-2.9582,-0.0001477,6691.499,7.903,4.142,12.045,5.2717,-1.6944,13.2322,0.0106515,-0.3863,-482.633,-8.866,-51.322,-471.612,-7.755,-56.182,0.4033161,-0.0295691,0.9145829,-0.1081469,0.9909327,0.0797285,-0.086,0.023,0,0,0.1938,1,1
2231,6692.425,57.83529188,18.82287363,29.929,-474.192,-8.579,-51.766,23.790,-3.1730,0.0001138,6694.501,8.058,4.016,12.074,5.1791,-1.8174,13.5205,0.0110273,-0.4019,-481.564,-8.952,-48.514,-470.517,-7.858,-53.387,0.4033510,-0.0317140,0.9144956,-0.1098479,0.9904937,0.0827995,-0.083,0.034,0,0,0.1646,1,1
2232,6695.425,57.83531653,18.82289400,29.831,-472.981,-8.676,-49.022,23.832,-3.2920,0.0003765,6697.502,8.198,3.917,12.115,5.0817,-1.8855,13.7699,0.0113931,-0.4181,-480.480,-9.039,-45.709,-469.398,-7.962,-50.605,0.4039547,-0.0329022,0.9141871,-0.1115335,0.9901258,0.0849189,-0.078,0.045,1,1,0.1354,1,1
2233,6698.425,57.83534116,18.82291444,29.732,-471.767,-8.776,-46.278,23.910,-3.3007,0.0006707,6700.504,8.310,3.839,12.149,4.9840,-1.8905,13.9701,0.0117394,-0.4332,-479.363,-9.126,-42.907,-468.258,-8.067,-47.835,0.4053919,-0.0329890,0.9135475,-0.1131450,0.9898536,0.0859533,-0.073,0.057,0,1,0.1062,1,1
2234,6701.425,57.83536577,18.82293496,29.634,-470.547,-8.873,-43.537,24.017,-3.1901,0.0010646,6703.505,8.381,3.773,12.154,4.8902,-1.8272,14.1099,0.0120531,-0.4451,-478.200,-9.209,-40.120,-467.102,-8.169,-45.075,0.4075081,-0.0318848,0.9126448,-0.1146387,0.9896981,0.0857645,-0.067,0.068,0,0,0.0770,1,1
2235,6704.425,57.83539035,18.82295560,29.541,-469.321,-8.966,-40.800,24.169,-2.9563,0.0016361,6706.507,8.400,3.715,12.116,4.8055,-1.6933,14.1780,0.0123179,-0.4520,-476.981,-9.288,-37.352,-465.933,-8.269,-42.325,0.4103309,-0.0295501,0.9114578,-0.1159373,0.9896744,0.0842800,-0.061,0.077,0,0,0.0478,0,1
2236,6707.424,57.83541489,18.82297640,29.457,-468.084,-9.050,-38.066,24.407,-2.6003,0.0024523,6709.508,8.362,3.664,12.027,4.7356,-1.4895,14.1636,0.0125151,-0.4526,-475.696,-9.359,-34.603,-464.749,-8.363,-39.583,0.4139769,-0.0259942,0.9099162,-0.1169459,0.9897901,0.0814819,-0.055,0.085,0,0,0.0572,0,1
2237,6710.424,57.83543939,18.82299741,29.386,-466.836,-9.122,-35.338,24.796,-2.1288,0.0035538,6712.508,8.266,3.624,11.890,4.6865,-1.2195,14.0572,0.0126249,-0.4462,-474.339,-9.421,-31.870,-463.546,-8.447,-36.859,0.4194387,-0.0212832,0.9075341,-0.1174901,0.9900439,0.0775190,-0.049,0.089,1,0,0.0666,0,1
2238,6713.424,57.83546380,18.82301877,29.330,-465.567,-9.178,-32.620,25.409,-1.5557,0.0049477,6715.509,8.113,3.603,11.716,4.6622,-0.8913,13.8513,0.0126279,-0.4333,-472.896,-9.471,-29.139,-462.313,-8.515,-34.166,0.4290015,-0.0155551,0.9031698,-0.1173067,0.9904254,0.0727781,-0.044,0.091,0,0,0.0760,0,1
2239,6716.424,57.83548805,18.82304074,29.292,-464.262,-9.215,-29.919,26.313,-0.9044,0.0066051,6718.509,7.914,3.608,11.521,4.6624,-0.5182,13.5412,0.0125075,-0.4151,-471.354,-9.503,-26.407,-461.029,-8.564,-31.520,0.4437248,-0.0090436,0.8961175,-0.1162708,0.9909162,0.0675734,-0.040,0.089,1,1,0.0853,0,1
2240,6719.424,57.83551207,18.82306357,29.275,-462.905,-9.232,-27.244,27.557,-0.2089,0.0084660,6721.509,7.678,3.647,11.324,4.6801,-0.1197,13.1257,0.0122516,-0.3928,-469.709,-9.518,-23.686,-459.674,-8.590,-28.934,0.4634079,-0.0020890,0.8861426,-0.1143630,0.9914935,0.0621434,-0.037,0.084,1,1,0.0947,0,1
2241,6722.424,57.83553578,18.82308752,29.279,-461.482,-9.228,-24.603,29.165,0.4864,0.0104504,6724.509,7.423,3.723,11.146,4.7000,0.2787,12.6069,0.0118539,-0.3681,-467.961,-9.511,-20.980,-458.233,-8.594,-26.420,0.4880696,0.0048639,0.8727912,-0.1115234,0.9921352,0.0568354,-0.035,0.076,0,1,0.1095,1,1
2242,6725.423,57.83555909,18.82311285,29.303,-459.977,-9.204,-22.008,31.147,1.1295,0.0124477,6727.508,7.167,3.837,11.004,4.7004,0.6471,11.9908,0.0113150,-0.3425,-466.109,-9.482,-18.297,-456.695,-8.577,-23.995,0.5177440,0.0112943,0.8554611,-0.1076532,0.9928252,0.0520463,-0.033,0.066,0,1,0.1242,1,1
2243,6728.423,57.83558186,18.82313979,29.346,-458.376,-9.161,-19.471,33.521,1.6665,0.0142978,6730.508,6.934,3.984,10.918,4.6572,0.9547,11.2861,0.0106425,-0.3172,-464.158,-9.432,-15.643,-455.054,-8.542,-21.670,0.5519659,0.0166627,0.8337002,-0.1026390,0.9935552,0.0480964,-0.032,0.055,0,1,0.1390,1,1
2244,6731.423,57.83560399,18.82316859,29.403,-456.666,-9.104,-17.007,36.271,2.0488,0.0158274,6733.509,6.746,4.160,10.906,4.5499,1.1737,10.5042,0.0098503,-0.2929,-462.108,-9.364,-13.021,-453.309,-8.496,-19.465,0.5907118,0.0204837,0.8066226,-0.0963021,0.9943219,0.0452744,-0.031,0.042,1,1,0.1538,1,1
2245,6734.422,57.83562531,18.82319943,29.469,-454.833,-9.039,-14.633,39.318,2.2402,0.0168786,6736.509,6.620,4.363,10.983,4.3671,1.2833,9.6582,0.0089576,-0.2701,-459.958,-9.286,-10.442,-451.455,-8.447,-17.395,0.6328792,0.0223964,0.7739266,-0.0885136,0.9951210,0.0435846,-0.029,0.028,1,1,0.1685,1,1
2246,6737.422,57.83564568,18.82323247,29.537,-452.870,-8.970,-12.365,42.531,2.2246,0.0173526,6739.509,6.568,4.594,11.162,4.1096,1.2744,8.7621,0.0079874,-0.2488,-457.708,-9.201,-7.922,-449.486,-8.399,-15.472,0.6761989,0.0222405,0.7363833,-0.0792620,0.9959387,0.0427043,-0.026,0.014,1,1,0.1913,1,1
2247,6740.421,57.83566497,18.82326770,29.602,-450.777,-8.905,-10.216,45.754,2.0101,0.0172410,6742.509,6.590,4.858,11.449,3.7896,1.1515,7.8301,0.0069651,-0.2282,-455.368,-9.119,-5.488,-447.393,-8.360,-13.702,0.7173083,0.0200969,0.6964660,-0.0687424,0.9967484,0.0420378,-0.022,0.000,0,0,0.2141,1,1
2248,6743.421,57.83568319,18.82330489,29.658,-448.568,-8.850,-8.188,48.846,1.6286,0.0166298,6745.509,6.671,5.165,11.836,3.4249,0.9330,6.8761,0.0059173,-0.2073,-452.953,-9.045,-3.160,-445.173,-8.337,-12.081,0.7535500,0.0162838,0.6571889,-0.0573257,0.9975127,0.0410147,-0.016,-0.013,1,0,0.2369,1,1
2249,6746.420,57.83570037,18.82334378,29.700,-446.257,-8.808,-6.274,51.714,1.1309,0.0156755,6748.509,6.785,5.523,12.308,3.0329,0.6479,5.9131,0.0048708,-0.1845,-450.461,-8.985,-0.948,-442.835,-8.333,-10.609,0.7849009,0.0113083,0.6195182,-0.0454298,0.9981927,0.0393372,-0.009,-0.026,0,1,0.2597,1,1
2250,6749.420,57.83571655,18.82338414,29.725,-443.860,-8.782,-4.472,54.326,0.5779,0.0145622,6751.509,6.898,5.937,12.835,2.6242,0.3311,4.9535,0.0038513,-0.1586,-447.886,-8.940,1.129,-440.395,-8.352,-9.293,0.8120265,0.0057789,0.5835919,-0.0335599,0.9987587,0.0368062,-0.001,-0.036,1,1,0.2825,1,1
2251,6752.420,57.83573180,18.82342577,29.734,-441.387,-8.774,-2.774,56.709,0.0315,0.0134536,6754.509,6.978,6.406,13.384,2.2011,0.0180,4.0086,0.0028827,-0.1291,-445.220,-8.913,3.057,-437.868,-8.399,-8.127,0.8355983,0.0003150,0.5493409,-0.0222660,0.9991975,0.0332957,0.007,-0.045,1,1,0.2293,1,1
2252,6755.419,57.83574614,18.82346851,29.727,-438.848,-8.781,-1.177,58.899,-0.4542,0.0124492,6757.508,7.001,6.920,13.921,1.7597,-0.2602,3.0884,0.0019863,-0.0962,-442.467,-8.900,4.817,-435.272,-8.472,-7.101,0.8560835,-0.0045420,0.5168177,-0.0120673,0.9995131,0.0287729,0.016,-0.051,0,1,0.1760,1,1
2253,6758.419,57.83575964,18.82351220,29.706,-436.252,-8.801,0.326,60.919,-0.8391,0.0115793,6760.508,6.955,7.462,14.416,1.2957,-0.4808,2.2021,0.0011799,-0.0613,-439.634,-8.897,6.403,-432.624,-8.571,-6.194,0.8737882,-0.0083907,0.4862343,-0.0033744,0.9997225,0.0233156,0.023,-0.054,0,1,0.1228,1,1
2254,6761.419,57.83577234,18.82355674,29.676,-433.606,-8.831,1.740,62.793,-1.1006,0.0108605,6763.508,6.836,8.007,14.843,0.8096,-0.6306,1.3574,0.0004767,-0.0263,-436.732,-8.902,7.819,-429.945,-8.692,-5.381,0.8892824,-0.0110053,0.4572262,0.0035809,0.9998473,0.0171013,0.030,-0.053,0,1,0.0695,1,1
2255,6764.419,57.83578428,18.82360201,29.640,-430.917,-8.867,3.069,64.552,-1.2334,0.0102987,6766.508,6.652,8.529,15.181,0.3089,-0.7067,0.5608,-0.0001153,0.0066,-433.777,-8.909,9.075,-427.250,-8.828,-4.631,0.9027949,-0.0123331,0.4298944,0.0087243,0.9999082,0.0103647,0.035,-0.048,0,1,0.0162,0,1
2256,6767.418,57.83579550,18.82364791,29.602,-428.190,-8.905,4.319,66.231,-1.2459,0.0098867,6769.508,6.415,8.996,15.412,-0.1924,-0.7138,-0.1826,-0.0005934,0.0352,-430.779,-8.918,10.189,-424.559,-8.969,-3.912,0.9148848,-0.0124580,0.4035227,0.0121355,0.9999207,0.0033566,0.038,-0.039,1,1,0.0159,0,1
2257,6770.418,57.83580601,18.82369440,29.566,-425.428,-8.941,5.490,67.864,-1.1554,0.0096036,6772.508,6.139,9.382,15.521,-0.6764,-0.6620,-0.8691,-0.0009606,0.0579,-427.744,-8.924,11.175,-421.889,-9.107,-3.198,0.9260629,-0.0115532,0.3771923,0.0139776,0.9998955,-0.0036906,0.039,-0.025,0,1,0.0155,0,1
2258,6773.418,57.83581582,18.82374144,29.534,-422.634,-8.974,6.582,69.473,-0.9828,0.0094176,6775.508,5.838,9.660,15.498,-1.1255,-0.5631,-1.4965,-0.0012246,0.0735,-424.682,-8.928,12.049,-419.244,-9.233,-2.464,0.9363798,-0.0098275,0.3508508,0.0144516,0.9998398,-0.0105636,0.039,-0.006,1,1,0.0152,0,1
2259,6776.418,57.83582492,18.82378897,29.508,-419.810,-8.999,7.595,71.074,-0.7489,0.0092907,6778.508,5.528,9.817,15.345,-1.5254,-0.4291,-2.0636,-0.0013971,0.0822,-421.603,-8.928,12.824,-416.626,-9.336,-1.691,0.9459048,-0.0074888,0.3243578,0.0137746,0.9997591,-0.0170874,0.038,0.016,1,0,0.0149,0,1
2260,6779.417,57.83583330,18.82383696,29.490,-416.959,-9.018,8.528,72.666,-0.4710,0.0091862,6781.508,5.224,9.846,15.071,-1.8674,-0.2699,-2.5707,-0.0014923,0.0847,-418.515,-8.924,13.515,-414.026,-9.416,-0.871,0.9545820,-0.0047099,0.2979110,0.0121504,0.9996587,-0.0231283,0.036,0.040,1,0,0.0145,0,1
2261,6782.417,57.83584097,18.82388536,29.480,-414.084,-9.027,9.382,74.244,-0.1621,0.0090763,6784.507,4.946,9.753,14.699,-2.1487,-0.0929,-3.0185,-0.0015259,0.0824,-415.427,-8.915,14.142,-411.435,-9.467,-0.004,0.9624171,-0.0016210,0.2715707,0.0097531,0.9995434,-0.0285978,0.034,0.066,1,0,0.0150,0,1
2262,6785.417,57.83584794,18.82393415,29.480,-411.186,-9.027,10.157,75.802,0.1686,0.0089509,6787.507,4.712,9.552,14.264,-2.3715,0.0966,-3.4091,-0.0015131,0.0770,-412.342,-8.900,14.725,-408.842,-9.491,0.897,0.9694311,0.0016860,0.2453581,0.0067261,0.9994180,-0.0334428,0.032,0.091,1,0,0.0155,0,1
2263,6788.417,57.83585419,18.82398326,29.491,-408.268,-9.017,10.854,77.335,0.5153,0.0088112,6790.507,4.539,9.263,13.802,-2.5414,0.2952,-3.7447,-0.0014686,0.0699,-409.264,-8.877,15.282,-406.236,-9.490,1.816,0.9756298,0.0051529,0.2193625,0.0031848,0.9992864,-0.0376383,0.031,0.115,1,0,0.0159,0,1
2264,6791.417,57.83585975,18.82403267,29.512,-405.333,-8.996,11.473,78.843,0.8743,0.0086588,6793.507,4.442,8.911,13.353,-2.6659,0.5009,-4.0285,-0.0014051,0.0626,-406.193,-8.845,15.832,-403.609,-9.467,2.731,0.9810590,0.0087427,0.1935116,-0.0007812,0.9991514,-0.0411802,0.031,0.136,1,0,0.0164,0,1
2265,6794.416,57.83586462,18.82408234,29.543,-402.382,-8.964,12.015,80.323,1.2425,0.0084953,6796.507,4.432,8.515,12.947,-2.7529,0.7119,-4.2640,-0.0013333,0.0559,-403.127,-8.801,16.384,-400.950,-9.424,3.621,0.9856799,0.0124240,0.1681689,-0.0050717,0.9990152,-0.0440791,0.031,0.152,0,0,0.0169,0,1
2266,6797.416,57.83586882,18.82413223,29.586,-399.419,-8.921,12.482,81.774,1.6170,0.0083223,6799.507,4.510,8.096,12.605,-2.8098,0.9264,-4.4555,-0.0012617,0.0501,-400.065,-8.746,16.945,-398.260,-9.364,4.470,0.9895652,0.0161679,0.1431761,-0.0096126,0.9988786,-0.0463590,0.033,0.164,0,0,0.0162,0,1
2267,6800.416,57.83587234,18.82418229,29.640,-396.445,-8.867,12.874,83.193,1.9948,0.0081414,6802.507,4.671,7.666,12.336,-2.8428,1.1428,-4.6074,-0.0011967,0.0455,-396.999,-8.678,17.512,-395.537,-9.291,5.262,0.9927549,0.0199440,0.1184906,-0.0143290,0.9987420,-0.0480524,0.034,0.171,0,0,0.0155,0,1
2268,6803.416,57.83587521,18.82423250,29.706,-393.462,-8.802,13.193,84.580,2.3720,0.0079545,6805.508,4.903,7.236,12.139,-2.8574,1.3588,-4.7245,-0.0011430,0.0421,-393.925,-8.598,18.074,-392.778,-9.204,5.989,0.9952432,0.0237133,0.0944914,-0.0191216,0.9986056,-0.0492067,0.037,0.174,0,0,0.0148,0,1
2269,6806.416,57.83587744,18.82428283,29.782,-390.473,-8.725,13.441,85.934,2.7444,0.0077633,6808.509,5.189,6.816,12.005,-2.8575,1.5720,-4.8119,-0.0011032,0.0397,-390.841,-8.505,18.617,-389.989,-9.104,6.642,0.9971002,0.0274337,0.0709834,-0.0239211,0.9984692,-0.0498698,0.039,0.173,0,0,0.0141,0,1
2270,6809.416,57.83587904,18.82433324,29.870,-387.478,-8.637,13.619,87.254,3.1071,0.0075691,6811.510,5.508,6.413,11.921,-2.8464,1.7797,-4.8745,-0.0010785,0.0383,-387.742,-8.401,19.121,-387.170,-8.994,7.214,0.9983655,0.0310560,0.0479775,-0.0286476,0.9983334,-0.0500963,0.042,0.168,0,0,0.0134,0,1
2271,6812.415,57.83588003,18.82438370,29.969,-384.480,-8.539,13.729,88.540,3.4544,0.0073728,6814.511,5.842,6.035,11.877,-2.8267,1.9784,-4.9169,-0.0010687,0.0377,-384.630,-8.288,19.569,-384.325,-8.875,7.696,0.9990745,0.0345234,0.0256557,-0.0332105,0.9981994,-0.0499493,0.044,0.161,0,0,0.0146,0,1
2272,6815.415,57.83588042,18.82443420,30.077,-381.481,-8.430,13.773,89.791,3.7804,0.0071759,6817.513,6.171,5.691,11.862,-2.8006,2.1650,-4.9433,-0.0010726,0.0377,-381.505,-8.166,19.944,-381.459,-8.746,8.082,0.9992788,0.0377770,0.0038312,-0.0375416,0.9980692,-0.0494823,0.048,0.153,0,0,0.0158,0,1
2273,6818.415,57.83588024,18.82448470,30.195,-378.481,-8.312,13.752,91.009,4.0786,0.0069795,6820.515,6.482,5.388,11.871,-2.7701,2.3356,-4.9575,-0.0010877,0.0383,-378.368,-8.036,20.233,-378.575,-8.611,8.364,0.9990163,0.0407521,-0.0174857,-0.0415618,0.9979458,-0.0487533,0.051,0.142,0,0,0.0170,0,1
2274,6821.415,57.83587949,18.82453518,30.322,-375.482,-8.186,13.668,92.192,4.3428,0.0067846,6823.518,6.764,5.136,11.900,-2.7375,2.4867,-4.9623,-0.0011113,0.0393,-375.224,-7.901,20.427,-375.678,-8.470,8.536,0.9983303,0.0433871,-0.0381347,-0.0451924,0.9978328,-0.0478257,0.055,0.130,0,0,0.0182,0,1
2275,6824.415,57.83587819,18.82458562,30.456,-372.486,-8.052,13.523,93.342,4.5672,0.0065919,6826.520,7.008,4.941,11.948,-2.7050,2.6150,-4.9602,-0.0011401,0.0407,-372.077,-7.760,20.519,-372.774,-8.325,8.591,0.9972572,0.0456244,-0.0582802,-0.0483782,0.9977346,-0.0467470,0.061,0.117,0,0,0.0194,0,1
2276,6827.415,57.83587636,18.82463600,30.595,-369.493,-7.912,13.318,94.458,4.7471,0.0064020,6829.524,7.208,4.806,12.014,-2.6746,2.7178,-4.9528,-0.0011711,0.0423,-368.933,-7.616,20.504,-369.866,-8.177,8.527,0.9958571,0.0474176,-0.0775906,-0.0510548,0.9976550,-0.0455842,0.066,0.103,0,0,0.0201,0,1
2277,6830.414,57.83587401,18.82468631,30.740,-366.505,-7.767,13.057,95.541,4.8795,0.0062158,6832.527,7.361,4.733,12.094,-2.6485,2.7935,-4.9414,-0.0012013,0.0439,-365.796,-7.468,20.384,-366.961,-8.028,8.346,0.9941646,0.0487370,-0.0962363,-0.0532010,0.9975973,-0.0443761,0.073,0.088,0,0,0.0207,0,1
2278,6833.414,57.83587116,18.82473652,30.888,-363.522,-7.619,12.740,96.593,4.9632,0.0060338,6835.530,7.464,4.720,12.184,-2.6279,2.8414,-4.9268,-0.0012280,0.0456,-362.666,-7.320,20.155,-364.063,-7.879,8.051,0.9921818,0.0495710,-0.1145337,-0.0548204,0.9975636,-0.0431457,0.080,0.072,0,0,0.0214,0,1
2279,6836.414,57.83586783,18.82478664,31.038,-360.545,-7.470,12.369,97.614,4.9992,0.0058563,6838.534,7.517,4.762,12.279,-2.6139,2.8619,-4.9093,-0.0012491,0.0471,-359.549,-7.172,19.819,-361.176,-7.732,7.649,0.9899465,0.0499296,-0.1323369,-0.0559191,0.9975543,-0.0419336,0.087,0.055,0,0,0.0221,0,1
2280,6839.414,57.83586404,18.82483663,31.187,-357.575,-7.320,11.945,98.605,4.9900,0.0056834,6841.538,7.520,4.850,12.369,-2.6064,2.8567,-4.8894,-0.0012628,0.0483,-356.449,-7.024,19.380,-358.301,-7.587,7.150,0.9875063,0.0498380,-0.1494910,-0.0565184,0.9975686,-0.0407747,0.094,0.037,0,0,0.0227,0,1
2281,6842.414,57.83585978,18.82488650,31.337,-354.613,-7.171,11.471,99.566,4.9398,0.0055156,6844.541,7.477,4.974,12.451,-2.6050,2.8280,-4.8670,-0.0012678,0.0491,-353.372,-6.878,18.844,-355.439,-7.444,6.566,0.9849213,0.0493378,-0.1658184,-0.0566566,0.9976042,-0.0396977,0.100,0.020,0,0,0.0215,0,1
2282,6845.414,57.83585509,18.82493623,31.484,-351.659,-7.024,10.949,100.498,4.8532,0.0053528,6847.545,7.393,5.126,12.519,-2.6084,2.7785,-4.8419,-0.0012628,0.0495,-350.313,-6.735,18.219,-352.592,-7.305,5.909,0.9821382,0.0484749,-0.1818096,-0.0564023,0.9976583,-0.0386858,0.104,0.003,0,0,0.0202,0,1
2283,6848.413,57.83584998,18.82498581,31.627,-348.714,-6.880,10.379,101.403,4.7354,0.0051954,6850.548,7.276,5.295,12.571,-2.6148,2.7112,-4.8140,-0.0012471,0.0493,-347.276,-6.596,17.512,-349.761,-7.170,5.189,0.9791681,0.0473010,-0.1974653,-0.0558090,0.9977278,-0.0377428,0.105,-0.013,0,0,0.0190,0,1
2284,6851.413,57.83584445,18.82503523,31.767,-345.778,-6.740,9.763,102.282,4.5914,0.0050432,6853.551,7.135,5.475,12.609,-2.6223,2.6288,-4.7825,-0.0012197,0.0485,-344.261,-6.461,16.734,-346.942,-7.038,4.413,0.9760984,0.0458657,-0.2124342,-0.0549136,0.9978096,-0.0368858,0.104,-0.027,0,0,0.0177,0,1
2285,6854.413,57.83583853,18.82508450,31.903,-342.851,-6.605,9.103,103.134,4.4259,0.0048964,6856.554,6.976,5.660,12.636,-2.6286,2.5342,-4.7463,-0.0011801,0.0471,-341.266,-6.331,15.897,-344.137,-6.911,3.591,0.9729023,0.0442157,-0.2269495,-0.0537711,0.9979008,-0.0360922,0.100,-0.039,0,0,0.0165,0,1
2286,6857.413,57.83583222,18.82513359,32.033,-339.935,-6.475,8.400,103.962,4.2435,0.0047550,6859.557,6.809,5.846,12.655,-2.6312,2.4299,-4.7042,-0.0011279,0.0452,-338.293,-6.207,15.008,-341.345,-6.789,2.726,0.9696024,0.0423968,-0.2409850,-0.0524236,0.9979992,-0.0353467,0.093,-0.049,0,0,0.0165,0,1
2287,6860.413,57.83582554,18.82518251,32.157,-337.029,-6.350,7.656,104.766,4.0491,0.0046189,6862.559,6.639,6.029,12.668,-2.6276,2.3187,-4.6541,-0.0010632,0.0427,-335.337,-6.088,14.076,-338.566,-6.669,1.826,0.9661834,0.0404578,-0.2546620,-0.0509188,0.9981026,-0.0346179,0.084,-0.056,0,0,0.0165,0,1
2288,6863.413,57.83581850,18.82523126,32.276,-334.134,-6.232,6.871,105.547,3.8477,0.0044880,6865.561,6.473,6.206,12.679,-2.6150,2.2035,-4.5936,-0.0009865,0.0396,-332.399,-5.976,13.107,-335.797,-6.555,0.892,0.9627004,0.0384485,-0.2678239,-0.0492926,0.9982095,-0.0338817,0.072,-0.061,0,0,0.0164,0,1
2289,6866.413,57.83581111,18.82527982,32.388,-331.249,-6.119,6.048,106.307,3.6452,0.0043599,6868.563,6.314,6.373,12.686,-2.5910,2.0876,-4.5199,-0.0008989,0.0362,-329.477,-5.869,12.108,-333.038,-6.444,-0.068,0.9591705,0.0364278,-0.2804728,-0.0475924,0.9983184,-0.0330965,0.060,-0.064,0,0,0.0164,0,1
2290,6869.412,57.83580338,18.82532820,32.494,-328.375,-6.013,5.187,107.047,3.4475,0.0042268,6871.565,6.166,6.525,12.691,-2.5531,1.9745,-4.4302,-0.0008021,0.0323,-326.568,-5.770,11.083,-330.287,-6.336,-1.052,0.9555351,0.0344545,-0.2928575,-0.0458712,0.9984281,-0.0322040,0.047,-0.065,0,0,0.0164,0,1
2291,6872.412,57.83579532,18.82537639,32.595,-325.513,-5.912,4.290,107.769,3.2610,0.0040781,6874.567,6.033,6.660,12.693,-2.4994,1.8678,-4.3212,-0.0006986,0.0281,-323.673,-5.677,10.036,-327.544,-6.231,-2.053,0.9518446,0.0325927,-0.3048435,-0.0441715,0.9985378,-0.0311615,0.035,-0.063,0,0,0.0166,0,1
2292,6875.412,57.83578695,18.82542438,32.690,-322.661,-5.817,3.357,108.467,3.0920,0.0039042,6877.568,5.917,6.776,12.692,-2.4286,1.7710,-4.1905,-0.0005914,0.0238,-320.787,-5.590,8.969,-324.807,-6.128,-3.070,0.9480801,0.0309052,-0.3165265,-0.0425413,0.9986467,-0.0299158,0.023,-0.061,0,0,0.0167,0,1
2293,6878.412,57.83577827,18.82547219,32.781,-319.822,-5.727,2.390,109.135,2.9458,0.0036982,6880.569,5.819,6.868,12.688,-2.3401,1.6873,-4.0357,-0.0004838,0.0195,-317.915,-5.509,7.888,-322.073,-6.027,-4.099,0.9443701,0.0294452,-0.3275638,-0.0410055,0.9987541,-0.0284397,0.013,-0.057,0,0,0.0169,0,1
2294,6881.412,57.83576930,18.82551981,32.867,-316.993,-5.640,1.391,109.765,2.8270,0.0034578,6883.570,5.744,6.937,12.681,-2.2340,1.6193,-3.8558,-0.0003794,0.0153,-315.052,-5.431,6.797,-319.338,-5.926,-5.138,0.9407726,0.0282587,-0.3378585,-0.0395934,0.9988590,-0.0267033,0.005,-0.053,0,0,0.0171,0,1
2295,6884.412,57.83576006,18.82556724,32.950,-314.175,-5.557,0.362,110.348,2.7385,0.0031852,6886.571,5.692,6.982,12.674,-2.1115,1.5687,-3.6506,-0.0002817,0.0113,-312.196,-5.358,5.699,-316.603,-5.826,-6.185,0.9372525,0.0273747,-0.3475749,-0.0383298,0.9989603,-0.0246807,-0.001,-0.049,0,0,0.0172,0,1
2296,6887.412,57.83575058,18.82561451,33.032,-311.368,-5.476,-0.695,110.877,2.6813,0.0028870,6889.572,5.665,7.003,12.668,-1.9744,1.5359,-3.4213,-0.0001940,0.0078,-309.349,-5.288,4.598,-313.864,-5.725,-7.239,0.9340200,0.0268034,-0.3562138,-0.0372093,0.9990566,-0.0223914,-0.006,-0.045,0,0,0.0152,0,1
2297,6890.412,57.83574088,18.82566162,33.111,-308.569,-5.396,-1.776,111.349,2.6550,0.0025723,6892.573,5.663,7.002,12.665,-1.8250,1.5208,-3.1703,-0.0001192,0.0048,-306.509,-5.220,3.499,-311.116,-5.624,-8.298,0.9311407,0.0265406,-0.3636930,-0.0362337,0.9991461,-0.0198537,-0.010,-0.041,0,0,0.0131,0,1
2298,6893.411,57.83573098,18.82570859,33.191,-305.779,-5.316,-2.878,111.764,2.6569,0.0022502,6895.574,5.686,6.979,12.665,-1.6661,1.5219,-2.9011,-0.0000598,0.0024,-303.672,-5.153,2.403,-308.365,-5.521,-9.360,0.9284820,0.0265596,-0.3704263,-0.0354002,0.9992271,-0.0170868,-0.012,-0.037,0,0,0.0111,0,1
2299,6896.411,57.83572091,18.82575543,33.271,-302.997,-5.236,-3.999,112.124,2.6831,0.0019260,6898.575,5.731,6.938,12.670,-1.5009,1.5369,-2.6180,-0.0000178,0.0007,-300.839,-5.087,1.311,-305.609,-5.419,-10.427,0.9260715,0.0268213,-0.3763936,-0.0346896,0.9992981,-0.0141409,-0.014,-0.035,0,0,0.0090,0,1
2300,6899.411,57.83571070,18.82580216,33.352,-300.221,-5.155,-5.137,112.427,2.7283,0.0016007,6901.576,5.797,6.883,12.680,-1.3321,1.5628,-2.3261,0.0000057,-0.0002,-298.010,-5.020,0.222,-302.846,-5.315,-11.500,0.9240786,0.0272729,-0.3812282,-0.0340700,0.9993579,-0.0110906,-0.015,-0.032,0,0,0.0070,0,1
2301,6902.411,57.83570037,18.82584880,33.435,-297.451,-5.073,-6.287,112.675,2.7866,0.0012744,6904.577,5.880,6.816,12.695,-1.1625,1.5962,-2.0302,0.0000099,-0.0004,-295.185,-4.953,-0.862,-300.078,-5.211,-12.577,0.9224029,0.0278552,-0.3852232,-0.0335175,0.9994062,-0.0079900,-0.016,-0.030,0,0,0.0077,0,1
2302,6905.411,57.83568995,18.82589536,33.519,-294.685,-4.988,-7.449,112.866,2.8517,0.0009472,6907.578,5.975,6.741,12.716,-0.9942,1.6335,-1.7351,-0.0000052,0.0002,-292.364,-4.885,-1.944,-297.304,-5.105,-13.660,0.9210820,0.0285054,-0.3883238,-0.0329992,0.9994433,-0.0049068,-0.018,-0.029,0,0,0.0084,0,1
2303,6908.411,57.83567945,18.82594187,33.606,-291.922,-4.901,-8.618,113.001,2.9179,0.0006193,6910.579,6.079,6.661,12.740,-0.8291,1.6714,-1.4449,-0.0000389,0.0016,-289.548,-4.815,-3.022,-294.523,-4.999,-14.750,0.9202210,0.0291666,-0.3903110,-0.0324873,0.9994703,-0.0019071,-0.020,-0.027,0,0,0.0091,0,1
2304,6911.411,57.83566891,18.82598834,33.694,-289.161,-4.813,-9.792,113.079,2.9801,0.0002908,6913.581,6.188,6.578,12.766,-0.6683,1.7070,-1.1630,-0.0000895,0.0036,-286.736,-4.744,-4.099,-291.739,-4.893,-15.844,0.9196224,0.0297878,-0.3916725,-0.0319585,0.9994887,0.0009773,-0.022,-0.025,0,0,0.0099,0,1
2305,6914.411,57.83565835,18.82603480,33.785,-286.402,-4.723,-10.969,113.101,3.0345,-0.0000384,6916.582,6.299,6.496,12.795,-0.5126,1.7381,-0.8917,-0.0001548,0.0063,-283.932,-4.673,-5.175,-288.950,-4.787,-16.945,0.9194616,0.0303310,-0.3920082,-0.0313952,0.9995002,0.0036968,-0.025,-0.023,0,0,0.0106,0,1
2306,6917.411,57.83564779,18.82608125,33.877,-283.642,-4.631,-12.145,113.067,3.0786,-0.0003682,6919.583,6.410,6.418,12.828,-0.3625,1.7634,-0.6325,-0.0002317,0.0095,-281.132,-4.600,-6.247,-286.156,-4.681,-18.050,0.9196806,0.0307714,-0.3914598,-0.0307888,0.9995065,0.0062341,-0.028,-0.020,0,0,0.0108,0,1
2307,6920.410,57.83563725,18.82612773,33.969,-280.881,-4.538,-13.319,112.975,3.1114,-0.0006982,6922.584,6.518,6.347,12.865,-0.2182,1.7821,-0.3863,-0.0003163,0.0131,-278.338,-4.526,-7.318,-283.358,-4.575,-19.163,0.9202871,0.0310990,-0.3900058,-0.0301400,0.9995089,0.0085799,-0.032,-0.016,0,0,0.0110,0,1
2308,6923.410,57.83562677,18.82617425,34.063,-278.118,-4.444,-14.486,112.824,3.1329,-0.0010194,6925.586,6.622,6.288,12.911,-0.0799,1.7944,-0.1530,-0.0004047,0.0169,-275.550,-4.452,-8.382,-280.556,-4.470,-20.283,0.9213276,0.0313136,-0.3875241,-0.0294573,0.9995084,0.0107308,-0.036,-0.012,0,0,0.0113,0,1
2309,6926.410,57.83561636,18.82622083,34.157,-275.351,-4.350,-15.645,112.612,3.1441,-0.0013138,6928.587,6.724,6.245,12.969,0.0521,1.8008,0.0673,-0.0004928,0.0207,-272.765,-4.377,-9.438,-277.753,-4.365,-21.410,0.9226506,0.0314255,-0.3843544,-0.0287504,0.9995059,0.0127055,-0.039,-0.007,0,0,0.0115,0,1
2310,6929.410,57.83560606,18.82626749,34.252,-272.580,-4.256,-16.793,112.343,3.1464,-0.0015608,6931.588,6.822,6.222,13.044,0.1774,1.8022,0.2750,-0.0005767,0.0245,-269.985,-4.302,-10.484,-274.947,-4.261,-22.548,0.9243897,0.0314484,-0.3801509,-0.0280395,0.9995016,0.0145030,-0.043,-0.001,0,0,0.0117,0,1
2311,6932.410,57.83559588,18.82631425,34.346,-269.802,-4.161,-17.927,112.030,3.1415,-0.0017439,6934.590,6.917,6.222,13.139,0.2954,1.7994,0.4702,-0.0006534,0.0282,-267.207,-4.225,-11.515,-272.136,-4.157,-23.694,0.9265063,0.0313995,-0.3749669,-0.0273427,0.9994959,0.0161360,-0.046,0.006,0,0,0.0107,0,1
2312,6935.410,57.83558586,18.82636112,34.440,-267.018,-4.067,-19.044,111.688,3.1310,-0.0018541,6937.591,7.009,6.244,13.254,0.4057,1.7933,0.6530,-0.0007204,0.0316,-264.429,-4.148,-12.530,-269.325,-4.054,-24.847,0.9288240,0.0312947,-0.3691971,-0.0266700,0.9994889,0.0176246,-0.049,0.014,0,0,0.0098,0,1
2313,6938.410,57.83557599,18.82640811,34.534,-264.227,-3.973,-20.143,111.337,3.1165,-0.0018920,6940.593,7.098,6.289,13.387,0.5077,1.7850,0.8233,-0.0007763,0.0348,-261.646,-4.071,-13.531,-266.514,-3.952,-26.002,0.9310732,0.0311499,-0.3635001,-0.0260233,0.9994809,0.0189934,-0.051,0.022,0,0,0.0088,0,1
2314,6941.410,57.83556627,18.82645520,34.627,-261.429,-3.880,-21.226,110.994,3.0998,-0.0018677,6943.594,7.180,6.355,13.535,0.6008,1.7755,0.9809,-0.0008205,0.0376,-258.857,-3.993,-14.522,-263.705,-3.851,-27.159,0.9332106,0.0309831,-0.3579917,-0.0254149,0.9994719,0.0202499,-0.054,0.031,0,0,0.0078,0,1
2315,6944.410,57.83555670,18.82650241,34.720,-258.625,-3.787,-22.292,110.668,3.0825,-0.0017984,6946.595,7.254,6.437,13.691,0.6849,1.7656,1.1257,-0.0008532,0.0400,-256.066,-3.914,-15.505,-260.896,-3.750,-28.315,0.9352395,0.0308104,-0.3526723,-0.0248572,0.9994620,0.0213976,-0.056,0.040,0,0,0.0068,0,1
2316,6947.409,57.83554726,18.82654970,34.812,-255.815,-3.695,-23.343,110.365,3.0666,-0.0017046,6949.596,7.314,6.532,13.847,0.7597,1.7565,1.2577,-0.0008750,0.0419,-253.270,-3.834,-16.486,-258.088,-3.650,-29.467,0.9370547,0.0306516,-0.3478347,-0.0243592,0.9994512,0.0224500,-0.058,0.049,0,0,0.0065,0,1
2317,6950.409,57.83553795,18.82659709,34.904,-253.000,-3.603,-24.380,110.080,3.0539,-0.0016035,6952.598,7.358,6.638,13.996,0.8255,1.7492,1.3771,-0.0008871,0.0434,-250.473,-3.752,-17.470,-255.280,-3.551,-30.614,0.9387167,0.0305248,-0.3433354,-0.0239371,0.9994393,0.0234101,-0.061,0.058,0,0,0.0062,0,1
2318,6953.409,57.83552876,18.82664457,34.995,-250.180,-3.512,-25.404,109.813,3.0465,-0.0015018,6955.599,7.381,6.751,14.132,0.8826,1.7450,1.4845,-0.0008907,0.0445,-247.677,-3.670,-18.460,-252.469,-3.452,-31.755,0.9403363,0.0304509,-0.3388810,-0.0236141,0.9994263,0.0242804,-0.063,0.067,0,0,0.0059,0,1
2319,6956.409,57.83551969,18.82669211,35.087,-247.356,-3.421,-26.414,109.564,3.0463,-0.0013999,6958.600,7.384,6.869,14.252,0.9316,1.7449,1.5804,-0.0008873,0.0451,-244.883,-3.586,-19.457,-249.656,-3.354,-32.886,0.9418281,0.0304489,-0.3347130,-0.0233981,0.9994116,0.0250781,-0.066,0.076,0,0,0.0056,0,1
2320,6959.409,57.83551073,18.82673973,35.178,-244.527,-3.329,-27.413,109.332,3.0549,-0.0012978,6961.602,7.365,6.988,14.354,0.9732,1.7498,1.6657,-0.0008783,0.0452,-242.088,-3.499,-20.464,-246.842,-3.255,-34.007,0.9431244,0.0305348,-0.3310348,-0.0232943,0.9993952,0.0258187,-0.070,0.084,0,0,0.0052,0,1
2321,6962.409,57.83550186,18.82678742,35.270,-241.695,-3.237,-28.401,109.117,3.0732,-0.0011957,6964.603,7.329,7.108,14.437,1.0084,1.7603,1.7410,-0.0008650,0.0451,-239.295,-3.411,-21.476,-244.023,-3.157,-35.117,0.9444034,0.0307175,-0.3273510,-0.0233207,0.9993768,0.0264983,-0.073,0.092,0,0,0.0059,0,1
2322,6965.409,57.83549308,18.82683516,35.363,-238.858,-3.145,-29.378,108.921,3.1014,-0.0010937,6967.604,7.282,7.224,14.506,1.0381,1.7764,1.8071,-0.0008487,0.0446,-236.497,-3.322,-22.489,-241.200,-3.059,-36.212,0.9455454,0.0309991,-0.3240109,-0.0234662,0.9993564,0.0271310,-0.077,0.098,0,0,0.0065,0,1
2323,6968.409,57.83548439,18.82688296,35.456,-236.019,-3.051,-30.346,108.742,3.1393,-0.0009918,6970.606,7.230,7.333,14.563,1.0632,1.7981,1.8644,-0.0008306,0.0440,-233.695,-3.229,-23.499,-238.375,-2.959,-37.290,0.9464862,0.0313775,-0.3212155,-0.0237203,0.9993341,0.0277251,-0.080,0.104,0,0,0.0071,0,1
2324,6971.409,57.83547578,18.82693081,35.551,-233.177,-2.956,-31.306,108.580,3.1860,-0.0008902,6973.607,7.184,7.430,14.614,1.0847,1.8248,1.9133,-0.0008120,0.0434,-230.888,-3.135,-24.497,-235.545,-2.859,-38.348,0.9473827,0.0318438,-0.3185152,-0.0240849,0.9993101,0.0282693,-0.084,0.109,0,0,0.0077,0,1
2325,6974.408,57.83546723,18.82697870,35.647,-230.332,-2.860,-32.258,108.436,3.2402,-0.0007889,6976.608,7.150,7.512,14.662,1.1032,1.8558,1.9543,-0.0007937,0.0427,-228.070,-3.040,-25.475,-232.708,-2.758,-39.384,0.9481524,0.0323850,-0.3161618,-0.0245386,0.9992849,0.0287686,-0.088,0.112,0,0,0.0083,0,1
2326,6977.408,57.83545874,18.82702663,35.746,-227.485,-2.762,-33.204,108.310,3.3005,-0.0006907,6979.610,7.136,7.576,14.712,1.1191,1.8904,1.9876,-0.0007767,0.0420,-225.243,-2.943,-26.429,-229.865,-2.656,-40.396,0.9488478,0.0329870,-0.3140060,-0.0250705,0.9992586,0.0292175,-0.091,0.115,0,0,0.0090,0,1
2327,6980.408,57.83545031,18.82707459,35.845,-224.636,-2.662,-34.143,108.206,3.3653,-0.0006140,6982.611,7.142,7.621,14.762,1.1327,1.9274,2.0137,-0.0007618,0.0415,-222.405,-2.845,-27.359,-227.016,-2.553,-41.382,0.9494215,0.0336340,-0.3121979,-0.0256591,0.9992319,0.0296185,-0.094,0.116,0,0,0.0096,0,1
2328,6983.408,57.83544192,18.82712257,35.947,-221.786,-2.560,-35.078,108.125,3.4333,-0.0005882,6985.613,7.163,7.644,14.807,1.1440,1.9664,2.0329,-0.0007496,0.0411,-219.559,-2.744,-28.270,-224.162,-2.448,-42.344,0.9498921,0.0343128,-0.3106890,-0.0262912,0.9992049,0.0299712,-0.097,0.115,0,0,0.0102,0,1
2329,6986.408,57.83543356,18.82717058,36.051,-218.934,-2.456,-36.008,108.056,3.5029,-0.0006429,6988.615,7.189,7.648,14.837,1.1527,2.0062,2.0460,-0.0007406,0.0408,-216.708,-2.641,-29.172,-221.302,-2.343,-43.280,0.9502612,0.0350075,-0.3094803,-0.0269489,0.9991782,0.0302773,-0.100,0.114,0,0,0.0109,0,1
2330,6989.408,57.83542524,18.82721861,36.158,-216.081,-2.350,-36.936,107.979,3.5723,-0.0008000,6991.617,7.207,7.631,14.838,1.1587,2.0459,2.0538,-0.0007352,0.0405,-213.857,-2.536,-30.081,-218.437,-2.236,-44.195,0.9505636,0.0357002,-0.3084710,-0.0276158,0.9991521,0.0305358,-0.103,0.111,0,0,0.0115,0,1
2331,6992.408,57.83541694,18.82726666,36.266,-213.227,-2.242,-37.860,107.867,3.6391,-0.0010691,6994.618,7.202,7.597,14.798,1.1618,2.0841,2.0570,-0.0007339,0.0402,-211.017,-2.428,-31.006,-215.558,-2.128,-45.090,0.9511403,0.0363669,-0.3066099,-0.0283000,0.9991274,0.0307164,-0.106,0.108,0,0,0.0114,0,1
2332,6995.408,57.83540871,18.82731474,36.376,-210.370,-2.132,-38.777,107.692,3.7004,-0.0014455,6997.620,7.165,7.547,14.712,1.1620,2.1192,2.0565,-0.0007370,0.0399,-208.193,-2.317,-31.951,-212.663,-2.019,-45.967,0.9520682,0.0369787,-0.3036425,-0.0289798,0.9991051,0.0308086,-0.108,0.104,0,0,0.0113,0,1
2333,6998.408,57.83540057,18.82736288,36.488,-207.511,-2.020,-39.683,107.431,3.7527,-0.0019120,7000.622,7.095,7.485,14.581,1.1595,2.1491,2.0530,-0.0007451,0.0396,-205.386,-2.203,-32.913,-209.753,-1.908,-46.825,0.9534166,0.0375006,-0.2993168,-0.0296277,0.9990864,0.0307995,-0.110,0.100,0,0,0.0113,0,1
2334,7001.407,57.83539258,18.82741111,36.601,-204.646,-1.907,-40.574,107.070,3.7916,-0.0024423,7003.624,6.996,7.417,14.414,1.1544,2.1714,2.0470,-0.0007584,0.0394,-202.594,-2.087,-33.886,-206.822,-1.797,-47.665,0.9553229,0.0378888,-0.2931256,-0.0302153,0.9990730,0.0306637,-0.111,0.095,0,0,0.0112,0,1
2335,7004.407,57.83538478,18.82745944,36.715,-201.775,-1.792,-41.443,106.607,3.8122,-0.0030088,7006.626,6.876,7.349,14.225,1.1470,2.1832,2.0390,-0.0007776,0.0393,-199.812,-1.969,-34.853,-203.873,-1.684,-48.486,0.9576794,0.0380943,-0.2853052,-0.0306850,0.9990668,0.0303968,-0.111,0.090,0,0,0.0111,0,1
2336,7007.407,57.83537720,18.82750790,36.829,-198.896,-1.678,-42.287,106.045,3.8094,-0.0035918,7009.628,6.743,7.287,14.030,1.1372,2.1816,2.0287,-0.0008029,0.0395,-197.035,-1.851,-35.806,-200.907,-1.573,-49.291,0.9604617,0.0380664,-0.2757976,-0.0309865,0.9990699,0.0299846,-0.111,0.085,0,0,0.0122,0,1
2337,7010.407,57.83536991,18.82755651,36.943,-196.008,-1.564,-43.099,105.381,3.7781,-0.0041885,7012.630,6.604,7.238,13.842,1.1245,2.1637,2.0157,-0.0008346,0.0400,-194.259,-1.734,-36.731,-197.925,-1.462,-50.078,0.9635978,0.0377541,-0.2646771,-0.0310642,0.9990844,0.0294174,-0.109,0.080,0,0,0.0134,0,1
2338,7013.407,57.83536293,18.82760529,37.056,-193.111,-1.452,-43.876,104.615,3.7139,-0.0048011,7015.632,6.460,7.207,13.666,1.1081,2.1269,1.9994,-0.0008727,0.0407,-191.483,-1.618,-37.625,-194.927,-1.353,-50.850,0.9670567,0.0371134,-0.2518411,-0.0308741,0.9991117,0.0286824,-0.105,0.075,0,0,0.0146,0,1
2339,7016.407,57.83535633,18.82765425,37.166,-190.202,-1.342,-44.611,103.742,3.6135,-0.0054312,7018.634,6.310,7.197,13.507,1.0869,2.0695,1.9784,-0.0009168,0.0418,-188.705,-1.503,-38.481,-191.909,-1.247,-51.603,0.9708277,0.0361114,-0.2370432,-0.0303852,0.9991525,0.0277674,-0.099,0.070,0,0,0.0158,0,1
2340,7019.407,57.83535016,18.82770340,37.272,-187.283,-1.235,-45.299,102.759,3.4751,-0.0060799,7021.636,6.156,7.210,13.366,1.0597,1.9903,1.9516,-0.0009662,0.0431,-185.925,-1.392,-39.295,-188.873,-1.145,-52.331,0.9747878,0.0347300,-0.2204143,-0.0295676,0.9992067,0.0266785,-0.092,0.065,0,0,0.0169,0,1
2341,7022.406,57.83534446,18.82775276,37.374,-184.351,-1.133,-45.934,101.662,3.2990,-0.0067467,7024.638,5.998,7.241,13.240,1.0259,1.8895,1.9174,-0.0010199,0.0447,-183.140,-1.285,-40.059,-185.813,-1.048,-53.026,0.9788838,0.0329721,-0.2017407,-0.0284200,0.9992728,0.0254200,-0.083,0.059,0,0,0.0167,0,1
2342,7025.406,57.83533929,18.82780232,37.470,-181.407,-1.037,-46.510,100.449,3.0882,-0.0074306,7027.639,5.844,7.287,13.130,0.9850,1.7688,1.8745,-0.0010764,0.0464,-180.348,-1.183,-40.763,-182.727,-0.958,-53.676,0.9829799,0.0308673,-0.1811015,-0.0269568,0.9993481,0.0240149,-0.073,0.053,0,0,0.0165,0,1
2343,7028.406,57.83533471,18.82785208,37.559,-178.451,-0.948,-47.021,99.115,2.8477,-0.0081297,7030.640,5.702,7.336,13.037,0.9376,1.6312,1.8219,-0.0011342,0.0482,-177.549,-1.089,-41.391,-179.611,-0.875,-54.264,0.9870103,0.0284655,-0.1581149,-0.0252221,0.9994290,0.0224817,-0.061,0.047,0,0,0.0163,0,1
2344,7031.406,57.83533077,18.82790204,37.641,-175.483,-0.866,-47.459,97.658,2.5852,-0.0088396,7033.641,5.585,7.377,12.962,0.8854,1.4809,1.7590,-0.0011915,0.0500,-174.741,-1.001,-41.924,-176.463,-0.801,-54.771,0.9908049,0.0258434,-0.1328072,-0.0232746,0.9995115,0.0208587,-0.048,0.041,0,0,0.0161,0,1
2345,7034.406,57.83532755,18.82795217,37.714,-172.505,-0.793,-47.818,96.074,2.3098,-0.0095490,7036.642,5.505,7.398,12.903,0.8306,1.3232,1.6858,-0.0012466,0.0519,-171.924,-0.924,-42.344,-173.286,-0.737,-55.175,0.9941532,0.0230918,-0.1054809,-0.0211818,0.9995914,0.0191928,-0.035,0.035,0,0,0.0159,0,1
2346,7037.405,57.83532509,18.82800246,37.779,-169.517,-0.728,-48.092,94.353,2.0316,-0.0102115,7039.642,5.471,7.387,12.858,0.7758,1.1639,1.6027,-0.0012982,0.0537,-169.102,-0.855,-42.636,-170.077,-0.680,-55.458,0.9969141,0.0203118,-0.0758268,-0.0190356,0.9996654,0.0175160,-0.022,0.030,0,0,0.0141,0,1
2347,7040.405,57.83532346,18.82805286,37.836,-166.523,-0.671,-48.273,92.494,1.7604,-0.0107562,7042.642,5.490,7.332,12.822,0.7238,1.0085,1.5109,-0.0013450,0.0553,-166.282,-0.794,-42.788,-166.844,-0.633,-55.598,0.9988834,0.0176013,-0.0438428,-0.0169200,0.9997310,0.0158625,-0.009,0.024,0,0,0.0123,0,1
2348,7043.405,57.83532273,18.82810334,37.885,-163.525,-0.622,-48.355,90.524,1.5046,-0.0111125,7045.643,5.562,7.226,12.788,0.6767,0.8620,1.4118,-0.0013863,0.0567,-163.471,-0.743,-42.793,-163.595,-0.592,-55.581,0.9998401,0.0150443,-0.0096683,-0.0149056,0.9997872,0.0142603,0.003,0.018,0,0,0.0105,0,1
2349,7046.405,57.83532294,18.82815384,37.926,-160.525,-0.581,-48.331,88.490,1.2704,-0.0112289,7048.643,5.682,7.067,12.749,0.6359,0.7278,1.3070,-0.0014216,0.0578,-160.674,-0.701,-42.651,-160.340,-0.560,-55.396,0.9995768,0.0127030,0.0261687,-0.0130395,0.9998339,0.0127306,0.014,0.013,0,0,0.0086,0,1
2350,7049.404,57.83532415,18.82820429,37.961,-157.528,-0.546,-48.198,86.457,1.0617,-0.0110845,7051.643,5.841,6.858,12.699,0.6016,0.6083,1.1977,-0.0014510,0.0585,-157.891,-0.665,-42.369,-157.102,-0.532,-55.043,0.9980086,0.0106164,0.0621776,-0.0113397,0.9998719,0.0112919,0.024,0.008,0,0,0.0068,0,1
2351,7052.404,57.83532630,18.82825462,37.990,-154.538,-0.517,-47.958,84.490,0.8794,-0.0106947,7054.642,6.027,6.606,12.633,0.5728,0.5038,1.0850,-0.0014746,0.0588,-155.120,-0.636,-41.959,-153.900,-0.510,-54.533,0.9952930,0.0087937,0.0965122,-0.0097992,0.9999025,0.0099496,0.033,0.003,0,0,0.0068,0,1
2352,7055.404,57.83532934,18.82830480,38.014,-151.557,-0.493,-47.619,82.641,0.7222,-0.0101085,7057.642,6.228,6.324,12.552,0.5473,0.4138,0.9695,-0.0014929,0.0588,-152.355,-0.611,-41.442,-150.746,-0.491,-53.891,0.9917226,0.0072218,0.1281954,-0.0084046,0.9999269,0.0086882,0.041,-0.002,0,0,0.0069,0,1
2353,7058.404,57.83533320,18.82835477,38.034,-148.589,-0.474,-47.189,80.939,0.5866,-0.0093957,7060.642,6.430,6.029,12.459,0.5222,0.3361,0.8510,-0.0015063,0.0585,-149.600,-0.591,-40.839,-147.641,-0.477,-53.143,0.9875492,0.0058659,0.1572010,-0.0071305,0.9999466,0.0074818,0.048,-0.006,0,0,0.0069,0,1
2354,7061.403,57.83533781,18.82840452,38.049,-145.633,-0.458,-46.676,79.386,0.4685,-0.0086285,7063.642,6.621,5.739,12.359,0.4943,0.2684,0.7291,-0.0015154,0.0579,-146.850,-0.573,-40.168,-144.578,-0.466,-52.317,0.9829424,0.0046849,0.1838537,-0.0059454,0.9999624,0.0063053,0.053,-0.011,0,0,0.0070,0,1
2355,7064.403,57.83534311,18.82845404,38.062,-142.692,-0.445,-46.086,77.972,0.3633,-0.0078608,7066.642,6.789,5.472,12.261,0.4602,0.2082,0.6029,-0.0015203,0.0571,-144.104,-0.556,-39.445,-141.554,-0.458,-51.438,0.9781168,0.0036330,0.2080248,-0.0048076,0.9999752,0.0051412,0.058,-0.015,0,0,0.0070,0,1
2356,7067.403,57.83534902,18.82850330,38.071,-139.765,-0.436,-45.428,76.691,0.2670,-0.0071083,7069.642,6.928,5.244,12.172,0.4169,0.1530,0.4714,-0.0015214,0.0563,-141.357,-0.542,-38.686,-138.560,-0.453,-50.531,0.9732232,0.0026700,0.2298467,-0.0036820,0.9999853,0.0039740,0.061,-0.019,0,0,0.0061,0,1
2357,7070.403,57.83535549,18.82855232,38.078,-136.853,-0.429,-44.707,75.538,0.1770,-0.0063744,7072.641,7.030,5.065,12.095,0.3622,0.1014,0.3338,-0.0015183,0.0555,-138.606,-0.527,-37.899,-135.590,-0.451,-49.612,0.9684110,0.0017700,0.2493533,-0.0025464,0.9999929,0.0027911,0.064,-0.023,0,0,0.0053,0,1
2358,7073.403,57.83536246,18.82860111,38.082,-133.955,-0.425,-43.932,74.511,0.0920,-0.0056610,7075.641,7.092,4.942,12.033,0.2948,0.0527,0.1897,-0.0015109,0.0547,-135.846,-0.514,-37.097,-132.637,-0.453,-48.695,0.9637797,0.0009200,0.2666980,-0.0013926,0.9999978,0.0015828,0.066,-0.026,0,0,0.0044,0,1
2359,7076.403,57.83536986,18.82864966,38.084,-131.071,-0.423,-43.107,73.605,0.0120,-0.0049688,7078.641,7.112,4.874,11.986,0.2146,0.0069,0.0392,-0.0014984,0.0538,-133.077,-0.502,-36.284,-129.696,-0.457,-47.784,0.9594079,0.0001200,0.2820219,-0.0002258,0.9999999,0.0003426,0.066,-0.030,0,0,0.0035,0,1
2360,7079.403,57.83537764,18.82869800,38.083,-128.199,-0.424,-42.240,72.816,-0.0612,-0.0042967,7081.641,7.091,4.861,11.952,0.1223,-0.0351,-0.1167,-0.0014800,0.0529,-130.291,-0.490,-35.464,-126.765,-0.465,-46.884,0.9554828,-0.0006120,0.2950462,0.0009291,0.9999991,-0.0009345,0.066,-0.033,0,0,0.0026,0,1
2361,7082.402,57.83538576,18.82874616,38.080,-125.339,-0.427,-41.337,72.140,-0.1251,-0.0036432,7084.641,7.032,4.895,11.927,0.0197,-0.0717,-0.2766,-0.0014549,0.0517,-127.493,-0.479,-34.643,-123.840,-0.475,-45.996,0.9519150,-0.0012510,0.3063596,0.0020382,0.9999954,-0.0022496,0.065,-0.037,0,0,0.0030,0,1
2362,7085.402,57.83539415,18.82879414,38.076,-122.488,-0.432,-40.402,71.574,-0.1765,-0.0030062,7087.641,6.938,4.968,11.907,-0.0906,-0.1011,-0.4383,-0.0014223,0.0504,-124.679,-0.470,-33.819,-120.919,-0.489,-45.116,0.9488151,-0.0017650,0.3158273,0.0030588,0.9999888,-0.0036010,0.064,-0.040,0,0,0.0034,0,1
2363,7088.402,57.83540277,18.82884199,38.070,-119.646,-0.437,-39.442,71.115,-0.2122,-0.0023829,7090.641,6.815,5.075,11.890,-0.2056,-0.1216,-0.5992,-0.0013815,0.0488,-121.850,-0.460,-32.993,-118.005,-0.503,-44.244,0.9462706,-0.0021220,0.3233689,0.0039456,0.9999798,-0.0049839,0.063,-0.043,0,0,0.0037,0,1
2364,7091.402,57.83541157,18.82888972,38.063,-116.811,-0.444,-38.462,70.763,-0.2297,-0.0017757,7093.641,6.668,5.206,11.874,-0.3219,-0.1316,-0.7566,-0.0013324,0.0470,-119.006,-0.453,-32.165,-115.097,-0.520,-43.378,0.9442760,-0.0022970,0.3291467,0.0046593,0.9999687,-0.0063885,0.063,-0.046,0,0,0.0041,0,1
2365,7094.402,57.83542051,18.82893736,38.056,-113.980,-0.451,-37.467,70.520,-0.2270,-0.0012025,7096.640,6.503,5.355,11.859,-0.4363,-0.1301,-0.9078,-0.0012752,0.0448,-116.148,-0.446,-31.336,-112.195,-0.536,-42.516,0.9428093,-0.0022700,0.3333248,0.0051659,0.9999562,-0.0078020,0.063,-0.049,0,0,0.0045,0,1
2366,7097.402,57.83542953,18.82898494,38.050,-111.154,-0.458,-36.462,70.383,-0.2039,-0.0006885,7099.640,6.326,5.517,11.842,-0.5456,-0.1168,-1.0503,-0.0012106,0.0424,-113.278,-0.440,-30.503,-109.302,-0.553,-41.658,0.9419623,-0.0020390,0.3357126,0.0054463,0.9999428,-0.0092082,0.064,-0.052,0,0,0.0050,0,1
2367,7100.402,57.83543859,18.82903249,38.044,-108.329,-0.463,-35.453,70.339,-0.1613,-0.0002576,7102.640,6.140,5.685,11.825,-0.6475,-0.0924,-1.1820,-0.0011399,0.0399,-110.395,-0.433,-29.671,-106.416,-0.567,-40.806,0.9416803,-0.0016130,0.3365049,0.0054961,0.9999288,-0.0105872,0.066,-0.055,0,0,0.0056,0,1
2368,7103.402,57.83544766,18.82908005,38.040,-105.504,-0.467,-34.443,70.368,-0.1016,0.0000746,7105.640,5.951,5.856,11.807,-0.7399,-0.0582,-1.3015,-0.0010651,0.0371,-107.503,-0.427,-28.838,-103.537,-0.580,-39.959,0.9419110,-0.0010160,0.3358610,0.0053279,0.9999148,-0.0119170,0.071,-0.057,0,0,0.0062,0,1
2369,7106.401,57.83545668,18.82912763,38.038,-102.678,-0.469,-33.438,70.444,-0.0287,0.0003043,7108.640,5.761,6.028,11.789,-0.8218,-0.0164,-1.4080,-0.0009880,0.0343,-104.604,-0.421,-28.009,-100.662,-0.590,-39.119,0.9424413,-0.0002870,0.3343716,0.0049779,0.9999009,-0.0131722,0.077,-0.059,0,0,0.0067,0,1
2370,7109.401,57.83546567,18.82917523,38.038,-99.850,-0.469,-32.437,70.542,0.0529,0.0004405,7111.640,5.572,6.199,11.770,-0.8927,0.0303,-1.5011,-0.0009111,0.0316,-101.704,-0.414,-27.183,-97.787,-0.597,-38.282,0.9429871,0.0005290,0.3328288,0.0044967,0.9998872,-0.0143296,0.085,-0.060,0,0,0.0073,0,1
2371,7112.401,57.83547462,18.82922287,38.041,-97.020,-0.466,-31.441,70.642,0.1383,0.0005037,7114.640,5.386,6.367,11.754,-0.9528,0.0792,-1.5811,-0.0008364,0.0289,-98.805,-0.405,-26.359,-94.910,-0.601,-37.449,0.9435114,0.0013830,0.3313373,0.0039334,0.9998741,-0.0153742,0.096,-0.061,0,0,0.0067,0,1
2372,7115.401,57.83548352,18.82927052,38.047,-94.189,-0.461,-30.449,70.738,0.2225,0.0005212,7117.640,5.205,6.534,11.739,-1.0029,0.1275,-1.6487,-0.0007660,0.0264,-95.906,-0.396,-25.535,-92.034,-0.601,-36.617,0.9440326,0.0022250,0.3298447,0.0033371,0.9998616,-0.0162957,0.109,-0.061,0,0,0.0061,0,1
2373,7118.401,57.83549239,18.82931821,38.055,-91.356,-0.453,-29.462,70.828,0.3013,0.0005200,7120.640,5.029,6.698,11.727,-1.0437,0.1726,-1.7048,-0.0007014,0.0241,-93.007,-0.385,-24.712,-89.157,-0.599,-35.789,0.9445510,0.0030130,0.3283510,0.0027513,0.9998502,-0.0170892,0.123,-0.062,0,0,0.0054,0,1
2374,7121.401,57.83550122,18.82936592,38.065,-88.522,-0.443,-28.479,70.917,0.3715,0.0005164,7123.639,4.858,6.858,11.717,-1.0766,0.2129,-1.7505,-0.0006439,0.0221,-90.111,-0.373,-23.888,-86.279,-0.593,-34.960,0.9450152,0.0037150,0.3270053,0.0022133,0.9998399,-0.0177550,0.139,-0.061,0,0,0.0048,0,1
2375,7124.401,57.83551000,18.82941366,38.077,-85.686,-0.431,-27.500,71.006,0.4308,0.0005127,7126.639,4.694,7.014,11.708,-1.1029,0.2468,-1.7873,-0.0005941,0.0204,-87.214,-0.360,-23.062,-83.403,-0.586,-34.132,0.9455288,0.0043080,0.3255099,0.0017441,0.9998310,-0.0182985,0.156,-0.061,0,0,0.0042,0,1
2376,7127.401,57.83551875,18.82946142,38.091,-82.849,-0.417,-26.526,71.094,0.4784,0.0005089,7129.639,4.536,7.165,11.700,-1.1236,0.2741,-1.8162,-0.0005522,0.0189,-84.319,-0.346,-22.235,-80.528,-0.575,-33.304,0.9460403,0.0047839,0.3240138,0.0013586,0.9998237,-0.0187288,0.172,-0.060,0,0,0.0055,0,1
2377,7130.401,57.83552746,18.82950921,38.106,-80.010,-0.402,-25.556,71.181,0.5146,0.0005049,7132.639,4.383,7.309,11.692,-1.1401,0.2948,-1.8385,-0.0005181,0.0177,-81.424,-0.331,-21.407,-77.651,-0.564,-32.474,0.9464988,0.0051459,0.3226663,0.0010613,0.9998178,-0.0190583,0.188,-0.059,0,0,0.0068,0,1
2378,7133.400,57.83553613,18.82955702,38.121,-77.170,-0.386,-24.590,71.267,0.5404,0.0005008,7135.639,4.237,7.448,11.685,-1.1532,0.3096,-1.8552,-0.0004914,0.0168,-78.531,-0.316,-20.578,-74.778,-0.551,-31.643,0.9470065,0.0054039,0.3211689,0.0008405,0.9998134,-0.0193009,0.203,-0.059,0,0,0.0081,0,1
2379,7136.400,57.83554476,18.82960486,38.138,-74.328,-0.369,-23.629,71.353,0.5574,0.0004965,7138.639,4.096,7.581,11.677,-1.1638,0.3194,-1.8671,-0.0004715,0.0161,-75.637,-0.300,-19.748,-71.905,-0.538,-30.812,0.9475123,0.0055739,0.3196708,0.0006871,0.9998102,-0.0194698,0.215,-0.058,0,0,0.0094,0,1
2380,7139.400,57.83555335,18.82965272,38.155,-71.485,-0.353,-22.672,71.438,0.5675,0.0004922,7141.639,3.961,7.709,11.669,-1.1725,0.3252,-1.8750,-0.0004578,0.0156,-72.746,-0.286,-18.917,-69.031,-0.525,-29.980,0.9479657,0.0056749,0.3183218,0.0005888,0.9998082,-0.0195777,0.225,-0.057,0,0,0.0106,0,1
2381,7142.400,57.83556191,18.82970060,38.172,-68.640,-0.336,-21.719,71.522,0.5722,0.0004877,7144.639,3.831,7.832,11.663,-1.1797,0.3278,-1.8793,-0.0004497,0.0153,-69.854,-0.271,-18.085,-66.158,-0.511,-29.148,0.9484676,0.0057219,0.3168225,0.0005268,0.9998071,-0.0196338,0.231,-0.056,0,0,0.0098,0,1
2382,7145.400,57.83557043,18.82974851,38.189,-65.794,-0.318,-20.771,71.606,0.5732,0.0004830,7147.639,3.707,7.953,11.660,-1.1858,0.3284,-1.8801,-0.0004469,0.0152,-66.964,-0.254,-17.253,-63.285,-0.496,-28.318,0.9489008,0.0057319,0.3155224,0.0004930,0.9998069,-0.0196457,0.234,-0.055,0,0,0.0089,0,1
2383,7148.400,57.83557891,18.82979644,38.206,-62.947,-0.301,-19.826,71.688,0.5716,0.0004783,7150.639,3.591,8.071,11.662,-1.1909,0.3275,-1.8776,-0.0004490,0.0153,-64.076,-0.239,-16.417,-60.410,-0.482,-27.488,0.9492992,0.0057159,0.3143220,0.0004755,0.9998074,-0.0196174,0.233,-0.054,0,0,0.0080,0,1
2384,7151.400,57.83558735,18.82984440,38.223,-60.098,-0.284,-18.885,71.770,0.5682,0.0004734,7153.639,3.482,8.188,11.670,-1.1951,0.3256,-1.8717,-0.0004559,0.0155,-61.187,-0.224,-15.577,-57.537,-0.468,-26.662,0.9497952,0.0056819,0.3128208,0.0004582,0.9998088,-0.0195511,0.230,-0.053,0,0,0.0072,0,1
2385,7154.400,57.83559576,18.82989237,38.240,-57.248,-0.267,-17.949,71.851,0.5636,0.0004684,7156.639,3.385,8.302,11.687,-1.1985,0.3229,-1.8621,-0.0004677,0.0160,-58.302,-0.209,-14.733,-54.663,-0.454,-25.839,0.9502727,0.0056359,0.3113681,0.0004423,0.9998108,-0.0194468,0.224,-0.052,0,0,0.0063,0,1
2386,7157.400,57.83560414,18.82994037,38.257,-54.397,-0.250,-17.017,71.931,0.5583,0.0004632,7159.639,3.299,8.415,11.715,-1.2011,0.3199,-1.8488,-0.0004844,0.0166,-55.421,-0.194,-13.880,-51.786,-0.440,-25.017,0.9506498,0.0055829,0.3102156,0.0004277,0.9998136,-0.0193043,0.216,-0.051,0,0,0.0065,0,1
2387,7160.399,57.83561247,18.82998839,38.274,-51.545,-0.234,-16.088,72.011,0.5526,0.0004580,7162.639,3.229,8.525,11.754,-1.2028,0.3166,-1.8315,-0.0005062,0.0175,-52.542,-0.180,-13.017,-48.912,-0.427,-24.197,0.9510906,0.0055259,0.3088627,0.0004011,0.9998171,-0.0191231,0.207,-0.049,0,0,0.0067,0,1
2388,7163.399,57.83562077,18.83003643,38.290,-48.691,-0.217,-15.164,72.089,0.5466,0.0004526,7165.639,3.174,8.633,11.807,-1.2037,0.3132,-1.8103,-0.0005329,0.0186,-49.667,-0.165,-12.144,-46.036,-0.413,-23.379,0.9515293,0.0054659,0.3075095,0.0003657,0.9998213,-0.0189031,0.197,-0.047,1,0,0.0069,0,1
2389,7166.399,57.83562904,18.83008450,38.307,-45.836,-0.201,-14.243,72.166,0.5402,0.0004471,7168.638,3.134,8.738,11.872,-1.2038,0.3095,-1.7851,-0.0005642,0.0199,-46.796,-0.151,-11.260,-43.159,-0.400,-22.561,0.9519175,0.0054019,0.3063068,0.0003255,0.9998261,-0.0186442,0.187,-0.044,1,0,0.0072,0,1
2390,7169.399,57.83563727,18.83013258,38.323,-42.979,-0.185,-13.326,72.243,0.5334,0.0004416,7171.638,3.108,8.840,11.948,-1.2030,0.3056,-1.7562,-0.0005996,0.0214,-43.927,-0.136,-10.366,-40.283,-0.387,-21.745,0.9523370,0.0053339,0.3050012,0.0002765,0.9998316,-0.0183487,0.177,-0.040,1,0,0.0074,0,1
2391,7172.399,57.83564547,18.83018068,38.338,-40.122,-0.169,-12.413,72.318,0.5256,0.0004359,7174.638,3.094,8.939,12.033,-1.2013,0.3011,-1.7239,-0.0006382,0.0231,-41.062,-0.122,-9.465,-37.407,-0.374,-20.930,0.9527549,0.0052559,0.3036948,0.0002276,0.9998376,-0.0180179,0.166,-0.035,1,0,0.0077,0,1
2392,7175.399,57.83565363,18.83022881,38.354,-37.263,-0.153,-11.504,72.393,0.5166,0.0004301,7177.638,3.089,9.035,12.124,-1.1986,0.2960,-1.6887,-0.0006788,0.0249,-38.197,-0.107,-8.560,-34.530,-0.361,-20.116,0.9531382,0.0051659,0.3024910,0.0001842,0.9998441,-0.0176556,0.156,-0.029,1,0,0.0080,0,1
2393,7178.399,57.83566177,18.83027695,38.369,-34.403,-0.138,-10.598,72.466,0.5056,0.0004242,7180.638,3.091,9.127,12.218,-1.1948,0.2897,-1.6511,-0.0007200,0.0269,-35.335,-0.094,-7.650,-31.653,-0.349,-19.300,0.9535050,0.0050559,0.3013349,0.0001544,0.9998509,-0.0172646,0.145,-0.021,1,0,0.0084,0,1
2394,7181.399,57.83566986,18.83032512,38.384,-31.542,-0.123,-9.696,72.538,0.4925,0.0004182,7183.638,3.099,9.214,12.312,-1.1897,0.2822,-1.6118,-0.0007604,0.0288,-32.472,-0.080,-6.740,-28.778,-0.336,-18.485,0.9539181,0.0049249,0.3000267,0.0001376,0.9998580,-0.0168502,0.134,-0.011,1,0,0.0087,0,1
2395,7184.399,57.83567793,18.83037330,38.399,-28.680,-0.108,-8.798,72.610,0.4771,0.0004121,7186.638,3.109,9.297,12.405,-1.1832,0.2734,-1.5712,-0.0007986,0.0307,-29.609,-0.067,-5.831,-25.902,-0.323,-17.670,0.9542970,0.0047709,0.2988219,0.0001420,0.9998652,-0.0164172,0.122,0.001,1,0,0.0090,0,1
2396,7187.398,57.83568597,18.83042150,38.413,-25.816,-0.094,-7.903,72.680,0.4597,0.0004059,7189.638,3.121,9.375,12.496,-1.1750,0.2634,-1.5299,-0.0008332,0.0325,-26.745,-0.054,-4.924,-23.025,-0.311,-16.853,0.9546595,0.0045970,0.2976644,0.0001653,0.9998724,-0.0159717,0.109,0.015,1,0,0.0094,0,1
2397,7190.398,57.83569397,18.83046972,38.427,-22.952,-0.081,-7.012,72.749,0.4409,0.0003996,7192.638,3.135,9.449,12.584,-1.1650,0.2526,-1.4884,-0.0008634,0.0342,-23.882,-0.043,-4.018,-20.150,-0.299,-16.036,0.9550207,0.0044090,0.2965064,0.0002025,0.9998795,-0.0155203,0.096,0.032,1,0,0.0098,0,1
2398,7193.398,57.83570194,18.83051796,38.440,-20.086,-0.068,-6.124,72.818,0.4219,0.0003932,7195.638,3.151,9.519,12.670,-1.1532,0.2417,-1.4472,-0.0008885,0.0357,-21.017,-0.031,-3.113,-17.273,-0.286,-15.218,0.9553334,0.0042190,0.2955000,0.0002459,0.9998864,-0.0150708,0.083,0.052,1,0,0.0101,0,1
2399,7196.398,57.83570988,18.83056621,38.452,-17.220,-0.055,-5.239,72.885,0.4040,0.0003868,7198.638,3.171,9.585,12.756,-1.1395,0.2315,-1.4067,-0.0009081,0.0369,-18.153,-0.020,-2.208,-14.399,-0.273,-14.399,0.9556919,0.0040400,0.2943411,0.0002794,0.9998929,-0.0146313,0.069,0.074,1,0,0.0105,0,1
2400,7199.398,57.83571780,18.83061448,38.464,-14.352,-0.044,-4.358,72.951,0.3887,0.0003803,7201.638,3.197,9.648,12.845,-1.1243,0.2227,-1.3673,-0.0009225,0.0380,-15.289,-0.010,-1.302,-11.523,-0.262,-13.582,0.9560489,0.0038870,0.2931816,0.0002925,0.9998990,-0.0142103,0.056,0.098,1,0,0.0109,0,1
2401,7202.398,57.83572568,18.83066277,38.475,-11.484,-0.032,-3.480,73.015,0.3774,0.0003737,7204.638,3.230,9.708,12.938,-1.1075,0.2162,-1.3295,-0.0009319,0.0390,-12.428,0.001,-0.391,-8.648,-0.249,-12.764,0.9563577,0.0037740,0.2921741,0.0002751,0.9999045,-0.0138161,0.042,0.124,1,0,0.0104,0,1
2402,7205.398,57.83573353,18.83071108,38.486,-8.614,-0.021,-2.605,73.079,0.3710,0.0003671,7207.637,3.273,9.764,13.037,-1.0895,0.2126,-1.2937,-0.0009369,0.0398,-9.567,0.011,0.527,-5.773,-0.237,-11.946,0.9567117,0.0037100,0.2910137,0.0002155,0.9999094,-0.0134557,0.030,0.152,1,0,0.0100,0,1
2403,7208.398,57.83574136,18.83075940,38.498,-5.744,-0.010,-1.734,73.142,0.3702,0.0003605,7210.637,3.329,9.815,13.144,-1.0707,0.2121,-1.2604,-0.0009383,0.0405,-6.709,0.022,1.452,-2.898,-0.224,-11.127,0.9570178,0.0037020,0.2900054,0.0001125,0.9999137,-0.0131352,0.018,0.179,1,0,0.0095,0,1
2404,7211.398,57.83574916,18.83080774,38.509,-2.872,0.001,-0.865,73.203,0.3752,0.0003539,7213.637,3.395,9.860,13.256,-1.0517,0.2150,-1.2301,-0.0009369,0.0412,-3.853,0.032,2.386,-0.022,-0.211,-10.304,0.9573227,0.0037520,0.2889968,-0.0000370,0.9999173,-0.0128592,0.007,0.207,1,0,0.0091,0,1
2405,7214.397,57.83575693,18.83085609,38.520,0.000,0.013,0.000,73.263,0.3861,0.0003475,7216.637,3.470,9.899,13.369,-1.0329,0.2212,-1.2030,-0.0009334,0.0417,-0.999,0.044,3.323,2.850,-0.198,-9.480,0.9576584,0.0038610,0.2878810,-0.0002344,0.9999202,-0.0126309,-0.002,0.233,1,0,0.0086,0,1
