point_index,distance_m,latitude_deg,longitude_deg,elevation_m,x_m,y_m,z_m,heading_deg,grade_percent,curvature_per_m,distance_3d_m
0,0.000,57.83575693,18.83085609,38.520,0.000,0.013,0.000,73.263,0.3861,0.0003475,0.000
1,3.000,57.83576467,18.83090446,38.532,2.873,0.025,0.862,73.322,0.4023,0.0003412,3.000
2,6.000,57.83577239,18.83095284,38.544,5.747,0.037,1.722,73.380,0.4236,0.0003350,6.000
3,9.000,57.83578008,18.83100124,38.557,8.622,0.050,2.578,73.437,0.4496,0.0003290,9.000
4,12.000,57.83578774,18.83104965,38.571,11.498,0.064,3.432,73.493,0.4800,0.0003230,12.000
5,14.999,57.83579538,18.83109808,38.586,14.375,0.079,4.283,73.548,0.5145,0.0003172,15.000
6,17.999,57.83580300,18.83114652,38.602,17.252,0.095,5.131,73.602,0.5528,0.0003113,18.000
7,20.999,57.83581059,18.83119497,38.619,20.131,0.112,5.977,73.655,0.5942,0.0003055,20.999
8,23.999,57.83581816,18.83124344,38.638,23.010,0.130,6.820,73.707,0.6377,0.0002997,23.999
9,26.999,57.83582570,18.83129192,38.658,25.889,0.150,7.660,73.758,0.6814,0.0002940,26.999
10,29.999,57.83583322,18.83134041,38.679,28.770,0.171,8.498,73.809,0.7233,0.0002883,29.999
11,32.999,57.83584072,18.83138891,38.701,31.651,0.194,9.333,73.858,0.7608,0.0002826,32.999
12,35.999,57.83584820,18.83143743,38.724,34.533,0.217,10.166,73.906,0.7914,0.0002769,35.999
13,38.999,57.83585566,18.83148595,38.748,37.416,0.241,10.996,73.953,0.8131,0.0002713,38.999
14,41.998,57.83586309,18.83153449,38.773,40.299,0.266,11.825,73.999,0.8243,0.0002657,41.999
15,44.998,57.83587051,18.83158304,38.798,43.183,0.291,12.650,74.044,0.8247,0.0002601,44.999
16,47.998,57.83587790,18.83163160,38.823,46.068,0.315,13.474,74.088,0.8148,0.0002545,47.999
17,50.998,57.83588528,18.83168017,38.847,48.953,0.339,14.295,74.132,0.7960,0.0002490,50.999
18,53.998,57.83589263,18.83172876,38.870,51.839,0.363,15.114,74.174,0.7706,0.0002434,53.999
19,56.998,57.83589997,18.83177735,38.893,54.725,0.386,15.932,74.215,0.7407,0.0002379,56.999
20,59.998,57.83590728,18.83182595,38.915,57.612,0.407,16.747,74.256,0.7089,0.0002325,59.999
21,62.998,57.83591458,18.83187456,38.935,60.500,0.428,17.560,74.295,0.6769,0.0002270,62.999
22,65.998,57.83592186,18.83192318,38.955,63.388,0.448,18.371,74.334,0.6465,0.0002216,65.999
23,68.997,57.83592913,18.83197181,38.974,66.277,0.467,19.180,74.371,0.6184,0.0002162,68.999
24,71.997,57.83593638,18.83202045,38.992,69.166,0.485,19.987,74.408,0.5931,0.0002107,71.999
25,74.997,57.83594361,18.83206909,39.010,72.056,0.502,20.792,74.444,0.5709,0.0002054,74.999
26,77.997,57.83595082,18.83211775,39.027,74.946,0.519,21.596,74.479,0.5517,0.0002000,77.999
27,80.997,57.83595802,18.83216641,39.043,77.837,0.536,22.398,74.512,0.5351,0.0001946,80.999
28,83.997,57.83596521,18.83221508,39.059,80.728,0.551,23.198,74.545,0.5208,0.0001893,83.999
29,86.997,57.83597238,18.83226376,39.074,83.620,0.567,23.997,74.577,0.5084,0.0001840,86.999
30,89.997,57.83597953,18.83231245,39.089,86.512,0.582,24.794,74.609,0.4976,0.0001787,89.999
31,92.997,57.83598667,18.83236114,39.104,89.404,0.597,25.589,74.639,0.4876,0.0001733,92.998
32,95.996,57.83599380,18.83240984,39.118,92.297,0.611,26.383,74.668,0.4779,0.0001681,95.998
33,98.996,57.83600092,18.83245855,39.133,95.191,0.625,27.176,74.697,0.4679,0.0001628,98.998
34,101.996,57.83600802,18.83250726,39.147,98.084,0.639,27.967,74.724,0.4568,0.0001575,101.998
35,104.996,57.83601511,18.83255598,39.160,100.978,0.653,28.756,74.751,0.4443,0.0001522,104.998
36,107.996,57.83602219,18.83260471,39.173,103.873,0.666,29.545,74.776,0.4300,0.0001470,107.998
37,110.996,57.83602925,18.83265344,39.186,106.768,0.679,30.332,74.801,0.4138,0.0001417,110.998
38,113.996,57.83603631,18.83270218,39.198,109.663,0.691,31.118,74.825,0.3960,0.0001365,113.998
39,116.996,57.83604335,18.83275092,39.210,112.558,0.702,31.902,74.848,0.3768,0.0001312,116.998
40,119.996,57.83605039,18.83279967,39.221,115.454,0.713,32.686,74.870,0.3566,0.0001260,119.998
41,122.995,57.83605741,18.83284842,39.231,118.350,0.724,33.468,74.892,0.3360,0.0001208,122.998
42,125.995,57.83606443,18.83289718,39.241,121.246,0.733,34.250,74.912,0.3154,0.0001156,125.998
43,128.995,57.83607143,18.83294594,39.250,124.143,0.743,35.030,74.931,0.2952,0.0001103,128.997
44,131.995,57.83607843,18.83299471,39.258,127.040,0.751,35.810,74.950,0.2756,0.0001051,131.997
45,134.995,57.83608542,18.83304348,39.266,129.937,0.759,36.588,74.967,0.2572,0.0000999,134.997
46,137.995,57.83609240,18.83309225,39.274,132.834,0.767,37.366,74.984,0.2400,0.0000947,137.997
47,140.995,57.83609937,18.83314103,39.281,135.732,0.774,38.143,75.000,0.2245,0.0000895,140.997
48,143.995,57.83610634,18.83318981,39.287,138.630,0.780,38.919,75.015,0.2110,0.0000842,143.997
49,146.995,57.83611330,18.83323860,39.294,141.528,0.786,39.694,75.029,0.1998,0.0000790,146.997
50,149.994,57.83612026,18.83328739,39.299,144.426,0.792,40.469,75.042,0.1913,0.0000738,149.997
51,152.994,57.83612721,18.83333618,39.305,147.324,0.798,41.243,75.054,0.1857,0.0000686,152.997
52,155.994,57.83613415,18.83338497,39.311,150.222,0.803,42.016,75.066,0.1834,0.0000633,155.996
53,158.994,57.83614109,18.83343377,39.316,153.121,0.809,42.789,75.076,0.1846,0.0000581,158.996
54,161.994,57.83614802,18.83348257,39.322,156.020,0.814,43.561,75.086,0.1897,0.0000528,161.996
55,164.994,57.83615495,18.83353137,39.328,158.919,0.820,44.333,75.094,0.1988,0.0000476,164.996
56,167.994,57.83616188,18.83358017,39.334,161.818,0.826,45.104,75.102,0.2124,0.0000423,167.996
57,170.994,57.83616880,18.83362898,39.340,164.717,0.833,45.876,75.109,0.2304,0.0000371,170.996
58,173.994,57.83617572,18.83367778,39.348,167.616,0.840,46.646,75.115,0.2530,0.0000318,173.996
59,176.993,57.83618263,18.83372659,39.356,170.515,0.848,47.417,75.120,0.2797,0.0000265,176.996
60,179.993,57.83618955,18.83377540,39.364,173.415,0.857,48.187,75.124,0.3101,0.0000212,179.996
61,182.993,57.83619646,18.83382421,39.374,176.314,0.867,48.957,75.127,0.3431,0.0000159,182.996
62,185.993,57.83620337,18.83387302,39.385,179.213,0.878,49.727,75.129,0.3777,0.0000106,185.995
63,188.993,57.83621028,18.83392183,39.397,182.113,0.889,50.497,75.131,0.4125,0.0000052,188.995
64,191.993,57.83621720,18.83397064,39.410,185.012,0.902,51.267,75.131,0.4461,-0.0000001,191.995
65,194.993,57.83622411,18.83401945,39.424,187.912,0.916,52.037,75.131,0.4771,-0.0000055,194.995
66,197.993,57.83623102,18.83406826,39.438,190.811,0.931,52.806,75.129,0.5046,-0.0000109,197.995
67,200.993,57.83623793,18.83411707,39.454,193.710,0.946,53.576,75.127,0.5277,-0.0000163,200.995
68,203.992,57.83624484,18.83416588,39.470,196.610,0.963,54.346,75.124,0.5459,-0.0000217,203.995
69,206.992,57.83625176,18.83421469,39.487,199.509,0.979,55.117,75.119,0.5592,-0.0000271,206.995
70,209.992,57.83625867,18.83426349,39.503,202.408,0.996,55.887,75.114,0.5677,-0.0000326,209.995
71,212.992,57.83626559,18.83431230,39.521,205.308,1.013,56.658,75.108,0.5719,-0.0000383,212.995
72,215.992,57.83627252,18.83436111,39.538,208.207,1.030,57.429,75.102,0.5724,-0.0000476,215.995
73,218.992,57.83627944,18.83440991,39.555,211.106,1.048,58.201,75.097,0.5698,-0.0000664,218.995
74,221.992,57.83628637,18.83445871,39.572,214.005,1.065,58.973,75.089,0.5649,-0.0001009,221.995
75,224.992,57.83629330,18.83450751,39.589,216.903,1.081,59.745,75.077,0.5586,-0.0001560,224.995
76,227.992,57.83630024,18.83455631,39.605,219.802,1.098,60.518,75.053,0.5517,-0.0002338,227.994
77,230.991,57.83630720,18.83460510,39.622,222.700,1.115,61.292,75.013,0.5452,-0.0003334,230.994
78,233.991,57.83631417,18.83465387,39.638,225.598,1.131,62.069,74.951,0.5397,-0.0004511,233.994
79,236.991,57.83632118,18.83470263,39.654,228.494,1.147,62.850,74.865,0.5361,-0.0005806,236.994
80,239.991,57.83632824,18.83475137,39.670,231.389,1.163,63.636,74.753,0.5349,-0.0007152,239.994
81,242.991,57.83633535,18.83480008,39.686,234.283,1.179,64.428,74.618,0.5363,-0.0008494,242.994
82,245.991,57.83634253,18.83484876,39.702,237.174,1.195,65.228,74.460,0.5403,-0.0009809,245.994
83,248.991,57.83634978,18.83489739,39.719,240.063,1.211,66.036,74.279,0.5466,-0.0011093,248.994
84,251.991,57.83635712,18.83494598,39.735,242.949,1.228,66.854,74.076,0.5545,-0.0012341,251.994
85,254.990,57.83636456,18.83499452,39.752,245.832,1.245,67.683,73.852,0.5630,-0.0013547,254.994
86,257.990,57.83637210,18.83504300,39.769,248.712,1.262,68.523,73.607,0.5711,-0.0014709,257.994
87,260.990,57.83637976,18.83509141,39.786,251.588,1.279,69.376,73.343,0.5778,-0.0015823,260.994
88,263.990,57.83638755,18.83513976,39.804,254.460,1.296,70.243,73.060,0.5819,-0.0016885,263.994
89,266.990,57.83639546,18.83518803,39.821,257.327,1.314,71.125,72.759,0.5825,-0.0017893,266.994
90,269.990,57.83640351,18.83523622,39.839,260.190,1.331,72.022,72.441,0.5788,-0.0018843,269.994
91,272.990,57.83641171,18.83528433,39.856,263.047,1.349,72.935,72.112,0.5703,-0.0019908,272.993
92,275.990,57.83642006,18.83533234,39.873,265.899,1.365,73.865,71.788,0.5568,-0.0021835,275.993
93,278.990,57.83642857,18.83538026,39.889,268.746,1.382,74.813,71.465,0.5383,-0.0025704,278.993
94,281.989,57.83643725,18.83542807,39.905,271.586,1.398,75.780,71.105,0.5150,-0.0032639,281.993
95,284.989,57.83644609,18.83547577,39.920,274.419,1.413,76.765,70.634,0.4876,-0.0043624,284.993
96,287.989,57.83645514,18.83552333,39.934,277.244,1.427,77.774,69.954,0.4567,-0.0059421,287.993
97,290.989,57.83646456,18.83557064,39.948,280.055,1.440,78.823,68.958,0.4234,-0.0080559,290.993
98,293.989,57.83647452,18.83561756,39.960,282.842,1.452,79.932,67.544,0.3887,-0.0107411,293.993
99,296.989,57.83648522,18.83566391,39.971,285.595,1.464,81.124,65.617,0.3538,-0.0140210,296.993
100,299.988,57.83649686,18.83570944,39.981,288.299,1.474,82.421,63.076,0.3200,-0.0178923,299.992
101,302.988,57.83650970,18.83575383,39.990,290.936,1.483,83.851,59.752,0.2888,-0.0221795,302.992
102,305.987,57.83652401,18.83579660,39.998,293.477,1.491,85.445,55.465,0.2616,-0.0265151,305.991
103,308.986,57.83654009,18.83583710,40.006,295.882,1.498,87.236,50.173,0.2395,-0.0303673,308.990
104,311.984,57.83655822,18.83587441,40.013,298.098,1.505,89.255,44.042,0.2232,-0.0331030,311.988
105,314.982,57.83657859,18.83590739,40.019,300.058,1.512,91.524,37.437,0.2131,-0.0341806,314.986
106,317.980,57.83660097,18.83593546,40.025,301.725,1.518,94.016,30.837,0.2096,-0.0334151,317.984
107,320.979,57.83662488,18.83595866,40.032,303.103,1.524,96.679,24.694,0.2123,-0.0310843,320.983
108,323.978,57.83664990,18.83597732,40.038,304.211,1.531,99.466,19.307,0.2208,-0.0277566,323.982
109,326.977,57.83667567,18.83599196,40.045,305.080,1.538,102.336,14.769,0.2336,-0.0240354,326.981
110,329.976,57.83670193,18.83600312,40.052,305.743,1.545,105.262,11.013,0.2487,-0.0204159,329.980
111,332.976,57.83672850,18.83601135,40.060,306.231,1.553,108.221,7.928,0.2637,-0.0171742,332.980
112,335.975,57.83675526,18.83601714,40.068,306.575,1.561,111.201,5.398,0.2764,-0.0144166,335.979
113,338.975,57.83678212,18.83602094,40.077,306.801,1.569,114.192,3.301,0.2849,-0.0121615,338.979
114,341.975,57.83680903,18.83602311,40.085,306.929,1.578,117.189,1.526,0.2876,-0.0103622,341.979
115,344.975,57.83683596,18.83602382,40.094,306.971,1.586,120.189,359.985,0.2839,-0.0089350,344.979
116,347.974,57.83686289,18.83602322,40.102,306.935,1.595,123.188,358.618,0.2737,-0.0077785,347.978
117,350.974,57.83688981,18.83602146,40.110,306.831,1.603,126.186,357.397,0.2578,-0.0067919,350.978
118,353.974,57.83691670,18.83601869,40.118,306.666,1.610,129.182,356.320,0.2374,-0.0058910,353.978
119,356.974,57.83694357,18.83601503,40.124,306.448,1.617,132.174,355.393,0.2140,-0.0050282,356.978
120,359.974,57.83697040,18.83601063,40.130,306.186,1.623,135.162,354.611,0.1893,-0.0041951,359.978
121,362.974,57.83699720,18.83600560,40.136,305.887,1.628,138.147,353.969,0.1649,-0.0033901,362.978
122,365.974,57.83702397,18.83600006,40.140,305.558,1.633,141.129,353.462,0.1419,-0.0026104,365.978
123,368.973,57.83705072,18.83599414,40.144,305.207,1.637,144.108,353.085,0.1214,-0.0018518,368.978
124,371.973,57.83707745,18.83598795,40.148,304.838,1.640,147.085,352.836,0.1038,-0.0011104,371.977
125,374.973,57.83710417,18.83598159,40.150,304.461,1.643,150.061,352.712,0.0893,-0.0003822,374.977
126,377.973,57.83713089,18.83597518,40.153,304.080,1.646,153.037,352.711,0.0777,0.0003372,377.977
127,380.973,57.83715761,18.83596882,40.155,303.702,1.648,156.013,352.831,0.0684,0.0010519,380.977
128,383.973,57.83718434,18.83596262,40.157,303.333,1.650,158.990,353.080,0.0605,0.0017393,383.977
129,386.973,57.83721109,18.83595669,40.159,302.980,1.651,161.969,353.472,0.0528,0.0023201,386.977
130,389.973,57.83723786,18.83595112,40.160,302.649,1.653,164.950,353.997,0.0439,0.0026915,389.977
131,392.972,57.83726466,18.83594604,40.161,302.347,1.654,167.935,354.606,0.0325,0.0027596,392.977
132,395.972,57.83729149,18.83594154,40.162,302.080,1.655,170.923,355.221,0.0174,0.0024620,395.977
133,398.972,57.83731834,18.83593764,40.162,301.848,1.655,173.914,355.746,-0.0021,0.0017803,398.976
134,401.972,57.83734521,18.83593412,40.162,301.639,1.655,176.906,356.090,-0.0265,0.0007427,401.976
135,404.972,57.83737209,18.83593077,40.161,301.439,1.653,179.900,356.184,-0.0554,-0.0005839,404.976
136,407.972,57.83739896,18.83592735,40.159,301.236,1.651,182.893,355.995,-0.0883,-0.0021109,407.976
137,410.972,57.83742582,18.83592363,40.156,301.015,1.648,185.884,355.517,-0.1243,-0.0037560,410.976
138,413.972,57.83745266,18.83591937,40.151,300.762,1.644,188.874,354.752,-0.1624,-0.0054781,413.976
139,416.971,57.83747946,18.83591431,40.146,300.461,1.638,191.858,353.686,-0.2016,-0.0072806,416.976
140,419.971,57.83750620,18.83590818,40.139,300.097,1.632,194.836,352.301,-0.2412,-0.0091636,419.975
141,422.971,57.83753283,18.83590070,40.131,299.652,1.624,197.803,350.579,-0.2805,-0.0111168,422.975
142,425.971,57.83755932,18.83589158,40.122,299.110,1.615,200.753,348.502,-0.3190,-0.0131161,425.975
143,428.970,57.83758560,18.83588051,40.112,298.452,1.605,203.680,346.058,-0.3563,-0.0151174,428.975
144,431.970,57.83761158,18.83586720,40.101,297.661,1.594,206.573,343.242,-0.3917,-0.0170581,431.974
145,434.970,57.83763716,18.83585137,40.089,296.721,1.581,209.421,340.067,-0.4250,-0.0188571,434.974
146,437.969,57.83766219,18.83583277,40.075,295.616,1.568,212.210,336.557,-0.4553,-0.0204142,437.973
147,440.968,57.83768655,18.83581121,40.061,294.335,1.554,214.922,332.758,-0.4820,-0.0216033,440.973
148,443.968,57.83771006,18.83578659,40.047,292.872,1.539,217.540,328.755,-0.5045,-0.0223245,443.972
149,446.967,57.83773257,18.83575890,40.031,291.227,1.524,220.048,324.665,-0.5219,-0.0225498,446.971
150,449.966,57.83775396,18.83572822,40.015,289.405,1.508,222.430,320.615,-0.5340,-0.0223454,449.970
151,452.965,57.83777414,18.83569477,39.999,287.418,1.492,224.677,316.704,-0.5406,-0.0218607,452.970
152,455.965,57.83779309,18.83565889,39.983,285.286,1.476,226.787,312.978,-0.5423,-0.0212969,455.969
153,458.964,57.83781081,18.83562087,39.967,283.028,1.459,228.760,309.428,-0.5399,-0.0208661,458.969
154,461.964,57.83782728,18.83558091,39.950,280.654,1.443,230.595,305.983,-0.5351,-0.0207559,461.968
155,464.963,57.83784244,18.83553918,39.934,278.175,1.427,232.283,302.545,-0.5295,-0.0211037,464.968
156,467.962,57.83785623,18.83549581,39.919,275.599,1.411,233.819,299.005,-0.5255,-0.0219807,467.967
157,470.962,57.83786852,18.83545088,39.903,272.930,1.396,235.188,295.232,-0.5256,-0.0232986,470.966
158,473.961,57.83787917,18.83540450,39.887,270.175,1.380,236.373,291.089,-0.5322,-0.0247910,473.966
159,476.960,57.83788797,18.83535678,39.871,267.341,1.364,237.353,286.516,-0.5468,-0.0260679,476.965
160,479.959,57.83789467,18.83530788,39.854,264.436,1.347,238.099,281.583,-0.5700,-0.0266891,479.964
161,482.958,57.83789895,18.83525804,39.837,261.475,1.330,238.576,276.501,-0.6010,-0.0262782,482.963
162,485.957,57.83790075,18.83520767,39.818,258.483,1.311,238.776,271.573,-0.6380,-0.0246520,485.962
163,488.956,57.83790031,18.83515718,39.799,255.484,1.291,238.728,267.117,-0.6787,-0.0218787,488.961
164,491.955,57.83789798,18.83510688,39.778,252.496,1.270,238.467,263.379,-0.7202,-0.0182241,491.960
165,494.955,57.83789412,18.83505690,39.755,249.527,1.248,238.038,260.482,-0.7591,-0.0140464,494.960
166,497.955,57.83788914,18.83500727,39.732,246.580,1.225,237.483,258.451,-0.7920,-0.0097702,497.960
167,500.954,57.83788341,18.83495793,39.708,243.648,1.201,236.844,257.258,-0.8156,-0.0057830,500.960
168,503.954,57.83787729,18.83490875,39.683,240.727,1.176,236.162,256.821,-0.8278,-0.0023592,503.960
169,506.954,57.83787110,18.83485959,39.658,237.807,1.151,235.473,256.988,-0.8274,0.0003184,506.960
170,509.954,57.83786518,18.83481033,39.634,234.881,1.126,234.813,257.559,-0.8140,0.0021742,509.960
171,512.954,57.83785963,18.83476091,39.610,231.946,1.102,234.195,258.330,-0.7885,0.0032396,512.960
172,515.954,57.83785442,18.83471136,39.586,229.002,1.079,233.615,259.129,-0.7520,0.0036459,515.960
173,518.954,57.83784954,18.83466169,39.564,226.052,1.057,233.070,259.850,-0.7066,0.0035921,518.960
174,521.953,57.83784494,18.83461193,39.544,223.096,1.037,232.558,260.465,-0.6543,0.0033000,521.960
175,524.953,57.83784061,18.83456208,39.525,220.136,1.018,232.075,261.000,-0.5970,0.0029480,524.959
176,527.953,57.83783651,18.83451217,39.508,217.171,1.001,231.619,261.475,-0.5370,0.0026005,527.959
177,530.953,57.83783261,18.83446220,39.493,214.202,0.986,231.185,261.891,-0.4764,0.0022585,530.959
178,533.953,57.83782890,18.83441218,39.480,211.231,0.972,230.771,262.248,-0.4174,0.0019217,533.959
179,536.953,57.83782534,18.83436212,39.468,208.258,0.961,230.375,262.548,-0.3622,0.0015895,536.959
180,539.953,57.83782191,18.83431202,39.458,205.282,0.951,229.992,262.792,-0.3131,0.0012615,539.959
181,542.953,57.83781858,18.83426191,39.449,202.305,0.942,229.621,262.979,-0.2722,0.0009371,542.959
182,545.953,57.83781532,18.83421178,39.441,199.328,0.934,229.258,263.112,-0.2413,0.0006157,545.959
183,548.952,57.83781211,18.83416163,39.435,196.349,0.927,228.900,263.190,-0.2220,0.0002965,548.959
184,551.952,57.83780892,18.83411148,39.428,193.370,0.921,228.545,263.212,-0.2150,-0.0000185,551.959
185,554.952,57.83780574,18.83406134,39.422,190.391,0.914,228.190,263.177,-0.2206,-0.0003172,554.958
186,557.952,57.83780252,18.83401119,39.415,187.413,0.907,227.832,263.085,-0.2384,-0.0005820,557.958
187,560.952,57.83779925,18.83396106,39.407,184.435,0.900,227.468,262.943,-0.2676,-0.0007957,560.958
188,563.952,57.83779591,18.83391095,39.399,181.459,0.891,227.096,262.764,-0.3071,-0.0009465,563.958
189,566.952,57.83779247,18.83386086,39.389,178.483,0.881,226.712,262.566,-0.3554,-0.0010303,566.958
190,569.952,57.83778893,18.83381080,39.377,175.510,0.870,226.318,262.364,-0.4114,-0.0010516,569.958
191,572.952,57.83778530,18.83376075,39.364,172.537,0.857,225.914,262.171,-0.4738,-0.0010231,572.958
192,575.951,57.83778159,18.83371073,39.349,169.566,0.841,225.501,261.995,-0.5415,-0.0009624,575.958
193,578.951,57.83777781,18.83366073,39.331,166.596,0.824,225.079,261.835,-0.6133,-0.0008873,578.958
194,581.951,57.83777395,18.83361075,39.312,163.627,0.805,224.649,261.689,-0.6878,-0.0008100,581.958
195,584.951,57.83777002,18.83356078,39.290,160.659,0.783,224.212,261.557,-0.7634,-0.0007326,584.958
196,587.951,57.83776604,18.83351084,39.266,157.692,0.759,223.768,261.437,-0.8383,-0.0006551,587.958
197,590.951,57.83776201,18.83346090,39.240,154.726,0.733,223.319,261.331,-0.9104,-0.0005774,590.958
198,593.951,57.83775793,18.83341098,39.212,151.761,0.704,222.864,261.239,-0.9774,-0.0004996,593.958
199,596.951,57.83775381,18.83336107,39.181,148.796,0.674,222.405,261.160,-1.0375,-0.0004217,596.958
200,599.950,57.83774965,18.83331117,39.149,145.832,0.642,221.942,261.094,-1.0891,-0.0003436,599.958
201,602.950,57.83774547,18.83326128,39.116,142.869,0.609,221.476,261.041,-1.1309,-0.0002654,602.958
202,605.950,57.83774127,18.83321140,39.082,139.906,0.574,221.008,261.003,-1.1625,-0.0001872,605.958
203,608.950,57.83773705,18.83316152,39.046,136.943,0.539,220.538,260.977,-1.1842,-0.0001087,608.958
204,611.950,57.83773282,18.83311164,39.011,133.980,0.503,220.067,260.965,-1.1969,-0.0000302,611.958
205,614.950,57.83772859,18.83306177,38.975,131.017,0.467,219.596,260.967,-1.2020,0.0000485,614.958
206,617.950,57.83772437,18.83301189,38.938,128.055,0.431,219.126,260.982,-1.2014,0.0001273,617.958
207,620.950,57.83772015,18.83296201,38.902,125.092,0.395,218.656,261.010,-1.1973,0.0002063,620.958
208,623.950,57.83771596,18.83291212,38.867,122.128,0.359,218.188,261.052,-1.1922,0.0002853,623.959
209,626.949,57.83771178,18.83286223,38.831,119.165,0.324,217.723,261.108,-1.1883,0.0003646,626.959
210,629.949,57.83770763,18.83281233,38.795,116.201,0.288,217.261,261.178,-1.1879,0.0004439,629.959
211,632.949,57.83770352,18.83276242,38.760,113.236,0.252,216.803,261.261,-1.1930,0.0005235,632.959
212,635.949,57.83769945,18.83271249,38.724,110.271,0.216,216.350,261.358,-1.2048,0.0006031,635.959
213,638.949,57.83769543,18.83266256,38.687,107.304,0.180,215.902,261.468,-1.2243,0.0006829,638.959
214,641.949,57.83769146,18.83261260,38.650,104.337,0.143,215.460,261.592,-1.2516,0.0007629,641.959
215,644.949,57.83768756,18.83256263,38.612,101.369,0.105,215.025,261.730,-1.2862,0.0008429,644.959
216,647.949,57.83768372,18.83251265,38.573,98.400,0.066,214.597,261.882,-1.3272,0.0009231,647.959
217,650.949,57.83767995,18.83246264,38.533,95.429,0.025,214.178,262.047,-1.3732,0.0010034,650.960
218,653.948,57.83767627,18.83241261,38.491,92.458,-0.017,213.767,262.227,-1.4224,0.0010838,653.960
219,656.948,57.83767267,18.83236256,38.447,89.485,-0.060,213.367,262.420,-1.4734,0.0011643,656.960
220,659.948,57.83766916,18.83231249,38.402,86.510,-0.105,212.976,262.627,-1.5247,0.0012448,659.960
221,662.948,57.83766576,18.83226239,38.356,83.534,-0.152,212.597,262.848,-1.5753,0.0013248,662.960
222,665.948,57.83766246,18.83221227,38.308,80.557,-0.200,212.229,263.085,-1.6245,0.0013972,665.961
223,668.948,57.83765927,18.83216212,38.258,77.578,-0.249,211.874,263.338,-1.6721,0.0014486,668.961
224,671.948,57.83765621,18.83211194,38.207,74.598,-0.300,211.533,263.605,-1.7180,0.0014648,671.961
225,674.948,57.83765327,18.83206174,38.155,71.616,-0.352,211.205,263.876,-1.7621,0.0014346,674.962
226,677.948,57.83765046,18.83201152,38.102,68.633,-0.406,210.892,264.138,-1.8043,0.0013525,677.962
227,680.947,57.83764777,18.83196127,38.047,65.648,-0.460,210.593,264.379,-1.8444,0.0012197,680.962
228,683.947,57.83764519,18.83191100,37.991,62.662,-0.516,210.305,264.587,-1.8818,0.0010443,683.963
229,686.947,57.83764269,18.83186071,37.934,59.675,-0.573,210.027,264.755,-1.9159,0.0008388,686.963
230,689.947,57.83764026,18.83181041,37.876,56.687,-0.631,209.756,264.882,-1.9460,0.0006179,689.964
231,692.947,57.83763788,18.83176011,37.817,53.699,-0.690,209.491,264.969,-1.9712,0.0003931,692.964
232,695.947,57.83763553,18.83170980,37.758,50.710,-0.749,209.229,265.017,-1.9910,0.0001686,695.965
233,698.947,57.83763319,18.83165949,37.698,47.722,-0.809,208.969,265.026,-2.0052,-0.0000555,698.965
234,701.947,57.83763085,18.83160917,37.638,44.733,-0.870,208.708,264.997,-2.0135,-0.0002790,701.966
235,704.947,57.83762849,18.83155886,37.577,41.745,-0.930,208.445,264.930,-2.0164,-0.0005019,704.966
236,707.946,57.83762609,18.83150856,37.517,38.757,-0.991,208.177,264.824,-2.0142,-0.0007240,707.967
237,710.946,57.83762362,18.83145827,37.456,35.770,-1.051,207.903,264.680,-2.0078,-0.0009451,710.967
238,713.946,57.83762109,18.83140799,37.396,32.783,-1.111,207.621,264.499,-1.9983,-0.0011650,713.968
239,716.946,57.83761845,18.83135773,37.336,29.798,-1.171,207.327,264.279,-1.9871,-0.0013837,716.968
240,719.946,57.83761571,18.83130749,37.277,26.813,-1.230,207.022,264.022,-1.9757,-0.0016008,719.969
241,722.946,57.83761284,18.83125728,37.218,23.831,-1.289,206.702,263.725,-1.9655,-0.0018086,722.969
242,725.946,57.83760982,18.83120709,37.159,20.850,-1.348,206.366,263.387,-1.9581,-0.0019863,725.970
243,728.946,57.83760664,18.83115694,37.100,17.871,-1.407,206.011,263.010,-1.9547,-0.0021084,728.970
244,731.946,57.83760328,18.83110684,37.042,14.894,-1.466,205.637,262.608,-1.9560,-0.0021535,731.970
245,734.945,57.83759972,18.83105678,36.983,11.921,-1.524,205.241,262.201,-1.9625,-0.0021090,734.971
246,737.945,57.83759596,18.83100677,36.924,8.950,-1.583,204.822,261.813,-1.9737,-0.0019739,737.971
247,740.945,57.83759204,18.83095680,36.865,5.982,-1.643,204.385,261.466,-1.9888,-0.0017592,740.972
248,743.945,57.83758797,18.83090688,36.805,3.017,-1.703,203.932,261.172,-2.0063,-0.0014854,743.972
249,746.945,57.83758377,18.83085699,36.744,0.053,-1.763,203.465,260.939,-2.0243,-0.0011778,746.973
250,749.945,57.83757949,18.83080713,36.683,-2.908,-1.824,202.988,260.765,-2.0407,-0.0008593,749.973
251,752.945,57.83757514,18.83075729,36.622,-5.869,-1.885,202.503,260.644,-2.0533,-0.0005407,752.974
252,755.945,57.83757074,18.83070747,36.560,-8.828,-1.947,202.013,260.579,-2.0603,-0.0002221,755.974
253,758.944,57.83756633,18.83065765,36.498,-11.788,-2.009,201.522,260.567,-2.0606,0.0000976,758.975
254,761.944,57.83756192,18.83060782,36.436,-14.747,-2.071,201.031,260.611,-2.0536,0.0004193,761.975
255,764.944,57.83755755,18.83055799,36.375,-17.707,-2.132,200.544,260.710,-2.0400,0.0007439,764.976
256,767.944,57.83755323,18.83050814,36.314,-20.668,-2.193,200.063,260.864,-2.0210,0.0010725,767.976
257,770.944,57.83754900,18.83045827,36.254,-23.631,-2.254,199.592,261.075,-1.9987,0.0014061,770.977
258,773.944,57.83754488,18.83040836,36.194,-26.596,-2.313,199.134,261.343,-1.9756,0.0017456,773.977
259,776.944,57.83754090,18.83035841,36.135,-29.563,-2.372,198.690,261.671,-1.9543,0.0020909,776.978
260,779.944,57.83753709,18.83030841,36.077,-32.532,-2.430,198.266,262.063,-1.9371,0.0024255,779.978
261,782.944,57.83753347,18.83025837,36.019,-35.505,-2.488,197.862,262.525,-1.9257,0.0027138,782.979
262,785.943,57.83753007,18.83020827,35.961,-38.481,-2.546,197.484,263.049,-1.9211,0.0029149,785.979
263,788.943,57.83752693,18.83015811,35.904,-41.460,-2.604,197.134,263.614,-1.9236,0.0029939,788.980
264,791.943,57.83752407,18.83010790,35.846,-44.443,-2.661,196.816,264.187,-1.9326,0.0029308,791.980
265,794.943,57.83752148,18.83005763,35.788,-47.429,-2.720,196.527,264.731,-1.9468,0.0027239,794.980
266,797.943,57.83751914,18.83000732,35.729,-50.418,-2.778,196.266,265.213,-1.9644,0.0023907,797.981
267,800.943,57.83751699,18.82995697,35.670,-53.408,-2.837,196.027,265.609,-1.9834,0.0019640,800.981
268,803.943,57.83751500,18.82990661,35.610,-56.400,-2.897,195.806,265.913,-2.0017,0.0014838,803.982
269,806.943,57.83751314,18.82985623,35.550,-59.392,-2.958,195.598,266.127,-2.0173,0.0009856,806.982
270,809.943,57.83751135,18.82980584,35.489,-62.386,-3.018,195.399,266.253,-2.0288,0.0004854,809.983
271,812.942,57.83750960,18.82975544,35.428,-65.379,-3.079,195.205,266.292,-2.0352,-0.0000130,812.983
272,815.942,57.83750785,18.82970504,35.367,-68.373,-3.140,195.010,266.245,-2.0368,-0.0005061,815.984
273,818.942,57.83750606,18.82965465,35.306,-71.366,-3.201,194.810,266.113,-2.0341,-0.0009908,818.984
274,821.942,57.83750419,18.82960427,35.245,-74.359,-3.262,194.602,265.897,-2.0287,-0.0014640,821.985
275,824.942,57.83750219,18.82955391,35.184,-77.350,-3.323,194.380,265.600,-2.0224,-0.0019227,824.985
276,827.942,57.83750004,18.82950357,35.124,-80.341,-3.384,194.140,265.225,-2.0170,-0.0023641,827.986
277,830.942,57.83749770,18.82945326,35.063,-83.329,-3.444,193.879,264.774,-2.0145,-0.0027854,830.986
278,833.942,57.83749512,18.82940298,35.003,-86.315,-3.505,193.592,264.248,-2.0162,-0.0031714,833.987
279,836.941,57.83749229,18.82935276,34.942,-89.299,-3.565,193.277,263.641,-2.0232,-0.0034648,836.987
280,839.941,57.83748917,18.82930260,34.881,-92.278,-3.626,192.929,262.962,-2.0356,-0.0035914,839.988
281,842.941,57.83748573,18.82925251,34.820,-95.253,-3.687,192.546,262.248,-2.0535,-0.0034860,842.988
282,845.941,57.83748194,18.82920251,34.758,-98.224,-3.749,192.124,261.559,-2.0764,-0.0031094,845.989
283,848.941,57.83747782,18.82915260,34.695,-101.188,-3.812,191.666,260.966,-2.1041,-0.0024564,848.989
284,851.941,57.83747346,18.82910277,34.632,-104.148,-3.876,191.180,260.534,-2.1366,-0.0015560,851.990
285,854.941,57.83746895,18.82905298,34.567,-107.106,-3.940,190.678,260.310,-2.1748,-0.0004628,854.991
286,857.941,57.83746441,18.82900320,34.501,-110.063,-4.006,190.172,260.314,-2.2200,0.0007567,857.991
287,860.940,57.83745993,18.82895340,34.434,-113.021,-4.074,189.673,260.543,-2.2750,0.0020444,860.992
288,863.940,57.83745560,18.82890355,34.364,-115.982,-4.143,189.191,260.990,-2.3432,0.0033778,863.992
289,866.940,57.83745153,18.82885363,34.293,-118.947,-4.215,188.738,261.661,-2.4290,0.0047795,866.993
290,869.940,57.83744783,18.82880361,34.218,-121.919,-4.289,188.326,262.570,-2.5371,0.0062799,869.994
291,872.940,57.83744461,18.82875347,34.140,-124.897,-4.367,187.967,263.737,-2.6723,0.0079089,872.995
292,875.940,57.83744200,18.82870320,34.058,-127.883,-4.449,187.677,265.189,-2.8385,0.0096962,875.996
293,878.940,57.83744014,18.82865282,33.970,-130.876,-4.537,187.470,266.957,-3.0386,0.0116661,878.997
294,881.939,57.83743920,18.82860235,33.875,-133.873,-4.632,187.365,269.080,-3.2733,0.0138318,881.998
295,884.939,57.83743933,18.82855186,33.773,-136.873,-4.734,187.380,271.603,-3.5413,0.0161881,884.999
296,887.938,57.83744075,18.82850143,33.663,-139.868,-4.845,187.538,274.570,-3.8392,0.0186999,888.001
297,890.938,57.83744366,18.82845123,33.543,-142.850,-4.965,187.862,278.031,-4.1610,0.0212609,891.003
298,893.937,57.83744829,18.82840149,33.413,-145.805,-5.094,188.377,282.027,-4.4991,0.0236566,894.005
299,896.936,57.83745484,18.82835251,33.273,-148.714,-5.234,189.107,286.527,-4.8425,0.0256220,897.007
300,899.935,57.83746350,18.82830471,33.123,-151.553,-5.384,190.073,291.410,-5.1770,0.0269117,900.010
301,902.934,57.83747442,18.82825856,32.963,-154.295,-5.544,191.288,296.482,-5.4870,0.0273743,903.013
302,905.933,57.83748755,18.82821448,32.795,-156.913,-5.713,192.750,301.525,-5.7581,0.0270124,906.017
303,908.932,57.83750265,18.82817269,32.619,-159.395,-5.889,194.433,306.347,-5.9787,0.0259793,909.021
304,911.931,57.83751949,18.82813329,32.437,-161.736,-6.071,196.309,310.830,-6.1398,0.0245250,912.026
305,914.930,57.83753785,18.82809634,32.251,-163.931,-6.257,198.353,314.942,-6.2333,0.0229157,915.031
306,917.930,57.83755750,18.82806182,32.063,-165.981,-6.444,200.542,318.726,-6.2524,0.0213657,918.036
307,920.929,57.83757828,18.82802971,31.876,-167.888,-6.632,202.857,322.240,-6.1930,0.0199852,921.041
308,923.929,57.83760005,18.82799996,31.692,-169.655,-6.816,205.281,325.526,-6.0554,0.0187941,924.046
309,926.928,57.83762265,18.82797252,31.513,-171.285,-6.994,207.799,328.622,-5.8431,0.0177922,927.051
310,929.928,57.83764600,18.82794735,31.342,-172.780,-7.166,210.399,331.563,-5.5628,0.0169724,930.055
311,932.927,57.83766999,18.82792441,31.180,-174.143,-7.328,213.071,334.379,-5.2234,0.0163229,933.059
312,935.927,57.83769455,18.82790366,31.029,-175.375,-7.479,215.806,337.100,-4.8354,0.0158343,936.063
313,938.926,57.83771959,18.82788509,30.890,-176.478,-7.618,218.596,339.752,-4.4107,0.0154950,939.066
314,941.926,57.83774507,18.82786870,30.764,-177.452,-7.743,221.433,342.359,-3.9612,0.0152979,942.068
315,944.926,57.83777091,18.82785448,30.652,-178.296,-7.855,224.311,344.946,-3.4986,0.0152365,945.070
316,947.925,57.83779707,18.82784247,30.554,-179.009,-7.953,227.225,347.535,-3.0330,0.0153081,948.071
317,950.925,57.83782349,18.82783269,30.470,-179.590,-8.037,230.168,350.149,-2.5728,0.0155046,951.072
318,953.925,57.83785013,18.82782520,30.400,-180.035,-8.107,233.134,352.811,-2.1235,0.0158171,954.072
319,956.924,57.83787692,18.82782006,30.343,-180.340,-8.164,236.118,355.542,-1.6872,0.0162371,957.072
320,959.924,57.83790382,18.82781735,30.299,-180.501,-8.208,239.113,358.358,-1.2628,0.0167579,960.072
321,962.923,57.83793075,18.82781718,30.268,-180.511,-8.240,242.113,1.273,-0.8458,0.0173781,963.072
322,965.923,57.83795765,18.82781963,30.248,-180.365,-8.259,245.109,4.303,-0.4298,0.0181031,966.071
323,968.922,57.83798444,18.82782480,30.242,-180.058,-8.266,248.093,7.464,-0.0072,0.0189394,969.071
324,971.922,57.83801103,18.82783279,30.248,-179.583,-8.259,251.054,10.779,0.4296,0.0198965,972.070
325,974.921,57.83803732,18.82784371,30.268,-178.934,-8.240,253.983,14.275,0.8863,0.0209698,975.070
326,977.921,57.83806320,18.82785771,30.301,-178.103,-8.206,256.865,18.009,1.3657,0.0220540,978.069
327,980.920,57.83808852,18.82787489,30.349,-177.082,-8.158,259.685,22.019,1.8670,0.0229198,981.069
328,983.919,57.83811313,18.82789539,30.413,-175.864,-8.095,262.426,26.266,2.3842,0.0232878,984.069
329,986.918,57.83813685,18.82791929,30.492,-174.444,-8.015,265.067,30.615,2.9061,0.0229059,987.069
330,989.917,57.83815949,18.82794664,30.587,-172.820,-7.921,267.589,34.857,3.4172,0.0216343,990.070
331,992.917,57.83818098,18.82797705,30.696,-171.013,-7.811,269.983,38.755,3.9002,0.0194940,993.071
332,995.916,57.83820142,18.82800995,30.820,-169.059,-7.687,272.258,42.109,4.3386,0.0166526,996.073
333,998.916,57.83822092,18.82804477,30.956,-166.991,-7.551,274.431,44.797,4.7175,0.0133632,999.076
334,1001.916,57.83823967,18.82808102,31.103,-164.837,-7.404,276.519,46.794,5.0236,0.0099053,1002.079
335,1004.915,57.83825786,18.82811828,31.257,-162.624,-7.250,278.544,48.135,5.2464,0.0065640,1005.083
336,1007.915,57.83827567,18.82815616,31.417,-160.374,-7.090,280.528,48.870,5.3812,0.0035339,1008.087
337,1010.915,57.83829332,18.82819432,31.580,-158.107,-6.927,282.493,49.070,5.4291,0.0009247,1011.091
338,1013.915,57.83831097,18.82823245,31.743,-155.842,-6.765,284.460,48.839,5.3965,-0.0012045,1014.096
339,1016.915,57.83832881,18.82827029,31.903,-153.594,-6.604,286.446,48.291,5.2939,-0.0028523,1017.100
340,1019.915,57.83834689,18.82830773,32.060,-151.371,-6.447,288.460,47.541,5.1346,-0.0040703,1020.104
341,1022.915,57.83836524,18.82834470,32.211,-149.175,-6.296,290.504,46.672,4.9331,-0.0049565,1023.107
342,1025.914,57.83838389,18.82838114,32.355,-147.010,-6.152,292.581,45.728,4.7025,-0.0056371,1026.111
343,1028.914,57.83840286,18.82841699,32.493,-144.880,-6.015,294.693,44.710,4.4533,-0.0062384,1029.114
344,1031.914,57.83842219,18.82845217,32.622,-142.790,-5.885,296.845,43.596,4.1920,-0.0068500,1032.116
345,1034.914,57.83844189,18.82848661,32.744,-140.745,-5.764,299.040,42.375,3.9214,-0.0074951,1035.119
346,1037.914,57.83846199,18.82852021,32.857,-138.749,-5.650,301.279,41.041,3.6405,-0.0081767,1038.121
347,1040.914,57.83848253,18.82855289,32.962,-136.807,-5.545,303.566,39.586,3.3466,-0.0088975,1041.122
348,1043.913,57.83850352,18.82858454,33.058,-134.927,-5.449,305.903,38.004,3.0360,-0.0096582,1044.124
349,1046.913,57.83852498,18.82861505,33.144,-133.116,-5.363,308.294,36.286,2.7063,-0.0104575,1047.125
350,1049.913,57.83854695,18.82864428,33.220,-131.379,-5.287,310.740,34.425,2.3578,-0.0112928,1050.125
351,1052.913,57.83856942,18.82867210,33.286,-129.726,-5.222,313.244,32.414,1.9943,-0.0121580,1053.126
352,1055.912,57.83859243,18.82869838,33.340,-128.166,-5.167,315.805,30.247,1.6235,-0.0130428,1056.126
353,1058.912,57.83861596,18.82872294,33.383,-126.707,-5.124,318.426,27.919,1.2566,-0.0139284,1059.126
354,1061.912,57.83864002,18.82874563,33.416,-125.359,-5.092,321.106,25.419,0.9066,-0.0147615,1062.126
355,1064.911,57.83866460,18.82876627,33.438,-124.132,-5.069,323.844,22.753,0.5869,-0.0154699,1065.126
356,1067.911,57.83868967,18.82878470,33.451,-123.037,-5.056,326.636,19.949,0.3093,-0.0159865,1068.125
357,1070.910,57.83871521,18.82880076,33.457,-122.084,-5.051,329.480,17.058,0.0825,-0.0162657,1071.125
358,1073.910,57.83874115,18.82881431,33.456,-121.279,-5.051,332.370,14.144,-0.0891,-0.0162956,1074.124
359,1076.910,57.83876743,18.82882536,33.452,-120.622,-5.056,335.296,11.267,-0.2060,-0.0161023,1077.124
360,1079.909,57.83879397,18.82883398,33.444,-120.110,-5.063,338.252,8.473,-0.2729,-0.0157431,1080.123
361,1082.909,57.83882070,18.82884023,33.435,-119.739,-5.072,341.229,5.783,-0.2981,-0.0152920,1083.123
362,1085.908,57.83884755,18.82884417,33.426,-119.505,-5.081,344.219,3.194,-0.2917,-0.0148200,1086.123
363,1088.908,57.83887446,18.82884587,33.418,-119.404,-5.089,347.217,0.689,-0.2644,-0.0143762,1089.122
364,1091.908,57.83890140,18.82884540,33.411,-119.432,-5.097,350.216,358.259,-0.2264,-0.0139726,1092.122
365,1094.907,57.83892829,18.82884282,33.405,-119.585,-5.103,353.212,355.897,-0.1857,-0.0136126,1095.122
366,1097.907,57.83895511,18.82883818,33.400,-119.860,-5.107,356.199,353.593,-0.1484,-0.0132989,1098.121
367,1100.907,57.83898181,18.82883156,33.396,-120.253,-5.111,359.173,351.340,-0.1183,-0.0130321,1101.121
368,1103.906,57.83900836,18.82882299,33.393,-120.762,-5.115,362.129,349.130,-0.0971,-0.0128129,1104.121
369,1106.906,57.83903471,18.82881252,33.390,-121.384,-5.117,365.064,346.953,-0.0855,-0.0126419,1107.121
370,1109.906,57.83906082,18.82880019,33.388,-122.116,-5.120,367.973,344.803,-0.0832,-0.0125194,1110.120
371,1112.906,57.83908668,18.82878605,33.385,-122.956,-5.122,370.853,342.669,-0.0896,-0.0124457,1113.120
372,1115.905,57.83911224,18.82877011,33.382,-123.903,-5.125,373.699,340.539,-0.1045,-0.0124054,1116.120
373,1118.905,57.83913746,18.82875241,33.379,-124.954,-5.129,376.508,338.394,-0.1275,-0.0123394,1119.119
374,1121.905,57.83916232,18.82873296,33.374,-126.109,-5.133,379.277,336.230,-0.1585,-0.0121645,1122.119
375,1124.904,57.83918677,18.82871178,33.369,-127.367,-5.138,382.000,334.074,-0.1972,-0.0117993,1125.119
376,1127.904,57.83921078,18.82868889,33.363,-128.727,-5.145,384.674,331.978,-0.2432,-0.0111846,1128.119
377,1130.904,57.83923432,18.82866436,33.355,-130.184,-5.153,387.296,330.011,-0.2953,-0.0102975,1131.118
378,1133.904,57.83925742,18.82863839,33.345,-131.726,-5.163,389.869,328.242,-0.3520,-0.0091549,1134.118
379,1136.903,57.83928012,18.82861120,33.333,-133.341,-5.174,392.397,326.724,-0.4111,-0.0078087,1137.118
380,1139.903,57.83930246,18.82858300,33.320,-135.016,-5.187,394.886,325.484,-0.4701,-0.0063314,1140.118
381,1142.903,57.83932452,18.82855402,33.305,-136.737,-5.202,397.343,324.522,-0.5258,-0.0047950,1143.118
382,1145.903,57.83934635,18.82852444,33.289,-138.494,-5.219,399.774,323.827,-0.5751,-0.0032424,1146.118
383,1148.903,57.83936803,18.82849446,33.271,-140.275,-5.237,402.188,323.398,-0.6148,-0.0016764,1149.118
384,1151.903,57.83938963,18.82846428,33.252,-142.068,-5.255,404.594,323.238,-0.6421,-0.0000915,1152.117
385,1154.903,57.83941121,18.82843407,33.232,-143.861,-5.275,406.998,323.350,-0.6544,0.0015194,1155.117
386,1157.903,57.83943287,18.82840405,33.213,-145.645,-5.295,409.410,323.738,-0.6499,0.0031648,1158.117
387,1160.902,57.83945468,18.82837440,33.194,-147.406,-5.314,411.839,324.411,-0.6274,0.0048502,1161.117
388,1163.902,57.83947670,18.82834533,33.175,-149.132,-5.332,414.292,325.377,-0.5862,0.0065788,1164.117
389,1166.902,57.83949903,18.82831708,33.158,-150.810,-5.349,416.779,326.648,-0.5266,0.0083460,1167.117
390,1169.902,57.83952172,18.82828987,33.144,-152.426,-5.364,419.306,328.232,-0.4495,0.0101404,1170.117
391,1172.902,57.83954484,18.82826397,33.132,-153.965,-5.376,421.881,330.144,-0.3561,0.0119164,1173.117
392,1175.901,57.83956844,18.82823964,33.122,-155.410,-5.385,424.510,332.401,-0.2485,0.0135597,1176.116
393,1178.901,57.83959257,18.82821718,33.117,-156.744,-5.391,427.197,334.988,-0.1290,0.0149233,1179.116
394,1181.901,57.83961723,18.82819687,33.115,-157.950,-5.393,429.943,337.837,-0.0007,0.0158739,1182.116
395,1184.900,57.83964242,18.82817901,33.117,-159.010,-5.391,432.749,340.836,0.1333,0.0163280,1185.115
396,1187.900,57.83966809,18.82816377,33.123,-159.916,-5.385,435.609,343.854,0.2692,0.0162758,1188.115
397,1190.899,57.83969416,18.82815106,33.133,-160.670,-5.374,438.512,346.771,0.4029,0.0157840,1191.114
398,1193.899,57.83972052,18.82814075,33.147,-161.283,-5.360,441.448,349.503,0.5306,0.0149792,1194.114
399,1196.898,57.83974711,18.82813267,33.165,-161.763,-5.343,444.409,352.018,0.6485,0.0140124,1197.114
400,1199.898,57.83977385,18.82812668,33.186,-162.118,-5.322,447.388,354.329,0.7536,0.0130220,1200.113
401,1202.898,57.83980070,18.82812264,33.210,-162.358,-5.298,450.378,356.468,0.8434,0.0120870,1203.113
402,1205.898,57.83982761,18.82812041,33.236,-162.490,-5.271,453.375,358.451,0.9163,0.0112219,1206.113
403,1208.897,57.83985454,18.82811987,33.265,-162.523,-5.243,456.374,0.289,0.9719,0.0104265,1209.113
404,1211.897,57.83988147,18.82812088,33.295,-162.462,-5.213,459.373,1.998,1.0108,0.0096990,1212.113
405,1214.897,57.83990837,18.82812335,33.325,-162.316,-5.182,462.369,3.587,1.0344,0.0090364,1215.113
406,1217.897,57.83993523,18.82812716,33.356,-162.089,-5.151,465.361,5.069,1.0446,0.0084341,1218.113
407,1220.897,57.83996202,18.82813224,33.388,-161.787,-5.120,468.345,6.454,1.0433,0.0078876,1221.113
408,1223.896,57.83998875,18.82813849,33.419,-161.416,-5.088,471.322,7.751,1.0324,0.0073919,1224.113
409,1226.896,57.84001540,18.82814583,33.450,-160.980,-5.058,474.290,8.968,1.0129,0.0069423,1227.113
410,1229.896,57.84004196,18.82815420,33.480,-160.482,-5.028,477.248,10.113,0.9852,0.0065326,1230.113
411,1232.896,57.84006843,18.82816354,33.509,-159.928,-4.999,480.196,11.195,0.9487,0.0061497,1233.113
412,1235.896,57.84009481,18.82817379,33.536,-159.319,-4.971,483.134,12.219,0.9020,0.0057781,1236.113
413,1238.896,57.84012108,18.82818488,33.563,-158.660,-4.945,486.060,13.186,0.8432,0.0054005,1239.113
414,1241.895,57.84014726,18.82819679,33.587,-157.952,-4.921,488.976,14.093,0.7703,0.0050010,1242.113
415,1244.895,57.84017333,18.82820945,33.609,-157.200,-4.899,491.880,14.932,0.6816,0.0045675,1245.113
416,1247.895,57.84019931,18.82822280,33.628,-156.407,-4.880,494.773,15.694,0.5765,0.0040928,1248.112
417,1250.895,57.84022520,18.82823675,33.643,-155.578,-4.864,497.656,16.369,0.4557,0.0035759,1251.112
418,1253.895,57.84025100,18.82825124,33.655,-154.718,-4.852,500.530,16.948,0.3212,0.0030206,1254.112
419,1256.895,57.84027673,18.82826617,33.663,-153.831,-4.845,503.396,17.427,0.1767,0.0024347,1257.112
420,1259.895,57.84030240,18.82828146,33.666,-152.923,-4.842,506.255,17.801,0.0270,0.0018248,1260.112
421,1262.895,57.84032803,18.82829702,33.664,-151.998,-4.843,509.109,18.067,-0.1219,0.0011954,1263.112
422,1265.894,57.84035362,18.82831275,33.658,-151.064,-4.849,511.959,18.222,-0.2641,0.0005511,1266.112
423,1268.894,57.84037920,18.82832857,33.648,-150.124,-4.859,514.808,18.263,-0.3935,-0.0001032,1269.112
424,1271.894,57.84040479,18.82834438,33.635,-149.185,-4.873,517.657,18.190,-0.5050,-0.0007625,1272.112
425,1274.894,57.84043039,18.82836007,33.618,-148.253,-4.889,520.509,18.001,-0.5946,-0.0014219,1275.112
426,1277.894,57.84045602,18.82837556,33.599,-147.333,-4.908,523.364,17.698,-0.6597,-0.0020760,1278.111
427,1280.894,57.84048171,18.82839075,33.579,-146.431,-4.929,526.225,17.280,-0.6993,-0.0027195,1281.111
428,1283.894,57.84050747,18.82840553,33.557,-145.552,-4.950,529.093,16.749,-0.7138,-0.0033354,1284.111
429,1286.894,57.84053330,18.82841983,33.536,-144.703,-4.971,531.970,16.095,-0.7052,-0.0038653,1287.111
430,1289.893,57.84055922,18.82843354,33.515,-143.889,-4.992,534.858,15.327,-0.6767,-0.0042313,1290.111
431,1292.893,57.84058525,18.82844658,33.496,-143.114,-5.012,537.756,14.482,-0.6321,-0.0043635,1293.111
432,1295.893,57.84061137,18.82845887,33.477,-142.384,-5.030,540.666,13.619,-0.5759,-0.0042188,1296.111
433,1298.893,57.84063760,18.82847036,33.461,-141.701,-5.046,543.587,12.812,-0.5129,-0.0037905,1299.111
434,1301.893,57.84066391,18.82848120,33.447,-141.057,-5.061,546.517,12.129,-0.4475,-0.0031102,1302.111
435,1304.893,57.84069027,18.82849155,33.434,-140.442,-5.073,549.453,11.620,-0.3836,-0.0022402,1305.111
436,1307.893,57.84071667,18.82850157,33.424,-139.847,-5.084,552.393,11.307,-0.3244,-0.0012596,1308.111
437,1310.893,57.84074309,18.82851140,33.415,-139.263,-5.093,555.335,11.183,-0.2719,-0.0002443,1311.111
438,1313.892,57.84076951,18.82852121,33.407,-138.681,-5.100,558.278,11.233,-0.2272,0.0007607,1314.111
439,1316.892,57.84079592,18.82853113,33.401,-138.091,-5.106,561.220,11.452,-0.1903,0.0017538,1317.110
440,1319.892,57.84082230,18.82854131,33.396,-137.486,-5.111,564.158,11.839,-0.1602,0.0027412,1320.110
441,1322.892,57.84084864,18.82855190,33.392,-136.857,-5.116,567.091,12.394,-0.1352,0.0037282,1323.110
442,1325.892,57.84087491,18.82856304,33.388,-136.196,-5.119,570.017,13.118,-0.1135,0.0047193,1326.110
443,1328.892,57.84090110,18.82857487,33.385,-135.493,-5.123,572.933,14.013,-0.0925,0.0057170,1329.110
444,1331.892,57.84092717,18.82858754,33.382,-134.740,-5.125,575.837,15.080,-0.0703,0.0067216,1332.110
445,1334.892,57.84095310,18.82860120,33.381,-133.929,-5.127,578.725,16.322,-0.0451,0.0077310,1335.110
446,1337.891,57.84097886,18.82861597,33.380,-133.051,-5.128,581.594,17.740,-0.0156,0.0087405,1338.109
447,1340.891,57.84100440,18.82863201,33.380,-132.099,-5.128,584.438,19.326,0.0186,0.0097744,1341.109
448,1343.891,57.84102968,18.82864945,33.381,-131.063,-5.127,587.254,21.041,0.0572,0.0109969,1344.109
449,1346.891,57.84105464,18.82866842,33.383,-129.936,-5.124,590.034,22.868,0.0989,0.0127219,1347.109
450,1349.890,57.84107923,18.82868903,33.387,-128.712,-5.121,592.772,24.859,0.1418,0.0154152,1350.108
451,1352.890,57.84110338,18.82871139,33.391,-127.384,-5.116,595.462,27.185,0.1834,0.0196664,1353.108
452,1355.890,57.84112698,18.82873570,33.398,-125.939,-5.110,598.091,30.260,0.2211,0.0258831,1356.108
453,1358.889,57.84114976,18.82876265,33.405,-124.339,-5.103,600.627,34.833,0.2532,0.0339380,1359.107
454,1361.887,57.84117120,18.82879319,33.413,-122.525,-5.094,603.015,41.626,0.2793,0.0434997,1362.106
455,1364.884,57.84119041,18.82882852,33.422,-120.426,-5.086,605.155,51.048,0.2990,0.0538711,1365.103
456,1367.878,57.84120579,18.82886986,33.431,-117.971,-5.077,606.868,62.967,0.3104,0.0630122,1368.096
457,1370.870,57.84121532,18.82891695,33.440,-115.174,-5.068,607.929,76.521,0.3106,0.0673536,1371.088
458,1373.861,57.84121812,18.82896704,33.449,-112.199,-5.059,608.241,90.236,0.2987,0.0646631,1374.079
459,1376.855,57.84121441,18.82901696,33.457,-109.234,-5.050,607.828,102.608,0.2787,0.0566919,1377.073
460,1379.851,57.84120549,18.82906455,33.465,-106.408,-5.042,606.834,112.728,0.2558,0.0469548,1380.069
461,1382.849,57.84119301,18.82910927,33.473,-103.751,-5.035,605.444,120.397,0.2334,0.0375724,1383.067
462,1385.848,57.84117813,18.82915136,33.479,-101.252,-5.028,603.787,125.911,0.2122,0.0292320,1386.066
463,1388.847,57.84116160,18.82919123,33.485,-98.884,-5.022,601.946,129.786,0.1925,0.0222223,1389.066
464,1391.847,57.84114390,18.82922929,33.491,-96.623,-5.016,599.974,132.583,0.1746,0.0167001,1392.065
465,1394.847,57.84112533,18.82926588,33.496,-94.450,-5.011,597.907,134.694,0.1590,0.0125403,1395.065
466,1397.846,57.84110613,18.82930130,33.500,-92.346,-5.007,595.768,136.303,0.1462,0.0093672,1398.065
467,1400.846,57.84108646,18.82933580,33.505,-90.297,-5.003,593.577,137.519,0.1361,0.0068394,1401.064
468,1403.846,57.84106647,18.82936964,33.509,-88.287,-4.999,591.350,138.409,0.1289,0.0046975,1404.064
469,1406.846,57.84104624,18.82940300,33.512,-86.306,-4.995,589.098,139.009,0.1244,0.0027544,1407.064
470,1409.846,57.84102587,18.82943603,33.516,-84.344,-4.991,586.828,139.326,0.1223,0.0008828,1410.064
471,1412.846,57.84100543,18.82946893,33.520,-82.390,-4.988,584.552,139.344,0.1220,-0.0009901,1413.064
472,1415.846,57.84098502,18.82950190,33.523,-80.432,-4.984,582.279,139.030,0.1231,-0.0028817,1416.064
473,1418.845,57.84096477,18.82953519,33.527,-78.455,-4.980,580.023,138.341,0.1248,-0.0047021,1419.064
474,1421.845,57.84094478,18.82956905,33.531,-76.444,-4.976,577.797,137.253,0.1262,-0.0062103,1422.064
475,1424.845,57.84092518,18.82960369,33.535,-74.387,-4.973,575.614,135.830,0.1263,-0.0071337,1425.063
476,1427.845,57.84090608,18.82963929,33.538,-72.272,-4.969,573.486,134.231,0.1243,-0.0072731,1428.063
477,1430.845,57.84088756,18.82967597,33.542,-70.093,-4.965,571.424,132.669,0.1191,-0.0065504,1431.063
478,1433.844,57.84086961,18.82971363,33.546,-67.856,-4.962,569.425,131.362,0.1101,-0.0050162,1434.063
479,1436.844,57.84085204,18.82975191,33.549,-65.583,-4.959,567.468,130.485,0.0970,-0.0028228,1437.063
480,1439.844,57.84083465,18.82979047,33.551,-63.293,-4.956,565.531,130.134,0.0796,-0.0001707,1440.062
481,1442.844,57.84081726,18.82982904,33.554,-61.002,-4.954,563.594,130.328,0.0583,0.0027455,1443.062
482,1445.844,57.84079970,18.82986735,33.555,-58.726,-4.952,561.639,131.036,0.0340,0.0057905,1446.062
483,1448.844,57.84078181,18.82990511,33.556,-56.484,-4.952,559.646,132.270,0.0081,0.0088571,1449.062
484,1451.844,57.84076342,18.82994200,33.555,-54.293,-4.952,557.598,134.089,-0.0176,0.0118209,1452.062
485,1454.843,57.84074434,18.82997765,33.555,-52.175,-4.953,555.473,136.507,-0.0412,0.0144873,1455.062
486,1457.843,57.84072441,18.83001162,33.553,-50.158,-4.954,553.253,139.455,-0.0607,0.0166389,1458.061
487,1460.842,57.84070347,18.83004336,33.551,-48.273,-4.956,550.920,142.785,-0.0744,0.0180899,1461.060
488,1463.842,57.84068150,18.83007257,33.549,-46.538,-4.959,548.474,146.300,-0.0810,0.0187455,1464.060
489,1466.841,57.84065862,18.83009920,33.546,-44.956,-4.961,545.925,149.802,-0.0802,0.0186345,1467.059
490,1469.841,57.84063494,18.83012326,33.544,-43.527,-4.964,543.288,153.135,-0.0724,0.0179034,1470.059
491,1472.840,57.84061058,18.83014481,33.542,-42.247,-4.966,540.575,156.221,-0.0587,0.0167628,1473.058
492,1475.840,57.84058567,18.83016400,33.540,-41.107,-4.967,537.801,159.047,-0.0408,0.0154147,1476.058
493,1478.839,57.84056030,18.83018096,33.539,-40.100,-4.968,534.975,161.608,-0.0210,0.0139684,1479.058
494,1481.839,57.84053458,18.83019591,33.539,-39.212,-4.968,532.110,163.898,-0.0014,0.0124745,1482.057
495,1484.839,57.84050857,18.83020903,33.539,-38.433,-4.968,529.213,165.915,0.0160,0.0109712,1485.057
496,1487.838,57.84048234,18.83022055,33.540,-37.749,-4.967,526.292,167.664,0.0296,0.0094881,1488.057
497,1490.838,57.84045595,18.83023067,33.541,-37.147,-4.966,523.354,169.156,0.0385,0.0080432,1491.057
498,1493.838,57.84042945,18.83023962,33.542,-36.616,-4.965,520.401,170.400,0.0425,0.0066470,1494.056
499,1496.838,57.84040285,18.83024759,33.544,-36.143,-4.964,517.439,171.408,0.0420,0.0053016,1497.056
500,1499.838,57.84037619,18.83025478,33.545,-35.716,-4.963,514.470,172.191,0.0379,0.0040051,1500.056
501,1502.838,57.84034948,18.83026138,33.546,-35.323,-4.962,511.495,172.756,0.0312,0.0027583,1503.056
502,1505.838,57.84032275,18.83026758,33.547,-34.955,-4.961,508.518,173.100,0.0233,0.0015928,1506.056
503,1508.837,57.84029601,18.83027355,33.547,-34.600,-4.960,505.539,173.231,0.0152,0.0005588,1509.056
504,1511.837,57.84026926,18.83027948,33.548,-34.248,-4.960,502.560,173.173,0.0077,-0.0002944,1512.056
505,1514.837,57.84024252,18.83028554,33.548,-33.888,-4.960,499.582,172.972,0.0014,-0.0009331,1515.055
506,1517.837,57.84021580,18.83029187,33.548,-33.513,-4.960,496.606,172.680,-0.0034,-0.0013474,1518.055
507,1520.837,57.84018909,18.83029849,33.547,-33.120,-4.960,493.632,172.355,-0.0065,-0.0015545,1521.055
508,1523.837,57.84016241,18.83030537,33.547,-32.711,-4.960,490.660,172.036,-0.0081,-0.0015962,1524.055
509,1526.837,57.84013574,18.83031250,33.547,-32.287,-4.960,487.690,171.749,-0.0082,-0.0015300,1527.055
510,1529.837,57.84010910,18.83031987,33.547,-31.850,-4.961,484.722,171.493,-0.0073,-0.0014154,1530.055
511,1532.837,57.84008247,18.83032744,33.547,-31.400,-4.961,481.756,171.260,-0.0056,-0.0012933,1533.055
512,1535.836,57.84005585,18.83033521,33.546,-30.939,-4.961,478.792,171.048,-0.0036,-0.0011713,1536.055
513,1538.836,57.84002925,18.83034315,33.546,-30.467,-4.961,475.830,170.857,-0.0020,-0.0010494,1539.055
514,1541.836,57.84000267,18.83035125,33.546,-29.986,-4.961,472.868,170.687,-0.0014,-0.0009272,1542.054
515,1544.836,57.83997609,18.83035949,33.546,-29.496,-4.961,469.909,170.538,-0.0025,-0.0008047,1545.054
516,1547.836,57.83994953,18.83036785,33.546,-29.000,-4.961,466.950,170.410,-0.0058,-0.0006815,1548.054
517,1550.836,57.83992297,18.83037632,33.546,-28.497,-4.961,463.993,170.303,-0.0115,-0.0005575,1551.054
518,1553.836,57.83989643,18.83038486,33.545,-27.989,-4.962,461.036,170.218,-0.0192,-0.0004325,1554.054
519,1556.836,57.83986989,18.83039347,33.545,-27.478,-4.963,458.080,170.154,-0.0281,-0.0003063,1557.054
520,1559.836,57.83984335,18.83040213,33.544,-26.964,-4.964,455.125,170.113,-0.0368,-0.0001818,1560.054
521,1562.835,57.83981682,18.83041081,33.543,-26.448,-4.965,452.169,170.096,-0.0433,-0.0000705,1563.054
522,1565.835,57.83979028,18.83041951,33.541,-25.932,-4.966,449.214,170.104,-0.0452,0.0000122,1566.054
523,1568.835,57.83976375,18.83042819,33.540,-25.416,-4.967,446.259,170.130,-0.0398,0.0000520,1569.053
524,1571.835,57.83973721,18.83043683,33.539,-24.903,-4.968,443.303,170.162,-0.0243,0.0000391,1572.053
525,1574.835,57.83971067,18.83044544,33.539,-24.391,-4.969,440.348,170.186,0.0040,-0.0000292,1575.053
526,1577.835,57.83968413,18.83045404,33.539,-23.881,-4.968,437.391,170.189,0.0471,-0.0001483,1578.053
527,1580.835,57.83965759,18.83046265,33.542,-23.369,-4.966,434.435,170.161,0.1067,-0.0003072,1581.053
528,1583.835,57.83963105,18.83047131,33.546,-22.855,-4.962,431.480,170.096,0.1834,-0.0004905,1584.053
529,1586.835,57.83960452,18.83048004,33.553,-22.337,-4.955,428.525,169.995,0.2773,-0.0006831,1587.053
530,1589.834,57.83957800,18.83048887,33.563,-21.812,-4.945,425.571,169.860,0.3873,-0.0008754,1590.053
531,1592.834,57.83955149,18.83049783,33.576,-21.280,-4.931,422.619,169.693,0.5114,-0.0010653,1593.053
532,1595.834,57.83952500,18.83050695,33.593,-20.738,-4.914,419.669,169.492,0.6470,-0.0012517,1596.053
533,1598.834,57.83949853,18.83051626,33.615,-20.185,-4.893,416.720,169.259,0.7909,-0.0014336,1599.053
534,1601.834,57.83947208,18.83052578,33.641,-19.619,-4.867,413.774,168.995,0.9395,-0.0016098,1602.053
535,1604.834,57.83944565,18.83053555,33.671,-19.039,-4.836,410.831,168.701,1.0893,-0.0017795,1605.053
536,1607.834,57.83941925,18.83054558,33.706,-18.443,-4.801,407.891,168.379,1.2370,-0.0019418,1608.053
537,1610.834,57.83939288,18.83055591,33.745,-17.830,-4.762,404.954,168.028,1.3801,-0.0020958,1611.053
538,1613.833,57.83936655,18.83056654,33.789,-17.199,-4.718,402.022,167.652,1.5166,-0.0022417,1614.053
539,1616.833,57.83934026,18.83057751,33.836,-16.547,-4.671,399.093,167.255,1.6453,-0.0023900,1617.053
540,1619.833,57.83931401,18.83058884,33.888,-15.874,-4.620,396.170,166.840,1.7658,-0.0025613,1620.054
541,1622.833,57.83928781,18.83060054,33.942,-15.179,-4.565,393.251,166.403,1.8785,-0.0027783,1623.054
542,1625.833,57.83926166,18.83061262,34.000,-14.462,-4.507,390.339,165.932,1.9840,-0.0030608,1626.054
543,1628.833,57.83923556,18.83062511,34.061,-13.720,-4.446,387.432,165.410,2.0833,-0.0034212,1629.055
544,1631.833,57.83920953,18.83063807,34.125,-12.950,-4.382,384.533,164.816,2.1772,-0.0038634,1632.055
545,1634.833,57.83918357,18.83065158,34.192,-12.148,-4.315,381.642,164.134,2.2666,-0.0043823,1635.056
546,1637.832,57.83915771,18.83066571,34.261,-11.309,-4.246,378.762,163.348,2.3518,-0.0049665,1638.057
547,1640.832,57.83913197,18.83068055,34.333,-10.427,-4.174,375.895,162.454,2.4327,-0.0056030,1641.057
548,1643.832,57.83910636,18.83069619,34.407,-9.498,-4.100,373.042,161.447,2.5088,-0.0062826,1644.058
549,1646.832,57.83908091,18.83071272,34.483,-8.516,-4.024,370.208,160.323,2.5789,-0.0070076,1647.059
550,1649.832,57.83905564,18.83073024,34.562,-7.475,-3.946,367.394,159.071,2.6419,-0.0077862,1650.060
551,1652.832,57.83903060,18.83074884,34.642,-6.371,-3.866,364.605,157.683,2.6965,-0.0086255,1653.061
552,1655.831,57.83900582,18.83076863,34.723,-5.195,-3.784,361.845,156.146,2.7414,-0.0095324,1656.062
553,1658.831,57.83898135,18.83078973,34.806,-3.942,-3.701,359.120,154.448,2.7759,-0.0105121,1659.063
554,1661.831,57.83895724,18.83081224,34.890,-2.605,-3.617,356.434,152.574,2.7996,-0.0115675,1662.063
555,1664.831,57.83893356,18.83083629,34.974,-1.176,-3.533,353.797,150.510,2.8129,-0.0126970,1665.064
556,1667.830,57.83891038,18.83086200,35.059,0.351,-3.449,351.215,148.241,2.8165,-0.0138943,1668.065
557,1670.830,57.83888778,18.83088948,35.143,1.983,-3.364,348.698,145.749,2.8115,-0.0151341,1671.066
558,1673.830,57.83886587,18.83091886,35.227,3.728,-3.280,346.259,143.007,2.7991,-0.0163274,1674.067
559,1676.829,57.83884477,18.83095024,35.311,5.592,-3.196,343.908,140.014,2.7805,-0.0173463,1677.068
560,1679.829,57.83882459,18.83098368,35.394,7.579,-3.113,341.661,136.808,2.7562,-0.0180576,1680.068
561,1682.828,57.83880548,18.83101926,35.476,9.692,-3.031,339.532,133.474,2.7264,-0.0183594,1683.069
562,1685.828,57.83878755,18.83105694,35.557,11.930,-2.950,337.535,130.123,2.6916,-0.0182065,1686.069
563,1688.827,57.83877082,18.83109651,35.638,14.281,-2.870,335.672,126.869,2.6526,-0.0176255,1689.070
564,1691.827,57.83875528,18.83113775,35.717,16.730,-2.791,333.941,123.803,2.6109,-0.0167034,1692.070
565,1694.826,57.83874087,18.83118042,35.794,19.264,-2.713,332.336,120.974,2.5681,-0.0155657,1695.071
566,1697.826,57.83872755,18.83122430,35.871,21.871,-2.637,330.852,118.390,2.5265,-0.0143409,1698.072
567,1700.826,57.83871524,18.83126923,35.946,24.540,-2.562,329.482,116.033,2.4881,-0.0131217,1701.072
568,1703.825,57.83870389,18.83131502,36.020,27.260,-2.487,328.217,113.891,2.4552,-0.0119413,1704.073
569,1706.825,57.83869340,18.83136154,36.093,30.023,-2.414,327.050,111.952,2.4296,-0.0108148,1707.074
570,1709.825,57.83868373,18.83140867,36.166,32.822,-2.342,325.972,110.205,2.4123,-0.0097493,1710.074
571,1712.825,57.83867478,18.83145630,36.238,35.652,-2.269,324.975,108.637,2.4032,-0.0087473,1713.075
572,1715.824,57.83866649,18.83150435,36.310,38.506,-2.197,324.052,107.235,2.4005,-0.0078070,1716.076
573,1718.824,57.83865879,18.83155275,36.382,41.381,-2.125,323.195,105.988,2.4015,-0.0069248,1719.076
574,1721.824,57.83865163,18.83160144,36.454,44.272,-2.053,322.397,104.886,2.4026,-0.0060939,1722.077
575,1724.824,57.83864493,18.83165036,36.526,47.178,-1.981,321.651,103.920,2.4000,-0.0053070,1725.078
576,1727.824,57.83863865,18.83169946,36.598,50.095,-1.909,320.951,103.084,2.3900,-0.0045567,1728.078
577,1730.824,57.83863271,18.83174873,36.669,53.021,-1.838,320.291,102.373,2.3702,-0.0038386,1731.079
578,1733.823,57.83862708,18.83179812,36.740,55.955,-1.767,319.664,101.782,2.3389,-0.0031506,1734.080
579,1736.823,57.83862170,18.83184760,36.810,58.894,-1.698,319.064,101.308,2.2962,-0.0024912,1737.081
580,1739.823,57.83861650,18.83189716,36.878,61.838,-1.629,318.485,100.944,2.2431,-0.0018575,1740.081
581,1742.823,57.83861145,18.83194677,36.944,64.785,-1.563,317.923,100.685,2.1814,-0.0012448,1743.082
582,1745.823,57.83860650,18.83199641,37.009,67.733,-1.499,317.371,100.527,2.1133,-0.0006471,1746.082
583,1748.823,57.83860159,18.83204607,37.071,70.683,-1.436,316.824,100.468,2.0407,-0.0000570,1749.083
584,1751.823,57.83859669,18.83209573,37.131,73.633,-1.376,316.279,100.506,1.9652,0.0005334,1752.083
585,1754.823,57.83859175,18.83214538,37.189,76.582,-1.319,315.729,100.644,1.8877,0.0011309,1755.084
586,1757.823,57.83858672,18.83219499,37.244,79.529,-1.263,315.169,100.887,1.8091,0.0017393,1758.084
587,1760.822,57.83858156,18.83224456,37.297,82.473,-1.210,314.594,101.236,1.7299,0.0023575,1761.085
588,1763.822,57.83857621,18.83229406,37.348,85.413,-1.159,313.998,101.693,1.6511,0.0029823,1764.085
589,1766.822,57.83857063,18.83234347,37.397,88.348,-1.111,313.376,102.259,1.5742,0.0036106,1767.085
590,1769.822,57.83856476,18.83239276,37.443,91.276,-1.065,312.723,102.935,1.5017,0.0042379,1770.085
591,1772.822,57.83855855,18.83244190,37.487,94.195,-1.021,312.032,103.720,1.4363,0.0048593,1773.086
592,1775.822,57.83855196,18.83249087,37.529,97.104,-0.978,311.298,104.613,1.3811,0.0054696,1776.086
593,1778.822,57.83854495,18.83253963,37.570,100.000,-0.938,310.516,105.612,1.3391,0.0060627,1779.086
594,1781.822,57.83853745,18.83258814,37.609,102.882,-0.898,309.682,106.715,1.3123,0.0066314,1782.086
595,1784.821,57.83852944,18.83263636,37.648,105.746,-0.859,308.789,107.925,1.3013,0.0071325,1785.086
596,1787.821,57.83852087,18.83268424,37.687,108.590,-0.820,307.835,109.254,1.3053,0.0074548,1788.086
597,1790.821,57.83851171,18.83273173,37.727,111.410,-0.781,306.815,110.675,1.3215,0.0074672,1791.086
598,1793.821,57.83850192,18.83277878,37.767,114.205,-0.741,305.725,112.115,1.3456,0.0070624,1794.086
599,1796.821,57.83849149,18.83282534,37.807,116.971,-0.700,304.563,113.464,1.3720,0.0061846,1797.086
600,1799.820,57.83848046,18.83287142,37.849,119.708,-0.658,303.335,114.600,1.3950,0.0048430,1800.086
601,1802.820,57.83846903,18.83291714,37.891,122.424,-0.616,302.061,115.414,1.4087,0.0031083,1803.087
602,1805.820,57.83845735,18.83296265,37.933,125.127,-0.574,300.761,115.837,1.4078,0.0010951,1806.087
603,1808.820,57.83844559,18.83300809,37.975,127.826,-0.532,299.451,115.849,1.3882,-0.0010635,1809.087
604,1811.820,57.83843391,18.83305360,38.017,130.530,-0.491,298.151,115.467,1.3469,-0.0032512,1812.087
605,1814.820,57.83842248,18.83309933,38.056,133.246,-0.451,296.878,114.711,1.2829,-0.0054053,1815.087
606,1817.820,57.83841144,18.83314540,38.094,135.982,-0.414,295.649,113.575,1.1967,-0.0074905,1818.087
607,1820.819,57.83840097,18.83319193,38.128,138.746,-0.379,294.482,112.067,1.0905,-0.0094647,1821.087
608,1823.819,57.83839123,18.83323901,38.159,141.543,-0.348,293.397,110.213,0.9682,-0.0113009,1824.087
609,1826.819,57.83838238,18.83328671,38.186,144.376,-0.321,292.412,108.056,0.8347,-0.0130053,1827.087
610,1829.819,57.83837459,18.83333505,38.209,147.248,-0.298,291.545,105.641,0.6962,-0.0146268,1830.087
611,1832.818,57.83836795,18.83338399,38.228,150.155,-0.280,290.806,102.996,0.5594,-0.0162598,1833.087
612,1835.818,57.83836257,18.83343347,38.243,153.094,-0.265,290.206,100.117,0.4310,-0.0180341,1836.086
613,1838.817,57.83835856,18.83348340,38.254,156.060,-0.254,289.760,96.958,0.3172,-0.0200932,1839.086
614,1841.817,57.83835611,18.83353369,38.262,159.047,-0.246,289.486,93.425,0.2233,-0.0225371,1842.085
615,1844.816,57.83835540,18.83358417,38.267,162.045,-0.240,289.408,89.366,0.1529,-0.0252744,1845.084
616,1847.815,57.83835670,18.83363460,38.271,165.041,-0.236,289.552,84.664,0.1080,-0.0280015,1848.083
617,1850.814,57.83836028,18.83368464,38.274,168.013,-0.234,289.951,79.311,0.0885,-0.0302894,1851.082
618,1853.812,57.83836646,18.83373377,38.276,170.931,-0.231,290.640,73.454,0.0922,-0.0316743,1854.081
619,1856.811,57.83837549,18.83378132,38.279,173.756,-0.228,291.645,67.372,0.1156,-0.0318044,1857.079
620,1859.809,57.83838723,18.83382675,38.283,176.454,-0.224,292.953,61.416,0.1535,-0.0305908,1860.078
621,1862.808,57.83840135,18.83386974,38.289,179.008,-0.219,294.526,55.913,0.2004,-0.0282430,1863.076
622,1865.807,57.83841745,18.83391020,38.295,181.411,-0.212,296.320,51.076,0.2508,-0.0251589,1866.075
623,1868.806,57.83843517,18.83394823,38.304,183.670,-0.204,298.293,46.971,0.2996,-0.0217681,1869.075
624,1871.806,57.83845416,18.83398403,38.314,185.796,-0.194,300.408,43.550,0.3429,-0.0184110,1872.074
625,1874.805,57.83847415,18.83401787,38.324,187.806,-0.183,302.635,40.739,0.3782,-0.0152638,1875.074
626,1877.805,57.83849491,18.83405004,38.336,189.717,-0.171,304.947,38.467,0.4043,-0.0123967,1878.073
627,1880.805,57.83851627,18.83408081,38.349,191.544,-0.159,307.326,36.660,0.4216,-0.0098249,1881.073
628,1883.805,57.83853808,18.83411045,38.362,193.305,-0.146,309.755,35.260,0.4314,-0.0075235,1884.073
629,1886.804,57.83856021,18.83413922,38.375,195.014,-0.133,312.220,34.219,0.4357,-0.0054501,1887.073
630,1889.804,57.83858258,18.83416735,38.388,196.685,-0.120,314.712,33.501,0.4366,-0.0035549,1890.073
631,1892.804,57.83860510,18.83419507,38.401,198.331,-0.107,317.220,33.079,0.4356,-0.0017882,1893.073
632,1895.804,57.83862769,18.83422258,38.414,199.965,-0.094,319.736,32.939,0.4339,-0.0001053,1896.073
633,1898.804,57.83865028,18.83425008,38.427,201.598,-0.081,322.252,33.085,0.4317,0.0014818,1899.073
634,1901.804,57.83867281,18.83427777,38.440,203.243,-0.068,324.761,33.527,0.4284,0.0028946,1902.073
635,1904.804,57.83869519,18.83430586,38.452,204.911,-0.055,327.254,34.245,0.4231,0.0040311,1905.072
636,1907.803,57.83871736,18.83433455,38.465,206.615,-0.042,329.723,35.174,0.4141,0.0047985,1908.072
637,1910.803,57.83873923,18.83436402,38.477,208.365,-0.030,332.159,36.220,0.3999,0.0051398,1911.072
638,1913.803,57.83876079,18.83439430,38.489,210.164,-0.019,334.560,37.271,0.3790,0.0050489,1914.072
639,1916.803,57.83878206,18.83442527,38.500,212.004,-0.008,336.930,38.227,0.3502,0.0045742,1917.072
640,1919.803,57.83880309,18.83445683,38.510,213.878,0.002,339.272,39.019,0.3126,0.0038088,1920.072
641,1922.803,57.83882392,18.83448885,38.518,215.780,0.011,341.592,39.622,0.2661,0.0028668,1923.072
642,1925.803,57.83884460,18.83452121,38.526,217.702,0.018,343.895,40.042,0.2107,0.0018478,1926.072
643,1928.803,57.83886518,18.83455380,38.531,219.637,0.024,346.187,40.282,0.1473,0.0007907,1929.071
644,1931.802,57.83888571,18.83458648,38.534,221.578,0.027,348.474,40.338,0.0769,-0.0003023,1932.071
645,1934.802,57.83890626,18.83461914,38.536,223.518,0.028,350.763,40.201,0.0009,-0.0014297,1935.071
646,1937.802,57.83892688,18.83465164,38.535,225.449,0.027,353.059,39.868,-0.0789,-0.0025896,1938.071
647,1940.802,57.83894762,18.83468385,38.531,227.361,0.024,355.370,39.331,-0.1611,-0.0037791,1941.071
648,1943.802,57.83896856,18.83471562,38.525,229.248,0.017,357.702,38.585,-0.2440,-0.0049928,1944.071
649,1946.802,57.83898975,18.83474680,38.516,231.101,0.009,360.062,37.625,-0.3262,-0.0062233,1947.071
650,1949.802,57.83901124,18.83477724,38.505,232.908,-0.002,362.456,36.448,-0.4067,-0.0074587,1950.071
651,1952.801,57.83903309,18.83480677,38.492,234.662,-0.015,364.889,35.049,-0.4842,-0.0086744,1953.070
652,1955.801,57.83905535,18.83483521,38.476,236.351,-0.031,367.368,33.419,-0.5579,-0.0097994,1956.070
653,1958.801,57.83907805,18.83486238,38.458,237.965,-0.049,369.897,31.568,-0.6271,-0.0107405,1959.070
654,1961.801,57.83910123,18.83488812,38.439,239.494,-0.069,372.478,29.537,-0.6910,-0.0114128,1962.070
655,1964.800,57.83912490,18.83491222,38.417,240.925,-0.090,375.114,27.396,-0.7493,-0.0117618,1965.070
656,1967.800,57.83914905,18.83493457,38.394,242.253,-0.114,377.804,25.231,-0.8018,-0.0117774,1968.069
657,1970.800,57.83917363,18.83495519,38.369,243.477,-0.138,380.542,23.122,-0.8485,-0.0114964,1971.069
658,1973.800,57.83919859,18.83497418,38.343,244.605,-0.164,383.322,21.127,-0.8899,-0.0109940,1974.069
659,1976.799,57.83922387,18.83499160,38.316,245.639,-0.192,386.138,19.271,-0.9262,-0.0103658,1977.069
660,1979.799,57.83924943,18.83500754,38.287,246.586,-0.220,388.984,17.552,-0.9578,-0.0097024,1980.069
661,1982.799,57.83927522,18.83502209,38.258,247.450,-0.249,391.857,15.949,-0.9845,-0.0090630,1983.069
662,1985.799,57.83930121,18.83503533,38.228,248.236,-0.279,394.752,14.454,-1.0058,-0.0084580,1986.069
663,1988.799,57.83932738,18.83504733,38.198,248.949,-0.309,397.666,13.061,-1.0208,-0.0078880,1989.069
664,1991.798,57.83935368,18.83505818,38.167,249.594,-0.340,400.596,11.762,-1.0284,-0.0073520,1992.069
665,1994.798,57.83938011,18.83506795,38.136,250.174,-0.371,403.539,10.552,-1.0272,-0.0068486,1995.069
666,1997.798,57.83940663,18.83507671,38.106,250.694,-0.402,406.493,9.426,-1.0161,-0.0063757,1998.069
667,2000.798,57.83943325,18.83508453,38.075,251.158,-0.432,409.457,8.377,-0.9945,-0.0059309,2001.069
668,2003.798,57.83945993,18.83509146,38.046,251.569,-0.461,412.429,7.402,-0.9626,-0.0055116,2004.069
669,2006.798,57.83948666,18.83509757,38.018,251.932,-0.490,415.407,6.496,-0.9214,-0.0051154,2007.069
670,2009.797,57.83951345,18.83510291,37.991,252.249,-0.517,418.390,5.663,-0.8731,-0.0047625,2010.069
671,2012.797,57.83954027,18.83510755,37.965,252.524,-0.542,421.377,4.915,-0.8204,-0.0045430,2013.069
672,2015.797,57.83956712,18.83511152,37.941,252.760,-0.566,424.367,4.244,-0.7667,-0.0045843,2016.069
673,2018.797,57.83959399,18.83511490,37.919,252.960,-0.588,427.361,3.596,-0.7159,-0.0050129,2019.069
674,2021.797,57.83962089,18.83511771,37.899,253.127,-0.609,430.356,2.875,-0.6714,-0.0059263,2022.069
675,2024.797,57.83964780,18.83511991,37.879,253.258,-0.628,433.353,1.958,-0.6361,-0.0073759,2025.068
676,2027.797,57.83967472,18.83512119,37.860,253.334,-0.647,436.352,0.716,-0.6121,-0.0093544,2028.068
677,2030.796,57.83970166,18.83512116,37.842,253.332,-0.665,439.351,359.039,-0.6004,-0.0117952,2031.068
678,2033.796,57.83972857,18.83511941,37.824,253.228,-0.683,442.349,356.848,-0.6008,-0.0145779,2034.068
679,2036.796,57.83975542,18.83511551,37.806,252.996,-0.701,445.340,354.105,-0.6124,-0.0175406,2037.068
680,2039.795,57.83978213,18.83510897,37.787,252.607,-0.720,448.314,350.766,-0.6333,-0.0204425,2040.067
681,2042.794,57.83980856,18.83509932,37.768,252.033,-0.739,451.258,346.801,-0.6615,-0.0229420,2043.066
682,2045.794,57.83983455,18.83508610,37.748,251.248,-0.760,454.153,342.294,-0.6943,-0.0246513,2046.066
683,2048.793,57.83985987,18.83506892,37.726,250.228,-0.781,456.973,337.463,-0.7292,-0.0252420,2049.065
684,2051.791,57.83988427,18.83504757,37.704,248.960,-0.803,459.690,332.621,-0.7640,-0.0245693,2052.064
685,2054.790,57.83990759,18.83502233,37.681,247.460,-0.827,462.287,328.093,-0.7979,-0.0227397,2055.063
686,2057.790,57.83992987,18.83499395,37.656,245.774,-0.851,464.768,324.134,-0.8308,-0.0200635,2058.062
687,2060.789,57.83995119,18.83496309,37.631,243.941,-0.877,467.142,320.871,-0.8635,-0.0169364,2061.062
688,2063.789,57.83997167,18.83493030,37.604,241.994,-0.903,469.424,318.292,-0.8966,-0.0137257,2064.062
689,2066.789,57.83999145,18.83489603,37.577,239.958,-0.930,471.627,316.295,-0.9303,-0.0106995,2067.061
690,2069.788,57.84001067,18.83486065,37.548,237.856,-0.959,473.767,314.798,-0.9651,-0.0079988,2070.061
691,2072.788,57.84002946,18.83482446,37.519,235.706,-0.988,475.859,313.754,-1.0009,-0.0056637,2073.061
692,2075.788,57.84004795,18.83478773,37.488,233.525,-1.019,477.918,313.103,-1.0377,-0.0037255,2076.061
693,2078.788,57.84006627,18.83475071,37.457,231.326,-1.051,479.959,312.763,-1.0749,-0.0021974,2079.061
694,2081.788,57.84008455,18.83471362,37.424,229.122,-1.083,481.995,312.644,-1.1114,-0.0010661,2082.062
695,2084.788,57.84010283,18.83467651,37.390,226.918,-1.117,484.030,312.656,-1.1457,-0.0002862,2085.062
696,2087.788,57.84012110,18.83463942,37.355,224.715,-1.152,486.066,312.728,-1.1763,0.0002183,2088.062
697,2090.788,57.84013940,18.83460235,37.320,222.513,-1.188,488.104,312.825,-1.2015,0.0005450,2091.062
698,2093.788,57.84015773,18.83456535,37.283,220.315,-1.224,490.145,312.944,-1.2199,0.0007917,2094.062
699,2096.787,57.84017611,18.83452842,37.246,218.122,-1.261,492.192,313.099,-1.2302,0.0010272,2097.062
700,2099.787,57.84019455,18.83449160,37.209,215.935,-1.298,494.245,313.296,-1.2319,0.0012633,2100.062
701,2102.787,57.84021306,18.83445491,37.173,213.756,-1.335,496.307,313.535,-1.2249,0.0014972,2103.062
702,2105.787,57.84023166,18.83441838,37.136,211.586,-1.371,498.378,313.815,-1.2101,0.0017254,2106.062
703,2108.787,57.84025036,18.83438203,37.100,209.427,-1.407,500.461,314.134,-1.1885,0.0019450,2109.062
704,2111.787,57.84026918,18.83434589,37.065,207.280,-1.443,502.556,314.491,-1.1622,0.0021530,2112.063
705,2114.787,57.84028812,18.83430999,37.030,205.147,-1.477,504.666,314.884,-1.1328,0.0023466,2115.063
706,2117.787,57.84030720,18.83427433,36.997,203.029,-1.511,506.790,315.309,-1.1023,0.0025237,2118.063
707,2120.786,57.84032642,18.83423895,36.964,200.928,-1.543,508.931,315.764,-1.0720,0.0026824,2121.063
708,2123.786,57.84034580,18.83420387,36.933,198.844,-1.575,511.089,316.242,-1.0426,0.0028293,2124.063
709,2126.786,57.84036533,18.83416910,36.902,196.779,-1.606,513.265,316.737,-1.0139,0.0029868,2127.063
710,2129.786,57.84038503,18.83413467,36.872,194.733,-1.636,515.459,317.248,-0.9848,0.0031835,2130.063
711,2132.786,57.84040491,18.83410057,36.843,192.708,-1.665,517.672,317.785,-0.9536,0.0034491,2133.063
712,2135.786,57.84042495,18.83406683,36.815,190.704,-1.693,519.904,318.365,-0.9177,0.0038077,2136.063
713,2138.786,57.84044517,18.83403347,36.788,188.723,-1.720,522.157,319.013,-0.8746,0.0042772,2139.063
714,2141.786,57.84046562,18.83400058,36.762,186.769,-1.745,524.434,319.753,-0.8220,0.0048667,2142.063
715,2144.785,57.84048630,18.83396824,36.738,184.848,-1.769,526.737,320.609,-0.7579,0.0055799,2145.063
716,2147.785,57.84050726,18.83393652,36.717,182.964,-1.791,529.072,321.597,-0.6816,0.0064199,2148.063
717,2150.785,57.84052853,18.83390554,36.697,181.123,-1.810,531.441,322.734,-0.5934,0.0073943,2151.063
718,2153.785,57.84055015,18.83387542,36.681,179.334,-1.826,533.849,324.046,-0.4950,0.0085062,2154.063
719,2156.785,57.84057216,18.83384629,36.668,177.604,-1.840,536.300,325.568,-0.3890,0.0097402,2157.062
720,2159.785,57.84059459,18.83381835,36.658,175.944,-1.850,538.798,327.333,-0.2791,0.0110550,2160.062
721,2162.784,57.84061750,18.83379179,36.651,174.367,-1.856,541.350,329.361,-0.1692,0.0123870,2163.062
722,2165.784,57.84064093,18.83376688,36.648,172.887,-1.860,543.959,331.650,-0.0636,0.0136560,2166.062
723,2168.784,57.84066491,18.83374386,36.647,171.520,-1.860,546.629,334.181,0.0337,0.0147770,2169.061
724,2171.783,57.84068942,18.83372294,36.650,170.277,-1.858,549.359,336.910,0.1194,0.0156703,2172.061
725,2174.783,57.84071445,18.83370429,36.654,169.169,-1.853,552.146,339.783,0.1904,0.0162777,2175.060
726,2177.782,57.84073995,18.83368805,36.661,168.205,-1.846,554.987,342.741,0.2449,0.0165676,2178.060
727,2180.782,57.84076587,18.83367433,36.669,167.390,-1.839,557.873,345.720,0.2816,0.0165418,2181.059
728,2183.781,57.84079213,18.83366316,36.678,166.726,-1.830,560.799,348.656,0.3001,0.0162287,2184.059
729,2186.781,57.84081866,18.83365449,36.687,166.211,-1.821,563.754,351.487,0.3009,0.0156868,2187.059
730,2189.781,57.84084539,18.83364824,36.696,165.840,-1.812,566.730,354.173,0.2852,0.0150003,2190.058
731,2192.780,57.84087224,18.83364427,36.704,165.604,-1.804,569.720,356.697,0.2552,0.0142608,2193.058
732,2195.780,57.84089916,18.83364243,36.711,165.494,-1.797,572.718,359.064,0.2136,0.0135522,2196.058
733,2198.780,57.84092609,18.83364260,36.717,165.504,-1.791,575.718,1.298,0.1634,0.0129373,2199.057
734,2201.779,57.84095300,18.83364469,36.721,165.628,-1.787,578.715,3.432,0.1082,0.0124531,2202.057
735,2204.779,57.84097985,18.83364863,36.723,165.862,-1.784,581.706,5.497,0.0516,0.0121102,2205.057
736,2207.779,57.84100661,18.83365435,36.724,166.202,-1.784,584.686,7.520,-0.0030,0.0119020,2208.056
737,2210.779,57.84103325,18.83366184,36.723,166.646,-1.785,587.653,9.521,-0.0528,0.0118168,2211.056
738,2213.778,57.84105973,18.83367106,36.720,167.194,-1.787,590.602,11.519,-0.0957,0.0118455,2214.056
739,2216.778,57.84108602,18.83368201,36.717,167.844,-1.790,593.530,13.533,-0.1303,0.0119834,2217.056
740,2219.778,57.84111209,18.83369470,36.713,168.598,-1.795,596.434,15.580,-0.1565,0.0122299,2220.055
741,2222.777,57.84113790,18.83370916,36.708,169.456,-1.800,599.308,17.679,-0.1749,0.0125852,2223.055
742,2225.777,57.84116340,18.83372540,36.702,170.421,-1.805,602.149,19.847,-0.1871,0.0130534,2226.055
743,2228.777,57.84118855,18.83374347,36.696,171.494,-1.811,604.950,22.104,-0.1952,0.0136399,2229.055
744,2231.777,57.84121329,18.83376343,36.690,172.680,-1.817,607.705,24.471,-0.2018,0.0143517,2232.054
745,2234.776,57.84123756,18.83378534,36.684,173.981,-1.823,610.408,26.974,-0.2094,0.0151854,2235.054
746,2237.776,57.84126127,18.83380928,36.678,175.402,-1.829,613.049,29.651,-0.2204,0.0160868,2238.054
747,2240.775,57.84128435,18.83383531,36.671,176.948,-1.836,615.620,32.531,-0.2367,0.0169502,2241.053
748,2243.775,57.84130669,18.83386353,36.664,178.624,-1.844,618.107,35.608,-0.2593,0.0176504,2244.053
749,2246.774,57.84132816,18.83389401,36.656,180.435,-1.852,620.499,38.835,-0.2885,0.0180668,2247.052
750,2249.774,57.84134864,18.83392681,36.646,182.383,-1.861,622.780,42.129,-0.3238,0.0181157,2250.052
751,2252.773,57.84136807,18.83396178,36.636,184.460,-1.871,624.944,45.390,-0.3639,0.0177662,2253.051
752,2255.773,57.84138642,18.83399873,36.625,186.654,-1.883,626.989,48.523,-0.4070,0.0170506,2256.051
753,2258.772,57.84140372,18.83403744,36.612,188.953,-1.896,628.915,51.460,-0.4511,0.0160504,2259.050
754,2261.772,57.84141998,18.83407770,36.598,191.344,-1.910,630.727,54.169,-0.4943,0.0148712,2262.050
755,2264.772,57.84143526,18.83411929,36.582,193.815,-1.925,632.428,56.646,-0.5349,0.0136065,2265.050
756,2267.771,57.84144961,18.83416203,36.565,196.353,-1.942,634.027,58.886,-0.5714,0.0123062,2268.049
757,2270.771,57.84146311,18.83420573,36.548,198.948,-1.960,635.530,60.891,-0.6032,0.0110001,2271.049
758,2273.771,57.84147584,18.83425025,36.529,201.592,-1.978,636.948,62.665,-0.6297,0.0097111,2274.049
759,2276.771,57.84148787,18.83429543,36.510,204.276,-1.997,638.288,64.214,-0.6510,0.0084536,2277.049
760,2279.770,57.84149929,18.83434117,36.490,206.992,-2.017,639.561,65.548,-0.6672,0.0072363,2280.049
761,2282.770,57.84151019,18.83438736,36.470,209.736,-2.037,640.775,66.676,-0.6786,0.0060609,2283.049
762,2285.770,57.84152065,18.83443391,36.450,212.500,-2.058,641.939,67.606,-0.6855,0.0049264,2286.048
763,2288.770,57.84153074,18.83448073,36.429,215.282,-2.078,643.063,68.347,-0.6880,0.0038275,2289.048
764,2291.770,57.84154055,18.83452777,36.408,218.075,-2.099,644.156,68.901,-0.6864,0.0027650,2292.048
765,2294.770,57.84155016,18.83457496,36.388,220.878,-2.120,645.226,69.268,-0.6810,0.0017643,2295.048
766,2297.770,57.84155964,18.83462224,36.367,223.686,-2.140,646.282,69.453,-0.6722,0.0008632,2298.048
767,2300.770,57.84156906,18.83466955,36.347,226.496,-2.160,647.332,69.474,-0.6604,0.0000978,2301.048
768,2303.769,57.84157852,18.83471685,36.328,229.305,-2.179,648.385,69.367,-0.6461,-0.0005075,2304.048
769,2306.769,57.84158806,18.83476408,36.309,232.110,-2.199,649.448,69.172,-0.6303,-0.0009467,2307.048
770,2309.769,57.84159770,18.83481124,36.290,234.911,-2.217,650.522,68.930,-0.6133,-0.0012336,2310.048
771,2312.769,57.84160745,18.83485833,36.272,237.708,-2.235,651.608,68.670,-0.5960,-0.0014003,2313.048
772,2315.769,57.84161730,18.83490533,36.254,240.500,-2.253,652.705,68.408,-0.5785,-0.0014903,2316.048
773,2318.769,57.84162727,18.83495226,36.237,243.286,-2.270,653.816,68.145,-0.5611,-0.0015468,2319.048
774,2321.769,57.84163735,18.83499909,36.221,246.068,-2.287,654.939,67.874,-0.5437,-0.0015976,2322.048
775,2324.769,57.84164756,18.83504584,36.205,248.844,-2.303,656.076,67.595,-0.5259,-0.0016463,2325.048
776,2327.769,57.84165788,18.83509248,36.189,251.615,-2.318,657.226,67.307,-0.5072,-0.0016928,2328.048
777,2330.768,57.84166834,18.83513903,36.174,254.380,-2.333,658.390,67.011,-0.4871,-0.0017370,2331.048
778,2333.768,57.84167892,18.83518548,36.160,257.138,-2.347,659.569,66.708,-0.4651,-0.0017786,2334.048
779,2336.768,57.84168964,18.83523182,36.146,259.890,-2.361,660.763,66.398,-0.4409,-0.0018175,2337.047
780,2339.768,57.84170049,18.83527805,36.133,262.636,-2.374,661.972,66.081,-0.4147,-0.0018536,2340.047
781,2342.768,57.84171148,18.83532416,36.121,265.375,-2.386,663.196,65.759,-0.3866,-0.0018869,2343.047
782,2345.768,57.84172260,18.83537016,36.110,268.107,-2.397,664.435,65.431,-0.3573,-0.0019162,2346.047
783,2348.768,57.84173387,18.83541604,36.100,270.831,-2.407,665.690,65.093,-0.3277,-0.0019254,2349.047
784,2351.768,57.84174528,18.83546179,36.091,273.548,-2.417,666.961,64.743,-0.2988,-0.0018811,2352.047
785,2354.767,57.84175684,18.83550741,36.082,276.258,-2.425,668.249,64.391,-0.2717,-0.0017471,2355.047
786,2357.767,57.84176854,18.83555290,36.074,278.960,-2.433,669.552,64.057,-0.2475,-0.0014949,2358.047
787,2360.767,57.84178039,18.83559827,36.067,281.654,-2.440,670.872,63.775,-0.2270,-0.0011103,2361.047
788,2363.767,57.84179234,18.83564352,36.061,284.342,-2.447,672.204,63.577,-0.2111,-0.0005961,2364.047
789,2366.767,57.84180436,18.83568873,36.054,287.027,-2.453,673.542,63.493,-0.2005,0.0000286,2367.046
790,2369.767,57.84181638,18.83573393,36.049,289.712,-2.459,674.881,63.541,-0.1958,0.0007331,2370.046
791,2372.767,57.84182834,18.83577918,36.043,292.399,-2.465,676.213,63.725,-0.1980,0.0014831,2373.046
792,2375.767,57.84184020,18.83582453,36.037,295.092,-2.471,677.534,64.043,-0.2083,0.0022518,2376.046
793,2378.767,57.84185190,18.83587003,36.030,297.795,-2.477,678.837,64.492,-0.2287,0.0030326,2379.046
794,2381.766,57.84186338,18.83591572,36.023,300.508,-2.485,680.116,65.074,-0.2616,0.0038309,2382.046
795,2384.766,57.84187458,18.83596166,36.014,303.237,-2.493,681.364,65.794,-0.3102,0.0046519,2385.046
796,2387.766,57.84188544,18.83600788,36.004,305.982,-2.504,682.573,66.656,-0.3782,0.0054998,2388.046
797,2390.766,57.84189590,18.83605442,35.991,308.746,-2.516,683.738,67.666,-0.4696,0.0063778,2391.046
798,2393.766,57.84190588,18.83610133,35.975,311.532,-2.532,684.851,68.829,-0.5879,0.0072874,2394.045
799,2396.766,57.84191532,18.83614864,35.956,314.341,-2.552,685.903,70.153,-0.7359,0.0082282,2397.045
800,2399.765,57.84192414,18.83619636,35.931,317.176,-2.576,686.885,71.642,-0.9150,0.0091981,2400.045
801,2402.765,57.84193226,18.83624452,35.901,320.036,-2.607,687.789,73.306,-1.1248,0.0101849,2403.045
802,2405.765,57.84193959,18.83629312,35.864,322.922,-2.644,688.606,75.158,-1.3628,0.0111375,2406.045
803,2408.765,57.84194604,18.83634215,35.819,325.835,-2.688,689.325,77.203,-1.6243,0.0119747,2409.045
804,2411.764,57.84195153,18.83639160,35.766,328.771,-2.741,689.937,79.415,-1.9026,0.0126116,2412.045
805,2414.764,57.84195596,18.83644142,35.705,331.730,-2.803,690.430,81.744,-2.1895,0.0129828,2415.046
806,2417.764,57.84195926,18.83649154,35.635,334.707,-2.873,690.798,84.116,-2.4755,0.0130582,2418.046
807,2420.763,57.84196144,18.83654188,35.556,337.697,-2.951,691.041,86.456,-2.7509,0.0128494,2421.047
808,2423.763,57.84196256,18.83659234,35.470,340.694,-3.037,691.165,88.703,-3.0065,0.0124073,2424.048
809,2426.763,57.84196265,18.83664285,35.376,343.694,-3.131,691.176,90.822,-3.2338,0.0118094,2427.049
810,2429.763,57.84196179,18.83669333,35.276,346.692,-3.231,691.081,92.805,-3.4251,0.0111387,2430.050
811,2432.762,57.84196003,18.83674373,35.171,349.685,-3.336,690.885,94.662,-3.5742,0.0104574,2433.052
812,2435.762,57.84195742,18.83679400,35.062,352.671,-3.445,690.595,96.399,-3.6763,0.0097872,2436.054
813,2438.762,57.84195404,18.83684410,34.951,355.647,-3.557,690.218,98.021,-3.7285,0.0091341,2439.056
814,2441.762,57.84194992,18.83689402,34.839,358.612,-3.669,689.759,99.530,-3.7292,0.0085018,2442.057
815,2444.762,57.84194513,18.83694372,34.727,361.564,-3.780,689.226,100.932,-3.6783,0.0078930,2445.059
816,2447.761,57.84193971,18.83699320,34.618,364.502,-3.889,688.623,102.231,-3.5771,0.0073091,2448.061
817,2450.761,57.84193373,18.83704244,34.513,367.427,-3.994,687.957,103.431,-3.4286,0.0067498,2451.063
818,2453.761,57.84192721,18.83709145,34.413,370.338,-4.094,687.232,104.537,-3.2370,0.0062144,2454.064
819,2456.761,57.84192021,18.83714022,34.319,373.235,-4.188,686.452,105.553,-3.0080,0.0057043,2457.066
820,2459.761,57.84191278,18.83718877,34.233,376.118,-4.275,685.624,106.469,-2.7489,0.0052671,2460.067
821,2462.761,57.84190494,18.83723709,34.154,378.988,-4.353,684.751,107.280,-2.4680,0.0050064,2463.068
822,2465.760,57.84189673,18.83728520,34.085,381.846,-4.423,683.838,108.011,-2.1748,0.0050407,2466.068
823,2468.760,57.84188821,18.83733311,34.024,384.691,-4.483,682.889,108.734,-1.8794,0.0054708,2469.069
824,2471.760,57.84187938,18.83738083,33.972,387.526,-4.535,681.906,109.549,-1.5912,0.0063580,2472.069
825,2474.760,57.84187018,18.83742830,33.928,390.345,-4.579,680.882,110.573,-1.3188,0.0077106,2475.069
826,2477.760,57.84186046,18.83747541,33.893,393.143,-4.615,679.800,111.912,-1.0687,0.0094798,2478.069
827,2480.760,57.84185006,18.83752200,33.864,395.910,-4.643,678.641,113.645,-0.8443,0.0115663,2481.069
828,2483.759,57.84183882,18.83756789,33.842,398.636,-4.665,677.389,115.806,-0.6462,0.0138368,2484.069
829,2486.759,57.84182657,18.83761287,33.826,401.308,-4.682,676.026,118.406,-0.4712,0.0161381,2487.069
830,2489.759,57.84181317,18.83765668,33.814,403.910,-4.693,674.533,121.456,-0.3130,0.0182915,2490.068
831,2492.758,57.84179847,18.83769899,33.807,406.423,-4.701,672.897,124.939,-0.1626,0.0201106,2493.068
832,2495.757,57.84178237,18.83773948,33.804,408.828,-4.703,671.104,128.768,-0.0094,0.0214292,2496.067
833,2498.757,57.84176480,18.83777774,33.806,411.101,-4.701,669.147,132.803,0.1577,0.0221525,2499.066
834,2501.756,57.84174577,18.83781347,33.814,413.223,-4.694,667.028,136.882,0.3480,0.0222931,2502.065
835,2504.755,57.84172543,18.83784657,33.827,415.189,-4.680,664.763,140.864,0.5687,0.0219735,2505.065
836,2507.754,57.84170396,18.83787705,33.848,417.000,-4.660,662.371,144.664,0.8231,0.0213915,2508.064
837,2510.754,57.84168150,18.83790491,33.876,418.655,-4.631,659.870,148.271,1.1097,0.0207693,2511.064
838,2513.753,57.84165817,18.83793015,33.914,420.154,-4.593,657.272,151.734,1.4220,0.0202945,2514.063
839,2516.753,57.84163408,18.83795273,33.962,421.495,-4.546,654.589,155.139,1.7482,0.0200457,2517.063
840,2519.752,57.84160933,18.83797260,34.019,422.676,-4.489,651.832,158.547,2.0726,0.0199745,2520.063
841,2522.752,57.84158398,18.83798969,34.086,423.692,-4.422,649.010,161.994,2.3765,0.0199835,2523.063
842,2525.751,57.84155814,18.83800389,34.161,424.535,-4.346,646.131,165.487,2.6406,0.0199688,2526.064
843,2528.750,57.84153187,18.83801505,34.244,425.198,-4.264,643.206,169.001,2.8469,0.0198403,2529.064
844,2531.750,57.84150529,18.83802314,34.332,425.679,-4.176,640.246,172.492,2.9811,0.0195380,2532.065
845,2534.749,57.84147850,18.83802821,34.422,425.980,-4.085,637.261,175.906,3.0344,0.0190415,2535.066
846,2537.749,57.84145159,18.83803033,34.513,426.107,-3.994,634.264,179.197,3.0046,0.0183707,2538.067
847,2540.748,57.84142466,18.83802963,34.602,426.065,-3.905,631.265,182.336,2.8965,0.0175749,2541.067
848,2543.748,57.84139779,18.83802623,34.687,425.864,-3.820,628.272,185.316,2.7207,0.0167102,2544.068
849,2546.747,57.84137104,18.83802029,34.765,425.511,-3.742,625.294,188.132,2.4933,0.0158137,2547.069
850,2549.747,57.84134448,18.83801196,34.836,425.017,-3.671,622.335,190.782,2.2334,0.0149120,2550.069
851,2552.747,57.84131814,18.83800142,34.899,424.391,-3.608,619.401,193.269,1.9613,0.0140248,2553.070
852,2555.746,57.84129206,18.83798881,34.954,423.642,-3.553,616.497,195.600,1.6967,0.0131682,2556.070
853,2558.746,57.84126626,18.83797428,35.001,422.780,-3.506,613.624,197.783,1.4564,0.0123536,2559.070
854,2561.746,57.84124077,18.83795799,35.041,421.812,-3.466,610.784,199.828,1.2535,0.0115877,2562.070
855,2564.745,57.84121559,18.83794005,35.076,420.747,-3.431,607.980,201.743,1.0965,0.0108740,2565.070
856,2567.745,57.84119074,18.83792059,35.107,419.592,-3.400,605.211,203.539,0.9893,0.0102135,2568.070
857,2570.745,57.84116621,18.83789973,35.136,418.353,-3.372,602.479,205.228,0.9316,0.0095984,2571.070
858,2573.745,57.84114201,18.83787757,35.163,417.037,-3.344,599.784,206.821,0.9195,0.0090116,2574.070
859,2576.745,57.84111813,18.83785419,35.191,415.649,-3.316,597.125,208.324,0.9467,0.0084311,2577.070
860,2579.744,57.84109458,18.83782968,35.220,414.193,-3.287,594.502,209.736,1.0055,0.0078348,2580.069
861,2582.744,57.84107135,18.83780412,35.252,412.675,-3.256,591.914,211.048,1.0880,0.0072049,2583.069
862,2585.744,57.84104843,18.83777760,35.286,411.100,-3.221,589.361,212.250,1.1870,0.0065308,2586.069
863,2588.744,57.84102579,18.83775023,35.323,409.475,-3.184,586.840,213.329,1.2963,0.0058104,2589.070
864,2591.744,57.84100341,18.83772211,35.364,407.806,-3.143,584.347,214.275,1.4117,0.0050498,2592.070
865,2594.744,57.84098127,18.83769336,35.408,406.098,-3.099,581.881,215.082,1.5309,0.0042607,2595.070
866,2597.744,57.84095932,18.83766408,35.456,404.359,-3.051,579.436,215.750,1.6535,0.0034557,2598.070
867,2600.743,57.84093754,18.83763437,35.507,402.595,-3.000,577.010,216.276,1.7805,0.0026417,2601.070
868,2603.743,57.84091589,18.83760434,35.563,400.811,-2.944,574.598,216.662,1.9141,0.0018221,2604.071
869,2606.743,57.84089432,18.83757408,35.622,399.014,-2.885,572.196,216.905,2.0569,0.0009998,2607.071
870,2609.743,57.84087280,18.83754370,35.686,397.210,-2.821,569.799,217.006,2.2112,0.0001768,2610.072
871,2612.743,57.84085129,18.83751330,35.755,395.405,-2.752,567.403,216.965,2.3788,-0.0006449,2613.073
872,2615.743,57.84082975,18.83748298,35.829,393.604,-2.678,565.004,216.782,2.5603,-0.0014633,2616.073
873,2618.743,57.84080813,18.83745284,35.909,391.814,-2.599,562.596,216.458,2.7547,-0.0022765,2619.074
874,2621.743,57.84078641,18.83742298,35.994,390.041,-2.513,560.177,215.994,2.9595,-0.0030820,2622.075
875,2624.742,57.84076454,18.83739350,36.086,388.290,-2.421,557.741,215.390,3.1702,-0.0038705,2625.077
876,2627.742,57.84074249,18.83736450,36.184,386.568,-2.323,555.284,214.644,3.3812,-0.0046227,2628.078
877,2630.742,57.84072022,18.83733609,36.289,384.881,-2.218,552.804,213.764,3.5854,-0.0053172,2631.080
878,2633.742,57.84069770,18.83730837,36.399,383.234,-2.108,550.296,212.763,3.7748,-0.0059384,2634.082
879,2636.742,57.84067492,18.83728143,36.515,381.635,-1.992,547.759,211.660,3.9409,-0.0064799,2637.084
880,2639.742,57.84065185,18.83725538,36.636,380.088,-1.872,545.189,210.476,4.0755,-0.0069471,2640.086
881,2642.742,57.84062848,18.83723024,36.759,378.595,-1.748,542.587,209.228,4.1710,-0.0073558,2643.088
882,2645.741,57.84060483,18.83720608,36.886,377.160,-1.622,539.952,207.925,4.2215,-0.0077295,2646.091
883,2648.741,57.84058089,18.83718295,37.012,375.786,-1.495,537.285,206.568,4.2229,-0.0080946,2649.093
884,2651.741,57.84055665,18.83716091,37.139,374.478,-1.369,534.586,205.151,4.1741,-0.0084730,2652.096
885,2654.741,57.84053213,18.83714003,37.263,373.238,-1.245,531.854,203.667,4.0770,-0.0088750,2655.098
886,2657.741,57.84050732,18.83712038,37.383,372.071,-1.124,529.091,202.112,3.9371,-0.0093008,2658.100
887,2660.740,57.84048222,18.83710202,37.499,370.981,-1.009,526.296,200.480,3.7632,-0.0097495,2661.102
888,2663.740,57.84045686,18.83708505,37.609,369.973,-0.898,523.471,198.768,3.5672,-0.0102195,2664.104
889,2666.740,57.84043122,18.83706954,37.713,369.052,-0.794,520.616,196.972,3.3629,-0.0107079,2667.106
890,2669.740,57.84040534,18.83705558,37.811,368.223,-0.697,517.733,195.089,3.1655,-0.0112112,2670.107
891,2672.739,57.84037922,18.83704326,37.903,367.492,-0.604,514.824,193.116,2.9902,-0.0117245,2673.108
892,2675.739,57.84035288,18.83703268,37.990,366.863,-0.517,511.891,191.051,2.8506,-0.0122419,2676.109
893,2678.739,57.84032636,18.83702392,38.074,366.343,-0.433,508.936,188.893,2.7584,-0.0127530,2679.110
894,2681.739,57.84029967,18.83701707,38.156,365.937,-0.351,505.964,186.638,2.7218,-0.0132298,2682.111
895,2684.738,57.84027286,18.83701224,38.238,365.650,-0.270,502.978,184.289,2.7451,-0.0136346,2685.112
896,2687.738,57.84024597,18.83700950,38.321,365.488,-0.186,499.983,181.863,2.8287,-0.0139334,2688.113
897,2690.738,57.84021904,18.83700893,38.408,365.454,-0.100,496.984,179.389,2.9692,-0.0141066,2691.114
898,2693.737,57.84019212,18.83701058,38.499,365.552,-0.008,493.986,176.899,3.1599,-0.0141540,2694.115
899,2696.737,57.84016527,18.83701442,38.597,365.781,0.090,490.995,174.426,3.3918,-0.0140954,2697.116
900,2699.736,57.84013852,18.83702041,38.703,366.137,0.196,488.016,171.991,3.6542,-0.0139663,2700.117
901,2702.736,57.84011194,18.83702849,38.817,366.617,0.310,485.055,169.599,3.9357,-0.0138107,2703.119
902,2705.736,57.84008555,18.83703863,38.939,367.219,0.432,482.117,167.244,4.2249,-0.0136702,2706.121
903,2708.736,57.84005941,18.83705077,39.070,367.941,0.563,479.205,164.913,4.5107,-0.0135719,2709.124
904,2711.735,57.84003355,18.83706490,39.210,368.780,0.703,476.325,162.594,4.7828,-0.0135222,2712.127
905,2714.735,57.84000802,18.83708097,39.357,369.735,0.850,473.482,160.280,5.0317,-0.0135212,2715.130
906,2717.735,57.83998285,18.83709897,39.512,370.804,1.004,470.679,157.962,5.2487,-0.0135690,2718.134
907,2720.734,57.83995810,18.83711886,39.672,371.986,1.164,467.922,155.631,5.4254,-0.0136656,2721.138
908,2723.734,57.83993379,18.83714063,39.837,373.280,1.329,465.215,153.279,5.5536,-0.0138108,2724.142
909,2726.734,57.83990999,18.83716426,40.004,374.684,1.497,462.564,150.898,5.6256,-0.0140036,2727.146
910,2729.733,57.83988674,18.83718974,40.174,376.197,1.666,459.975,148.478,5.6344,-0.0142432,2730.151
911,2732.733,57.83986409,18.83721706,40.342,377.820,1.835,457.452,146.012,5.5744,-0.0145280,2733.155
912,2735.733,57.83984209,18.83724620,40.508,379.551,2.000,455.002,143.492,5.4417,-0.0148557,2736.159
913,2738.732,57.83982080,18.83727714,40.668,381.389,2.161,452.632,140.907,5.2355,-0.0152126,2739.163
914,2741.732,57.83980029,18.83730987,40.821,383.333,2.314,450.347,138.247,4.9581,-0.0155705,2742.167
915,2744.731,57.83978062,18.83734437,40.965,385.383,2.458,448.157,135.512,4.6154,-0.0158969,2745.170
916,2747.731,57.83976187,18.83738061,41.098,387.535,2.591,446.068,132.713,4.2164,-0.0161657,2748.172
917,2750.731,57.83974409,18.83741855,41.218,389.789,2.711,444.089,129.870,3.7734,-0.0163615,2751.174
918,2753.730,57.83972735,18.83745811,41.324,392.139,2.817,442.225,127.003,3.3003,-0.0164843,2754.176
919,2756.730,57.83971169,18.83749920,41.416,394.580,2.908,440.481,124.133,2.8125,-0.0165504,2757.177
920,2759.729,57.83969714,18.83754170,41.493,397.104,2.985,438.861,121.269,2.3250,-0.0165866,2760.177
921,2762.729,57.83968374,18.83758550,41.555,399.706,3.048,437.368,118.409,1.8514,-0.0166235,2763.178
922,2765.728,57.83967152,18.83763050,41.604,402.379,3.097,436.008,115.545,1.4036,-0.0166877,2766.177
923,2768.728,57.83966052,18.83767660,41.640,405.117,3.132,434.782,112.666,0.9910,-0.0167882,2769.177
924,2771.728,57.83965077,18.83772367,41.663,407.913,3.156,433.697,109.767,0.6202,-0.0169256,2772.177
925,2774.727,57.83964231,18.83777161,41.677,410.761,3.170,432.754,106.840,0.2950,-0.0170979,2775.177
926,2777.727,57.83963517,18.83782031,41.681,413.653,3.174,431.960,103.878,0.0162,-0.0173030,2778.176
927,2780.726,57.83962939,18.83786963,41.678,416.583,3.171,431.316,100.876,-0.2181,-0.0175363,2781.176
928,2783.726,57.83962501,18.83791946,41.669,419.543,3.161,430.828,97.830,-0.4123,-0.0177918,2784.175
929,2786.725,57.83962205,18.83796965,41.654,422.524,3.146,430.500,94.734,-0.5728,-0.0180638,2787.175
930,2789.725,57.83962056,18.83802007,41.634,425.519,3.127,430.334,91.586,-0.7075,-0.0183415,2790.174
931,2792.724,57.83962056,18.83807057,41.611,428.519,3.104,430.334,88.375,-0.8254,-0.0185770,2793.174
932,2795.724,57.83962208,18.83812099,41.585,431.513,3.078,430.503,85.087,-0.9355,-0.0186586,2796.173
933,2798.723,57.83962512,18.83817117,41.555,434.494,3.048,430.843,81.748,-1.0466,-0.0184509,2799.173
934,2801.723,57.83962972,18.83822092,41.522,437.449,3.015,431.355,78.429,-1.1660,-0.0178426,2802.173
935,2804.722,57.83963586,18.83827009,41.485,440.369,2.978,432.039,75.239,-1.2998,-0.0167785,2805.172
936,2807.722,57.83964344,18.83831855,41.444,443.247,2.937,432.884,72.299,-1.4525,-0.0152790,2808.172
937,2810.721,57.83965226,18.83836626,41.398,446.081,2.891,433.867,69.711,-1.6270,-0.0134319,2811.172
938,2813.721,57.83966212,18.83841327,41.346,448.873,2.839,434.965,67.534,-1.8247,-0.0113698,2814.172
939,2816.721,57.83967281,18.83845962,41.289,451.626,2.781,436.156,65.776,-2.0451,-0.0092366,2817.173
940,2819.721,57.83968416,18.83850542,41.224,454.347,2.716,437.421,64.403,-2.2867,-0.0071485,2820.173
941,2822.721,57.83969602,18.83855077,41.151,457.040,2.644,438.742,63.378,-2.5469,-0.0051521,2823.174
942,2825.720,57.83970824,18.83859577,41.071,459.713,2.563,440.103,62.682,-2.8224,-0.0032333,2826.175
943,2828.720,57.83972069,18.83864057,40.982,462.373,2.474,441.490,62.301,-3.1101,-0.0013667,2829.176
944,2831.720,57.83973323,18.83868527,40.884,465.028,2.377,442.886,62.227,-3.4062,0.0004772,2832.178
945,2834.720,57.83974573,18.83873000,40.777,467.685,2.270,444.280,62.460,-3.7072,0.0023292,2835.179
946,2837.720,57.83975808,18.83877488,40.662,470.351,2.154,445.655,63.003,-4.0090,0.0042193,2838.182
947,2840.720,57.83977013,18.83882005,40.537,473.034,2.029,446.997,63.867,-4.3075,0.0061750,2841.184
948,2843.720,57.83978175,18.83886562,40.403,475.740,1.896,448.292,65.069,-4.5976,0.0082186,2844.187
949,2846.719,57.83979278,18.83891169,40.261,478.476,1.754,449.520,66.630,-4.8738,0.0103593,2847.190
950,2849.719,57.83980305,18.83895838,40.111,481.249,1.604,450.666,68.594,-5.1300,0.0125268,2850.193
951,2852.719,57.83981240,18.83900574,39.954,484.062,1.446,451.706,71.003,-5.3594,0.0145426,2853.197
952,2855.718,57.83982061,18.83905384,39.790,486.919,1.282,452.621,73.840,-5.5538,0.0161804,2856.201
953,2858.718,57.83982747,18.83910267,39.621,489.820,1.114,453.385,77.007,-5.7040,0.0172278,2859.206
954,2861.717,57.83983276,18.83915218,39.448,492.760,0.941,453.976,80.336,-5.8009,0.0175444,2862.210
955,2864.717,57.83983644,18.83920221,39.274,495.732,0.766,454.386,83.632,-5.8382,0.0171035,2865.214
956,2867.716,57.83983863,18.83925254,39.099,498.721,0.591,454.630,86.711,-5.8130,0.0160020,2868.219
957,2870.716,57.83983948,18.83930302,38.925,501.719,0.418,454.725,89.453,-5.7258,0.0144285,2871.224
958,2873.716,57.83983915,18.83935352,38.755,504.719,0.248,454.689,91.812,-5.5794,0.0126075,2874.228
959,2876.715,57.83983781,18.83940396,38.591,507.715,0.083,454.540,93.810,-5.3785,0.0107338,2877.232
960,2879.715,57.83983561,18.83945429,38.433,510.704,-0.074,454.295,95.478,-5.1310,0.0089048,2880.236
961,2882.715,57.83983271,18.83950450,38.283,513.687,-0.224,453.972,96.833,-4.8478,0.0071393,2883.240
962,2885.715,57.83982924,18.83955459,38.142,516.662,-0.365,453.587,97.891,-4.5413,0.0054395,2886.243
963,2888.715,57.83982535,18.83960457,38.011,519.630,-0.497,453.154,98.664,-4.2244,0.0037996,2889.246
964,2891.715,57.83982117,18.83965446,37.889,522.594,-0.618,452.688,99.165,-3.9095,0.0022077,2892.248
965,2894.714,57.83981681,18.83970430,37.776,525.554,-0.731,452.203,99.402,-3.6071,0.0006483,2895.250
966,2897.714,57.83981240,18.83975412,37.672,528.514,-0.835,451.713,99.379,-3.3252,-0.0008960,2898.252
967,2900.714,57.83980807,18.83980397,37.577,531.475,-0.931,451.230,99.096,-3.0689,-0.0024429,2901.253
968,2903.714,57.83980392,18.83985388,37.488,534.439,-1.019,450.769,98.550,-2.8404,-0.0040050,2904.254
969,2906.714,57.83980010,18.83990387,37.406,537.408,-1.101,450.343,97.723,-2.6390,-0.0055440,2907.255
970,2909.714,57.83979671,18.83995397,37.330,540.384,-1.178,449.966,96.597,-2.4619,-0.0069681,2910.256
971,2912.714,57.83979389,18.84000420,37.258,543.368,-1.249,449.653,95.189,-2.3046,-0.0081686,2913.257
972,2915.713,57.83979179,18.84005455,37.191,546.358,-1.316,449.419,93.556,-2.1616,-0.0090502,2916.257
973,2918.713,57.83979053,18.84010500,37.129,549.355,-1.379,449.280,91.785,-2.0275,-0.0095546,2919.258
974,2921.713,57.83979015,18.84015550,37.070,552.354,-1.438,449.238,89.976,-1.8973,-0.0096749,2922.258
975,2924.713,57.83979060,18.84020600,37.015,555.354,-1.493,449.289,88.218,-1.7672,-0.0094579,2925.258
976,2927.712,57.83979184,18.84025645,36.964,558.350,-1.544,449.427,86.571,-1.6347,-0.0089919,2928.259
977,2930.712,57.83979381,18.84030682,36.917,561.342,-1.591,449.647,85.055,-1.4987,-0.0083840,2931.259
978,2933.712,57.83979646,18.84035708,36.874,564.327,-1.634,449.942,83.662,-1.3595,-0.0077251,2934.259
979,2936.712,57.83979974,18.84040721,36.835,567.305,-1.673,450.307,82.386,-1.2191,-0.0070513,2937.259
980,2939.712,57.83980358,18.84045720,36.800,570.274,-1.707,450.735,81.230,-1.0808,-0.0063691,2940.259
981,2942.712,57.83980792,18.84050704,36.770,573.234,-1.737,451.220,80.193,-0.9492,-0.0056834,2943.259
982,2945.711,57.83981273,18.84055673,36.743,576.186,-1.764,451.755,79.275,-0.8292,-0.0049980,2946.259
983,2948.711,57.83981792,18.84060629,36.720,579.130,-1.787,452.335,78.476,-0.7261,-0.0043153,2949.259
984,2951.711,57.83982346,18.84065572,36.700,582.065,-1.808,452.952,77.794,-0.6444,-0.0036371,2952.259
985,2954.711,57.83982929,18.84070503,36.681,584.994,-1.826,453.601,77.229,-0.5876,-0.0029638,2955.259
986,2957.711,57.83983535,18.84075424,36.664,587.917,-1.843,454.276,76.779,-0.5575,-0.0022953,2958.259
987,2960.711,57.83984158,18.84080337,36.648,590.835,-1.860,454.971,76.443,-0.5540,-0.0016307,2961.259
988,2963.711,57.83984795,18.84085245,36.631,593.750,-1.876,455.681,76.215,-0.5749,-0.0009510,2964.259
989,2966.711,57.83985439,18.84090149,36.613,596.663,-1.894,456.398,76.087,-0.6160,-0.0002025,2967.259
990,2969.710,57.83986085,18.84095052,36.594,599.575,-1.913,457.119,76.067,-0.6717,0.0006803,2970.259
991,2972.710,57.83986729,18.84099956,36.573,602.488,-1.935,457.836,76.188,-0.7352,0.0017539,2973.259
992,2975.710,57.83987365,18.84104864,36.550,605.403,-1.958,458.545,76.499,-0.7996,0.0030517,2976.259
993,2978.710,57.83987984,18.84109779,36.525,608.322,-1.983,459.235,77.062,-0.8585,0.0045743,2979.258
994,2981.710,57.83988570,18.84114709,36.498,611.250,-2.009,459.888,77.933,-0.9062,0.0062872,2982.258
995,2984.710,57.83989107,18.84119658,36.470,614.189,-2.037,460.487,79.149,-0.9390,0.0081236,2985.258
996,2987.710,57.83989580,18.84124630,36.442,617.143,-2.065,461.013,80.723,-0.9545,0.0099936,2988.258
997,2990.709,57.83989971,18.84129627,36.413,620.111,-2.094,461.450,82.642,-0.9520,0.0118016,2991.258
998,2993.709,57.83990265,18.84134647,36.385,623.092,-2.123,461.778,84.883,-0.9324,0.0134727,2994.258
999,2996.709,57.83990448,18.84139686,36.357,626.085,-2.150,461.982,87.406,-0.8971,0.0149893,2997.258
1000,2999.708,57.83990505,18.84144734,36.331,629.084,-2.176,462.046,90.163,-0.8483,0.0163895,3000.258
1001,3002.708,57.83990426,18.84149782,36.307,632.082,-2.201,461.958,93.109,-0.7883,0.0177810,3003.257
1002,3005.707,57.83990202,18.84154815,36.284,635.071,-2.223,461.710,96.228,-0.7190,0.0193436,3006.257
1003,3008.707,57.83989829,18.84159816,36.264,638.042,-2.244,461.294,99.550,-0.6421,0.0213163,3009.256
1004,3011.706,57.83989297,18.84164766,36.245,640.982,-2.262,460.702,103.171,-0.5586,0.0239766,3012.256
1005,3014.705,57.83988590,18.84169639,36.230,643.876,-2.277,459.915,107.264,-0.4690,0.0275809,3015.255
1006,3017.704,57.83987687,18.84174396,36.217,646.702,-2.290,458.910,112.102,-0.3740,0.0322440,3018.254
1007,3020.703,57.83986559,18.84178979,36.208,649.425,-2.300,457.654,118.092,-0.2742,0.0377097,3021.253
1008,3023.701,57.83985169,18.84183302,36.201,651.993,-2.306,456.107,125.533,-0.1694,0.0433213,3024.251
1009,3026.698,57.83983480,18.84187230,36.197,654.326,-2.310,454.226,134.397,-0.0585,0.0478987,3027.248
1010,3029.694,57.83981466,18.84190574,36.197,656.312,-2.310,451.983,144.215,0.0582,0.0498846,3030.243
1011,3032.689,57.83979147,18.84193126,36.201,657.829,-2.306,449.401,154.150,0.1782,0.0482852,3033.239
1012,3035.685,57.83976621,18.84194864,36.208,658.862,-2.299,446.588,163.284,0.2985,0.0435463,3036.235
1013,3038.683,57.83973987,18.84195905,36.219,659.480,-2.289,443.654,170.953,0.4180,0.0371095,3039.233
1014,3041.682,57.83971308,18.84196391,36.233,659.769,-2.274,440.669,176.924,0.5374,0.0303082,3042.232
1015,3044.681,57.83968615,18.84196449,36.251,659.805,-2.256,437.670,181.361,0.6563,0.0239506,3045.231
1016,3047.681,57.83965925,18.84196181,36.273,659.646,-2.235,434.675,184.634,0.7727,0.0185408,3048.231
1017,3050.680,57.83963246,18.84195663,36.297,659.339,-2.210,431.691,187.051,0.8840,0.0142912,3051.230
1018,3053.680,57.83960579,18.84194957,36.326,658.920,-2.182,428.721,188.842,0.9886,0.0111889,3054.230
1019,3056.680,57.83957924,18.84194113,36.357,658.419,-2.151,425.763,190.209,1.0844,0.0091336,3057.230
1020,3059.680,57.83955278,18.84193172,36.391,657.861,-2.117,422.816,191.345,1.1692,0.0079907,3060.230
1021,3062.680,57.83952641,18.84192144,36.427,657.250,-2.081,419.879,192.422,1.2407,0.0076032,3063.230
1022,3065.680,57.83950015,18.84191016,36.465,656.581,-2.042,416.954,193.578,1.2963,0.0077890,3066.230
1023,3068.679,57.83947404,18.84189778,36.504,655.846,-2.003,414.046,194.890,1.3341,0.0083491,3069.231
1024,3071.679,57.83944810,18.84188418,36.545,655.039,-1.962,411.157,196.379,1.3526,0.0090855,3072.231
1025,3074.679,57.83942237,18.84186926,36.586,654.153,-1.922,408.291,198.024,1.3515,0.0098338,3075.231
1026,3077.679,57.83939689,18.84185290,36.626,653.181,-1.881,405.453,199.810,1.3314,0.0105040,3078.231
1027,3080.678,57.83937170,18.84183501,36.665,652.120,-1.842,402.647,201.721,1.2941,0.0110506,3081.231
1028,3083.678,57.83934685,18.84181552,36.703,650.962,-1.804,399.880,203.727,1.2425,0.0114413,3084.231
1029,3086.678,57.83932239,18.84179436,36.740,649.706,-1.768,397.156,205.789,1.1801,0.0116644,3087.231
1030,3089.678,57.83929837,18.84177154,36.774,648.351,-1.733,394.480,207.864,1.1108,0.0117309,3090.231
1031,3092.677,57.83927480,18.84174711,36.806,646.900,-1.701,391.854,209.919,1.0384,0.0116724,3093.230
1032,3095.677,57.83925170,18.84172113,36.836,645.358,-1.671,389.281,211.933,0.9663,0.0115343,3096.230
1033,3098.677,57.83922909,18.84169368,36.864,643.727,-1.643,386.763,213.903,0.8972,0.0113649,3099.230
1034,3101.677,57.83920700,18.84166479,36.890,642.012,-1.617,384.302,215.838,0.8330,0.0112036,3102.230
1035,3104.676,57.83918543,18.84163454,36.914,640.215,-1.593,381.900,217.746,0.7748,0.0110687,3105.230
1036,3107.676,57.83916441,18.84160296,36.937,638.340,-1.571,379.559,219.633,0.7234,0.0109617,3108.230
1037,3110.676,57.83914396,18.84157011,36.958,636.389,-1.550,377.280,221.504,0.6792,0.0108832,3111.230
1038,3113.676,57.83912408,18.84153603,36.978,634.365,-1.530,375.066,223.364,0.6424,0.0108335,3114.229
1039,3116.675,57.83910480,18.84150076,36.996,632.270,-1.511,372.919,225.217,0.6133,0.0108129,3117.229
1040,3119.675,57.83908615,18.84146433,37.014,630.107,-1.493,370.840,227.070,0.5925,0.0108219,3120.229
1041,3122.675,57.83906813,18.84142680,37.032,627.878,-1.475,368.833,228.926,0.5806,0.0108605,3123.229
1042,3125.675,57.83905076,18.84138819,37.049,625.585,-1.458,366.899,230.792,0.5788,0.0109293,3126.229
1043,3128.674,57.83903409,18.84134853,37.067,623.230,-1.440,365.041,232.672,0.5883,0.0110268,3129.228
1044,3131.674,57.83901811,18.84130787,37.085,620.815,-1.422,363.262,234.577,0.6108,0.0111370,3132.228
1045,3134.674,57.83900287,18.84126623,37.104,618.342,-1.404,361.564,236.513,0.6486,0.0112307,3135.228
1046,3137.674,57.83898839,18.84122364,37.124,615.812,-1.383,359.951,238.477,0.7040,0.0112728,3138.228
1047,3140.673,57.83897471,18.84118015,37.146,613.229,-1.361,358.426,240.456,0.7798,0.0112320,3141.228
1048,3143.673,57.83896184,18.84113579,37.171,610.594,-1.336,356.992,242.426,0.8791,0.0110879,3144.228
1049,3146.673,57.83894979,18.84109062,37.199,607.912,-1.308,355.650,244.359,1.0047,0.0108339,3147.227
1050,3149.673,57.83893854,18.84104473,37.231,605.186,-1.276,354.397,246.229,1.1588,0.0104791,3150.227
1051,3152.672,57.83892808,18.84099819,37.269,602.422,-1.239,353.232,248.017,1.3428,0.0100455,3153.227
1052,3155.672,57.83891838,18.84095108,37.312,599.624,-1.195,352.151,249.716,1.5567,0.0095618,3156.227
1053,3158.672,57.83890940,18.84090346,37.362,596.796,-1.145,351.151,251.324,1.7988,0.0090541,3159.228
1054,3161.672,57.83890113,18.84085540,37.420,593.941,-1.087,350.229,252.841,2.0657,0.0085346,3162.228
1055,3164.672,57.83889351,18.84080696,37.486,591.064,-1.021,349.380,254.266,2.3522,0.0080093,3165.229
1056,3167.671,57.83888651,18.84075819,37.561,588.167,-0.946,348.600,255.598,2.6517,0.0074828,3168.229
1057,3170.671,57.83888011,18.84070914,37.646,585.254,-0.862,347.886,256.838,2.9570,0.0069594,3171.230
1058,3173.671,57.83887424,18.84065984,37.739,582.326,-0.769,347.233,257.988,3.2605,0.0064424,3174.232
1059,3176.671,57.83886889,18.84061035,37.841,579.386,-0.666,346.636,259.049,3.5550,0.0059341,3177.233
1060,3179.671,57.83886401,18.84056068,37.952,576.436,-0.555,346.092,260.023,3.8345,0.0054359,3180.235
1061,3182.671,57.83885955,18.84051087,38.071,573.477,-0.436,345.595,260.911,4.0941,0.0049489,3183.237
1062,3185.670,57.83885549,18.84046095,38.198,570.512,-0.310,345.143,261.717,4.3306,0.0044737,3186.240
1063,3188.670,57.83885179,18.84041092,38.331,567.540,-0.176,344.730,262.442,4.5424,0.0040101,3189.243
1064,3191.670,57.83884840,18.84036082,38.470,564.564,-0.037,344.352,263.089,4.7294,0.0035576,3192.246
1065,3194.670,57.83884530,18.84031065,38.614,561.585,0.107,344.006,263.659,4.8924,0.0031154,3195.249
1066,3197.670,57.83884245,18.84026043,38.763,558.602,0.256,343.688,264.154,5.0336,0.0026827,3198.253
1067,3200.670,57.83883981,18.84021017,38.916,555.616,0.409,343.394,264.575,5.1554,0.0022581,3201.256
1068,3203.670,57.83883735,18.84015987,39.073,552.629,0.565,343.120,264.925,5.2605,0.0018405,3204.260
1069,3206.670,57.83883504,18.84010956,39.232,549.640,0.724,342.862,265.205,5.3512,0.0014284,3207.265
1070,3209.669,57.83883284,18.84005922,39.393,546.650,0.886,342.617,265.414,5.4293,0.0010204,3210.269
1071,3212.669,57.83883073,18.84000887,39.557,543.660,1.050,342.381,265.554,5.4954,0.0006146,3213.273
1072,3215.669,57.83882866,18.83995851,39.723,540.669,1.215,342.150,265.625,5.5485,0.0002096,3216.278
1073,3218.669,57.83882661,18.83990816,39.890,537.677,1.382,341.922,265.626,5.5864,-0.0001965,3219.282
1074,3221.669,57.83882455,18.83985780,40.058,534.686,1.550,341.692,265.559,5.6052,-0.0006052,3222.287
1075,3224.669,57.83882244,18.83980745,40.226,531.696,1.718,341.456,265.421,5.5998,-0.0010183,3225.291
1076,3227.669,57.83882025,18.83975711,40.393,528.706,1.886,341.211,265.213,5.5642,-0.0014376,3228.296
1077,3230.669,57.83881794,18.83970680,40.559,525.717,2.052,340.954,264.932,5.4924,-0.0018649,3231.300
1078,3233.669,57.83881548,18.83965650,40.723,522.730,2.215,340.680,264.578,5.3794,-0.0023019,3234.305
1079,3236.668,57.83881284,18.83960624,40.882,519.744,2.375,340.386,264.148,5.2212,-0.0027503,3237.309
1080,3239.668,57.83880998,18.83955602,41.036,516.761,2.528,340.067,263.641,5.0164,-0.0032116,3240.313
1081,3242.668,57.83880687,18.83950585,41.183,513.782,2.675,339.720,263.051,4.7664,-0.0036787,3243.316
1082,3245.668,57.83880346,18.83945576,41.322,510.806,2.814,339.340,262.360,4.4755,-0.0040857,3246.319
1083,3248.668,57.83879972,18.83940574,41.451,507.835,2.944,338.923,261.562,4.1511,-0.0043199,3249.322
1084,3251.668,57.83879561,18.83935583,41.570,504.871,3.063,338.465,260.690,3.8026,-0.0042634,3252.324
1085,3254.668,57.83879109,18.83930604,41.679,501.913,3.172,337.961,259.817,3.4416,-0.0038252,3255.326
1086,3257.668,57.83878613,18.83925640,41.777,498.965,3.270,337.408,259.048,3.0802,-0.0029646,3258.327
1087,3260.667,57.83878084,18.83920688,41.864,496.024,3.357,336.818,258.491,2.7306,-0.0017013,3261.328
1088,3263.667,57.83877536,18.83915743,41.941,493.086,3.433,336.208,258.237,2.4034,-0.0001132,3264.329
1089,3266.667,57.83876987,18.83910799,42.008,490.149,3.501,335.596,258.338,2.1069,0.0016784,3267.330
1090,3269.667,57.83876452,18.83905849,42.067,487.210,3.560,335.000,258.802,1.8463,0.0035259,3270.330
1091,3272.667,57.83875946,18.83900889,42.119,484.263,3.612,334.435,259.633,1.6237,0.0052018,3273.331
1092,3275.667,57.83875484,18.83895913,42.165,481.308,3.657,333.921,260.820,1.4379,0.0064491,3276.331
1093,3278.667,57.83875080,18.83890920,42.205,478.342,3.698,333.471,262.278,1.2848,0.0070351,3279.331
1094,3281.666,57.83874748,18.83885908,42.242,475.365,3.735,333.101,263.841,1.1580,0.0067937,3282.331
1095,3284.666,57.83874498,18.83880880,42.275,472.378,3.768,332.822,265.293,1.0503,0.0056637,3285.331
1096,3287.666,57.83874314,18.83875841,42.305,469.385,3.798,332.617,266.415,0.9542,0.0036969,3288.331
1097,3290.666,57.83874169,18.83870798,42.332,466.390,3.825,332.454,267.035,0.8626,0.0010340,3291.331
1098,3293.666,57.83874034,18.83865754,42.357,463.394,3.850,332.303,267.052,0.7696,-0.0021380,3294.331
1099,3296.666,57.83873882,18.83860711,42.379,460.399,3.871,332.135,266.443,0.6706,-0.0056338,3297.331
1100,3299.665,57.83873688,18.83855674,42.397,457.407,3.890,331.918,265.200,0.5633,-0.0092578,3300.331
1101,3302.665,57.83873423,18.83850649,42.413,454.422,3.905,331.622,263.267,0.4470,-0.0127988,3303.331
1102,3305.665,57.83873056,18.83845646,42.424,451.450,3.917,331.213,260.618,0.3228,-0.0160223,3306.330
1103,3308.664,57.83872554,18.83840684,42.432,448.503,3.925,330.654,257.322,0.1930,-0.0186608,3309.330
1104,3311.664,57.83871884,18.83835794,42.436,445.598,3.929,329.907,253.549,0.0609,-0.0204820,3312.329
1105,3314.663,57.83871026,18.83831008,42.436,442.756,3.928,328.951,249.530,-0.0693,-0.0213607,3315.328
1106,3317.662,57.83869989,18.83826348,42.432,439.988,3.924,327.796,245.509,-0.1934,-0.0213309,3318.327
1107,3320.661,57.83868786,18.83821830,42.424,437.304,3.917,326.456,241.676,-0.3075,-0.0205774,3321.327
1108,3323.661,57.83867433,18.83817464,42.413,434.711,3.906,324.949,238.130,-0.4086,-0.0193692,3324.326
1109,3326.660,57.83865945,18.83813255,42.400,432.211,3.892,323.291,234.876,-0.4944,-0.0179616,3327.326
1110,3329.660,57.83864338,18.83809203,42.384,429.805,3.876,321.501,231.890,-0.5635,-0.0165013,3330.325
1111,3332.659,57.83862625,18.83805306,42.366,427.490,3.859,319.593,229.166,-0.6153,-0.0150251,3333.325
1112,3335.659,57.83860820,18.83801558,42.347,425.264,3.840,317.582,226.701,-0.6504,-0.0135498,3336.325
1113,3338.659,57.83858935,18.83797951,42.327,423.122,3.820,315.483,224.494,-0.6698,-0.0120843,3339.325
1114,3341.659,57.83856981,18.83794475,42.307,421.057,3.799,313.306,222.542,-0.6757,-0.0106366,3342.324
1115,3344.658,57.83854969,18.83791118,42.287,419.063,3.779,311.065,220.842,-0.6707,-0.0092120,3345.324
1116,3347.658,57.83852908,18.83787865,42.267,417.131,3.759,308.770,219.390,-0.6577,-0.0078179,3348.324
1117,3350.658,57.83850808,18.83784702,42.247,415.253,3.740,306.431,218.178,-0.6401,-0.0064614,3351.324
1118,3353.658,57.83848677,18.83781615,42.228,413.420,3.721,304.057,217.201,-0.6214,-0.0051676,3354.324
1119,3356.658,57.83846520,18.83778590,42.210,411.623,3.703,301.654,216.458,-0.6049,-0.0039875,3357.324
1120,3359.658,57.83844345,18.83775611,42.192,409.854,3.685,299.232,215.933,-0.5936,-0.0029786,3360.324
1121,3362.657,57.83842158,18.83772663,42.174,408.103,3.667,296.796,215.586,-0.5899,-0.0021882,3363.324
1122,3365.657,57.83839964,18.83769732,42.157,406.363,3.649,294.352,215.364,-0.5955,-0.0016417,3366.324
1123,3368.657,57.83837767,18.83766811,42.139,404.628,3.631,291.905,215.205,-0.6110,-0.0013358,3369.324
1124,3371.657,57.83835565,18.83763902,42.120,402.900,3.613,289.453,215.054,-0.6365,-0.0012386,3372.323
1125,3374.657,57.83833359,18.83761006,42.100,401.180,3.593,286.995,214.873,-0.6707,-0.0012951,3375.323
1126,3377.657,57.83831146,18.83758125,42.080,399.469,3.572,284.531,214.649,-0.7121,-0.0014391,3378.323
1127,3380.657,57.83828927,18.83755263,42.058,397.769,3.550,282.059,214.387,-0.7584,-0.0016120,3381.323
1128,3383.657,57.83826701,18.83752421,42.034,396.081,3.527,279.579,214.095,-0.8074,-0.0017866,3384.323
1129,3386.657,57.83824466,18.83749601,42.009,394.406,3.502,277.090,213.773,-0.8569,-0.0019609,3387.323
1130,3389.656,57.83822223,18.83746805,41.983,392.746,3.475,274.592,213.421,-0.9051,-0.0021347,3390.323
1131,3392.656,57.83819970,18.83744037,41.955,391.102,3.447,272.082,213.038,-0.9509,-0.0023073,3393.323
1132,3395.656,57.83817707,18.83741298,41.926,389.475,3.418,269.562,212.626,-0.9941,-0.0024783,3396.323
1133,3398.656,57.83815433,18.83738591,41.895,387.868,3.388,267.029,212.185,-1.0350,-0.0026471,3399.323
1134,3401.656,57.83813148,18.83735918,41.863,386.280,3.356,264.484,211.715,-1.0747,-0.0028132,3402.323
1135,3404.656,57.83810850,18.83733281,41.831,384.714,3.323,261.925,211.216,-1.1144,-0.0029761,3405.323
1136,3407.656,57.83808541,18.83730683,41.797,383.171,3.289,259.352,210.689,-1.1555,-0.0031358,3408.324
1137,3410.656,57.83806218,18.83728126,41.761,381.652,3.254,256.765,210.138,-1.1988,-0.0033001,3411.324
1138,3413.655,57.83803882,18.83725612,41.725,380.159,3.217,254.163,209.563,-1.2441,-0.0034835,3414.324
1139,3416.655,57.83801532,18.83723144,41.687,378.693,3.179,251.546,208.962,-1.2907,-0.0037024,3417.324
1140,3419.655,57.83799168,18.83720723,41.647,377.256,3.140,248.913,208.325,-1.3366,-0.0039706,3420.324
1141,3422.655,57.83796790,18.83718352,41.607,375.848,3.099,246.264,207.640,-1.3795,-0.0042966,3423.324
1142,3425.655,57.83794396,18.83716037,41.565,374.473,3.057,243.598,206.892,-1.4166,-0.0046825,3426.324
1143,3428.655,57.83791986,18.83713784,41.522,373.135,3.014,240.913,206.068,-1.4455,-0.0051232,3429.324
1144,3431.655,57.83789557,18.83711599,41.478,371.837,2.971,238.208,205.157,-1.4644,-0.0056087,3432.325
1145,3434.655,57.83787109,18.83709492,41.434,370.585,2.926,235.482,204.156,-1.4724,-0.0061264,3435.325
1146,3437.654,57.83784642,18.83707468,41.390,369.384,2.882,232.734,203.063,-1.4693,-0.0066664,3438.325
1147,3440.654,57.83782153,18.83705537,41.346,368.237,2.838,229.962,201.875,-1.4561,-0.0072260,3441.325
1148,3443.654,57.83779643,18.83703707,41.302,367.150,2.795,227.166,200.589,-1.4338,-0.0078053,3444.325
1149,3446.654,57.83777110,18.83701987,41.260,366.129,2.752,224.345,199.201,-1.4038,-0.0084036,3447.325
1150,3449.654,57.83774555,18.83700387,41.218,365.178,2.711,221.500,197.708,-1.3670,-0.0090194,3450.325
1151,3452.653,57.83771979,18.83698917,41.178,364.306,2.670,218.630,196.106,-1.3239,-0.0096500,3453.326
1152,3455.653,57.83769380,18.83697587,41.139,363.516,2.631,215.736,194.392,-1.2743,-0.0102905,3456.326
1153,3458.653,57.83766761,18.83696408,41.101,362.816,2.594,212.819,192.564,-1.2178,-0.0109345,3459.326
1154,3461.653,57.83764123,18.83695392,41.066,362.213,2.558,209.880,190.622,-1.1537,-0.0115745,3462.326
1155,3464.652,57.83761467,18.83694549,41.032,361.712,2.525,206.923,188.565,-1.0814,-0.0121984,3465.325
1156,3467.652,57.83758797,18.83693889,41.001,361.321,2.494,203.949,186.393,-1.0010,-0.0127771,3468.325
1157,3470.652,57.83756115,18.83693425,40.972,361.045,2.465,200.962,184.111,-0.9134,-0.0132724,3471.325
1158,3473.651,57.83753426,18.83693164,40.946,360.890,2.439,197.966,181.737,-0.8203,-0.0136514,3474.325
1159,3476.651,57.83750732,18.83693116,40.923,360.862,2.416,194.966,179.303,-0.7242,-0.0138963,3477.325
1160,3479.651,57.83748041,18.83693287,40.903,360.964,2.395,191.968,176.843,-0.6280,-0.0140097,3480.324
1161,3482.650,57.83745355,18.83693676,40.885,361.195,2.378,188.978,174.389,-0.5352,-0.0140142,3483.324
1162,3485.650,57.83742681,18.83694277,40.871,361.553,2.363,185.999,171.962,-0.4488,-0.0139478,3486.324
1163,3488.650,57.83740023,18.83695088,40.858,362.034,2.351,183.039,169.569,-0.3710,-0.0138560,3489.323
1164,3491.649,57.83737385,18.83696104,40.848,362.639,2.341,180.100,167.202,-0.3032,-0.0137814,3492.323
1165,3494.649,57.83734771,18.83697324,40.840,363.363,2.333,177.190,164.846,-0.2455,-0.0137511,3495.323
1166,3497.649,57.83732186,18.83698743,40.834,364.206,2.326,174.311,162.490,-0.1970,-0.0137705,3498.323
1167,3500.648,57.83729635,18.83700361,40.828,365.168,2.321,171.470,160.126,-0.1557,-0.0138382,3501.322
1168,3503.648,57.83727121,18.83702175,40.824,366.246,2.317,168.670,157.746,-0.1193,-0.0139526,3504.322
1169,3506.648,57.83724650,18.83704185,40.821,367.440,2.314,165.918,155.342,-0.0853,-0.0141119,3507.322
1170,3509.647,57.83722227,18.83706388,40.819,368.748,2.312,163.219,152.905,-0.0515,-0.0143137,3510.321
1171,3512.647,57.83719856,18.83708784,40.818,370.172,2.311,160.579,150.428,-0.0169,-0.0145553,3513.321
1172,3515.647,57.83717543,18.83711371,40.818,371.709,2.311,158.003,147.905,0.0189,-0.0148331,3516.321
1173,3518.646,57.83715294,18.83714149,40.819,373.359,2.312,155.498,145.329,0.0547,-0.0151426,3519.320
1174,3521.646,57.83713114,18.83717115,40.821,375.122,2.314,153.071,142.694,0.0889,-0.0154782,3522.320
1175,3524.646,57.83711011,18.83720268,40.824,376.995,2.317,150.728,139.990,0.1190,-0.0158102,3525.319
1176,3527.645,57.83708990,18.83723606,40.828,378.978,2.321,148.477,137.198,0.1426,-0.0160476,3528.319
1177,3530.645,57.83707058,18.83727124,40.833,381.068,2.325,146.326,134.327,0.1578,-0.0160702,3531.319
1178,3533.644,57.83705222,18.83730819,40.838,383.263,2.330,144.282,131.428,0.1636,-0.0157681,3534.318
1179,3536.644,57.83703490,18.83734686,40.843,385.560,2.335,142.352,128.590,0.1600,-0.0150717,3537.318
1180,3539.644,57.83701863,18.83738710,40.847,387.950,2.340,140.541,125.918,0.1481,-0.0139720,3540.317
1181,3542.643,57.83700333,18.83742866,40.851,390.419,2.344,138.837,123.512,0.1297,-0.0125225,3543.317
1182,3545.643,57.83698890,18.83747130,40.855,392.952,2.348,137.230,121.440,0.1072,-0.0108240,3546.317
1183,3548.643,57.83697521,18.83751479,40.858,395.536,2.350,135.706,119.725,0.0825,-0.0089985,3549.316
1184,3551.643,57.83696215,18.83755895,40.860,398.159,2.353,134.251,118.352,0.0573,-0.0071567,3552.316
1185,3554.642,57.83694958,18.83760362,40.861,400.813,2.354,132.852,117.294,0.0322,-0.0053583,3555.316
1186,3557.642,57.83693740,18.83764866,40.862,403.488,2.354,131.495,116.537,0.0076,-0.0036019,3558.316
1187,3560.642,57.83692546,18.83769394,40.862,406.178,2.354,130.166,116.074,-0.0171,-0.0018728,3561.316
1188,3563.642,57.83691367,18.83773934,40.861,408.875,2.353,128.853,115.898,-0.0419,-0.0001512,3564.316
1189,3566.642,57.83690188,18.83778475,40.859,411.573,2.352,127.541,116.012,-0.0667,0.0015854,3567.316
1190,3569.642,57.83688999,18.83783006,40.857,414.264,2.350,126.216,116.419,-0.0905,0.0033600,3570.316
1191,3572.642,57.83687786,18.83787516,40.854,416.943,2.347,124.866,117.128,-0.1113,0.0051944,3573.315
1192,3575.641,57.83686538,18.83791990,40.850,419.601,2.343,123.475,118.153,-0.1261,0.0071069,3576.315
1193,3578.641,57.83685240,18.83796415,40.846,422.230,2.339,122.030,119.514,-0.1317,0.0091082,3579.315
1194,3581.641,57.83683879,18.83800773,40.842,424.819,2.335,120.515,121.237,-0.1249,0.0111727,3582.315
1195,3584.641,57.83682442,18.83805045,40.839,427.356,2.332,118.915,123.360,-0.1033,0.0132005,3585.315
1196,3587.640,57.83680916,18.83809206,40.836,429.828,2.329,117.215,125.887,-0.0662,0.0150558,3588.314
1197,3590.640,57.83679288,18.83813228,40.835,432.218,2.328,115.402,128.772,-0.0145,0.0166074,3591.314
1198,3593.640,57.83677546,18.83817079,40.835,434.506,2.328,113.462,131.927,0.0484,0.0177600,3594.313
1199,3596.639,57.83675687,18.83820732,40.838,436.676,2.330,111.392,135.239,0.1172,0.0184820,3597.313
1200,3599.638,57.83673717,18.83824175,40.842,438.721,2.335,109.198,138.598,0.1851,0.0188129,3600.312
1201,3602.638,57.83671644,18.83827399,40.849,440.637,2.341,106.890,141.929,0.2443,0.0188548,3603.312
1202,3605.637,57.83669477,18.83830397,40.857,442.417,2.350,104.476,145.198,0.2873,0.0187386,3606.311
1203,3608.637,57.83667223,18.83833160,40.866,444.059,2.359,101.966,148.417,0.3074,0.0185860,3609.311
1204,3611.636,57.83664890,18.83835683,40.875,445.558,2.368,99.368,151.606,0.3000,0.0184651,3612.310
1205,3614.636,57.83662486,18.83837960,40.884,446.911,2.377,96.691,154.777,0.2627,0.0183873,3615.310
1206,3617.635,57.83660019,18.83839984,40.891,448.114,2.384,93.943,157.937,0.1959,0.0183565,3618.309
1207,3620.635,57.83657496,18.83841751,40.896,449.163,2.388,91.133,161.096,0.1027,0.0183747,3621.309
1208,3623.634,57.83654925,18.83843254,40.897,450.057,2.390,88.270,164.262,-0.0118,0.0184428,3624.308
1209,3626.634,57.83652313,18.83844488,40.895,450.790,2.387,85.361,167.445,-0.1410,0.0185593,3627.308
1210,3629.633,57.83649669,18.83845447,40.888,451.360,2.381,82.416,170.654,-0.2781,0.0187214,3630.307
1211,3632.633,57.83647000,18.83846125,40.878,451.763,2.371,79.444,173.897,-0.4165,0.0189243,3633.307
1212,3635.632,57.83644315,18.83846518,40.863,451.997,2.356,76.454,177.181,-0.5514,0.0191614,3636.306
1213,3638.632,57.83641623,18.83846620,40.845,452.058,2.337,73.455,180.516,-0.6794,0.0194143,3639.306
1214,3641.631,57.83638932,18.83846426,40.822,451.943,2.315,70.458,183.915,-0.7998,0.0196252,3642.305
1215,3644.631,57.83636251,18.83845932,40.797,451.650,2.289,67.473,187.379,-0.9136,0.0197090,3645.305
1216,3647.630,57.83633592,18.83845136,40.768,451.177,2.260,64.511,190.877,-1.0231,0.0195820,3648.304
1217,3650.630,57.83630964,18.83844035,40.735,450.524,2.228,61.583,194.352,-1.1316,0.0191861,3651.304
1218,3653.629,57.83628376,18.83842635,40.700,449.692,2.192,58.701,197.730,-1.2421,0.0185070,3654.304
1219,3656.628,57.83625836,18.83840955,40.661,448.695,2.154,55.873,200.940,-1.3571,0.0175759,3657.303
1220,3659.628,57.83623348,18.83839022,40.618,447.547,2.111,53.101,203.928,-1.4781,0.0164653,3660.303
1221,3662.628,57.83620914,18.83836861,40.572,446.263,2.065,50.390,206.672,-1.6049,0.0152677,3663.303
1222,3665.627,57.83618535,18.83834493,40.522,444.857,2.015,47.741,209.183,-1.7357,0.0140735,3666.303
1223,3668.627,57.83616211,18.83831941,40.468,443.341,1.961,45.152,211.483,-1.8678,0.0129437,3669.303
1224,3671.627,57.83613941,18.83829223,40.410,441.727,1.903,42.624,213.593,-1.9975,0.0118953,3672.304
1225,3674.626,57.83611724,18.83826357,40.348,440.025,1.841,40.154,215.528,-2.1214,0.0109303,3675.304
1226,3677.626,57.83609557,18.83823358,40.283,438.243,1.776,37.740,217.305,-2.2365,0.0100475,3678.305
1227,3680.626,57.83607439,18.83820239,40.214,436.391,1.707,35.381,218.938,-2.3411,0.0092422,3681.305
1228,3683.626,57.83605366,18.83817013,40.142,434.475,1.635,33.073,220.441,-2.4351,0.0085091,3684.306
1229,3686.626,57.83603338,18.83813690,40.068,432.501,1.561,30.814,221.825,-2.5203,0.0078413,3687.307
1230,3689.625,57.83601352,18.83810280,39.991,430.476,1.484,28.601,223.101,-2.6009,0.0072320,3690.307
1231,3692.625,57.83599404,18.83806791,39.912,428.403,1.404,26.432,224.280,-2.6826,0.0066744,3693.308
1232,3695.625,57.83597494,18.83803230,39.830,426.288,1.323,24.304,225.368,-2.7728,0.0061617,3696.309
1233,3698.625,57.83595619,18.83799605,39.745,424.135,1.238,22.216,226.373,-2.8793,0.0056903,3699.310
1234,3701.625,57.83593777,18.83795920,39.657,421.947,1.150,20.164,227.301,-3.0098,0.0052593,3702.311
1235,3704.625,57.83591966,18.83792183,39.564,419.727,1.057,18.146,228.156,-3.1707,0.0048686,3705.313
1236,3707.625,57.83590184,18.83788397,39.467,417.478,0.959,16.161,228.949,-3.3668,0.0045150,3708.314
1237,3710.624,57.83588428,18.83784567,39.362,415.203,0.855,14.206,229.686,-3.6002,0.0041919,3711.316
1238,3713.624,57.83586698,18.83780696,39.250,412.904,0.743,12.278,230.374,-3.8707,0.0038895,3714.318
1239,3716.624,57.83584992,18.83776789,39.130,410.583,0.623,10.378,231.018,-4.1754,0.0035949,3717.320
1240,3719.624,57.83583309,18.83772846,39.000,408.241,0.492,8.503,231.616,-4.5093,0.0032954,3720.323
1241,3722.624,57.83581647,18.83768872,38.859,405.880,0.352,6.652,232.165,-4.8661,0.0029792,3723.326
1242,3725.624,57.83580004,18.83764870,38.708,403.503,0.200,4.822,232.658,-5.2385,0.0026391,3726.330
1243,3728.624,57.83578379,18.83760843,38.545,401.111,0.037,3.012,233.089,-5.6196,0.0022735,3729.334
1244,3731.624,57.83576768,18.83756794,38.370,398.707,-0.137,1.218,233.454,-6.0032,0.0018860,3732.339
1245,3734.623,57.83575171,18.83752729,38.184,396.292,-0.323,-0.562,233.750,-6.3848,0.0014807,3735.345
1246,3737.623,57.83573583,18.83748650,37.987,393.869,-0.520,-2.331,233.972,-6.7623,0.0010622,3738.351
1247,3740.623,57.83572002,18.83744561,37.778,391.440,-0.729,-4.092,234.120,-7.1360,0.0006354,3741.358
1248,3743.623,57.83570425,18.83740467,37.559,389.008,-0.949,-5.848,234.193,-7.5092,0.0002052,3744.366
1249,3746.623,57.83568850,18.83736371,37.328,386.575,-1.180,-7.603,234.190,-7.8871,-0.0002234,3747.375
1250,3749.623,57.83567273,18.83732277,37.085,384.143,-1.422,-9.359,234.112,-8.2765,-0.0006452,3750.384
1251,3752.623,57.83565691,18.83728189,36.831,381.715,-1.676,-11.121,233.959,-8.6847,-0.0010499,3753.395
1252,3755.623,57.83564103,18.83724110,36.564,379.292,-1.943,-12.890,233.724,-9.1177,-0.0013947,3756.407
1253,3758.622,57.83562505,18.83720045,36.284,376.878,-2.223,-14.670,233.413,-9.5797,-0.0016170,3759.420
1254,3761.622,57.83560894,18.83715997,35.990,374.473,-2.518,-16.464,233.049,-10.0716,-0.0016580,3762.434
1255,3764.622,57.83559270,18.83711969,35.680,372.081,-2.828,-18.274,232.679,-10.5909,-0.0014786,3765.450
1256,3767.622,57.83557629,18.83707964,35.354,369.701,-3.153,-20.101,232.362,-11.1316,-0.0010677,3768.467
1257,3770.622,57.83555979,18.83703973,35.012,367.331,-3.495,-21.940,232.153,-11.6849,-0.0004435,3771.487
1258,3773.622,57.83554324,18.83699989,34.653,364.965,-3.854,-23.783,232.097,-12.2399,0.0003505,3774.508
1259,3776.622,57.83552670,18.83696002,34.278,362.596,-4.230,-25.624,232.216,-12.7845,0.0012565,3777.531
1260,3779.622,57.83551025,18.83692003,33.886,360.221,-4.621,-27.457,232.510,-13.3060,0.0022177,3780.557
1261,3782.622,57.83549395,18.83687984,33.480,357.834,-5.028,-29.273,232.975,-13.7925,0.0031780,3783.584
1262,3785.621,57.83547784,18.83683937,33.059,355.429,-5.448,-31.067,233.624,-14.2333,0.0040711,3786.613
1263,3788.621,57.83546200,18.83679852,32.626,353.003,-5.881,-32.832,234.454,-14.6186,0.0048187,3789.644
1264,3791.621,57.83544650,18.83675722,32.183,350.550,-6.325,-34.558,235.432,-14.9394,0.0053442,3792.677
1265,3794.621,57.83543142,18.83671538,31.731,348.065,-6.777,-36.238,236.500,-15.1878,0.0055926,3795.710
1266,3797.621,57.83541679,18.83667298,31.272,345.546,-7.235,-37.868,237.584,-15.3570,0.0055437,3798.745
1267,3800.621,57.83540258,18.83663008,30.810,342.998,-7.697,-39.451,238.610,-15.4417,0.0052170,3801.780
1268,3803.621,57.83538875,18.83658674,30.347,340.424,-8.161,-40.991,239.522,-15.4379,0.0046673,3804.816
1269,3806.620,57.83537526,18.83654304,29.885,337.827,-8.623,-42.494,240.292,-15.3423,0.0039726,3807.851
1270,3809.620,57.83536204,18.83649903,29.427,335.213,-9.081,-43.966,240.916,-15.1523,0.0032166,3810.885
1271,3812.620,57.83534906,18.83645479,28.976,332.585,-9.531,-45.412,241.397,-14.8671,0.0024746,3813.919
1272,3815.620,57.83533625,18.83641037,28.536,329.946,-9.972,-46.839,241.734,-14.4878,0.0017968,3816.951
1273,3818.620,57.83532356,18.83636583,28.108,327.301,-10.400,-48.253,241.942,-14.0180,0.0012267,3819.981
1274,3821.620,57.83531092,18.83632123,27.695,324.651,-10.812,-49.660,242.052,-13.4636,0.0007946,3823.009
1275,3824.620,57.83529830,18.83627661,27.300,322.001,-11.207,-51.066,242.100,-12.8335,0.0005116,3826.035
1276,3827.620,57.83528569,18.83623199,26.925,319.350,-11.582,-52.471,242.124,-12.1389,0.0003682,3829.058
1277,3830.619,57.83527310,18.83618735,26.572,316.699,-11.935,-53.874,242.153,-11.3940,0.0003362,3832.079
1278,3833.619,57.83526053,18.83614269,26.242,314.046,-12.265,-55.274,242.202,-10.6147,0.0003761,3835.097
1279,3836.619,57.83524798,18.83609800,25.936,311.391,-12.572,-56.671,242.271,-9.8187,0.0004474,3838.112
1280,3839.619,57.83523547,18.83605328,25.653,308.735,-12.854,-58.065,242.355,-9.0243,0.0005228,3841.126
1281,3842.619,57.83522299,18.83600853,25.394,306.076,-13.113,-59.455,242.451,-8.2494,0.0005980,3844.137
1282,3845.619,57.83521056,18.83596373,25.158,303.415,-13.349,-60.840,242.560,-7.5102,0.0006729,3847.146
1283,3848.619,57.83519817,18.83591888,24.943,300.752,-13.564,-62.220,242.682,-6.8202,0.0007477,3850.153
1284,3851.619,57.83518584,18.83587399,24.749,298.085,-13.759,-63.593,242.817,-6.1893,0.0008223,3853.160
1285,3854.619,57.83517357,18.83582903,24.572,295.414,-13.936,-64.960,242.965,-5.6227,0.0008969,3856.165
1286,3857.618,57.83516136,18.83578402,24.411,292.740,-14.096,-66.320,243.126,-5.1211,0.0009714,3859.169
1287,3860.618,57.83514922,18.83573894,24.264,290.062,-14.243,-67.672,243.299,-4.6809,0.0010461,3862.172
1288,3863.618,57.83513716,18.83569379,24.130,287.380,-14.378,-69.016,243.485,-4.2945,0.0011208,3865.175
1289,3866.618,57.83512518,18.83564856,24.006,284.694,-14.501,-70.351,243.684,-3.9517,0.0011958,3868.178
1290,3869.618,57.83511328,18.83560325,23.892,282.002,-14.615,-71.676,243.896,-3.6411,0.0012709,3871.180
1291,3872.618,57.83510148,18.83555786,23.787,279.306,-14.720,-72.990,244.121,-3.3513,0.0013464,3874.181
1292,3875.618,57.83508978,18.83551238,23.691,276.604,-14.816,-74.294,244.359,-3.0726,0.0014221,3877.183
1293,3878.618,57.83507817,18.83546680,23.603,273.897,-14.905,-75.586,244.610,-2.7976,0.0014982,3880.184
1294,3881.618,57.83506668,18.83542113,23.523,271.184,-14.984,-76.867,244.874,-2.5221,0.0015747,3883.185
1295,3884.617,57.83505531,18.83537535,23.451,268.465,-15.056,-78.134,245.151,-2.2450,0.0016516,3886.186
1296,3887.617,57.83504405,18.83532948,23.388,265.739,-15.119,-79.388,245.441,-1.9681,0.0017290,3889.186
1297,3890.617,57.83503292,18.83528349,23.333,263.008,-15.174,-80.627,245.745,-1.6952,0.0018069,3892.187
1298,3893.617,57.83502192,18.83523739,23.286,260.269,-15.221,-81.852,246.062,-1.4315,0.0018852,3895.187
1299,3896.617,57.83501107,18.83519117,23.247,257.524,-15.260,-83.061,246.392,-1.1821,0.0019641,3898.187
1300,3899.617,57.83500036,18.83514484,23.215,254.771,-15.292,-84.255,246.737,-0.9518,0.0020436,3901.187
1301,3902.617,57.83498980,18.83509838,23.190,252.012,-15.318,-85.431,247.095,-0.7440,0.0021236,3904.187
1302,3905.617,57.83497940,18.83505180,23.170,249.245,-15.337,-86.590,247.466,-0.5608,0.0022042,3907.187
1303,3908.617,57.83496916,18.83500509,23.156,246.470,-15.351,-87.730,247.852,-0.4029,0.0022853,3910.187
1304,3911.616,57.83495909,18.83495825,23.146,243.688,-15.361,-88.851,248.252,-0.2698,0.0023669,3913.187
1305,3914.616,57.83494920,18.83491128,23.140,240.897,-15.368,-89.953,248.666,-0.1600,0.0024491,3916.187
1306,3917.616,57.83493950,18.83486417,23.136,238.099,-15.371,-91.034,249.093,-0.0719,0.0025319,3919.187
1307,3920.616,57.83492998,18.83481693,23.135,235.292,-15.372,-92.093,249.536,-0.0037,0.0026150,3922.187
1308,3923.616,57.83492067,18.83476955,23.136,232.478,-15.372,-93.131,249.992,0.0467,0.0026987,3925.186
1309,3926.616,57.83491156,18.83472202,23.138,229.655,-15.370,-94.146,250.463,0.0808,0.0027828,3928.186
1310,3929.616,57.83490266,18.83467436,23.141,226.823,-15.367,-95.137,250.949,0.1006,0.0028672,3931.186
1311,3932.616,57.83489398,18.83462655,23.144,223.984,-15.364,-96.104,251.449,0.1078,0.0029521,3934.186
1312,3935.615,57.83488553,18.83457861,23.147,221.135,-15.360,-97.046,251.963,0.1045,0.0030373,3937.186
1313,3938.615,57.83487731,18.83453052,23.150,218.279,-15.357,-97.962,252.493,0.0926,0.0031229,3940.186
1314,3941.615,57.83486933,18.83448229,23.152,215.413,-15.355,-98.850,253.037,0.0744,0.0032090,3943.186
1315,3944.615,57.83486159,18.83443391,23.154,212.540,-15.353,-99.712,253.596,0.0521,0.0032954,3946.186
1316,3947.615,57.83485412,18.83438540,23.155,209.658,-15.352,-100.545,254.170,0.0276,0.0033821,3949.185
1317,3950.615,57.83484690,18.83433674,23.156,206.768,-15.351,-101.348,254.759,0.0027,0.0034690,3952.185
1318,3953.615,57.83483996,18.83428795,23.156,203.869,-15.352,-102.122,255.362,-0.0215,0.0035562,3955.185
1319,3956.615,57.83483330,18.83423902,23.155,200.963,-15.353,-102.864,255.981,-0.0442,0.0036435,3958.185
1320,3959.614,57.83482692,18.83418996,23.153,198.048,-15.354,-103.575,256.615,-0.0651,0.0037307,3961.185
1321,3962.614,57.83482083,18.83414077,23.151,195.126,-15.357,-104.253,257.264,-0.0842,0.0038177,3964.185
1322,3965.614,57.83481505,18.83409145,23.148,192.196,-15.359,-104.897,257.928,-0.1015,0.0039042,3967.185
1323,3968.614,57.83480957,18.83404200,23.145,189.259,-15.363,-105.507,258.607,-0.1171,0.0039902,3970.185
1324,3971.614,57.83480441,18.83399244,23.141,186.315,-15.366,-106.082,259.301,-0.1306,0.0040755,3973.184
1325,3974.614,57.83479957,18.83394276,23.137,183.364,-15.370,-106.621,260.009,-0.1412,0.0041598,3976.184
1326,3977.614,57.83479507,18.83389298,23.133,180.406,-15.375,-107.123,260.732,-0.1477,0.0042428,3979.184
1327,3980.614,57.83479090,18.83384309,23.128,177.442,-15.379,-107.587,261.471,-0.1484,0.0043177,3982.184
1328,3983.613,57.83478708,18.83379310,23.124,174.473,-15.384,-108.012,262.229,-0.1414,0.0043656,3985.184
1329,3986.613,57.83478361,18.83374302,23.120,171.498,-15.388,-108.399,263.001,-0.1250,0.0043639,3988.184
1330,3989.613,57.83478051,18.83369286,23.116,168.518,-15.391,-108.745,263.778,-0.0979,0.0042930,3991.184
1331,3992.613,57.83477777,18.83364262,23.114,165.534,-15.394,-109.050,264.539,-0.0594,0.0041416,3994.184
1332,3995.613,57.83477538,18.83359232,23.113,162.546,-15.395,-109.316,265.264,-0.0098,0.0039089,3997.183
1333,3998.613,57.83477333,18.83354197,23.113,159.555,-15.394,-109.545,265.934,0.0494,0.0036051,4000.183
1334,4001.613,57.83477157,18.83349158,23.116,156.561,-15.392,-109.741,266.536,0.1162,0.0032487,4003.183
1335,4004.612,57.83477007,18.83344116,23.120,153.566,-15.387,-109.908,267.065,0.1875,0.0028628,4006.183
1336,4007.612,57.83476880,18.83339072,23.127,150.569,-15.380,-110.050,267.522,0.2604,0.0024685,4009.183
1337,4010.612,57.83476773,18.83334026,23.136,147.572,-15.371,-110.169,267.912,0.3315,0.0020759,4012.183
1338,4013.612,57.83476683,18.83328979,23.147,144.574,-15.360,-110.269,268.234,0.3984,0.0016858,4015.183
1339,4016.612,57.83476606,18.83323931,23.160,141.575,-15.348,-110.355,268.490,0.4593,0.0012979,4018.183
1340,4019.612,57.83476540,18.83318882,23.174,138.576,-15.333,-110.429,268.679,0.5134,0.0009117,4021.183
1341,4022.612,57.83476481,18.83313834,23.191,135.577,-15.317,-110.494,268.803,0.5611,0.0005269,4024.182
1342,4025.612,57.83476426,18.83308785,23.208,132.577,-15.299,-110.555,268.860,0.6036,0.0001429,4027.182
1343,4028.612,57.83476373,18.83303736,23.227,129.578,-15.281,-110.615,268.852,0.6426,-0.0002408,4030.182
1344,4031.611,57.83476318,18.83298687,23.247,126.579,-15.261,-110.677,268.777,0.6804,-0.0006247,4033.182
1345,4034.611,57.83476257,18.83293638,23.268,123.580,-15.240,-110.744,268.637,0.7189,-0.0010087,4036.182
1346,4037.611,57.83476189,18.83288590,23.290,120.581,-15.218,-110.820,268.428,0.7599,-0.0013821,4039.182
1347,4040.611,57.83476109,18.83283543,23.313,117.582,-15.194,-110.909,268.147,0.8041,-0.0017240,4042.182
1348,4043.611,57.83476015,18.83278496,23.338,114.584,-15.169,-111.014,267.801,0.8519,-0.0020115,4045.182
1349,4046.611,57.83475903,18.83273450,23.364,111.587,-15.143,-111.139,267.403,0.9024,-0.0022262,4048.182
1350,4049.611,57.83475771,18.83268406,23.392,108.591,-15.115,-111.286,266.973,0.9541,-0.0023585,4051.182
1351,4052.611,57.83475617,18.83263365,23.421,105.596,-15.086,-111.457,266.531,1.0050,-0.0024097,4054.182
1352,4055.611,57.83475444,18.83258325,23.452,102.602,-15.055,-111.651,266.096,1.0523,-0.0023915,4057.182
1353,4058.610,57.83475250,18.83253289,23.485,99.610,-15.023,-111.866,265.680,1.0936,-0.0023239,4060.182
1354,4061.610,57.83475038,18.83248254,23.518,96.619,-14.989,-112.103,265.285,1.1263,-0.0022299,4063.182
1355,4064.610,57.83474808,18.83243223,23.552,93.631,-14.955,-112.359,264.910,1.1485,-0.0021283,4066.182
1356,4067.610,57.83474561,18.83238194,23.587,90.643,-14.921,-112.634,264.553,1.1590,-0.0020259,4069.183
1357,4070.610,57.83474297,18.83233169,23.622,87.658,-14.886,-112.928,264.214,1.1574,-0.0019228,4072.183
1358,4073.610,57.83474018,18.83228146,23.656,84.674,-14.851,-113.239,263.892,1.1444,-0.0018193,4075.183
1359,4076.610,57.83473724,18.83223126,23.690,81.692,-14.817,-113.566,263.588,1.1215,-0.0017152,4078.183
1360,4079.610,57.83473417,18.83218109,23.723,78.712,-14.784,-113.909,263.302,1.0909,-0.0016108,4081.183
1361,4082.609,57.83473096,18.83213095,23.756,75.733,-14.752,-114.266,263.034,1.0550,-0.0015060,4084.183
1362,4085.609,57.83472764,18.83208084,23.787,72.756,-14.721,-114.636,262.784,1.0166,-0.0014010,4087.183
1363,4088.609,57.83472420,18.83203076,23.817,69.781,-14.691,-115.019,262.552,0.9781,-0.0012959,4090.183
1364,4091.609,57.83472066,18.83198070,23.845,66.807,-14.662,-115.414,262.338,0.9413,-0.0011905,4093.183
1365,4094.609,57.83471702,18.83193066,23.873,63.835,-14.634,-115.819,262.143,0.9079,-0.0010851,4096.183
1366,4097.609,57.83471330,18.83188065,23.900,60.864,-14.608,-116.233,261.965,0.8783,-0.0009796,4099.183
1367,4100.609,57.83470949,18.83183065,23.926,57.894,-14.582,-116.657,261.806,0.8528,-0.0008742,4102.183
1368,4103.609,57.83470562,18.83178068,23.951,54.925,-14.556,-117.088,261.665,0.8306,-0.0007687,4105.183
1369,4106.609,57.83470169,18.83173072,23.976,51.957,-14.532,-117.526,261.542,0.8107,-0.0006633,4108.183
1370,4109.608,57.83469770,18.83168078,24.000,48.991,-14.508,-117.970,261.437,0.7915,-0.0005580,4111.183
1371,4112.608,57.83469367,18.83163085,24.023,46.024,-14.484,-118.419,261.350,0.7712,-0.0004527,4114.183
1372,4115.608,57.83468960,18.83158093,24.046,43.059,-14.462,-118.872,261.281,0.7479,-0.0003476,4117.183
1373,4118.608,57.83468551,18.83153102,24.068,40.094,-14.440,-119.329,261.231,0.7198,-0.0002425,4120.183
1374,4121.608,57.83468139,18.83148111,24.089,37.129,-14.418,-119.787,261.198,0.6854,-0.0001376,4123.183
1375,4124.608,57.83467727,18.83143121,24.109,34.165,-14.398,-120.246,261.183,0.6436,-0.0000328,4126.183
1376,4127.608,57.83467314,18.83138130,24.128,31.200,-14.380,-120.706,261.187,0.5941,0.0000718,4129.183
1377,4130.608,57.83466902,18.83133140,24.145,28.236,-14.363,-121.165,261.208,0.5376,0.0001763,4132.183
1378,4133.608,57.83466491,18.83128149,24.160,25.271,-14.347,-121.623,261.248,0.4757,0.0002807,4135.183
1379,4136.607,57.83466082,18.83123158,24.173,22.306,-14.334,-122.078,261.305,0.4107,0.0003848,4138.183
1380,4139.607,57.83465677,18.83118166,24.185,19.340,-14.323,-122.530,261.380,0.3457,0.0004888,4141.183
1381,4142.607,57.83465275,18.83113172,24.194,16.374,-14.313,-122.977,261.473,0.2843,0.0005926,4144.182
1382,4145.607,57.83464878,18.83108177,24.202,13.407,-14.306,-123.419,261.584,0.2296,0.0006962,4147.182
1383,4148.607,57.83464487,18.83103181,24.208,10.439,-14.300,-123.855,261.713,0.1845,0.0007990,4150.182
1384,4151.607,57.83464102,18.83098183,24.213,7.469,-14.295,-124.283,261.861,0.1509,0.0008954,4153.182
1385,4154.607,57.83463725,18.83093183,24.217,4.499,-14.291,-124.704,262.029,0.1293,0.0009753,4156.182
1386,4157.607,57.83463355,18.83088181,24.220,1.528,-14.287,-125.116,262.213,0.1193,0.0010280,4159.182
1387,4160.607,57.83462994,18.83083177,24.224,-1.445,-14.283,-125.517,262.408,0.1193,0.0010452,4162.182
1388,4163.606,57.83462643,18.83078170,24.228,-4.419,-14.280,-125.909,262.603,0.1272,0.0010230,4165.182
1389,4166.606,57.83462301,18.83073161,24.232,-7.395,-14.276,-126.290,262.788,0.1406,0.0009628,4168.182
1390,4169.606,57.83461967,18.83068150,24.236,-10.372,-14.271,-126.661,262.956,0.1573,0.0008707,4171.181
1391,4172.606,57.83461640,18.83063137,24.241,-13.349,-14.266,-127.025,263.100,0.1757,0.0007565,4174.181
1392,4175.606,57.83461320,18.83058123,24.247,-16.328,-14.261,-127.382,263.220,0.1951,0.0006313,4177.181
1393,4178.606,57.83461004,18.83053108,24.253,-19.307,-14.254,-127.734,263.318,0.2157,0.0005035,4180.181
1394,4181.606,57.83460692,18.83048092,24.260,-22.287,-14.248,-128.081,263.393,0.2383,0.0003760,4183.181
1395,4184.606,57.83460384,18.83043076,24.267,-25.267,-14.240,-128.425,263.447,0.2642,0.0002486,4186.181
1396,4187.606,57.83460077,18.83038059,24.276,-28.248,-14.232,-128.766,263.479,0.2949,0.0001213,4189.181
1397,4190.605,57.83459772,18.83033041,24.285,-31.228,-14.222,-129.106,263.489,0.3315,-0.0000059,4192.181
1398,4193.605,57.83459466,18.83028024,24.296,-34.209,-14.212,-129.447,263.477,0.3750,-0.0001331,4195.181
1399,4196.605,57.83459159,18.83023007,24.308,-37.189,-14.200,-129.788,263.443,0.4253,-0.0002605,4198.181
1400,4199.605,57.83458850,18.83017991,24.321,-40.169,-14.186,-130.132,263.387,0.4816,-0.0003879,4201.180
1401,4202.605,57.83458539,18.83012975,24.336,-43.149,-14.171,-130.480,263.310,0.5423,-0.0005156,4204.180
1402,4205.605,57.83458222,18.83007960,24.354,-46.128,-14.154,-130.832,263.210,0.6050,-0.0006436,4207.180
1403,4208.605,57.83457901,18.83002946,24.373,-49.106,-14.135,-131.190,263.089,0.6669,-0.0007719,4210.180
1404,4211.605,57.83457574,18.82997933,24.394,-52.084,-14.114,-131.554,262.945,0.7247,-0.0009005,4213.180
1405,4214.605,57.83457239,18.82992923,24.416,-55.061,-14.091,-131.927,262.779,0.7755,-0.0010296,4216.180
1406,4217.604,57.83456896,18.82987914,24.440,-58.036,-14.067,-132.309,262.591,0.8168,-0.0011591,4219.180
1407,4220.604,57.83456544,18.82982907,24.465,-61.010,-14.042,-132.701,262.381,0.8469,-0.0012892,4222.180
1408,4223.604,57.83456182,18.82977904,24.491,-63.983,-14.016,-133.104,262.149,0.8653,-0.0014197,4225.180
1409,4226.604,57.83455808,18.82972903,24.517,-66.954,-13.990,-133.521,261.893,0.8725,-0.0015508,4228.180
1410,4229.604,57.83455422,18.82967905,24.543,-69.923,-13.964,-133.951,261.616,0.8700,-0.0016824,4231.180
1411,4232.604,57.83455022,18.82962911,24.569,-72.889,-13.938,-134.396,261.315,0.8602,-0.0018146,4234.180
1412,4235.604,57.83454608,18.82957921,24.595,-75.854,-13.913,-134.857,260.992,0.8460,-0.0019472,4237.180
1413,4238.604,57.83454178,18.82952936,24.620,-78.815,-13.887,-135.336,260.646,0.8304,-0.0020804,4240.180
1414,4241.603,57.83453732,18.82947956,24.645,-81.773,-13.863,-135.833,260.277,0.8161,-0.0022140,4243.180
1415,4244.603,57.83453268,18.82942982,24.669,-84.729,-13.838,-136.349,259.885,0.8052,-0.0023480,4246.180
1416,4247.603,57.83452785,18.82938013,24.693,-87.680,-13.814,-136.887,259.470,0.7987,-0.0024822,4249.180
1417,4250.603,57.83452283,18.82933052,24.717,-90.627,-13.791,-137.446,259.032,0.7972,-0.0026167,4252.180
1418,4253.603,57.83451760,18.82928098,24.741,-93.570,-13.767,-138.029,258.571,0.8002,-0.0027513,4255.180
1419,4256.603,57.83451215,18.82923153,24.765,-96.508,-13.743,-138.635,258.086,0.8062,-0.0028858,4258.180
1420,4259.603,57.83450647,18.82918217,24.789,-99.440,-13.718,-139.268,257.578,0.8135,-0.0030198,4261.180
1421,4262.603,57.83450056,18.82913290,24.814,-102.367,-13.694,-139.926,257.046,0.8198,-0.0031498,4264.180
1422,4265.603,57.83449439,18.82908374,24.838,-105.287,-13.669,-140.613,256.490,0.8223,-0.0032685,4267.180
1423,4268.602,57.83448797,18.82903470,24.863,-108.201,-13.645,-141.328,255.911,0.8182,-0.0033685,4270.180
1424,4271.602,57.83448128,18.82898578,24.887,-111.107,-13.620,-142.073,255.314,0.8048,-0.0034439,4273.180
1425,4274.602,57.83447431,18.82893701,24.911,-114.004,-13.596,-142.849,254.706,0.7796,-0.0034918,4276.180
1426,4277.602,57.83446707,18.82888837,24.934,-116.894,-13.573,-143.656,254.093,0.7406,-0.0035128,4279.180
1427,4280.602,57.83445954,18.82883988,24.955,-119.774,-13.552,-144.494,253.482,0.6872,-0.0035113,4282.180
1428,4283.602,57.83445175,18.82879154,24.975,-122.646,-13.532,-145.362,252.877,0.6194,-0.0034939,4285.180
1429,4286.602,57.83444368,18.82874336,24.993,-125.508,-13.515,-146.260,252.277,0.5390,-0.0034685,4288.180
1430,4289.602,57.83443535,18.82869534,25.007,-128.361,-13.500,-147.188,251.684,0.4486,-0.0034411,4291.180
1431,4292.601,57.83442675,18.82864749,25.019,-131.204,-13.488,-148.146,251.094,0.3520,-0.0034139,4294.179
1432,4295.601,57.83441789,18.82859980,25.029,-134.037,-13.479,-149.132,250.510,0.2533,-0.0033871,4297.179
1433,4298.601,57.83440878,18.82855228,25.035,-136.859,-13.473,-150.147,249.930,0.1565,-0.0033605,4300.179
1434,4301.601,57.83439940,18.82850493,25.038,-139.672,-13.469,-151.191,249.355,0.0651,-0.0033343,4303.179
1435,4304.601,57.83438978,18.82845777,25.038,-142.474,-13.469,-152.263,248.784,-0.0185,-0.0033085,4306.179
1436,4307.601,57.83437991,18.82841079,25.037,-145.265,-13.471,-153.362,248.217,-0.0928,-0.0032831,4309.179
1437,4310.601,57.83436979,18.82836399,25.033,-148.045,-13.474,-154.489,247.655,-0.1577,-0.0032580,4312.179
1438,4313.601,57.83435943,18.82831737,25.027,-150.814,-13.480,-155.643,247.097,-0.2138,-0.0032334,4315.179
1439,4316.600,57.83434882,18.82827095,25.020,-153.572,-13.487,-156.824,246.544,-0.2626,-0.0032092,4318.178
1440,4319.600,57.83433798,18.82822473,25.012,-156.318,-13.496,-158.031,245.994,-0.3057,-0.0031831,4321.178
1441,4322.600,57.83432691,18.82817870,25.002,-159.053,-13.505,-159.265,245.446,-0.3447,-0.0031500,4324.178
1442,4325.600,57.83431560,18.82813286,24.991,-161.775,-13.516,-160.524,244.903,-0.3810,-0.0031032,4327.178
1443,4328.600,57.83430406,18.82808723,24.979,-164.486,-13.528,-161.809,244.366,-0.4156,-0.0030372,4330.178
1444,4331.600,57.83429230,18.82804181,24.966,-167.185,-13.541,-163.119,243.841,-0.4492,-0.0029488,4333.178
1445,4334.600,57.83428031,18.82799658,24.952,-169.871,-13.555,-164.454,243.335,-0.4818,-0.0028377,4336.178
1446,4337.600,57.83426812,18.82795156,24.937,-172.546,-13.570,-165.812,242.851,-0.5136,-0.0027065,4339.178
1447,4340.599,57.83425573,18.82790672,24.921,-175.210,-13.586,-167.191,242.395,-0.5443,-0.0025604,4342.178
1448,4343.599,57.83424316,18.82786206,24.905,-177.863,-13.603,-168.592,241.967,-0.5735,-0.0024059,4345.178
1449,4346.599,57.83423041,18.82781757,24.887,-180.506,-13.620,-170.011,241.567,-0.6008,-0.0022487,4348.178
1450,4349.599,57.83421751,18.82777324,24.869,-183.140,-13.639,-171.448,241.194,-0.6259,-0.0020916,4351.178
1451,4352.599,57.83420446,18.82772907,24.849,-185.764,-13.658,-172.901,240.848,-0.6480,-0.0019348,4354.177
1452,4355.599,57.83419127,18.82768504,24.830,-188.379,-13.678,-174.370,240.529,-0.6667,-0.0017784,4357.177
1453,4358.599,57.83417796,18.82764114,24.810,-190.987,-13.698,-175.853,240.237,-0.6812,-0.0016224,4360.177
1454,4361.599,57.83416453,18.82759736,24.789,-193.588,-13.718,-177.348,239.972,-0.6906,-0.0014669,4363.177
1455,4364.599,57.83415100,18.82755370,24.768,-196.182,-13.739,-178.855,239.733,-0.6943,-0.0013117,4366.177
1456,4367.598,57.83413738,18.82751013,24.747,-198.770,-13.760,-180.372,239.521,-0.6911,-0.0011570,4369.177
1457,4370.598,57.83412368,18.82746666,24.727,-201.353,-13.781,-181.898,239.336,-0.6804,-0.0010026,4372.177
1458,4373.598,57.83410991,18.82742326,24.707,-203.931,-13.801,-183.431,239.177,-0.6614,-0.0008489,4375.177
1459,4376.598,57.83409608,18.82737993,24.687,-206.506,-13.820,-184.971,239.045,-0.6336,-0.0006991,4378.177
1460,4379.598,57.83408220,18.82733665,24.669,-209.077,-13.839,-186.517,238.941,-0.5967,-0.0005584,4381.177
1461,4382.598,57.83406828,18.82729341,24.651,-211.645,-13.856,-188.067,238.862,-0.5504,-0.0004319,4384.177
1462,4385.598,57.83405434,18.82725020,24.636,-214.212,-13.872,-189.619,238.806,-0.4951,-0.0003234,4387.177
1463,4388.598,57.83404038,18.82720702,24.622,-216.778,-13.886,-191.174,238.766,-0.4310,-0.0002346,4390.177
1464,4391.597,57.83402641,18.82716384,24.610,-219.342,-13.897,-192.730,238.739,-0.3592,-0.0001643,4393.177
1465,4394.597,57.83401243,18.82712068,24.600,-221.907,-13.907,-194.287,238.720,-0.2806,-0.0001094,4396.177
1466,4397.597,57.83399844,18.82707753,24.593,-224.470,-13.914,-195.845,238.707,-0.1968,-0.0000647,4399.177
1467,4400.597,57.83398444,18.82703438,24.588,-227.034,-13.919,-197.403,238.700,-0.1098,-0.0000249,4402.176
1468,4403.597,57.83397045,18.82699124,24.586,-229.597,-13.921,-198.962,238.699,-0.0216,0.0000139,4405.176
1469,4406.597,57.83395645,18.82694809,24.587,-232.160,-13.920,-200.520,238.705,0.0654,0.0000527,4408.176
1470,4409.597,57.83394246,18.82690494,24.590,-234.724,-13.917,-202.078,238.717,0.1489,0.0000916,4411.176
1471,4412.597,57.83392848,18.82686178,24.596,-237.288,-13.911,-203.636,238.736,0.2269,0.0001305,4414.176
1472,4415.597,57.83391450,18.82681861,24.604,-239.852,-13.903,-205.192,238.762,0.2977,0.0001694,4417.176
1473,4418.596,57.83390054,18.82677543,24.614,-242.418,-13.894,-206.747,238.794,0.3598,0.0002083,4420.176
1474,4421.596,57.83388659,18.82673223,24.625,-244.984,-13.882,-208.300,238.833,0.4125,0.0002473,4423.176
1475,4424.596,57.83387266,18.82668901,24.639,-247.552,-13.869,-209.852,238.879,0.4552,0.0002863,4426.176
1476,4427.596,57.83385875,18.82664577,24.653,-250.120,-13.855,-211.401,238.932,0.4880,0.0003253,4429.176
1477,4430.596,57.83384486,18.82660251,24.668,-252.691,-13.840,-212.948,238.991,0.5111,0.0003643,4432.175
1478,4433.596,57.83383099,18.82655921,24.683,-255.263,-13.824,-214.492,239.057,0.5252,0.0004033,4435.175
1479,4436.596,57.83381716,18.82651589,24.699,-257.837,-13.808,-216.033,239.130,0.5313,0.0004424,4438.175
1480,4439.596,57.83380335,18.82647253,24.715,-260.413,-13.792,-217.570,239.209,0.5307,0.0004814,4441.175
1481,4442.596,57.83378958,18.82642913,24.731,-262.991,-13.776,-219.104,239.295,0.5250,0.0005205,4444.175
1482,4445.595,57.83377584,18.82638569,24.747,-265.571,-13.761,-220.634,239.388,0.5159,0.0005595,4447.175
1483,4448.595,57.83376214,18.82634221,24.762,-268.155,-13.745,-222.159,239.488,0.5052,0.0005986,4450.175
1484,4451.595,57.83374849,18.82629869,24.777,-270.740,-13.730,-223.680,239.594,0.4941,0.0006377,4453.175
1485,4454.595,57.83373488,18.82625511,24.792,-273.329,-13.716,-225.196,239.707,0.4838,0.0006767,4456.175
1486,4457.595,57.83372131,18.82621148,24.806,-275.921,-13.701,-226.706,239.826,0.4745,0.0007157,4459.175
1487,4460.595,57.83370780,18.82616780,24.820,-278.516,-13.687,-228.211,239.953,0.4658,0.0007548,4462.175
1488,4463.595,57.83369434,18.82612406,24.834,-281.115,-13.674,-229.710,240.086,0.4570,0.0007938,4465.175
1489,4466.595,57.83368093,18.82608026,24.847,-283.717,-13.660,-231.203,240.226,0.4467,0.0008327,4468.175
1490,4469.595,57.83366758,18.82603640,24.861,-286.322,-13.647,-232.690,240.372,0.4335,0.0008717,4471.175
1491,4472.594,57.83365430,18.82599248,24.873,-288.932,-13.634,-234.169,240.525,0.4165,0.0009106,4474.174
1492,4475.594,57.83364107,18.82594848,24.886,-291.546,-13.622,-235.642,240.685,0.3955,0.0009494,4477.174
1493,4478.594,57.83362792,18.82590442,24.897,-294.163,-13.610,-237.107,240.852,0.3716,0.0009882,4480.174
1494,4481.594,57.83361483,18.82586028,24.908,-296.786,-13.599,-238.564,241.025,0.3476,0.0010269,4483.174
1495,4484.594,57.83360182,18.82581607,24.918,-299.412,-13.589,-240.013,241.205,0.3278,0.0010653,4486.174
1496,4487.594,57.83358888,18.82577178,24.928,-302.044,-13.579,-241.454,241.392,0.3184,0.0011006,4489.174
1497,4490.594,57.83357602,18.82572741,24.938,-304.680,-13.570,-242.886,241.588,0.3269,0.0011268,4492.174
1498,4493.594,57.83356325,18.82568295,24.948,-307.321,-13.560,-244.309,241.789,0.3611,0.0011378,4495.174
1499,4496.594,57.83355055,18.82563842,24.959,-309.967,-13.548,-245.722,241.993,0.4281,0.0011284,4498.174
1500,4499.593,57.83353794,18.82559379,24.973,-312.618,-13.534,-247.126,242.195,0.5328,0.0010960,4501.174
1501,4502.593,57.83352542,18.82554908,24.991,-315.274,-13.516,-248.521,242.387,0.6757,0.0010412,4504.174
1502,4505.593,57.83351297,18.82550430,25.014,-317.934,-13.494,-249.907,242.566,0.8518,0.0009672,4507.174
1503,4508.593,57.83350060,18.82545945,25.042,-320.599,-13.465,-251.285,242.728,1.0490,0.0008797,4510.174
1504,4511.593,57.83348828,18.82541454,25.076,-323.267,-13.431,-252.656,242.871,1.2480,0.0007850,4513.174
1505,4514.593,57.83347603,18.82536957,25.116,-325.938,-13.391,-254.021,242.998,1.4235,0.0006885,4516.174
1506,4517.593,57.83346382,18.82532456,25.161,-328.612,-13.346,-255.381,243.108,1.5469,0.0005920,4519.174
1507,4520.593,57.83345165,18.82527951,25.209,-331.289,-13.299,-256.735,243.201,1.5901,0.0004957,4522.174
1508,4523.593,57.83343953,18.82523442,25.256,-333.968,-13.251,-258.086,243.278,1.5301,0.0003994,4525.175
1509,4526.592,57.83342743,18.82518931,25.300,-336.648,-13.207,-259.433,243.339,1.3533,0.0003032,4528.175
1510,4529.592,57.83341535,18.82514417,25.338,-339.329,-13.170,-260.778,243.383,1.0589,0.0002070,4531.175
1511,4532.592,57.83340328,18.82509902,25.364,-342.012,-13.143,-262.122,243.410,0.6598,0.0001109,4534.175
1512,4535.592,57.83339123,18.82505386,25.377,-344.694,-13.130,-263.464,243.421,0.1822,0.0000148,4537.175
1513,4538.592,57.83337917,18.82500871,25.375,-347.377,-13.132,-264.806,243.415,-0.3379,-0.0000814,4540.175
1514,4541.592,57.83336711,18.82496355,25.357,-350.060,-13.150,-266.149,243.393,-0.8588,-0.0001775,4543.175
1515,4544.592,57.83335504,18.82491841,25.324,-352.742,-13.184,-267.494,243.354,-1.3386,-0.0002738,4546.175
1516,4547.592,57.83334295,18.82487329,25.277,-355.422,-13.231,-268.840,243.299,-1.7397,-0.0003701,4549.175
1517,4550.592,57.83333083,18.82482820,25.219,-358.101,-13.288,-270.190,243.227,-2.0322,-0.0004665,4552.175
1518,4553.591,57.83331867,18.82478313,25.155,-360.779,-13.352,-271.543,243.138,-2.1966,-0.0005631,4555.176
1519,4556.591,57.83330648,18.82473811,25.088,-363.454,-13.419,-272.901,243.033,-2.2236,-0.0006598,4558.177
1520,4559.591,57.83329424,18.82469313,25.022,-366.126,-13.485,-274.264,242.912,-2.1149,-0.0007566,4561.177
1521,4562.591,57.83328194,18.82464820,24.962,-368.795,-13.546,-275.634,242.773,-1.8812,-0.0008536,4564.178
1522,4565.591,57.83326959,18.82460333,24.910,-371.461,-13.597,-277.010,242.618,-1.5417,-0.0009507,4567.178
1523,4568.591,57.83325716,18.82455853,24.870,-374.123,-13.638,-278.393,242.447,-1.1219,-0.0010481,4570.178
1524,4571.591,57.83324466,18.82451380,24.843,-376.780,-13.665,-279.785,242.258,-0.6524,-0.0011456,4573.178
1525,4574.591,57.83323208,18.82446915,24.830,-379.433,-13.677,-281.186,242.053,-0.1667,-0.0012433,4576.178
1526,4577.591,57.83321941,18.82442459,24.833,-382.080,-13.675,-282.597,241.831,0.3007,-0.0013411,4579.178
1527,4580.590,57.83320664,18.82438012,24.848,-384.722,-13.659,-284.019,241.592,0.7169,-0.0014391,4582.178
1528,4583.590,57.83319377,18.82433576,24.875,-387.357,-13.632,-285.452,241.336,1.0524,-0.0015372,4585.178
1529,4586.590,57.83318079,18.82429151,24.911,-389.986,-13.596,-286.897,241.064,1.2834,-0.0016354,4588.178
1530,4589.590,57.83316770,18.82424739,24.952,-392.608,-13.555,-288.355,240.774,1.3933,-0.0017338,4591.178
1531,4592.590,57.83315448,18.82420338,24.994,-395.222,-13.513,-289.827,240.468,1.3736,-0.0018321,4594.178
1532,4595.590,57.83314114,18.82415952,25.034,-397.828,-13.474,-291.313,240.144,1.2241,-0.0019304,4597.179
1533,4598.590,57.83312766,18.82411580,25.067,-400.425,-13.440,-292.814,239.804,0.9519,-0.0020283,4600.179
1534,4601.590,57.83311404,18.82407224,25.090,-403.013,-13.417,-294.331,239.445,0.5710,-0.0021187,4603.179
1535,4604.589,57.83310027,18.82402884,25.101,-405.592,-13.407,-295.864,239.065,0.1007,-0.0021871,4606.178
1536,4607.589,57.83308635,18.82398561,25.096,-408.160,-13.411,-297.414,238.669,-0.4356,-0.0022177,4609.178
1537,4610.589,57.83307226,18.82394257,25.074,-410.717,-13.433,-298.983,238.266,-1.0114,-0.0021977,4612.178
1538,4613.589,57.83305801,18.82389972,25.035,-413.263,-13.472,-300.570,237.870,-1.5984,-0.0021204,4615.178
1539,4616.589,57.83304360,18.82385706,24.979,-415.798,-13.529,-302.174,237.494,-2.1677,-0.0019867,4618.179
1540,4619.589,57.83302905,18.82381456,24.905,-418.322,-13.602,-303.794,237.153,-2.6911,-0.0018047,4621.180
1541,4622.589,57.83301438,18.82377221,24.817,-420.838,-13.690,-305.428,236.854,-3.1428,-0.0015882,4624.181
1542,4625.589,57.83299960,18.82373000,24.717,-423.346,-13.790,-307.074,236.599,-3.5017,-0.0013532,4627.182
1543,4628.589,57.83298473,18.82368790,24.608,-425.847,-13.900,-308.730,236.387,-3.7535,-0.0011133,4630.184
1544,4631.588,57.83296978,18.82364589,24.492,-428.343,-14.015,-310.395,236.216,-3.8921,-0.0008734,4633.186
1545,4634.588,57.83295477,18.82360396,24.374,-430.835,-14.133,-312.066,236.087,-3.9209,-0.0006337,4636.189
1546,4637.588,57.83293972,18.82356208,24.257,-433.323,-14.250,-313.742,235.999,-3.8522,-0.0003942,4639.191
1547,4640.588,57.83292465,18.82352023,24.144,-435.809,-14.364,-315.421,235.952,-3.7057,-0.0001549,4642.193
1548,4643.588,57.83290956,18.82347840,24.035,-438.294,-14.472,-317.100,235.946,-3.5055,0.0000843,4645.195
1549,4646.588,57.83289448,18.82343656,23.934,-440.780,-14.574,-318.780,235.981,-3.2772,0.0003235,4648.196
1550,4649.588,57.83287942,18.82339469,23.839,-443.268,-14.668,-320.457,236.057,-3.0442,0.0005626,4651.198
1551,4652.588,57.83286440,18.82335278,23.752,-445.758,-14.756,-322.129,236.174,-2.8253,0.0008018,4654.199
1552,4655.588,57.83284944,18.82331080,23.670,-448.252,-14.837,-323.796,236.332,-2.6329,0.0010410,4657.200
1553,4658.587,57.83283454,18.82326873,23.594,-450.752,-14.914,-325.455,236.532,-2.4731,0.0012802,4660.201
1554,4661.587,57.83281973,18.82322655,23.522,-453.258,-14.986,-327.104,236.772,-2.3463,0.0015194,4663.201
1555,4664.587,57.83280502,18.82318424,23.453,-455.771,-15.054,-328.742,237.054,-2.2487,0.0017587,4666.202
1556,4667.587,57.83279043,18.82314180,23.387,-458.293,-15.121,-330.366,237.377,-2.1738,0.0019978,4669.203
1557,4670.587,57.83277598,18.82309919,23.322,-460.824,-15.185,-331.976,237.741,-2.1147,0.0022366,4672.203
1558,4673.587,57.83276168,18.82305639,23.260,-463.367,-15.248,-333.568,238.146,-2.0649,0.0024750,4675.204
1559,4676.587,57.83274755,18.82301340,23.198,-465.921,-15.309,-335.142,238.593,-2.0192,0.0027128,4678.204
1560,4679.587,57.83273361,18.82297020,23.138,-468.488,-15.369,-336.694,239.080,-1.9739,0.0029496,4681.205
1561,4682.587,57.83271987,18.82292677,23.080,-471.068,-15.428,-338.224,239.608,-1.9271,0.0031850,4684.205
1562,4685.586,57.83270635,18.82288309,23.023,-473.663,-15.485,-339.729,240.176,-1.8777,0.0034187,4687.206
1563,4688.586,57.83269308,18.82283915,22.967,-476.274,-15.540,-341.207,240.784,-1.8257,0.0036502,4690.206
1564,4691.586,57.83268006,18.82279494,22.913,-478.900,-15.594,-342.657,241.433,-1.7714,0.0038788,4693.206
1565,4694.586,57.83266732,18.82275046,22.861,-481.543,-15.647,-344.075,242.121,-1.7154,0.0041040,4696.207
1566,4697.586,57.83265487,18.82270568,22.810,-484.204,-15.697,-345.462,242.847,-1.6587,0.0043250,4699.207
1567,4700.586,57.83264273,18.82266060,22.761,-486.882,-15.746,-346.813,243.611,-1.6020,0.0045410,4702.207
1568,4703.586,57.83263092,18.82261521,22.714,-489.578,-15.793,-348.128,244.412,-1.5468,0.0047515,4705.207
1569,4706.585,57.83261947,18.82256952,22.668,-492.293,-15.839,-349.404,245.249,-1.4944,0.0049553,4708.208
1570,4709.585,57.83260837,18.82252350,22.624,-495.027,-15.883,-350.639,246.121,-1.4468,0.0051516,4711.208
1571,4712.585,57.83259766,18.82247717,22.581,-497.780,-15.926,-351.832,247.030,-1.4065,0.0053294,4714.208
1572,4715.585,57.83258734,18.82243053,22.540,-500.551,-15.968,-352.980,247.983,-1.3756,0.0054371,4717.208
1573,4718.585,57.83257745,18.82238356,22.499,-503.341,-16.009,-354.082,248.978,-1.3564,0.0054003,4720.208
1574,4721.585,57.83256798,18.82233629,22.458,-506.150,-16.049,-355.136,249.983,-1.3505,0.0051494,4723.208
1575,4724.585,57.83255895,18.82228871,22.418,-508.976,-16.090,-356.141,250.944,-1.3584,0.0046373,4726.209
1576,4727.584,57.83255037,18.82224085,22.377,-511.820,-16.131,-357.097,251.791,-1.3795,0.0038489,4729.209
1577,4730.584,57.83254213,18.82219278,22.335,-514.676,-16.172,-358.014,252.457,-1.4121,0.0028023,4732.209
1578,4733.584,57.83253413,18.82214456,22.292,-517.541,-16.215,-358.905,252.892,-1.4531,0.0015418,4735.209
1579,4736.584,57.83252625,18.82209627,22.248,-520.409,-16.260,-359.782,253.070,-1.4985,0.0001242,4738.209
1580,4739.584,57.83251839,18.82204798,22.202,-523.279,-16.305,-360.657,252.986,-1.5439,-0.0014006,4741.210
1581,4742.584,57.83251043,18.82199973,22.155,-526.145,-16.352,-361.543,252.643,-1.5847,-0.0030167,4744.210
1582,4745.584,57.83250226,18.82195162,22.107,-529.003,-16.400,-362.452,252.031,-1.6169,-0.0047680,4747.210
1583,4748.584,57.83249375,18.82190371,22.058,-531.850,-16.449,-363.400,251.125,-1.6372,-0.0067122,4750.210
1584,4751.583,57.83248476,18.82185611,22.009,-534.678,-16.498,-364.401,249.883,-1.6437,-0.0088940,4753.211
1585,4754.583,57.83247515,18.82180894,21.960,-537.480,-16.548,-365.471,248.243,-1.6357,-0.0113260,4756.211
1586,4757.583,57.83246474,18.82176237,21.911,-540.247,-16.597,-366.630,246.140,-1.6139,-0.0139727,4759.211
1587,4760.583,57.83245333,18.82171664,21.863,-542.964,-16.645,-367.901,243.514,-1.5801,-0.0167401,4762.211
1588,4763.582,57.83244070,18.82167204,21.816,-545.614,-16.691,-369.306,240.331,-1.5373,-0.0194730,4765.211
1589,4766.581,57.83242667,18.82162895,21.771,-548.174,-16.737,-370.869,236.600,-1.4886,-0.0219661,4768.210
1590,4769.581,57.83241107,18.82158779,21.727,-550.619,-16.781,-372.606,232.356,-1.4378,-0.0238981,4771.210
1591,4772.580,57.83239383,18.82154902,21.684,-552.923,-16.823,-374.526,227.692,-1.3881,-0.0248192,4774.209
1592,4775.579,57.83237494,18.82151305,21.644,-555.060,-16.864,-376.630,222.835,-1.3412,-0.0243272,4777.209
1593,4778.578,57.83235449,18.82148020,21.604,-557.012,-16.903,-378.906,218.141,-1.2979,-0.0222194,4780.208
1594,4781.577,57.83233266,18.82145065,21.566,-558.768,-16.941,-381.338,214.005,-1.2582,-0.0185725,4783.207
1595,4784.576,57.83230979,18.82142399,21.529,-560.352,-16.978,-383.885,210.767,-1.2216,-0.0136725,4786.207
1596,4787.576,57.83228632,18.82139922,21.493,-561.824,-17.015,-386.498,208.645,-1.1859,-0.0078504,4789.207
1597,4790.576,57.83226256,18.82137543,21.458,-563.238,-17.050,-389.145,207.713,-1.1471,-0.0013496,4792.207
1598,4793.576,57.83223875,18.82135182,21.424,-564.641,-17.083,-391.796,207.952,-1.0997,0.0057223,4795.207
1599,4796.576,57.83221513,18.82132756,21.392,-566.082,-17.116,-394.427,209.360,-1.0385,0.0133332,4798.207
1600,4799.575,57.83219196,18.82130182,21.361,-567.612,-17.146,-397.007,212.195,-0.9614,0.0212333,4801.207
1601,4802.574,57.83216961,18.82127365,21.334,-569.286,-17.174,-399.496,216.782,-0.8679,0.0289725,4804.206
1602,4805.573,57.83214865,18.82124197,21.309,-571.168,-17.198,-401.830,223.176,-0.7566,0.0357421,4807.205
1603,4808.570,57.83212995,18.82120569,21.289,-573.324,-17.219,-403.912,231.021,-0.6265,0.0402788,4810.202
1604,4811.566,57.83211465,18.82116421,21.272,-575.788,-17.235,-405.616,239.554,-0.4810,0.0413642,4813.198
1605,4814.563,57.83210310,18.82111865,21.260,-578.496,-17.247,-406.902,247.812,-0.3292,0.0388072,4816.195
1606,4817.562,57.83209492,18.82107057,21.252,-581.352,-17.255,-407.813,254.966,-0.1828,0.0336450,4819.193
1607,4820.560,57.83208948,18.82102113,21.249,-584.289,-17.258,-408.418,260.577,-0.0517,0.0272675,4822.192
1608,4823.560,57.83208613,18.82097104,21.249,-587.265,-17.258,-408.791,264.637,0.0574,0.0207063,4825.192
1609,4826.559,57.83208430,18.82092067,21.252,-590.258,-17.255,-408.995,267.418,0.1392,0.0146329,4828.191
1610,4829.559,57.83208351,18.82087019,21.258,-593.256,-17.250,-409.082,269.159,0.1904,0.0094168,4831.191
1611,4832.559,57.83208337,18.82081970,21.264,-596.256,-17.244,-409.097,270.046,0.2110,0.0051974,4834.191
1612,4835.559,57.83208352,18.82076921,21.270,-599.256,-17.237,-409.080,270.268,0.2041,0.0020045,4837.191
1613,4838.559,57.83208361,18.82071871,21.276,-602.256,-17.231,-409.069,270.029,0.1758,-0.0001974,4840.191
1614,4841.559,57.83208344,18.82066822,21.281,-605.256,-17.227,-409.088,269.536,0.1336,-0.0014970,4843.190
1615,4844.558,57.83208302,18.82061773,21.284,-608.255,-17.223,-409.134,268.975,0.0860,-0.0020377,4846.190
1616,4847.558,57.83208238,18.82056725,21.286,-611.254,-17.222,-409.205,268.481,0.0403,-0.0020130,4849.190
1617,4850.558,57.83208156,18.82051678,21.286,-614.253,-17.221,-409.296,268.111,0.0025,-0.0016440,4852.190
1618,4853.558,57.83208060,18.82046631,21.286,-617.251,-17.222,-409.402,267.862,-0.0239,-0.0011329,4855.190
1619,4856.558,57.83207956,18.82041586,21.285,-620.248,-17.223,-409.518,267.707,-0.0381,-0.0005929,4858.190
1620,4859.558,57.83207846,18.82036540,21.283,-623.246,-17.224,-409.640,267.647,-0.0413,-0.0000366,4861.190
1621,4862.558,57.83207735,18.82031495,21.282,-626.243,-17.225,-409.763,267.685,-0.0363,0.0005347,4864.190
1622,4865.558,57.83207629,18.82026450,21.281,-629.241,-17.226,-409.881,267.822,-0.0267,0.0011194,4867.190
1623,4868.557,57.83207531,18.82021403,21.281,-632.239,-17.227,-409.989,268.062,-0.0162,0.0017157,4870.189
1624,4871.557,57.83207447,18.82016356,21.280,-635.237,-17.227,-410.082,268.406,-0.0076,0.0023217,4873.189
1625,4874.557,57.83207382,18.82011308,21.280,-638.236,-17.227,-410.154,268.855,-0.0033,0.0029347,4876.189
1626,4877.557,57.83207340,18.82006259,21.280,-641.236,-17.227,-410.200,269.412,-0.0045,0.0035516,4879.189
1627,4880.557,57.83207327,18.82001210,21.280,-644.236,-17.227,-410.214,270.076,-0.0118,0.0041684,4882.189
1628,4883.557,57.83207348,18.81996161,21.279,-647.235,-17.228,-410.191,270.851,-0.0253,0.0047706,4885.189
1629,4886.557,57.83207408,18.81991112,21.278,-650.234,-17.229,-410.124,271.739,-0.0447,0.0053271,4888.189
1630,4889.557,57.83207511,18.81986067,21.277,-653.232,-17.231,-410.008,272.732,-0.0697,0.0058027,4891.189
1631,4892.556,57.83207663,18.81981025,21.274,-656.227,-17.233,-409.838,273.812,-0.0997,0.0061686,4894.188
1632,4895.556,57.83207868,18.81975990,21.271,-659.218,-17.237,-409.610,274.950,-0.1338,0.0064092,4897.188
1633,4898.556,57.83208128,18.81970965,21.266,-662.204,-17.241,-409.319,276.112,-0.1709,0.0065257,4900.188
1634,4901.556,57.83208443,18.81965950,21.260,-665.183,-17.247,-408.968,277.270,-0.2092,0.0065356,4903.188
1635,4904.556,57.83208810,18.81960948,21.254,-668.155,-17.254,-408.559,278.407,-0.2464,0.0064685,4906.188
1636,4907.556,57.83209229,18.81955960,21.246,-671.118,-17.262,-408.091,279.514,-0.2800,0.0063597,4909.188
1637,4910.555,57.83209699,18.81950988,21.237,-674.072,-17.270,-407.567,280.596,-0.3070,0.0062401,4912.187
1638,4913.555,57.83210219,18.81946033,21.227,-677.015,-17.280,-406.988,281.658,-0.3247,0.0061242,4915.187
1639,4916.555,57.83210787,18.81941097,21.217,-679.948,-17.290,-406.355,282.700,-0.3305,0.0060129,4918.187
1640,4919.555,57.83211402,18.81936181,21.208,-682.868,-17.300,-405.670,283.723,-0.3226,0.0059061,4921.187
1641,4922.555,57.83212063,18.81931286,21.198,-685.776,-17.309,-404.932,284.729,-0.3001,0.0058041,4924.187
1642,4925.555,57.83212770,18.81926414,21.190,-688.670,-17.318,-404.145,285.717,-0.2628,0.0057068,4927.187
1643,4928.555,57.83213521,18.81921565,21.182,-691.551,-17.325,-403.308,286.688,-0.2118,0.0056145,4930.187
1644,4931.554,57.83214316,18.81916740,21.177,-694.417,-17.330,-402.422,287.645,-0.1488,0.0055270,4933.187
1645,4934.554,57.83215153,18.81911941,21.174,-697.268,-17.334,-401.489,288.586,-0.0762,0.0054446,4936.186
1646,4937.554,57.83216032,18.81907167,21.172,-700.104,-17.335,-400.510,289.515,0.0031,0.0053652,4939.186
1647,4940.554,57.83216951,18.81902421,21.174,-702.923,-17.334,-399.485,290.436,0.0859,0.0052693,4942.186
1648,4943.554,57.83217911,18.81897703,21.178,-705.726,-17.330,-398.416,291.351,0.1691,0.0051223,4945.186
1649,4946.554,57.83218910,18.81893014,21.184,-708.512,-17.323,-397.303,292.252,0.2493,0.0048878,4948.186
1650,4949.554,57.83219947,18.81888354,21.193,-711.280,-17.315,-396.147,293.117,0.3236,0.0045376,4951.186
1651,4952.553,57.83221022,18.81883724,21.203,-714.031,-17.304,-394.949,293.913,0.3892,0.0040580,4954.186
1652,4955.553,57.83222130,18.81879121,21.216,-716.765,-17.291,-393.715,294.607,0.4437,0.0034530,4957.185
1653,4958.553,57.83223265,18.81874542,21.230,-719.485,-17.277,-392.451,295.172,0.4855,0.0027429,4960.185
1654,4961.553,57.83224420,18.81869980,21.245,-722.195,-17.262,-391.164,295.592,0.5133,0.0019593,4963.185
1655,4964.553,57.83225589,18.81865431,21.261,-724.897,-17.247,-389.861,295.862,0.5269,0.0011378,4966.185
1656,4967.553,57.83226767,18.81860890,21.276,-727.595,-17.231,-388.549,295.983,0.5267,0.0003186,4969.185
1657,4970.553,57.83227947,18.81856350,21.292,-730.292,-17.215,-387.235,295.934,0.5136,-0.0003909,4972.185
1658,4973.553,57.83229123,18.81851808,21.307,-732.990,-17.200,-385.924,295.711,0.4885,-0.0008259,4975.185
1659,4976.552,57.83230289,18.81847256,21.321,-735.694,-17.186,-384.625,295.365,0.4521,-0.0008144,4978.185
1660,4979.552,57.83231439,18.81842690,21.334,-738.406,-17.173,-383.344,295.006,0.4038,-0.0002177,4981.185
1661,4982.552,57.83232569,18.81838107,21.345,-741.129,-17.162,-382.084,294.787,0.3421,0.0010427,4984.185
1662,4985.552,57.83233694,18.81833518,21.354,-743.855,-17.153,-380.831,294.871,0.2639,0.0029734,4987.185
1663,4988.552,57.83234833,18.81828942,21.361,-746.573,-17.147,-379.562,295.400,0.1650,0.0055137,4990.184
1664,4991.552,57.83236008,18.81824399,21.364,-749.272,-17.143,-378.253,296.476,0.0406,0.0085474,4993.184
1665,4994.552,57.83237241,18.81819910,21.363,-751.939,-17.144,-376.879,298.156,-0.1129,0.0119178,4996.184
1666,4997.551,57.83238556,18.81815503,21.357,-754.556,-17.150,-375.414,300.496,-0.2976,0.0153805,4999.184
1667,5000.551,57.83239976,18.81811213,21.345,-757.105,-17.162,-373.832,303.550,-0.5127,0.0186485,5002.183
1668,5003.550,57.83241526,18.81807084,21.326,-759.557,-17.181,-372.105,307.285,-0.7533,0.0214059,5005.183
1669,5006.549,57.83243226,18.81803169,21.300,-761.883,-17.207,-370.211,311.558,-1.0108,0.0233497,5008.182
1670,5009.548,57.83245091,18.81799528,21.266,-764.046,-17.241,-368.134,316.130,-1.2728,0.0242797,5011.181
1671,5012.547,57.83247112,18.81796192,21.224,-766.027,-17.283,-365.883,320.727,-1.5257,0.0241749,5014.181
1672,5015.547,57.83249266,18.81793161,21.175,-767.827,-17.333,-363.484,325.109,-1.7565,0.0232052,5017.180
1673,5018.546,57.83251530,18.81790429,21.119,-769.450,-17.389,-360.961,329.127,-1.9552,0.0216652,5020.180
1674,5021.545,57.83253886,18.81787981,21.057,-770.904,-17.450,-358.338,332.740,-2.1148,0.0198736,5023.180
1675,5024.545,57.83256315,18.81785800,20.992,-772.199,-17.516,-355.632,335.991,-2.2320,0.0180811,5026.180
1676,5027.544,57.83258802,18.81783866,20.923,-773.347,-17.584,-352.861,338.922,-2.3084,0.0163984,5029.181
1677,5030.544,57.83261337,18.81782161,20.853,-774.360,-17.654,-350.038,341.566,-2.3500,0.0148547,5032.181
1678,5033.544,57.83263910,18.81780666,20.783,-775.248,-17.725,-347.172,343.953,-2.3659,0.0134600,5035.182
1679,5036.543,57.83266512,18.81779362,20.712,-776.021,-17.796,-344.274,346.113,-2.3674,0.0122132,5038.182
1680,5039.543,57.83269137,18.81778234,20.641,-776.691,-17.867,-341.350,348.073,-2.3655,0.0111057,5041.183
1681,5042.543,57.83271781,18.81777268,20.570,-777.264,-17.938,-338.406,349.857,-2.3701,0.0101258,5044.183
1682,5045.543,57.83274439,18.81776449,20.499,-777.750,-18.009,-335.445,351.487,-2.3881,0.0092600,5047.184
1683,5048.542,57.83277107,18.81775767,20.427,-778.155,-18.081,-332.473,352.980,-2.4232,0.0084946,5050.185
1684,5051.542,57.83279784,18.81775209,20.353,-778.486,-18.154,-329.491,354.353,-2.4750,0.0078218,5053.185
1685,5054.542,57.83282468,18.81774768,20.278,-778.747,-18.229,-326.503,355.616,-2.5401,0.0072423,5056.186
1686,5057.542,57.83285155,18.81774433,20.201,-778.945,-18.306,-323.510,356.784,-2.6124,0.0067572,5059.187
1687,5060.542,57.83287846,18.81774198,20.121,-779.085,-18.386,-320.513,357.876,-2.6845,0.0063655,5062.188
1688,5063.542,57.83290538,18.81774056,20.040,-779.169,-18.467,-317.515,358.912,-2.7488,0.0060597,5065.189
1689,5066.541,57.83293231,18.81774001,19.957,-779.200,-18.551,-314.515,359.908,-2.7984,0.0058265,5068.190
1690,5069.541,57.83295925,18.81774034,19.872,-779.180,-18.635,-311.515,0.880,-2.8281,0.0056464,5071.191
1691,5072.541,57.83298618,18.81774153,19.787,-779.109,-18.720,-308.516,1.833,-2.8342,0.0054977,5074.192
1692,5075.541,57.83301309,18.81774354,19.702,-778.989,-18.805,-305.519,2.769,-2.8142,0.0053584,5077.193
1693,5078.541,57.83303998,18.81774638,19.618,-778.820,-18.889,-302.524,3.684,-2.7670,0.0052122,5080.194
1694,5081.541,57.83306685,18.81775001,19.536,-778.604,-18.971,-299.531,4.571,-2.6913,0.0050521,5083.195
1695,5084.541,57.83309368,18.81775440,19.457,-778.342,-19.050,-296.543,5.430,-2.5854,0.0048787,5086.196
1696,5087.540,57.83312047,18.81775953,19.382,-778.037,-19.126,-293.559,6.258,-2.4466,0.0046926,5089.197
1697,5090.540,57.83314723,18.81776538,19.311,-777.689,-19.196,-290.579,7.052,-2.2711,0.0044947,5092.197
1698,5093.540,57.83317394,18.81777190,19.246,-777.301,-19.261,-287.604,7.810,-2.0537,0.0042862,5095.198
1699,5096.540,57.83320060,18.81777907,19.188,-776.874,-19.319,-284.635,8.532,-1.7887,0.0040682,5098.198
1700,5099.540,57.83322721,18.81778686,19.139,-776.411,-19.368,-281.671,9.215,-1.4702,0.0038416,5101.199
1701,5102.540,57.83325378,18.81779522,19.101,-775.914,-19.407,-278.713,9.858,-1.0927,0.0036074,5104.199
1702,5105.540,57.83328029,18.81780412,19.074,-775.385,-19.433,-275.760,10.460,-0.6517,0.0033666,5107.199
1703,5108.540,57.83330675,18.81781352,19.062,-774.825,-19.445,-272.813,11.019,-0.1444,0.0031202,5110.199
1704,5111.539,57.83333317,18.81782339,19.066,-774.239,-19.441,-269.871,11.536,0.4301,0.0028690,5113.198
1705,5114.539,57.83335954,18.81783368,19.088,-773.626,-19.419,-266.934,12.008,1.0706,0.0026138,5116.198
1706,5117.539,57.83338586,18.81784437,19.131,-772.991,-19.377,-264.002,12.436,1.7739,0.0023555,5119.199
1707,5120.539,57.83341215,18.81785540,19.195,-772.335,-19.312,-261.075,12.819,2.5349,0.0020949,5122.199
1708,5123.539,57.83343839,18.81786675,19.283,-771.661,-19.224,-258.152,13.158,3.3467,0.0018328,5125.200
1709,5126.539,57.83346461,18.81787836,19.396,-770.970,-19.111,-255.232,13.450,4.2007,0.0015696,5128.202
1710,5129.539,57.83349079,18.81789021,19.535,-770.266,-18.972,-252.316,13.697,5.0870,0.0013060,5131.206
1711,5132.539,57.83351695,18.81790224,19.701,-769.550,-18.806,-249.403,13.899,5.9934,0.0010425,5134.210
1712,5135.539,57.83354309,18.81791443,19.895,-768.825,-18.613,-246.492,14.055,6.9061,0.0007797,5137.216
1713,5138.538,57.83356921,18.81792674,20.115,-768.094,-18.392,-243.583,14.166,7.8086,0.0005181,5140.224
1714,5141.538,57.83359532,18.81793912,20.363,-767.358,-18.145,-240.675,14.232,8.6823,0.0002579,5143.234
1715,5144.538,57.83362143,18.81795154,20.636,-766.619,-17.872,-237.767,14.254,9.5054,-0.0000003,5146.246
1716,5147.538,57.83364754,18.81796396,20.932,-765.881,-17.575,-234.859,14.231,10.2545,-0.0002561,5149.261
1717,5150.538,57.83367365,18.81797633,21.250,-765.145,-17.257,-231.951,14.164,10.9047,-0.0005092,5152.278
1718,5153.538,57.83369978,18.81798864,21.585,-764.414,-16.922,-229.042,14.054,11.4313,-0.0007592,5155.296
1719,5156.538,57.83372591,18.81800083,21.935,-763.689,-16.573,-226.131,13.901,11.8113,-0.0010057,5158.316
1720,5159.538,57.83375207,18.81801287,22.293,-762.973,-16.214,-223.218,13.705,12.0262,-0.0012475,5161.338
1721,5162.538,57.83377825,18.81802473,22.655,-762.268,-15.852,-220.302,13.462,12.0631,-0.0014624,5164.359
1722,5165.537,57.83380446,18.81803636,23.016,-761.576,-15.492,-217.383,13.166,11.9172,-0.0015989,5167.381
1723,5168.537,57.83383071,18.81804774,23.369,-760.900,-15.138,-214.460,12.830,11.5921,-0.0015986,5170.401
1724,5171.537,57.83385698,18.81805884,23.710,-760.240,-14.797,-211.534,12.485,11.1007,-0.0014134,5173.421
1725,5174.537,57.83388330,18.81806961,24.034,-759.600,-14.473,-208.603,12.182,10.4641,-0.0010172,5176.438
1726,5177.537,57.83390964,18.81808012,24.337,-758.975,-14.170,-205.669,11.975,9.7105,-0.0004113,5179.453
1727,5180.537,57.83393600,18.81809052,24.616,-758.357,-13.891,-202.733,11.912,8.8727,0.0003768,5182.466
1728,5183.537,57.83396236,18.81810095,24.869,-757.736,-13.638,-199.798,12.025,7.9857,0.0012992,5185.476
1729,5186.537,57.83398869,18.81811158,25.095,-757.104,-13.412,-196.866,12.324,7.0837,0.0022991,5188.485
1730,5189.536,57.83401498,18.81812254,25.294,-756.452,-13.213,-193.938,12.804,6.1986,0.0033278,5191.491
1731,5192.536,57.83404121,18.81813400,25.467,-755.771,-13.040,-191.016,13.472,5.3576,0.0043293,5194.496
1732,5195.536,57.83406736,18.81814609,25.615,-755.053,-12.892,-188.104,14.349,4.5826,0.0051880,5197.500
1733,5198.536,57.83409341,18.81815897,25.742,-754.287,-12.765,-185.203,15.421,3.8888,0.0057553,5200.502
1734,5201.536,57.83411931,18.81817280,25.849,-753.465,-12.658,-182.318,16.622,3.2847,0.0058951,5203.504
1735,5204.536,57.83414505,18.81818772,25.939,-752.578,-12.568,-179.452,17.839,2.7730,0.0055175,5206.505
1736,5207.536,57.83417059,18.81820373,26.016,-751.626,-12.491,-176.607,18.934,2.3510,0.0046001,5209.506
1737,5210.535,57.83419598,18.81822056,26.081,-750.626,-12.426,-173.779,19.778,2.0115,0.0031912,5212.506
1738,5213.535,57.83422128,18.81823791,26.137,-749.594,-12.370,-170.962,20.276,1.7439,0.0013979,5215.507
1739,5216.535,57.83424653,18.81825548,26.186,-748.550,-12.321,-168.150,20.384,1.5349,-0.0006411,5218.507
1740,5219.535,57.83427180,18.81827297,26.230,-747.511,-12.278,-165.336,20.099,1.3703,-0.0027773,5221.507
1741,5222.535,57.83429714,18.81829007,26.269,-746.494,-12.239,-162.514,19.412,1.2365,-0.0048419,5224.507
1742,5225.535,57.83432262,18.81830647,26.304,-745.519,-12.203,-159.677,18.319,1.1208,-0.0066802,5227.508
1743,5228.535,57.83434827,18.81832184,26.336,-744.606,-12.171,-156.819,16.866,1.0127,-0.0081414,5230.508
1744,5231.534,57.83437415,18.81833585,26.365,-743.773,-12.142,-153.937,15.152,0.9044,-0.0091097,5233.507
1745,5234.534,57.83440027,18.81834820,26.391,-743.039,-12.117,-151.029,13.311,0.7909,-0.0095327,5236.507
1746,5237.534,57.83442659,18.81835893,26.413,-742.401,-12.095,-148.098,11.483,0.6700,-0.0094348,5239.507
1747,5240.534,57.83445307,18.81836817,26.431,-741.852,-12.076,-145.149,9.778,0.5420,-0.0089125,5242.507
1748,5243.533,57.83447967,18.81837604,26.445,-741.384,-12.062,-142.186,8.261,0.4093,-0.0081099,5245.507
1749,5246.533,57.83450637,18.81838269,26.456,-740.988,-12.052,-139.212,6.937,0.2757,-0.0071794,5248.507
1750,5249.533,57.83453314,18.81838826,26.462,-740.656,-12.045,-136.231,5.786,0.1458,-0.0062304,5251.506
1751,5252.533,57.83455996,18.81839290,26.465,-740.380,-12.043,-133.243,4.800,0.0244,-0.0052904,5254.506
1752,5255.533,57.83458682,18.81839674,26.464,-740.152,-12.044,-130.252,3.975,-0.0839,-0.0043628,5257.506
1753,5258.533,57.83461370,18.81839993,26.460,-739.962,-12.048,-127.258,3.309,-0.1755,-0.0034495,5260.506
1754,5261.533,57.83464060,18.81840260,26.453,-739.803,-12.054,-124.263,2.798,-0.2477,-0.0025503,5263.506
1755,5264.532,57.83466750,18.81840488,26.445,-739.666,-12.063,-121.266,2.441,-0.2994,-0.0016641,5266.506
1756,5267.532,57.83469442,18.81840692,26.435,-739.544,-12.072,-118.269,2.233,-0.3307,-0.0007885,5269.506
1757,5270.532,57.83472133,18.81840885,26.425,-739.430,-12.082,-115.271,2.175,-0.3426,0.0000790,5272.506
1758,5273.532,57.83474825,18.81841078,26.415,-739.314,-12.093,-112.273,2.264,-0.3374,0.0009412,5275.506
1759,5276.532,57.83477516,18.81841286,26.405,-739.190,-12.102,-109.276,2.504,-0.3173,0.0017888,5278.505
1760,5279.532,57.83480207,18.81841521,26.396,-739.050,-12.111,-106.279,2.903,-0.2851,0.0025748,5281.505
1761,5282.532,57.83482896,18.81841797,26.388,-738.886,-12.119,-103.284,3.458,-0.2432,0.0032334,5284.505
1762,5285.532,57.83485584,18.81842125,26.381,-738.690,-12.126,-100.290,4.142,-0.1937,0.0037027,5287.505
1763,5288.531,57.83488269,18.81842520,26.376,-738.455,-12.131,-97.300,4.905,-0.1383,0.0039404,5290.505
1764,5291.531,57.83490951,18.81842989,26.373,-738.176,-12.134,-94.313,5.686,-0.0788,0.0039337,5293.505
1765,5294.531,57.83493629,18.81843525,26.372,-737.857,-12.136,-91.330,6.424,-0.0166,0.0037021,5296.505
1766,5297.531,57.83496304,18.81844120,26.372,-737.502,-12.135,-88.351,7.073,0.0465,0.0032936,5299.505
1767,5300.531,57.83498975,18.81844766,26.374,-737.118,-12.133,-85.376,7.613,0.1085,0.0027732,5302.504
1768,5303.531,57.83501644,18.81845454,26.379,-736.709,-12.129,-82.404,8.044,0.1668,0.0022059,5305.504
1769,5306.531,57.83504310,18.81846175,26.384,-736.280,-12.123,-79.435,8.374,0.2182,0.0016319,5308.504
1770,5309.531,57.83506974,18.81846920,26.392,-735.837,-12.116,-76.468,8.605,0.2589,0.0010568,5311.504
1771,5312.530,57.83509636,18.81847682,26.400,-735.384,-12.108,-73.503,8.738,0.2848,0.0004803,5314.504
1772,5315.530,57.83512299,18.81848450,26.408,-734.927,-12.099,-70.538,8.772,0.2912,-0.0000983,5317.504
1773,5318.530,57.83514961,18.81849217,26.417,-734.471,-12.090,-67.573,8.706,0.2741,-0.0006793,5320.504
1774,5321.530,57.83517624,18.81849974,26.425,-734.021,-12.083,-64.607,8.540,0.2298,-0.0012635,5323.504
1775,5324.530,57.83520288,18.81850712,26.431,-733.582,-12.077,-61.639,8.274,0.1560,-0.0018512,5326.504
1776,5327.530,57.83522955,18.81851423,26.434,-733.159,-12.073,-58.669,7.907,0.0519,-0.0024428,5329.504
1777,5330.530,57.83525625,18.81852097,26.434,-732.758,-12.074,-55.696,7.437,-0.0817,-0.0030380,5332.503
1778,5333.530,57.83528297,18.81852725,26.429,-732.384,-12.078,-52.720,6.860,-0.2416,-0.0036219,5335.503
1779,5336.530,57.83530973,18.81853299,26.419,-732.043,-12.088,-49.739,6.170,-0.4235,-0.0041537,5338.503
1780,5339.529,57.83533653,18.81853809,26.403,-731.739,-12.104,-46.755,5.372,-0.6216,-0.0045836,5341.503
1781,5342.529,57.83536336,18.81854246,26.382,-731.479,-12.126,-43.766,4.492,-0.8296,-0.0048680,5344.503
1782,5345.529,57.83539023,18.81854601,26.354,-731.268,-12.154,-40.774,3.567,-1.0414,-0.0049802,5347.503
1783,5348.529,57.83541713,18.81854870,26.319,-731.107,-12.188,-37.778,2.644,-1.2515,-0.0049160,5350.503
1784,5351.529,57.83544404,18.81855060,26.278,-730.994,-12.229,-34.781,1.764,-1.4558,-0.0046949,5353.503
1785,5354.529,57.83547097,18.81855177,26.232,-730.924,-12.276,-31.782,0.956,-1.6512,-0.0043558,5356.503
1786,5357.529,57.83549790,18.81855228,26.179,-730.893,-12.328,-28.782,0.233,-1.8357,-0.0039474,5359.504
1787,5360.528,57.83552484,18.81855219,26.122,-730.898,-12.386,-25.782,359.591,-2.0082,-0.0035147,5362.504
1788,5363.528,57.83555177,18.81855156,26.059,-730.935,-12.448,-22.782,359.024,-2.1679,-0.0030805,5365.505
1789,5366.528,57.83557870,18.81855047,25.992,-730.999,-12.516,-19.783,358.532,-2.3139,-0.0026472,5368.505
1790,5369.528,57.83560562,18.81854898,25.920,-731.087,-12.587,-16.785,358.115,-2.4455,-0.0022153,5371.506
1791,5372.528,57.83563254,18.81854715,25.845,-731.195,-12.662,-13.787,357.772,-2.5620,-0.0017850,5374.507
1792,5375.528,57.83565945,18.81854505,25.767,-731.319,-12.741,-10.789,357.502,-2.6625,-0.0013564,5377.508
1793,5378.528,57.83568636,18.81854275,25.686,-731.455,-12.822,-7.793,357.306,-2.7465,-0.0009297,5380.509
1794,5381.528,57.83571326,18.81854031,25.602,-731.600,-12.905,-4.796,357.184,-2.8136,-0.0005045,5383.510
1795,5384.528,57.83574017,18.81853779,25.517,-731.749,-12.990,-1.800,357.134,-2.8631,-0.0000808,5386.511
1796,5387.527,57.83576707,18.81853526,25.431,-731.899,-13.077,1.196,357.157,-2.8944,0.0003407,5389.512
1797,5390.527,57.83579397,18.81853278,25.344,-732.045,-13.164,4.192,357.256,-2.9059,0.0007489,5392.513
1798,5393.527,57.83582087,18.81853042,25.257,-732.185,-13.251,7.189,357.431,-2.8953,0.0011232,5395.514
1799,5396.527,57.83584778,18.81852824,25.170,-732.314,-13.337,10.186,357.677,-2.8595,0.0014416,5398.515
1800,5399.527,57.83587470,18.81852630,25.085,-732.429,-13.422,13.184,357.980,-2.7943,0.0016873,5401.517
1801,5402.527,57.83590162,18.81852466,25.003,-732.526,-13.505,16.182,358.319,-2.6954,0.0018520,5404.518
1802,5405.527,57.83592855,18.81852334,24.924,-732.603,-13.584,19.181,358.676,-2.5590,0.0019383,5407.518
1803,5408.527,57.83595548,18.81852234,24.850,-732.663,-13.658,22.180,359.031,-2.3820,0.0019587,5410.519
1804,5411.526,57.83598241,18.81852163,24.781,-732.704,-13.726,25.180,359.375,-2.1630,0.0019333,5413.520
1805,5414.526,57.83600934,18.81852122,24.720,-732.728,-13.787,28.180,359.705,-1.9027,0.0018844,5416.520
1806,5417.526,57.83603628,18.81852109,24.667,-732.735,-13.840,31.180,0.025,-1.6039,0.0018300,5419.521
1807,5420.526,57.83606321,18.81852124,24.624,-732.726,-13.883,34.179,0.334,-1.2714,0.0017758,5422.521
1808,5423.526,57.83609015,18.81852166,24.591,-732.700,-13.916,37.179,0.635,-0.9117,0.0017217,5425.521
1809,5426.526,57.83611708,18.81852234,24.569,-732.659,-13.938,40.179,0.926,-0.5327,0.0016679,5428.521
1810,5429.526,57.83614401,18.81852327,24.559,-732.603,-13.948,43.178,1.208,-0.1428,0.0016142,5431.521
1811,5432.526,57.83617094,18.81852445,24.561,-732.533,-13.947,46.177,1.481,0.2488,0.0015608,5434.521
1812,5435.526,57.83619786,18.81852586,24.574,-732.449,-13.933,49.176,1.745,0.6329,0.0015076,5437.521
1813,5438.525,57.83622478,18.81852750,24.599,-732.351,-13.909,52.174,1.999,1.0003,0.0014546,5440.521
1814,5441.525,57.83625170,18.81852936,24.634,-732.239,-13.873,55.172,2.245,1.3422,0.0014017,5443.521
1815,5444.525,57.83627861,18.81853143,24.679,-732.116,-13.828,58.169,2.481,1.6499,0.0013491,5446.521
1816,5447.525,57.83630552,18.81853371,24.733,-731.980,-13.775,61.166,2.708,1.9157,0.0012966,5449.521
1817,5450.525,57.83633242,18.81853619,24.793,-731.832,-13.714,64.162,2.927,2.1330,0.0012443,5452.522
1818,5453.525,57.83635932,18.81853885,24.860,-731.674,-13.647,67.158,3.136,2.2968,0.0011922,5455.523
1819,5456.525,57.83638621,18.81854169,24.931,-731.504,-13.576,70.153,3.336,2.4048,0.0011402,5458.523
1820,5459.525,57.83641310,18.81854470,25.004,-731.325,-13.503,73.148,3.528,2.4570,0.0010883,5461.524
1821,5462.525,57.83643998,18.81854788,25.078,-731.135,-13.429,76.142,3.710,2.4566,0.0010365,5464.525
1822,5465.524,57.83646686,18.81855122,25.151,-730.937,-13.356,79.135,3.884,2.4093,0.0009847,5467.526
1823,5468.524,57.83649373,18.81855470,25.222,-730.729,-13.285,82.128,4.049,2.3232,0.0009331,5470.526
1824,5471.524,57.83652059,18.81855833,25.290,-730.513,-13.217,85.120,4.205,2.2074,0.0008815,5473.527
1825,5474.524,57.83654745,18.81856209,25.355,-730.289,-13.153,88.111,4.352,2.0720,0.0008299,5476.528
1826,5477.524,57.83657431,18.81856597,25.415,-730.058,-13.093,91.102,4.490,1.9261,0.0007783,5479.528
1827,5480.524,57.83660116,18.81856997,25.470,-729.820,-13.037,94.093,4.619,1.7778,0.0007267,5482.528
1828,5483.524,57.83662801,18.81857409,25.521,-729.575,-12.986,97.083,4.740,1.6337,0.0006750,5485.529
1829,5486.524,57.83665485,18.81857830,25.568,-729.324,-12.939,100.072,4.852,1.4982,0.0006233,5488.529
1830,5489.524,57.83668168,18.81858261,25.611,-729.068,-12.896,103.061,4.954,1.3745,0.0005714,5491.529
1831,5492.523,57.83670852,18.81858700,25.650,-728.806,-12.857,106.049,5.048,1.2641,0.0005195,5494.529
1832,5495.523,57.83673535,18.81859147,25.687,-728.540,-12.820,109.037,5.133,1.1677,0.0004673,5497.529
1833,5498.523,57.83676217,18.81859602,25.721,-728.270,-12.787,112.025,5.209,1.0854,0.0004150,5500.530
1834,5501.523,57.83678899,18.81860062,25.752,-727.995,-12.755,115.012,5.276,1.0165,0.0003626,5503.530
1835,5504.523,57.83681581,18.81860528,25.782,-727.718,-12.726,117.999,5.333,0.9597,0.0003128,5506.530
1836,5507.523,57.83684263,18.81860999,25.810,-727.438,-12.698,120.986,5.380,0.9132,0.0002704,5509.530
1837,5510.523,57.83686945,18.81861474,25.836,-727.155,-12.671,123.973,5.418,0.8741,0.0002406,5512.530
1838,5513.523,57.83689626,18.81861951,25.862,-726.871,-12.645,126.959,5.450,0.8388,0.0002277,5515.530
1839,5516.523,57.83692308,18.81862431,25.887,-726.585,-12.621,129.945,5.482,0.8034,0.0002335,5518.530
1840,5519.522,57.83694989,18.81862914,25.910,-726.298,-12.597,132.931,5.517,0.7636,0.0002577,5521.530
1841,5522.522,57.83697670,18.81863400,25.933,-726.009,-12.575,135.917,5.559,0.7157,0.0002972,5524.530
1842,5525.522,57.83700351,18.81863891,25.953,-725.717,-12.554,138.903,5.613,0.6569,0.0003472,5527.530
1843,5528.522,57.83703031,18.81864386,25.972,-725.422,-12.535,141.888,5.677,0.5860,0.0004023,5530.530
1844,5531.522,57.83705711,18.81864888,25.988,-725.123,-12.519,144.873,5.751,0.5035,0.0004579,5533.529
1845,5534.522,57.83708391,18.81865397,26.002,-724.821,-12.505,147.858,5.835,0.4116,0.0005124,5536.529
1846,5537.522,57.83711070,18.81865914,26.013,-724.513,-12.494,150.842,5.928,0.3143,0.0005654,5539.529
1847,5540.522,57.83713749,18.81866439,26.021,-724.201,-12.486,153.826,6.030,0.2162,0.0006169,5542.529
1848,5543.522,57.83716428,18.81866973,26.026,-723.883,-12.481,156.809,6.141,0.1227,0.0006665,5545.529
1849,5546.521,57.83719105,18.81867518,26.029,-723.559,-12.479,159.791,6.261,0.0390,0.0007142,5548.529
1850,5549.521,57.83721783,18.81868073,26.029,-723.228,-12.479,162.773,6.388,-0.0305,0.0007596,5551.529
1851,5552.521,57.83724459,18.81868640,26.027,-722.891,-12.481,165.753,6.524,-0.0825,0.0008028,5554.529
1852,5555.521,57.83727135,18.81869219,26.024,-722.547,-12.484,168.733,6.666,-0.1153,0.0008436,5557.529
1853,5558.521,57.83729810,18.81869811,26.020,-722.194,-12.487,171.713,6.814,-0.1287,0.0008875,5560.529
1854,5561.521,57.83732484,18.81870416,26.016,-721.834,-12.491,174.691,6.960,-0.1241,0.0009616,5563.528
1855,5564.521,57.83735157,18.81871035,26.013,-721.466,-12.495,177.668,7.108,-0.1044,0.0011040,5566.528
1856,5567.521,57.83737829,18.81871668,26.010,-721.089,-12.498,180.644,7.270,-0.0734,0.0013519,5569.528
1857,5570.521,57.83740501,18.81872317,26.008,-720.704,-12.499,183.619,7.474,-0.0354,0.0017323,5572.528
1858,5573.520,57.83743171,18.81872983,26.008,-720.308,-12.500,186.593,7.755,0.0050,0.0022582,5575.528
1859,5576.520,57.83745838,18.81873677,26.009,-719.895,-12.499,189.564,8.147,0.0436,0.0029266,5578.528
1860,5579.520,57.83748503,18.81874413,26.010,-719.457,-12.497,192.532,8.679,0.0769,0.0037215,5581.528
1861,5582.520,57.83751164,18.81875203,26.013,-718.987,-12.494,195.495,9.369,0.1024,0.0046194,5584.528
1862,5585.520,57.83753818,18.81876061,26.017,-718.477,-12.491,198.451,10.224,0.1190,0.0055990,5587.527
1863,5588.520,57.83756464,18.81877000,26.020,-717.919,-12.487,201.398,11.248,0.1269,0.0066537,5590.527
1864,5591.520,57.83759101,18.81878035,26.024,-717.303,-12.483,204.334,12.454,0.1278,0.0077987,5593.527
1865,5594.519,57.83761724,18.81879183,26.028,-716.621,-12.479,207.256,13.861,0.1247,0.0090518,5596.527
1866,5597.519,57.83764330,18.81880460,26.032,-715.862,-12.476,210.158,15.488,0.1219,0.0104322,5599.527
1867,5600.519,57.83766913,18.81881885,26.036,-715.015,-12.472,213.035,17.362,0.1247,0.0119539,5602.527
1868,5603.519,57.83769469,18.81883479,26.039,-714.068,-12.468,215.882,19.511,0.1390,0.0136260,5605.526
1869,5606.518,57.83771989,18.81885264,26.044,-713.007,-12.463,218.688,21.965,0.1710,0.0154458,5608.526
1870,5609.518,57.83774462,18.81887261,26.050,-711.820,-12.457,221.442,24.759,0.2267,0.0173934,5611.525
1871,5612.517,57.83776877,18.81889496,26.058,-710.492,-12.450,224.132,27.934,0.3113,0.0193889,5614.525
1872,5615.517,57.83779218,18.81891992,26.069,-709.009,-12.439,226.739,31.526,0.4290,0.0212586,5617.524
1873,5618.516,57.83781468,18.81894768,26.084,-707.360,-12.424,229.244,35.517,0.5819,0.0227847,5620.524
1874,5621.515,57.83783604,18.81897841,26.104,-705.534,-12.404,231.623,39.813,0.7705,0.0237594,5623.523
1875,5624.514,57.83785606,18.81901219,26.130,-703.527,-12.377,233.852,44.260,0.9921,0.0240446,5626.522
1876,5627.513,57.83787456,18.81904887,26.163,-701.348,-12.344,235.913,48.674,1.2422,0.0236160,5629.521
1877,5630.513,57.83789154,18.81908807,26.204,-699.019,-12.303,237.803,52.886,1.5136,0.0225703,5632.521
1878,5633.512,57.83790701,18.81912939,26.254,-696.564,-12.253,239.525,56.780,1.7973,0.0210933,5635.521
1879,5636.511,57.83792104,18.81917250,26.312,-694.003,-12.195,241.088,60.311,2.0823,0.0194013,5638.521
1880,5639.511,57.83793371,18.81921706,26.379,-691.356,-12.129,242.498,63.497,2.3555,0.0176823,5641.521
1881,5642.510,57.83794510,18.81926281,26.453,-688.638,-12.054,243.767,66.372,2.6027,0.0160450,5644.521
1882,5645.510,57.83795533,18.81930953,26.535,-685.863,-11.973,244.905,68.963,2.8100,0.0145235,5647.522
1883,5648.510,57.83796448,18.81935703,26.622,-683.041,-11.886,245.923,71.299,2.9648,0.0131326,5650.523
1884,5651.510,57.83797264,18.81940515,26.712,-680.183,-11.795,246.832,73.405,3.0569,0.0118752,5653.524
1885,5654.509,57.83797990,18.81945379,26.805,-677.294,-11.703,247.640,75.308,3.0799,0.0107469,5656.525
1886,5657.509,57.83798634,18.81950282,26.897,-674.381,-11.611,248.357,77.031,3.0316,0.0097371,5659.527
1887,5660.509,57.83799202,18.81955219,26.986,-671.448,-11.521,248.989,78.592,2.9146,0.0088347,5662.528
1888,5663.509,57.83799702,18.81960181,27.071,-668.501,-11.436,249.546,80.011,2.7356,0.0080267,5665.529
1889,5666.508,57.83800140,18.81965164,27.150,-665.541,-11.357,250.033,81.301,2.5049,0.0073022,5668.530
1890,5669.508,57.83800520,18.81970164,27.221,-662.571,-11.286,250.455,82.472,2.2351,0.0066662,5671.530
1891,5672.508,57.83800848,18.81975177,27.284,-659.593,-11.223,250.820,83.529,1.9396,0.0061491,5674.531
1892,5675.508,57.83801128,18.81980200,27.337,-656.610,-11.170,251.131,84.491,1.6315,0.0057901,5677.531
1893,5678.508,57.83801364,18.81985231,27.382,-653.621,-11.126,251.394,85.389,1.3223,0.0056238,5680.531
1894,5681.508,57.83801560,18.81990267,27.417,-650.629,-11.091,251.612,86.268,1.0216,0.0056710,5683.531
1895,5684.508,57.83801716,18.81995309,27.443,-647.634,-11.064,251.785,87.181,0.7367,0.0059344,5686.531
1896,5687.507,57.83801827,18.82000355,27.461,-644.637,-11.046,251.909,88.172,0.4724,0.0063976,5689.531
1897,5690.507,57.83801889,18.82005404,27.471,-641.638,-11.036,251.977,89.277,0.2313,0.0070293,5692.531
1898,5693.507,57.83801895,18.82010454,27.475,-638.638,-11.032,251.983,90.517,0.0145,0.0077920,5695.531
1899,5696.507,57.83801839,18.82015504,27.472,-635.639,-11.035,251.920,91.900,-0.1783,0.0086552,5698.531
1900,5699.507,57.83801714,18.82020548,27.464,-632.642,-11.043,251.781,93.437,-0.3483,0.0096096,5701.531
1901,5702.506,57.83801514,18.82025585,27.452,-629.651,-11.056,251.557,95.144,-0.4969,0.0106648,5704.530
1902,5705.506,57.83801229,18.82030606,27.435,-626.668,-11.072,251.240,97.040,-0.6253,0.0118287,5707.530
1903,5708.506,57.83800851,18.82035606,27.414,-623.698,-11.093,250.819,99.147,-0.7343,0.0131056,5710.530
1904,5711.506,57.83800371,18.82040575,27.391,-620.747,-11.116,250.283,101.487,-0.8236,0.0144944,5713.530
1905,5714.505,57.83799777,18.82045501,27.365,-617.821,-11.142,249.621,104.083,-0.8925,0.0159841,5716.529
1906,5717.505,57.83799058,18.82050368,27.338,-614.930,-11.170,248.820,106.957,-0.9397,0.0175525,5719.529
1907,5720.504,57.83798204,18.82055157,27.309,-612.086,-11.198,247.869,110.126,-0.9634,0.0191602,5722.529
1908,5723.504,57.83797204,18.82059845,27.280,-609.301,-11.227,246.754,113.603,-0.9626,0.0207425,5725.528
1909,5726.503,57.83796048,18.82064406,27.252,-606.592,-11.256,245.467,117.404,-0.9365,0.0221562,5728.528
1910,5729.502,57.83794729,18.82068808,27.224,-603.978,-11.283,243.997,121.509,-0.8852,0.0231940,5731.527
1911,5732.502,57.83793242,18.82073017,27.199,-601.478,-11.309,242.340,125.834,-0.8093,0.0236506,5734.526
1912,5735.501,57.83791586,18.82076999,27.176,-599.113,-11.332,240.496,130.223,-0.7104,0.0233870,5737.526
1913,5738.500,57.83789769,18.82080724,27.156,-596.900,-11.351,238.471,134.488,-0.5909,0.0223798,5740.525
1914,5741.499,57.83787810,18.82084189,27.140,-594.842,-11.367,236.289,138.448,-0.4542,0.0207333,5743.524
1915,5744.498,57.83785736,18.82087410,27.129,-592.929,-11.378,233.979,141.974,-0.3045,0.0186458,5746.524
1916,5747.498,57.83783569,18.82090408,27.122,-591.149,-11.385,231.565,145.013,-0.1475,0.0163523,5749.523
1917,5750.498,57.83781327,18.82093207,27.120,-589.487,-11.387,229.068,147.584,0.0103,0.0140686,5752.523
1918,5753.497,57.83779025,18.82095831,27.123,-587.928,-11.385,226.505,149.752,0.1602,0.0119412,5755.523
1919,5756.497,57.83776677,18.82098304,27.129,-586.460,-11.378,223.889,151.571,0.2928,0.0100104,5758.522
1920,5759.497,57.83774292,18.82100649,27.140,-585.067,-11.367,221.232,153.079,0.3985,0.0082644,5761.522
1921,5762.497,57.83771877,18.82102887,27.153,-583.739,-11.354,218.542,154.309,0.4696,0.0066810,5764.522
1922,5765.497,57.83769440,18.82105037,27.168,-582.462,-11.339,215.828,155.289,0.5015,0.0052336,5767.522
1923,5768.496,57.83766986,18.82107117,27.183,-581.226,-11.324,213.094,156.040,0.4945,0.0038931,5770.522
1924,5771.496,57.83764519,18.82109147,27.198,-580.021,-11.309,210.347,156.577,0.4539,0.0026318,5773.522
1925,5774.496,57.83762044,18.82111141,27.211,-578.837,-11.297,207.591,156.911,0.3897,0.0014226,5776.522
1926,5777.496,57.83759565,18.82113115,27.221,-577.665,-11.286,204.829,157.049,0.3150,0.0002391,5779.522
1927,5780.496,57.83757086,18.82115087,27.230,-576.494,-11.278,202.067,156.992,0.2434,-0.0009412,5782.521
1928,5783.496,57.83754609,18.82117071,27.236,-575.316,-11.272,199.308,156.728,0.1869,-0.0021024,5785.521
1929,5786.496,57.83752138,18.82119083,27.241,-574.121,-11.267,196.557,156.242,0.1538,-0.0031849,5788.521
1930,5789.496,57.83749678,18.82121141,27.245,-572.899,-11.263,193.817,155.543,0.1477,-0.0041123,5791.521
1931,5792.496,57.83747234,18.82123261,27.249,-571.640,-11.258,191.094,154.668,0.1675,-0.0048139,5794.521
1932,5795.495,57.83744809,18.82125462,27.255,-570.333,-11.252,188.394,153.678,0.2086,-0.0052425,5797.521
1933,5798.495,57.83742407,18.82127747,27.262,-568.976,-11.245,185.719,152.646,0.2640,-0.0053848,5800.521
1934,5801.495,57.83740027,18.82130111,27.271,-567.572,-11.237,183.068,151.641,0.3264,-0.0052656,5803.520
1935,5804.495,57.83737668,18.82132548,27.282,-566.125,-11.226,180.440,150.710,0.3886,-0.0049419,5806.520
1936,5807.495,57.83735329,18.82135052,27.294,-564.638,-11.213,177.835,149.875,0.4448,-0.0044882,5809.520
1937,5810.495,57.83733009,18.82137617,27.308,-563.115,-11.199,175.250,149.133,0.4905,-0.0039710,5812.520
1938,5813.495,57.83730705,18.82140233,27.324,-561.561,-11.184,172.684,148.486,0.5225,-0.0034182,5815.520
1939,5816.494,57.83728416,18.82142895,27.340,-559.980,-11.168,170.134,147.938,0.5388,-0.0028362,5818.520
1940,5819.494,57.83726139,18.82145594,27.356,-558.378,-11.152,167.599,147.495,0.5383,-0.0022310,5821.520
1941,5822.494,57.83723873,18.82148322,27.372,-556.758,-11.136,165.074,147.160,0.5210,-0.0016089,5824.520
1942,5825.494,57.83721613,18.82151070,27.387,-555.125,-11.120,162.557,146.935,0.4880,-0.0009765,5827.520
1943,5828.494,57.83719358,18.82153831,27.401,-553.486,-11.106,160.045,146.822,0.4415,-0.0003403,5830.520
1944,5831.494,57.83717104,18.82156596,27.414,-551.844,-11.094,157.534,146.820,0.3846,0.0002930,5833.520
1945,5834.494,57.83714848,18.82159357,27.424,-550.204,-11.083,155.022,146.929,0.3219,0.0009171,5836.520
1946,5837.494,57.83712589,18.82162106,27.433,-548.571,-11.074,152.505,147.152,0.2589,0.0015024,5839.519
1947,5840.493,57.83710323,18.82164836,27.440,-546.950,-11.067,149.981,147.498,0.2019,0.0019734,5842.519
1948,5843.493,57.83708047,18.82167537,27.445,-545.346,-11.062,147.446,147.951,0.1582,0.0022419,5845.519
1949,5846.493,57.83705759,18.82170203,27.450,-543.762,-11.058,144.898,148.462,0.1360,0.0022343,5848.519
1950,5849.493,57.83703458,18.82172827,27.454,-542.204,-11.054,142.335,148.960,0.1435,0.0019106,5851.519
1951,5852.493,57.83701144,18.82175411,27.458,-540.670,-11.049,139.757,149.361,0.1886,0.0012724,5854.519
1952,5855.493,57.83698822,18.82177971,27.465,-539.150,-11.042,137.171,149.593,0.2778,0.0003618,5857.519
1953,5858.493,57.83696498,18.82180523,27.475,-537.634,-11.032,134.582,149.607,0.4146,-0.0007479,5860.519
1954,5861.493,57.83694177,18.82183086,27.490,-536.112,-11.017,131.997,149.385,0.5981,-0.0019692,5863.519
1955,5864.493,57.83691864,18.82185674,27.511,-534.575,-10.996,129.421,148.936,0.8213,-0.0032245,5866.518
1956,5867.492,57.83689564,18.82188304,27.539,-533.013,-10.968,126.860,148.261,1.0706,-0.0044350,5869.519
1957,5870.492,57.83687284,18.82190992,27.575,-531.416,-10.933,124.320,147.339,1.3262,-0.0054681,5872.519
1958,5873.492,57.83685029,18.82193753,27.618,-529.777,-10.889,121.808,146.184,1.5638,-0.0061544,5875.519
1959,5876.492,57.83682805,18.82196601,27.668,-528.085,-10.839,119.330,144.877,1.7575,-0.0063380,5878.519
1960,5879.492,57.83680619,18.82199552,27.724,-526.333,-10.784,116.896,143.549,1.8843,-0.0059164,5881.519
1961,5882.492,57.83678473,18.82202604,27.782,-524.520,-10.726,114.506,142.359,1.9283,-0.0048637,5884.520
1962,5885.491,57.83676357,18.82205730,27.839,-522.663,-10.668,112.149,141.458,1.8842,-0.0032345,5887.520
1963,5888.491,57.83674261,18.82208901,27.895,-520.780,-10.613,109.814,140.957,1.7588,-0.0011477,5890.520
1964,5891.491,57.83672171,18.82212087,27.945,-518.888,-10.562,107.486,140.907,1.5697,0.0012432,5893.521
1965,5894.491,57.83670076,18.82215260,27.989,-517.003,-10.519,105.153,141.312,1.3427,0.0037886,5896.521
1966,5897.491,57.83667962,18.82218391,28.025,-515.144,-10.482,102.798,142.182,1.1069,0.0063413,5899.521
1967,5900.491,57.83665818,18.82221447,28.055,-513.329,-10.452,100.410,143.545,0.8899,0.0087548,5902.521
1968,5903.491,57.83663631,18.82224393,28.078,-511.579,-10.429,97.973,145.382,0.7128,0.0108661,5905.521
1969,5906.490,57.83661389,18.82227192,28.097,-509.917,-10.410,95.476,147.615,0.5877,0.0125284,5908.521
1970,5909.490,57.83659084,18.82229804,28.113,-508.365,-10.394,92.909,150.117,0.5167,0.0136459,5911.520
1971,5912.489,57.83656716,18.82232212,28.128,-506.936,-10.379,90.272,152.743,0.4938,0.0142013,5914.520
1972,5915.489,57.83654293,18.82234414,28.143,-505.627,-10.364,87.573,155.360,0.5066,0.0142609,5917.520
1973,5918.489,57.83651820,18.82236415,28.159,-504.439,-10.348,84.818,157.881,0.5401,0.0139568,5920.519
1974,5921.488,57.83649304,18.82238217,28.176,-503.369,-10.332,82.016,160.273,0.5793,0.0134480,5923.519
1975,5924.488,57.83646751,18.82239826,28.194,-502.414,-10.313,79.173,162.549,0.6116,0.0128694,5926.519
1976,5927.488,57.83644167,18.82241249,28.213,-501.569,-10.295,76.294,164.719,0.6282,0.0122774,5929.519
1977,5930.488,57.83641556,18.82242491,28.232,-500.832,-10.276,73.387,166.783,0.6243,0.0116830,5932.518
1978,5933.487,57.83638924,18.82243561,28.250,-500.196,-10.257,70.455,168.742,0.5993,0.0110951,5935.518
1979,5936.487,57.83636274,18.82244466,28.268,-499.659,-10.240,67.504,170.597,0.5554,0.0105206,5938.518
1980,5939.487,57.83633611,18.82245215,28.284,-499.215,-10.224,64.537,172.353,0.4975,0.0099642,5941.518
1981,5942.487,57.83630936,18.82245814,28.298,-498.859,-10.210,61.558,174.014,0.4315,0.0094300,5944.518
1982,5945.486,57.83628254,18.82246271,28.309,-498.588,-10.198,58.571,175.585,0.3641,0.0089203,5947.517
1983,5948.486,57.83625566,18.82246595,28.319,-498.396,-10.188,55.577,177.069,0.3013,0.0084359,5950.517
1984,5951.486,57.83622875,18.82246792,28.327,-498.280,-10.180,52.580,178.471,0.2485,0.0079777,5953.517
1985,5954.486,57.83620181,18.82246868,28.334,-498.235,-10.173,49.580,179.796,0.2096,0.0075498,5956.517
1986,5957.486,57.83617488,18.82246831,28.340,-498.257,-10.167,46.580,181.047,0.1866,0.0071599,5959.517
1987,5960.485,57.83614796,18.82246686,28.345,-498.343,-10.162,43.582,182.230,0.1801,0.0068155,5962.517
1988,5963.485,57.83612105,18.82246439,28.351,-498.490,-10.156,40.586,183.357,0.1890,0.0065214,5965.516
1989,5966.485,57.83609418,18.82246097,28.357,-498.694,-10.151,37.593,184.437,0.2110,0.0062777,5968.516
1990,5969.485,57.83606735,18.82245661,28.364,-498.953,-10.144,34.604,185.483,0.2430,0.0060798,5971.516
1991,5972.485,57.83604056,18.82245135,28.371,-499.266,-10.136,31.621,186.503,0.2815,0.0059189,5974.516
1992,5975.485,57.83601382,18.82244520,28.381,-499.632,-10.127,28.643,187.504,0.3228,0.0057836,5977.516
1993,5978.485,57.83598715,18.82243818,28.391,-500.049,-10.116,25.672,188.487,0.3635,0.0056617,5980.516
1994,5981.484,57.83596055,18.82243031,28.402,-500.517,-10.105,22.709,189.450,0.4008,0.0055442,5983.516
1995,5984.484,57.83593401,18.82242162,28.415,-501.034,-10.092,19.754,190.393,0.4324,0.0054278,5986.515
1996,5987.484,57.83590756,18.82241211,28.428,-501.599,-10.079,16.808,191.316,0.4567,0.0053125,5989.515
1997,5990.484,57.83588119,18.82240182,28.442,-502.211,-10.065,13.871,192.219,0.4729,0.0051988,5992.515
1998,5993.484,57.83585491,18.82239075,28.457,-502.868,-10.051,10.944,193.103,0.4805,0.0050869,5995.515
1999,5996.484,57.83582872,18.82237894,28.471,-503.571,-10.036,8.028,193.968,0.4798,0.0049769,5998.515
2000,5999.484,57.83580263,18.82236639,28.485,-504.316,-10.022,5.122,194.813,0.4712,0.0048691,6001.515
2001,6002.483,57.83577664,18.82235313,28.499,-505.104,-10.008,2.228,195.640,0.4558,0.0047637,6004.515
2002,6005.483,57.83575076,18.82233918,28.513,-505.933,-9.995,-0.655,196.450,0.4352,0.0046609,6007.515
2003,6008.483,57.83572498,18.82232455,28.525,-506.803,-9.982,-3.526,197.242,0.4114,0.0045605,6010.515
2004,6011.483,57.83569931,18.82230926,28.537,-507.711,-9.970,-6.385,198.017,0.3871,0.0044608,6013.514
2005,6014.483,57.83567375,18.82229333,28.549,-508.658,-9.959,-9.232,198.777,0.3653,0.0043561,6016.514
2006,6017.483,57.83564830,18.82227677,28.559,-509.642,-9.948,-12.066,199.522,0.3496,0.0042390,6019.514
2007,6020.483,57.83562297,18.82225961,28.570,-510.662,-9.938,-14.887,200.248,0.3434,0.0041029,6022.514
2008,6023.482,57.83559776,18.82224184,28.580,-511.718,-9.927,-17.695,200.951,0.3497,0.0039430,6025.514
2009,6026.482,57.83557266,18.82222351,28.591,-512.807,-9.917,-20.490,201.623,0.3707,0.0037575,6028.514
2010,6029.482,57.83554767,18.82220464,28.602,-513.928,-9.905,-23.272,202.260,0.4073,0.0035481,6031.514
2011,6032.482,57.83552280,18.82218527,28.615,-515.079,-9.892,-26.043,202.856,0.4589,0.0033194,6034.514
2012,6035.482,57.83549803,18.82216543,28.630,-516.258,-9.877,-28.801,203.408,0.5233,0.0030777,6037.514
2013,6038.482,57.83547336,18.82214517,28.647,-517.462,-9.861,-31.549,203.917,0.5969,0.0028294,6040.514
2014,6041.482,57.83544878,18.82212451,28.666,-518.690,-9.842,-34.286,204.383,0.6752,0.0025782,6043.513
2015,6044.482,57.83542429,18.82210349,28.687,-519.939,-9.820,-37.014,204.805,0.7526,0.0023250,6046.513
2016,6047.481,57.83539987,18.82208216,28.711,-521.206,-9.797,-39.733,205.183,0.8239,0.0020704,6049.513
2017,6050.481,57.83537553,18.82206054,28.737,-522.491,-9.771,-42.444,205.517,0.8840,0.0018150,6052.513
2018,6053.481,57.83535125,18.82203867,28.764,-523.790,-9.744,-45.147,205.807,0.9288,0.0015591,6055.513
2019,6056.481,57.83532703,18.82201660,28.792,-525.102,-9.715,-47.845,206.053,0.9554,0.0013033,6058.513
2020,6059.481,57.83530285,18.82199434,28.821,-526.425,-9.686,-50.538,206.255,0.9622,0.0010478,6061.513
2021,6062.481,57.83527871,18.82197194,28.850,-527.756,-9.658,-53.226,206.413,0.9491,0.0007930,6064.513
2022,6065.481,57.83525460,18.82194943,28.878,-529.093,-9.629,-55.912,206.527,0.9171,0.0005396,6067.513
2023,6068.481,57.83523051,18.82192685,28.905,-530.435,-9.603,-58.595,206.595,0.8686,0.0002955,6070.514
2024,6071.481,57.83520642,18.82190424,28.930,-531.779,-9.577,-61.277,206.616,0.8066,0.0000772,6073.514
2025,6074.480,57.83518234,18.82188162,28.953,-533.123,-9.554,-63.959,206.595,0.7347,-0.0000971,6076.513
2026,6077.480,57.83515825,18.82185902,28.974,-534.465,-9.533,-66.642,206.541,0.6568,-0.0002124,6079.513
2027,6080.480,57.83513415,18.82183649,28.992,-535.804,-9.515,-69.326,206.471,0.5768,-0.0002612,6082.513
2028,6083.480,57.83511002,18.82181403,29.009,-537.139,-9.499,-72.013,206.401,0.4984,-0.0002444,6085.513
2029,6086.480,57.83508589,18.82179161,29.022,-538.471,-9.485,-74.701,206.347,0.4249,-0.0001714,6088.513
2030,6089.480,57.83506174,18.82176922,29.034,-539.801,-9.473,-77.389,206.318,0.3592,-0.0000581,6091.513
2031,6092.480,57.83503760,18.82174684,29.044,-541.131,-9.463,-80.078,206.318,0.3034,0.0000768,6094.513
2032,6095.480,57.83501346,18.82172445,29.052,-542.462,-9.455,-82.767,206.343,0.2594,0.0002176,6097.513
2033,6098.480,57.83498932,18.82170203,29.060,-543.794,-9.448,-85.455,206.393,0.2283,0.0003582,6100.513
2034,6101.479,57.83496520,18.82167956,29.066,-545.129,-9.441,-88.141,206.467,0.2106,0.0004984,6103.513
2035,6104.479,57.83494110,18.82165702,29.072,-546.468,-9.435,-90.826,206.564,0.2065,0.0006386,6106.513
2036,6107.479,57.83491702,18.82163440,29.079,-547.812,-9.429,-93.507,206.686,0.2153,0.0007788,6109.513
2037,6110.479,57.83489296,18.82161167,29.085,-549.163,-9.422,-96.186,206.832,0.2358,0.0009194,6112.512
2038,6113.479,57.83486894,18.82158882,29.093,-550.521,-9.415,-98.861,207.002,0.2659,0.0010605,6115.512
2039,6116.479,57.83484496,18.82156582,29.101,-551.887,-9.406,-101.532,207.196,0.3029,0.0012021,6118.512
2040,6119.479,57.83482103,18.82154266,29.111,-553.263,-9.396,-104.197,207.415,0.3434,0.0013445,6121.512
2041,6122.479,57.83479714,18.82151932,29.122,-554.650,-9.385,-106.857,207.658,0.3838,0.0014878,6124.512
2042,6125.479,57.83477331,18.82149579,29.134,-556.049,-9.373,-109.511,207.925,0.4202,0.0016321,6127.512
2043,6128.478,57.83474954,18.82147203,29.147,-557.460,-9.360,-112.158,208.218,0.4488,0.0017776,6130.512
2044,6131.478,57.83472584,18.82144804,29.161,-558.886,-9.346,-114.798,208.536,0.4668,0.0019243,6133.512
2045,6134.478,57.83470222,18.82142379,29.175,-560.327,-9.332,-117.429,208.879,0.4722,0.0020724,6136.512
2046,6137.478,57.83467867,18.82139927,29.189,-561.784,-9.318,-120.051,209.247,0.4644,0.0022220,6139.512
2047,6140.478,57.83465521,18.82137445,29.203,-563.259,-9.304,-122.664,209.641,0.4441,0.0023731,6142.512
2048,6143.478,57.83463185,18.82134932,29.216,-564.752,-9.292,-125.266,210.062,0.4130,0.0025258,6145.511
2049,6146.478,57.83460859,18.82132386,29.228,-566.265,-9.280,-127.856,210.509,0.3740,0.0026802,6148.511
2050,6149.478,57.83458543,18.82129806,29.238,-567.798,-9.269,-130.434,210.982,0.3302,0.0028361,6151.511
2051,6152.478,57.83456240,18.82127188,29.247,-569.353,-9.260,-133.000,211.483,0.2849,0.0029936,6154.511
2052,6155.477,57.83453949,18.82124532,29.255,-570.932,-9.252,-135.551,212.011,0.2408,0.0031526,6157.511
2053,6158.477,57.83451672,18.82121835,29.262,-572.534,-9.246,-138.087,212.566,0.2000,0.0033131,6160.511
2054,6161.477,57.83449409,18.82119096,29.267,-574.162,-9.240,-140.607,213.149,0.1638,0.0034750,6163.511
2055,6164.477,57.83447162,18.82116313,29.272,-575.815,-9.236,-143.110,213.760,0.1329,0.0036381,6166.511
2056,6167.477,57.83444930,18.82113484,29.275,-577.496,-9.232,-145.595,214.399,0.1069,0.0038022,6169.511
2057,6170.477,57.83442717,18.82110608,29.278,-579.205,-9.229,-148.060,215.067,0.0853,0.0039671,6172.510
2058,6173.477,57.83440521,18.82107682,29.280,-580.943,-9.227,-150.505,215.763,0.0673,0.0041323,6175.510
2059,6176.476,57.83438345,18.82104706,29.282,-582.712,-9.225,-152.928,216.488,0.0520,0.0042976,6178.510
2060,6179.476,57.83436190,18.82101677,29.284,-584.511,-9.224,-155.328,217.241,0.0387,0.0044624,6181.510
2061,6182.476,57.83434057,18.82098594,29.285,-586.343,-9.223,-157.704,218.024,0.0269,0.0046233,6184.510
2062,6185.476,57.83431946,18.82095457,29.285,-588.207,-9.222,-160.054,218.836,0.0166,0.0047727,6187.510
2063,6188.476,57.83429860,18.82092262,29.286,-590.105,-9.222,-162.377,219.677,0.0079,0.0049023,6190.510
2064,6191.476,57.83427800,18.82089010,29.286,-592.038,-9.222,-164.672,220.541,0.0014,0.0050053,6193.509
2065,6194.476,57.83425766,18.82085699,29.286,-594.005,-9.222,-166.937,221.422,-0.0020,0.0050777,6196.509
2066,6197.476,57.83423760,18.82082329,29.286,-596.007,-9.222,-169.170,222.311,-0.0014,0.0051193,6199.509
2067,6200.475,57.83421782,18.82078901,29.286,-598.044,-9.222,-171.373,223.201,0.0044,0.0051340,6202.509
2068,6203.475,57.83419833,18.82075416,29.286,-600.115,-9.221,-173.544,224.089,0.0161,0.0051283,6205.509
2069,6206.475,57.83417912,18.82071875,29.287,-602.219,-9.221,-175.682,224.971,0.0342,0.0051103,6208.509
2070,6209.475,57.83416021,18.82068280,29.288,-604.355,-9.219,-177.788,225.849,0.0585,0.0050867,6211.509
2071,6212.475,57.83414160,18.82064630,29.290,-606.523,-9.217,-179.861,226.723,0.0882,0.0050604,6214.508
2072,6215.475,57.83412328,18.82060928,29.293,-608.723,-9.214,-181.901,227.591,0.1219,0.0050313,6217.508
2073,6218.475,57.83410526,18.82057174,29.297,-610.953,-9.210,-183.907,228.455,0.1577,0.0049995,6220.508
2074,6221.474,57.83408755,18.82053371,29.303,-613.213,-9.205,-185.880,229.312,0.1936,0.0049652,6223.508
2075,6224.474,57.83407014,18.82049518,29.309,-615.502,-9.198,-187.819,230.164,0.2281,0.0049285,6226.508
2076,6227.474,57.83405303,18.82045617,29.316,-617.820,-9.191,-189.723,231.009,0.2603,0.0048896,6229.508
2077,6230.474,57.83403623,18.82041669,29.325,-620.165,-9.183,-191.594,231.847,0.2902,0.0048487,6232.508
2078,6233.474,57.83401975,18.82037676,29.334,-622.538,-9.173,-193.430,232.678,0.3182,0.0048059,6235.508
2079,6236.474,57.83400357,18.82033639,29.344,-624.936,-9.163,-195.231,233.504,0.3458,0.0047520,6238.507
2080,6239.474,57.83398770,18.82029559,29.355,-627.360,-9.153,-196.998,234.333,0.3741,0.0046436,6241.507
2081,6242.473,57.83397214,18.82025437,29.366,-629.809,-9.141,-198.731,235.163,0.4041,0.0044199,6244.507
2082,6245.473,57.83395689,18.82021275,29.379,-632.282,-9.129,-200.429,235.968,0.4361,0.0040239,6247.507
2083,6248.473,57.83394194,18.82017073,29.392,-634.779,-9.115,-202.093,236.704,0.4695,0.0034173,6250.507
2084,6251.473,57.83392729,18.82012836,29.407,-637.296,-9.100,-203.724,237.315,0.5031,0.0025877,6253.507
2085,6254.473,57.83391286,18.82008573,29.423,-639.829,-9.085,-205.332,237.747,0.5353,0.0015503,6256.507
2086,6257.473,57.83389854,18.82004296,29.439,-642.370,-9.068,-206.926,237.958,0.5646,0.0003429,6259.507
2087,6260.473,57.83388424,18.82000015,29.456,-644.913,-9.051,-208.518,237.927,0.5900,-0.0009840,6262.507
2088,6263.473,57.83386989,18.81995742,29.475,-647.452,-9.033,-210.116,237.653,0.6115,-0.0023830,6265.507
2089,6266.472,57.83385538,18.81991488,29.493,-649.979,-9.014,-211.732,237.137,0.6299,-0.0038305,6268.507
2090,6269.472,57.83384062,18.81987264,29.512,-652.488,-8.995,-213.376,236.374,0.6468,-0.0053366,6271.506
2091,6272.472,57.83382550,18.81983084,29.532,-654.972,-8.975,-215.058,235.350,0.6646,-0.0069154,6274.506
2092,6275.472,57.83380995,18.81978962,29.552,-657.421,-8.955,-216.791,234.050,0.6856,-0.0085784,6277.506
2093,6278.472,57.83379384,18.81974915,29.573,-659.826,-8.934,-218.584,232.455,0.7123,-0.0103280,6280.506
2094,6281.472,57.83377708,18.81970962,29.595,-662.174,-8.912,-220.450,230.546,0.7466,-0.0121578,6283.506
2095,6284.471,57.83375957,18.81967125,29.618,-664.454,-8.889,-222.400,228.304,0.7901,-0.0140469,6286.506
2096,6287.471,57.83374122,18.81963429,29.643,-666.650,-8.865,-224.443,225.713,0.8440,-0.0159551,6289.505
2097,6290.470,57.83372194,18.81959903,29.669,-668.745,-8.839,-226.590,222.767,0.9090,-0.0178253,6292.505
2098,6293.470,57.83370167,18.81956579,29.697,-670.720,-8.810,-228.847,219.467,0.9854,-0.0195671,6295.505
2099,6296.469,57.83368037,18.81953490,29.728,-672.556,-8.779,-231.219,215.832,1.0732,-0.0210537,6298.504
2100,6299.469,57.83365803,18.81950671,29.762,-674.231,-8.746,-233.707,211.921,1.1714,-0.0221679,6301.504
2101,6302.468,57.83363469,18.81948152,29.798,-675.728,-8.709,-236.306,207.833,1.2787,-0.0228458,6304.503
2102,6305.467,57.83361043,18.81945962,29.838,-677.029,-8.669,-239.008,203.683,1.3933,-0.0231023,6307.503
2103,6308.466,57.83358537,18.81944112,29.882,-678.129,-8.626,-241.799,199.575,1.5131,-0.0230321,6310.502
2104,6311.466,57.83355969,18.81942597,29.929,-679.029,-8.578,-244.660,195.572,1.6363,-0.0227880,6313.502
2105,6314.465,57.83353351,18.81941412,29.980,-679.734,-8.527,-247.575,191.683,1.7611,-0.0225410,6316.502
2106,6317.464,57.83350697,18.81940556,30.035,-680.243,-8.473,-250.531,187.873,1.8859,-0.0224427,6319.502
2107,6320.464,57.83348018,18.81940031,30.093,-680.555,-8.414,-253.514,184.071,2.0093,-0.0225961,6322.501
2108,6323.463,57.83345327,18.81939841,30.155,-680.668,-8.352,-256.511,180.210,2.1299,-0.0230305,6325.501
2109,6326.462,57.83342636,18.81939997,30.221,-680.576,-8.286,-259.509,176.238,2.2468,-0.0237205,6328.501
2110,6329.461,57.83339956,18.81940507,30.290,-680.274,-8.217,-262.493,172.094,2.3588,-0.0245844,6331.501
2111,6332.461,57.83337305,18.81941385,30.362,-679.753,-8.145,-265.446,167.728,2.4644,-0.0254732,6334.501
2112,6335.460,57.83334697,18.81942645,30.438,-679.005,-8.070,-268.351,163.140,2.5607,-0.0262110,6337.502
2113,6338.459,57.83332153,18.81944299,30.516,-678.023,-7.992,-271.184,158.385,2.6438,-0.0266444,6340.502
2114,6341.458,57.83329694,18.81946356,30.596,-676.801,-7.911,-273.923,153.568,2.7093,-0.0266868,6343.502
2115,6344.457,57.83327338,18.81948799,30.678,-675.350,-7.829,-276.548,148.807,2.7533,-0.0263494,6346.502
2116,6347.456,57.83325095,18.81951595,30.761,-673.689,-7.746,-279.045,144.198,2.7727,-0.0257358,6349.502
2117,6350.455,57.83322976,18.81954709,30.844,-671.840,-7.663,-281.406,139.789,2.7655,-0.0250108,6352.502
2118,6353.454,57.83320986,18.81958111,30.927,-669.819,-7.580,-283.623,135.566,2.7309,-0.0243522,6355.503
2119,6356.453,57.83319133,18.81961774,31.008,-667.644,-7.499,-285.687,131.470,2.6692,-0.0239049,6358.503
2120,6359.453,57.83317422,18.81965673,31.087,-665.327,-7.420,-287.593,127.435,2.5826,-0.0237274,6361.503
2121,6362.452,57.83315862,18.81969788,31.163,-662.883,-7.344,-289.331,123.392,2.4759,-0.0237854,6364.503
2122,6365.451,57.83314460,18.81974098,31.235,-660.323,-7.272,-290.893,119.286,2.3551,-0.0239950,6367.504
2123,6368.450,57.83313226,18.81978586,31.304,-657.657,-7.203,-292.267,115.085,2.2268,-0.0242397,6370.504
2124,6371.449,57.83312174,18.81983233,31.369,-654.897,-7.138,-293.440,110.796,2.0975,-0.0243995,6373.503
2125,6374.449,57.83311314,18.81988017,31.430,-652.055,-7.077,-294.398,106.461,1.9731,-0.0243748,6376.503
2126,6377.448,57.83310651,18.81992910,31.487,-649.148,-7.020,-295.137,102.145,1.8582,-0.0241083,6379.503
2127,6380.447,57.83310184,18.81997882,31.541,-646.194,-6.966,-295.657,97.916,1.7554,-0.0235999,6382.503
2128,6383.446,57.83309911,18.82002904,31.592,-643.211,-6.915,-295.962,93.825,1.6652,-0.0228964,6385.502
2129,6386.445,57.83309826,18.82007951,31.641,-640.213,-6.866,-296.058,89.896,1.5861,-0.0220726,6388.502
2130,6389.445,57.83309921,18.82012996,31.688,-637.215,-6.820,-295.952,86.135,1.5151,-0.0211981,6391.502
2131,6392.444,57.83310188,18.82018020,31.732,-634.231,-6.775,-295.655,82.543,1.4482,-0.0203178,6394.501
2132,6395.444,57.83310619,18.82023004,31.775,-631.270,-6.733,-295.175,79.114,1.3815,-0.0194665,6397.501
2133,6398.443,57.83311205,18.82027932,31.815,-628.342,-6.692,-294.524,75.838,1.3117,-0.0186689,6400.501
2134,6401.443,57.83311936,18.82032791,31.853,-625.455,-6.654,-293.710,72.702,1.2363,-0.0179453,6403.501
2135,6404.442,57.83312805,18.82037570,31.889,-622.616,-6.618,-292.742,69.688,1.1540,-0.0173083,6406.500
2136,6407.442,57.83313805,18.82042259,31.923,-619.830,-6.585,-291.629,66.780,1.0646,-0.0167670,6409.500
2137,6410.441,57.83314928,18.82046848,31.953,-617.104,-6.554,-290.379,63.959,0.9685,-0.0163273,6412.500
2138,6413.441,57.83316169,18.82051329,31.981,-614.441,-6.527,-288.997,61.206,0.8664,-0.0159897,6415.500
2139,6416.441,57.83317522,18.82055695,32.005,-611.848,-6.502,-287.490,58.496,0.7589,-0.0157321,6418.499
2140,6419.440,57.83318982,18.82059937,32.026,-609.327,-6.481,-285.864,55.807,0.6461,-0.0155071,6421.499
2141,6422.440,57.83320547,18.82064048,32.044,-606.885,-6.464,-284.122,53.130,0.5274,-0.0152543,6424.499
2142,6425.439,57.83322211,18.82068017,32.058,-604.526,-6.450,-282.269,50.478,0.4017,-0.0149154,6427.498
2143,6428.439,57.83323972,18.82071838,32.068,-602.257,-6.440,-280.308,47.881,0.2682,-0.0144468,6430.498
2144,6431.439,57.83325823,18.82075505,32.074,-600.077,-6.434,-278.247,45.377,0.1259,-0.0138287,6433.498
2145,6434.438,57.83327756,18.82079022,32.075,-597.988,-6.432,-276.094,43.008,-0.0250,-0.0130682,6436.497
2146,6437.438,57.83329761,18.82082392,32.072,-595.986,-6.435,-273.861,40.800,-0.1831,-0.0121966,6439.497
2147,6440.438,57.83331832,18.82085621,32.064,-594.067,-6.443,-271.555,38.767,-0.3459,-0.0112588,6442.497
2148,6443.438,57.83333960,18.82088716,32.052,-592.228,-6.456,-269.185,36.908,-0.5093,-0.0102981,6445.497
2149,6446.437,57.83336138,18.82091687,32.034,-590.462,-6.473,-266.760,35.220,-0.6685,-0.0093375,6448.496
2150,6449.437,57.83338360,18.82094542,32.012,-588.766,-6.496,-264.286,33.701,-0.8182,-0.0083879,6451.496
2151,6452.437,57.83340618,18.82097293,31.985,-587.132,-6.522,-261.770,32.346,-0.9533,-0.0074568,6454.496
2152,6455.437,57.83342909,18.82099948,31.954,-585.554,-6.553,-259.219,31.150,-1.0691,-0.0065484,6457.496
2153,6458.437,57.83345228,18.82102519,31.921,-584.026,-6.587,-256.637,30.109,-1.1620,-0.0056640,6460.496
2154,6461.436,57.83347569,18.82105017,31.885,-582.542,-6.623,-254.030,29.217,-1.2296,-0.0048027,6463.496
2155,6464.436,57.83349928,18.82107451,31.847,-581.095,-6.660,-251.402,28.471,-1.2709,-0.0039621,6466.496
2156,6467.436,57.83352303,18.82109833,31.809,-579.680,-6.699,-248.757,27.866,-1.2863,-0.0031386,6469.497
2157,6470.436,57.83354690,18.82112174,31.770,-578.289,-6.737,-246.099,27.401,-1.2774,-0.0023322,6472.497
2158,6473.436,57.83357085,18.82114484,31.732,-576.916,-6.775,-243.432,27.078,-1.2471,-0.0015572,6475.497
2159,6476.436,57.83359486,18.82116773,31.695,-575.556,-6.812,-240.758,26.895,-1.1991,-0.0008348,6478.497
2160,6479.436,57.83361890,18.82119052,31.660,-574.202,-6.847,-238.081,26.840,-1.1375,-0.0001849,6481.497
2161,6482.436,57.83364293,18.82121332,31.627,-572.847,-6.880,-235.405,26.895,-1.0671,0.0003789,6484.497
2162,6485.436,57.83366694,18.82123622,31.596,-571.486,-6.911,-232.731,27.039,-0.9925,0.0008535,6487.497
2163,6488.435,57.83369090,18.82125926,31.568,-570.117,-6.940,-230.062,27.249,-0.9183,0.0012469,6490.497
2164,6491.435,57.83371482,18.82128248,31.541,-568.737,-6.966,-227.399,27.509,-0.8485,0.0015769,6493.497
2165,6494.435,57.83373868,18.82130592,31.517,-567.344,-6.991,-224.741,27.810,-0.7867,0.0018678,6496.497
2166,6497.435,57.83376247,18.82132960,31.494,-565.937,-7.013,-222.092,28.155,-0.7358,0.0021434,6499.497
2167,6500.435,57.83378618,18.82135357,31.473,-564.513,-7.035,-219.452,28.547,-0.6978,0.0024180,6502.497
2168,6503.435,57.83380979,18.82137786,31.452,-563.069,-7.055,-216.822,28.987,-0.6740,0.0026930,6505.497
2169,6506.435,57.83383330,18.82140251,31.432,-561.604,-7.075,-214.204,29.474,-0.6646,0.0029671,6508.497
2170,6509.435,57.83385669,18.82142756,31.412,-560.116,-7.095,-211.599,30.008,-0.6693,0.0032393,6511.497
2171,6512.434,57.83387995,18.82145302,31.392,-558.603,-7.115,-209.009,30.589,-0.6866,0.0035083,6514.497
2172,6515.434,57.83390306,18.82147895,31.371,-557.063,-7.136,-206.435,31.217,-0.7146,0.0037730,6517.497
2173,6518.434,57.83392602,18.82150536,31.349,-555.493,-7.158,-203.879,31.891,-0.7506,0.0040319,6520.497
2174,6521.434,57.83394880,18.82153230,31.326,-553.892,-7.181,-201.341,32.608,-0.7915,0.0042836,6523.497
2175,6524.434,57.83397139,18.82155979,31.302,-552.259,-7.206,-198.825,33.370,-0.8338,0.0045256,6526.497
2176,6527.434,57.83399379,18.82158785,31.276,-550.592,-7.231,-196.331,34.179,-0.8740,0.0047319,6529.497
2177,6530.434,57.83401596,18.82161651,31.249,-548.889,-7.258,-193.862,35.040,-0.9082,0.0048492,6532.497
2178,6533.434,57.83403791,18.82164579,31.221,-547.149,-7.286,-191.418,35.938,-0.9329,0.0048193,6535.497
2179,6536.433,57.83405960,18.82167572,31.193,-545.371,-7.314,-189.002,36.836,-0.9445,0.0045967,6538.497
2180,6539.433,57.83408104,18.82170629,31.165,-543.554,-7.342,-186.615,37.683,-0.9400,0.0041600,6541.497
2181,6542.433,57.83410223,18.82173745,31.137,-541.703,-7.370,-184.254,38.425,-0.9171,0.0035160,6544.497
2182,6545.433,57.83412324,18.82176907,31.110,-539.824,-7.397,-181.915,39.014,-0.8747,0.0026983,6547.497
2183,6548.433,57.83414410,18.82180101,31.085,-537.926,-7.423,-179.592,39.422,-0.8127,0.0017594,6550.497
2184,6551.433,57.83416487,18.82183316,31.061,-536.016,-7.446,-177.279,39.643,-0.7324,0.0007581,6553.497
2185,6554.433,57.83418560,18.82186540,31.041,-534.101,-7.467,-174.970,39.685,-0.6367,-0.0002588,6556.496
2186,6557.433,57.83420635,18.82189760,31.023,-532.187,-7.484,-172.660,39.555,-0.5298,-0.0012767,6559.496
2187,6560.432,57.83422716,18.82192966,31.009,-530.283,-7.498,-170.342,39.251,-0.4166,-0.0023018,6562.496
2188,6563.432,57.83424809,18.82196145,30.998,-528.394,-7.509,-168.012,38.772,-0.3026,-0.0033402,6565.496
2189,6566.432,57.83426918,18.82199285,30.991,-526.528,-7.517,-165.662,38.115,-0.1930,-0.0043971,6568.496
2190,6569.432,57.83429049,18.82202373,30.987,-524.693,-7.521,-163.289,37.275,-0.0919,-0.0054764,6571.496
2191,6572.432,57.83431207,18.82205396,30.985,-522.897,-7.522,-160.886,36.247,-0.0015,-0.0065802,6574.496
2192,6575.432,57.83433396,18.82208339,30.987,-521.149,-7.521,-158.449,35.027,0.0778,-0.0077075,6577.496
2193,6578.432,57.83435620,18.82211187,30.990,-519.456,-7.517,-155.972,33.608,0.1479,-0.0088536,6580.495
2194,6581.431,57.83437884,18.82213923,30.995,-517.831,-7.512,-153.451,31.986,0.2129,-0.0100096,6583.495
2195,6584.431,57.83440190,18.82216531,31.003,-516.281,-7.505,-150.882,30.148,0.2772,-0.0111271,6586.495
2196,6587.431,57.83442542,18.82218991,31.012,-514.819,-7.495,-148.263,28.069,0.3453,-0.0120517,6589.495
2197,6590.431,57.83444941,18.82221286,31.023,-513.456,-7.484,-145.591,25.769,0.4190,-0.0125812,6592.494
2198,6593.430,57.83447388,18.82223396,31.037,-512.202,-7.471,-142.866,23.339,0.4958,-0.0125310,6595.494
2199,6596.430,57.83449882,18.82225302,31.052,-511.069,-7.455,-140.088,20.934,0.5682,-0.0117862,6598.494
2200,6599.429,57.83452418,18.82227002,31.070,-510.059,-7.437,-137.264,18.737,0.6226,-0.0103330,6601.494
2201,6602.429,57.83454985,18.82228531,31.089,-509.150,-7.418,-134.405,16.919,0.6415,-0.0082585,6604.493
2202,6605.429,57.83457573,18.82229934,31.108,-508.316,-7.399,-131.524,15.597,0.6053,-0.0057232,6607.493
2203,6608.429,57.83460173,18.82231254,31.125,-507.532,-7.382,-128.628,14.820,0.4967,-0.0029194,6610.493
2204,6611.429,57.83462779,18.82232531,31.138,-506.773,-7.369,-125.726,14.573,0.3046,-0.0000256,6613.493
2205,6614.429,57.83465384,18.82233809,31.144,-506.014,-7.363,-122.824,14.845,0.0282,0.0027802,6616.493
2206,6617.429,57.83467984,18.82235128,31.140,-505.230,-7.367,-119.928,15.653,-0.3210,0.0053104,6619.493
2207,6620.428,57.83470572,18.82236531,31.125,-504.396,-7.382,-117.046,16.962,-0.7191,0.0073566,6622.493
2208,6623.428,57.83473139,18.82238058,31.097,-503.488,-7.410,-114.187,18.658,-1.1323,0.0087339,6625.493
2209,6626.428,57.83475677,18.82239751,31.057,-502.482,-7.450,-111.361,20.562,-1.5218,0.0093286,6628.493
2210,6629.428,57.83478180,18.82241616,31.006,-501.374,-7.501,-108.574,22.470,-1.8499,0.0091308,6631.493
2211,6632.427,57.83480650,18.82243628,30.946,-500.178,-7.561,-105.823,24.196,-2.0868,0.0082416,6634.493
2212,6635.427,57.83483091,18.82245762,30.881,-498.911,-7.627,-103.104,25.615,-2.2147,0.0068473,6637.494
2213,6638.427,57.83485508,18.82247990,30.813,-497.586,-7.694,-100.412,26.683,-2.2295,0.0051707,6640.494
2214,6641.427,57.83487907,18.82250288,30.747,-496.221,-7.760,-97.741,27.416,-2.1408,0.0034253,6643.495
2215,6644.427,57.83490292,18.82252632,30.685,-494.828,-7.822,-95.084,27.824,-1.9691,0.0017694,6646.495
2216,6647.427,57.83492672,18.82254998,30.629,-493.423,-7.878,-92.434,27.918,-1.7422,0.0003023,6649.496
2217,6650.427,57.83495052,18.82257362,30.581,-492.018,-7.927,-89.783,27.741,-1.4910,-0.0008902,6652.496
2218,6653.426,57.83497439,18.82259701,30.540,-490.628,-7.967,-87.124,27.364,-1.2457,-0.0017521,6655.496
2219,6656.426,57.83499838,18.82261998,30.506,-489.263,-8.001,-84.453,26.873,-1.0334,-0.0022693,6658.496
2220,6659.426,57.83502248,18.82264254,30.478,-487.922,-8.030,-81.769,26.353,-0.8763,-0.0024726,6661.496
2221,6662.426,57.83504667,18.82266473,30.453,-486.604,-8.054,-79.075,25.866,-0.7915,-0.0024314,6664.496
2222,6665.426,57.83507096,18.82268658,30.430,-485.306,-8.077,-76.370,25.441,-0.7903,-0.0022382,6667.496
2223,6668.426,57.83509532,18.82270812,30.406,-484.026,-8.102,-73.657,25.075,-0.8776,-0.0019834,6670.496
2224,6671.426,57.83511975,18.82272938,30.377,-482.762,-8.130,-70.936,24.757,-1.0518,-0.0017214,6673.496
2225,6674.426,57.83514424,18.82275041,30.342,-481.513,-8.165,-68.209,24.483,-1.3037,-0.0014590,6676.496
2226,6677.426,57.83516878,18.82277124,30.299,-480.275,-8.208,-65.476,24.255,-1.6167,-0.0011966,6679.497
2227,6680.425,57.83519335,18.82279190,30.245,-479.048,-8.262,-62.739,24.072,-1.9675,-0.0009341,6682.497
2228,6683.425,57.83521796,18.82281244,30.181,-477.827,-8.326,-59.999,23.934,-2.3280,-0.0006717,6685.498
2229,6686.425,57.83524259,18.82283288,30.106,-476.613,-8.401,-57.256,23.841,-2.6679,-0.0004096,6688.498
2230,6689.425,57.83526723,18.82285326,30.021,-475.402,-8.486,-54.511,23.793,-2.9582,-0.0001477,6691.499
2231,6692.425,57.83529188,18.82287363,29.929,-474.192,-8.579,-51.766,23.790,-3.1730,0.0001138,6694.501
2232,6695.425,57.83531653,18.82289400,29.831,-472.981,-8.676,-49.022,23.832,-3.2920,0.0003765,6697.502
2233,6698.425,57.83534116,18.82291444,29.732,-471.767,-8.776,-46.278,23.910,-3.3007,0.0006707,6700.504
2234,6701.425,57.83536577,18.82293496,29.634,-470.547,-8.873,-43.537,24.017,-3.1901,0.0010646,6703.505
2235,6704.425,57.83539035,18.82295560,29.541,-469.321,-8.966,-40.800,24.169,-2.9563,0.0016361,6706.507
2236,6707.424,57.83541489,18.82297640,29.457,-468.084,-9.050,-38.066,24.407,-2.6003,0.0024523,6709.508
2237,6710.424,57.83543939,18.82299741,29.386,-466.836,-9.122,-35.338,24.796,-2.1288,0.0035538,6712.508
2238,6713.424,57.83546380,18.82301877,29.330,-465.567,-9.178,-32.620,25.409,-1.5557,0.0049477,6715.509
2239,6716.424,57.83548805,18.82304074,29.292,-464.262,-9.215,-29.919,26.313,-0.9044,0.0066051,6718.509
2240,6719.424,57.83551207,18.82306357,29.275,-462.905,-9.232,-27.244,27.557,-0.2089,0.0084660,6721.509
2241,6722.424,57.83553578,18.82308752,29.279,-461.482,-9.228,-24.603,29.165,0.4864,0.0104504,6724.509
2242,6725.423,57.83555909,18.82311285,29.303,-459.977,-9.204,-22.008,31.147,1.1295,0.0124477,6727.508
2243,6728.423,57.83558186,18.82313979,29.346,-458.376,-9.161,-19.471,33.521,1.6665,0.0142978,6730.508
2244,6731.423,57.83560399,18.82316859,29.403,-456.666,-9.104,-17.007,36.271,2.0488,0.0158274,6733.509
2245,6734.422,57.83562531,18.82319943,29.469,-454.833,-9.039,-14.633,39.318,2.2402,0.0168786,6736.509
2246,6737.422,57.83564568,18.82323247,29.537,-452.870,-8.970,-12.365,42.531,2.2246,0.0173526,6739.509
2247,6740.421,57.83566497,18.82326770,29.602,-450.777,-8.905,-10.216,45.754,2.0101,0.0172410,6742.509
2248,6743.421,57.83568319,18.82330489,29.658,-448.568,-8.850,-8.188,48.846,1.6286,0.0166298,6745.509
2249,6746.420,57.83570037,18.82334378,29.700,-446.257,-8.808,-6.274,51.714,1.1309,0.0156755,6748.509
2250,6749.420,57.83571655,18.82338414,29.725,-443.860,-8.782,-4.472,54.326,0.5779,0.0145622,6751.509
2251,6752.420,57.83573180,18.82342577,29.734,-441.387,-8.774,-2.774,56.709,0.0315,0.0134536,6754.509
2252,6755.419,57.83574614,18.82346851,29.727,-438.848,-8.781,-1.177,58.899,-0.4542,0.0124492,6757.508
2253,6758.419,57.83575964,18.82351220,29.706,-436.252,-8.801,0.326,60.919,-0.8391,0.0115793,6760.508
2254,6761.419,57.83577234,18.82355674,29.676,-433.606,-8.831,1.740,62.793,-1.1006,0.0108605,6763.508
2255,6764.419,57.83578428,18.82360201,29.640,-430.917,-8.867,3.069,64.552,-1.2334,0.0102987,6766.508
2256,6767.418,57.83579550,18.82364791,29.602,-428.190,-8.905,4.319,66.231,-1.2459,0.0098867,6769.508
2257,6770.418,57.83580601,18.82369440,29.566,-425.428,-8.941,5.490,67.864,-1.1554,0.0096036,6772.508
2258,6773.418,57.83581582,18.82374144,29.534,-422.634,-8.974,6.582,69.473,-0.9828,0.0094176,6775.508
2259,6776.418,57.83582492,18.82378897,29.508,-419.810,-8.999,7.595,71.074,-0.7489,0.0092907,6778.508
2260,6779.417,57.83583330,18.82383696,29.490,-416.959,-9.018,8.528,72.666,-0.4710,0.0091862,6781.508
2261,6782.417,57.83584097,18.82388536,29.480,-414.084,-9.027,9.382,74.244,-0.1621,0.0090763,6784.507
2262,6785.417,57.83584794,18.82393415,29.480,-411.186,-9.027,10.157,75.802,0.1686,0.0089509,6787.507
2263,6788.417,57.83585419,18.82398326,29.491,-408.268,-9.017,10.854,77.335,0.5153,0.0088112,6790.507
2264,6791.417,57.83585975,18.82403267,29.512,-405.333,-8.996,11.473,78.843,0.8743,0.0086588,6793.507
2265,6794.416,57.83586462,18.82408234,29.543,-402.382,-8.964,12.015,80.323,1.2425,0.0084953,6796.507
2266,6797.416,57.83586882,18.82413223,29.586,-399.419,-8.921,12.482,81.774,1.6170,0.0083223,6799.507
2267,6800.416,57.83587234,18.82418229,29.640,-396.445,-8.867,12.874,83.193,1.9948,0.0081414,6802.507
2268,6803.416,57.83587521,18.82423250,29.706,-393.462,-8.802,13.193,84.580,2.3720,0.0079545,6805.508
2269,6806.416,57.83587744,18.82428283,29.782,-390.473,-8.725,13.441,85.934,2.7444,0.0077633,6808.509
2270,6809.416,57.83587904,18.82433324,29.870,-387.478,-8.637,13.619,87.254,3.1071,0.0075691,6811.510
2271,6812.415,57.83588003,18.82438370,29.969,-384.480,-8.539,13.729,88.540,3.4544,0.0073728,6814.511
2272,6815.415,57.83588042,18.82443420,30.077,-381.481,-8.430,13.773,89.791,3.7804,0.0071759,6817.513
2273,6818.415,57.83588024,18.82448470,30.195,-378.481,-8.312,13.752,91.009,4.0786,0.0069795,6820.515
2274,6821.415,57.83587949,18.82453518,30.322,-375.482,-8.186,13.668,92.192,4.3428,0.0067846,6823.518
2275,6824.415,57.83587819,18.82458562,30.456,-372.486,-8.052,13.523,93.342,4.5672,0.0065919,6826.520
2276,6827.415,57.83587636,18.82463600,30.595,-369.493,-7.912,13.318,94.458,4.7471,0.0064020,6829.524
2277,6830.414,57.83587401,18.82468631,30.740,-366.505,-7.767,13.057,95.541,4.8795,0.0062158,6832.527
2278,6833.414,57.83587116,18.82473652,30.888,-363.522,-7.619,12.740,96.593,4.9632,0.0060338,6835.530
2279,6836.414,57.83586783,18.82478664,31.038,-360.545,-7.470,12.369,97.614,4.9992,0.0058563,6838.534
2280,6839.414,57.83586404,18.82483663,31.187,-357.575,-7.320,11.945,98.605,4.9900,0.0056834,6841.538
2281,6842.414,57.83585978,18.82488650,31.337,-354.613,-7.171,11.471,99.566,4.9398,0.0055156,6844.541
2282,6845.414,57.83585509,18.82493623,31.484,-351.659,-7.024,10.949,100.498,4.8532,0.0053528,6847.545
2283,6848.413,57.83584998,18.82498581,31.627,-348.714,-6.880,10.379,101.403,4.7354,0.0051954,6850.548
2284,6851.413,57.83584445,18.82503523,31.767,-345.778,-6.740,9.763,102.282,4.5914,0.0050432,6853.551
2285,6854.413,57.83583853,18.82508450,31.903,-342.851,-6.605,9.103,103.134,4.4259,0.0048964,6856.554
2286,6857.413,57.83583222,18.82513359,32.033,-339.935,-6.475,8.400,103.962,4.2435,0.0047550,6859.557
2287,6860.413,57.83582554,18.82518251,32.157,-337.029,-6.350,7.656,104.766,4.0491,0.0046189,6862.559
2288,6863.413,57.83581850,18.82523126,32.276,-334.134,-6.232,6.871,105.547,3.8477,0.0044880,6865.561
2289,6866.413,57.83581111,18.82527982,32.388,-331.249,-6.119,6.048,106.307,3.6452,0.0043599,6868.563
2290,6869.412,57.83580338,18.82532820,32.494,-328.375,-6.013,5.187,107.047,3.4475,0.0042268,6871.565
2291,6872.412,57.83579532,18.82537639,32.595,-325.513,-5.912,4.290,107.769,3.2610,0.0040781,6874.567
2292,6875.412,57.83578695,18.82542438,32.690,-322.661,-5.817,3.357,108.467,3.0920,0.0039042,6877.568
2293,6878.412,57.83577827,18.82547219,32.781,-319.822,-5.727,2.390,109.135,2.9458,0.0036982,6880.569
2294,6881.412,57.83576930,18.82551981,32.867,-316.993,-5.640,1.391,109.765,2.8270,0.0034578,6883.570
2295,6884.412,57.83576006,18.82556724,32.950,-314.175,-5.557,0.362,110.348,2.7385,0.0031852,6886.571
2296,6887.412,57.83575058,18.82561451,33.032,-311.368,-5.476,-0.695,110.877,2.6813,0.0028870,6889.572
2297,6890.412,57.83574088,18.82566162,33.111,-308.569,-5.396,-1.776,111.349,2.6550,0.0025723,6892.573
2298,6893.411,57.83573098,18.82570859,33.191,-305.779,-5.316,-2.878,111.764,2.6569,0.0022502,6895.574
2299,6896.411,57.83572091,18.82575543,33.271,-302.997,-5.236,-3.999,112.124,2.6831,0.0019260,6898.575
2300,6899.411,57.83571070,18.82580216,33.352,-300.221,-5.155,-5.137,112.427,2.7283,0.0016007,6901.576
2301,6902.411,57.83570037,18.82584880,33.435,-297.451,-5.073,-6.287,112.675,2.7866,0.0012744,6904.577
2302,6905.411,57.83568995,18.82589536,33.519,-294.685,-4.988,-7.449,112.866,2.8517,0.0009472,6907.578
2303,6908.411,57.83567945,18.82594187,33.606,-291.922,-4.901,-8.618,113.001,2.9179,0.0006193,6910.579
2304,6911.411,57.83566891,18.82598834,33.694,-289.161,-4.813,-9.792,113.079,2.9801,0.0002908,6913.581
2305,6914.411,57.83565835,18.82603480,33.785,-286.402,-4.723,-10.969,113.101,3.0345,-0.0000384,6916.582
2306,6917.411,57.83564779,18.82608125,33.877,-283.642,-4.631,-12.145,113.067,3.0786,-0.0003682,6919.583
2307,6920.410,57.83563725,18.82612773,33.969,-280.881,-4.538,-13.319,112.975,3.1114,-0.0006982,6922.584
2308,6923.410,57.83562677,18.82617425,34.063,-278.118,-4.444,-14.486,112.824,3.1329,-0.0010194,6925.586
2309,6926.410,57.83561636,18.82622083,34.157,-275.351,-4.350,-15.645,112.612,3.1441,-0.0013138,6928.587
2310,6929.410,57.83560606,18.82626749,34.252,-272.580,-4.256,-16.793,112.343,3.1464,-0.0015608,6931.588
2311,6932.410,57.83559588,18.82631425,34.346,-269.802,-4.161,-17.927,112.030,3.1415,-0.0017439,6934.590
2312,6935.410,57.83558586,18.82636112,34.440,-267.018,-4.067,-19.044,111.688,3.1310,-0.0018541,6937.591
2313,6938.410,57.83557599,18.82640811,34.534,-264.227,-3.973,-20.143,111.337,3.1165,-0.0018920,6940.593
2314,6941.410,57.83556627,18.82645520,34.627,-261.429,-3.880,-21.226,110.994,3.0998,-0.0018677,6943.594
2315,6944.410,57.83555670,18.82650241,34.720,-258.625,-3.787,-22.292,110.668,3.0825,-0.0017984,6946.595
2316,6947.409,57.83554726,18.82654970,34.812,-255.815,-3.695,-23.343,110.365,3.0666,-0.0017046,6949.596
2317,6950.409,57.83553795,18.82659709,34.904,-253.000,-3.603,-24.380,110.080,3.0539,-0.0016035,6952.598
2318,6953.409,57.83552876,18.82664457,34.995,-250.180,-3.512,-25.404,109.813,3.0465,-0.0015018,6955.599
2319,6956.409,57.83551969,18.82669211,35.087,-247.356,-3.421,-26.414,109.564,3.0463,-0.0013999,6958.600
2320,6959.409,57.83551073,18.82673973,35.178,-244.527,-3.329,-27.413,109.332,3.0549,-0.0012978,6961.602
2321,6962.409,57.83550186,18.82678742,35.270,-241.695,-3.237,-28.401,109.117,3.0732,-0.0011957,6964.603
2322,6965.409,57.83549308,18.82683516,35.363,-238.858,-3.145,-29.378,108.921,3.1014,-0.0010937,6967.604
2323,6968.409,57.83548439,18.82688296,35.456,-236.019,-3.051,-30.346,108.742,3.1393,-0.0009918,6970.606
2324,6971.409,57.83547578,18.82693081,35.551,-233.177,-2.956,-31.306,108.580,3.1860,-0.0008902,6973.607
2325,6974.408,57.83546723,18.82697870,35.647,-230.332,-2.860,-32.258,108.436,3.2402,-0.0007889,6976.608
2326,6977.408,57.83545874,18.82702663,35.746,-227.485,-2.762,-33.204,108.310,3.3005,-0.0006907,6979.610
2327,6980.408,57.83545031,18.82707459,35.845,-224.636,-2.662,-34.143,108.206,3.3653,-0.0006140,6982.611
2328,6983.408,57.83544192,18.82712257,35.947,-221.786,-2.560,-35.078,108.125,3.4333,-0.0005882,6985.613
2329,6986.408,57.83543356,18.82717058,36.051,-218.934,-2.456,-36.008,108.056,3.5029,-0.0006429,6988.615
2330,6989.408,57.83542524,18.82721861,36.158,-216.081,-2.350,-36.936,107.979,3.5723,-0.0008000,6991.617
2331,6992.408,57.83541694,18.82726666,36.266,-213.227,-2.242,-37.860,107.867,3.6391,-0.0010691,6994.618
2332,6995.408,57.83540871,18.82731474,36.376,-210.370,-2.132,-38.777,107.692,3.7004,-0.0014455,6997.620
2333,6998.408,57.83540057,18.82736288,36.488,-207.511,-2.020,-39.683,107.431,3.7527,-0.0019120,7000.622
2334,7001.407,57.83539258,18.82741111,36.601,-204.646,-1.907,-40.574,107.070,3.7916,-0.0024423,7003.624
2335,7004.407,57.83538478,18.82745944,36.715,-201.775,-1.792,-41.443,106.607,3.8122,-0.0030088,7006.626
2336,7007.407,57.83537720,18.82750790,36.829,-198.896,-1.678,-42.287,106.045,3.8094,-0.0035918,7009.628
2337,7010.407,57.83536991,18.82755651,36.943,-196.008,-1.564,-43.099,105.381,3.7781,-0.0041885,7012.630
2338,7013.407,57.83536293,18.82760529,37.056,-193.111,-1.452,-43.876,104.615,3.7139,-0.0048011,7015.632
2339,7016.407,57.83535633,18.82765425,37.166,-190.202,-1.342,-44.611,103.742,3.6135,-0.0054312,7018.634
2340,7019.407,57.83535016,18.82770340,37.272,-187.283,-1.235,-45.299,102.759,3.4751,-0.0060799,7021.636
2341,7022.406,57.83534446,18.82775276,37.374,-184.351,-1.133,-45.934,101.662,3.2990,-0.0067467,7024.638
2342,7025.406,57.83533929,18.82780232,37.470,-181.407,-1.037,-46.510,100.449,3.0882,-0.0074306,7027.639
2343,7028.406,57.83533471,18.82785208,37.559,-178.451,-0.948,-47.021,99.115,2.8477,-0.0081297,7030.640
2344,7031.406,57.83533077,18.82790204,37.641,-175.483,-0.866,-47.459,97.658,2.5852,-0.0088396,7033.641
2345,7034.406,57.83532755,18.82795217,37.714,-172.505,-0.793,-47.818,96.074,2.3098,-0.0095490,7036.642
2346,7037.405,57.83532509,18.82800246,37.779,-169.517,-0.728,-48.092,94.353,2.0316,-0.0102115,7039.642
2347,7040.405,57.83532346,18.82805286,37.836,-166.523,-0.671,-48.273,92.494,1.7604,-0.0107562,7042.642
2348,7043.405,57.83532273,18.82810334,37.885,-163.525,-0.622,-48.355,90.524,1.5046,-0.0111125,7045.643
2349,7046.405,57.83532294,18.82815384,37.926,-160.525,-0.581,-48.331,88.490,1.2704,-0.0112289,7048.643
2350,7049.404,57.83532415,18.82820429,37.961,-157.528,-0.546,-48.198,86.457,1.0617,-0.0110845,7051.643
2351,7052.404,57.83532630,18.82825462,37.990,-154.538,-0.517,-47.958,84.490,0.8794,-0.0106947,7054.642
2352,7055.404,57.83532934,18.82830480,38.014,-151.557,-0.493,-47.619,82.641,0.7222,-0.0101085,7057.642
2353,7058.404,57.83533320,18.82835477,38.034,-148.589,-0.474,-47.189,80.939,0.5866,-0.0093957,7060.642
2354,7061.403,57.83533781,18.82840452,38.049,-145.633,-0.458,-46.676,79.386,0.4685,-0.0086285,7063.642
2355,7064.403,57.83534311,18.82845404,38.062,-142.692,-0.445,-46.086,77.972,0.3633,-0.0078608,7066.642
2356,7067.403,57.83534902,18.82850330,38.071,-139.765,-0.436,-45.428,76.691,0.2670,-0.0071083,7069.642
2357,7070.403,57.83535549,18.82855232,38.078,-136.853,-0.429,-44.707,75.538,0.1770,-0.0063744,7072.641
2358,7073.403,57.83536246,18.82860111,38.082,-133.955,-0.425,-43.932,74.511,0.0920,-0.0056610,7075.641
2359,7076.403,57.83536986,18.82864966,38.084,-131.071,-0.423,-43.107,73.605,0.0120,-0.0049688,7078.641
2360,7079.403,57.83537764,18.82869800,38.083,-128.199,-0.424,-42.240,72.816,-0.0612,-0.0042967,7081.641
2361,7082.402,57.83538576,18.82874616,38.080,-125.339,-0.427,-41.337,72.140,-0.1251,-0.0036432,7084.641
2362,7085.402,57.83539415,18.82879414,38.076,-122.488,-0.432,-40.402,71.574,-0.1765,-0.0030062,7087.641
2363,7088.402,57.83540277,18.82884199,38.070,-119.646,-0.437,-39.442,71.115,-0.2122,-0.0023829,7090.641
2364,7091.402,57.83541157,18.82888972,38.063,-116.811,-0.444,-38.462,70.763,-0.2297,-0.0017757,7093.641
2365,7094.402,57.83542051,18.82893736,38.056,-113.980,-0.451,-37.467,70.520,-0.2270,-0.0012025,7096.640
2366,7097.402,57.83542953,18.82898494,38.050,-111.154,-0.458,-36.462,70.383,-0.2039,-0.0006885,7099.640
2367,7100.402,57.83543859,18.82903249,38.044,-108.329,-0.463,-35.453,70.339,-0.1613,-0.0002576,7102.640
2368,7103.402,57.83544766,18.82908005,38.040,-105.504,-0.467,-34.443,70.368,-0.1016,0.0000746,7105.640
2369,7106.401,57.83545668,18.82912763,38.038,-102.678,-0.469,-33.438,70.444,-0.0287,0.0003043,7108.640
2370,7109.401,57.83546567,18.82917523,38.038,-99.850,-0.469,-32.437,70.542,0.0529,0.0004405,7111.640
2371,7112.401,57.83547462,18.82922287,38.041,-97.020,-0.466,-31.441,70.642,0.1383,0.0005037,7114.640
2372,7115.401,57.83548352,18.82927052,38.047,-94.189,-0.461,-30.449,70.738,0.2225,0.0005212,7117.640
2373,7118.401,57.83549239,18.82931821,38.055,-91.356,-0.453,-29.462,70.828,0.3013,0.0005200,7120.640
2374,7121.401,57.83550122,18.82936592,38.065,-88.522,-0.443,-28.479,70.917,0.3715,0.0005164,7123.639
2375,7124.401,57.83551000,18.82941366,38.077,-85.686,-0.431,-27.500,71.006,0.4308,0.0005127,7126.639
2376,7127.401,57.83551875,18.82946142,38.091,-82.849,-0.417,-26.526,71.094,0.4784,0.0005089,7129.639
2377,7130.401,57.83552746,18.82950921,38.106,-80.010,-0.402,-25.556,71.181,0.5146,0.0005049,7132.639
2378,7133.400,57.83553613,18.82955702,38.121,-77.170,-0.386,-24.590,71.267,0.5404,0.0005008,7135.639
2379,7136.400,57.83554476,18.82960486,38.138,-74.328,-0.369,-23.629,71.353,0.5574,0.0004965,7138.639
2380,7139.400,57.83555335,18.82965272,38.155,-71.485,-0.353,-22.672,71.438,0.5675,0.0004922,7141.639
2381,7142.400,57.83556191,18.82970060,38.172,-68.640,-0.336,-21.719,71.522,0.5722,0.0004877,7144.639
2382,7145.400,57.83557043,18.82974851,38.189,-65.794,-0.318,-20.771,71.606,0.5732,0.0004830,7147.639
2383,7148.400,57.83557891,18.82979644,38.206,-62.947,-0.301,-19.826,71.688,0.5716,0.0004783,7150.639
2384,7151.400,57.83558735,18.82984440,38.223,-60.098,-0.284,-18.885,71.770,0.5682,0.0004734,7153.639
2385,7154.400,57.83559576,18.82989237,38.240,-57.248,-0.267,-17.949,71.851,0.5636,0.0004684,7156.639
2386,7157.400,57.83560414,18.82994037,38.257,-54.397,-0.250,-17.017,71.931,0.5583,0.0004632,7159.639
2387,7160.399,57.83561247,18.82998839,38.274,-51.545,-0.234,-16.088,72.011,0.5526,0.0004580,7162.639
2388,7163.399,57.83562077,18.83003643,38.290,-48.691,-0.217,-15.164,72.089,0.5466,0.0004526,7165.639
2389,7166.399,57.83562904,18.83008450,38.307,-45.836,-0.201,-14.243,72.166,0.5402,0.0004471,7168.638
2390,7169.399,57.83563727,18.83013258,38.323,-42.979,-0.185,-13.326,72.243,0.5334,0.0004416,7171.638
2391,7172.399,57.83564547,18.83018068,38.338,-40.122,-0.169,-12.413,72.318,0.5256,0.0004359,7174.638
2392,7175.399,57.83565363,18.83022881,38.354,-37.263,-0.153,-11.504,72.393,0.5166,0.0004301,7177.638
2393,7178.399,57.83566177,18.83027695,38.369,-34.403,-0.138,-10.598,72.466,0.5056,0.0004242,7180.638
2394,7181.399,57.83566986,18.83032512,38.384,-31.542,-0.123,-9.696,72.538,0.4925,0.0004182,7183.638
2395,7184.399,57.83567793,18.83037330,38.399,-28.680,-0.108,-8.798,72.610,0.4771,0.0004121,7186.638
2396,7187.398,57.83568597,18.83042150,38.413,-25.816,-0.094,-7.903,72.680,0.4597,0.0004059,7189.638
2397,7190.398,57.83569397,18.83046972,38.427,-22.952,-0.081,-7.012,72.749,0.4409,0.0003996,7192.638
2398,7193.398,57.83570194,18.83051796,38.440,-20.086,-0.068,-6.124,72.818,0.4219,0.0003932,7195.638
2399,7196.398,57.83570988,18.83056621,38.452,-17.220,-0.055,-5.239,72.885,0.4040,0.0003868,7198.638
2400,7199.398,57.83571780,18.83061448,38.464,-14.352,-0.044,-4.358,72.951,0.3887,0.0003803,7201.638
2401,7202.398,57.83572568,18.83066277,38.475,-11.484,-0.032,-3.480,73.015,0.3774,0.0003737,7204.638
2402,7205.398,57.83573353,18.83071108,38.486,-8.614,-0.021,-2.605,73.079,0.3710,0.0003671,7207.637
2403,7208.398,57.83574136,18.83075940,38.498,-5.744,-0.010,-1.734,73.142,0.3702,0.0003605,7210.637
2404,7211.398,57.83574916,18.83080774,38.509,-2.872,0.001,-0.865,73.203,0.3752,0.0003539,7213.637
2405,7214.397,57.83575693,18.83085609,38.520,0.000,0.013,0.000,73.263,0.3861,0.0003475,7216.637
