point_index,distance_m,latitude_deg,longitude_deg,elevation_m,x_m,y_m,z_m,heading_deg,grade_percent,curvature_per_m,distance_3d_m
0,0.000,57.83575693,18.83085609,38.507,0.000,0.000,0.000,73.263,0.3165,0.0003475,0.000
1,3.000,57.83576467,18.83090446,38.533,2.873,0.025,0.862,73.322,0.3441,0.0003412,3.000
2,6.000,57.83577239,18.83095284,38.524,5.747,0.016,1.722,73.380,0.4441,0.0003350,6.000
3,9.000,57.83578008,18.83100124,38.538,8.622,0.030,2.578,73.437,0.5223,0.0003290,9.000
4,12.000,57.83578774,18.83104965,38.569,11.498,0.062,3.432,73.493,0.5558,0.0003230,12.000
5,14.999,57.83579538,18.83109808,38.574,14.375,0.067,4.283,73.548,0.5198,0.0003172,15.000
6,17.999,57.83580300,18.83114652,38.608,17.252,0.101,5.131,73.602,0.5105,0.0003113,18.000
7,20.999,57.83581059,18.83119497,38.604,20.131,0.096,5.977,73.655,0.3813,0.0003055,21.000
8,23.999,57.83581816,18.83124344,38.618,23.010,0.111,6.820,73.707,0.3417,0.0002997,24.000
9,26.999,57.83582570,18.83129192,38.627,25.889,0.120,7.660,73.758,0.4571,0.0002940,27.000
10,29.999,57.83583322,18.83134041,38.649,28.770,0.142,8.498,73.809,0.5966,0.0002883,30.000
11,32.999,57.83584072,18.83138891,38.664,31.651,0.156,9.333,73.858,0.9168,0.0002826,32.999
12,35.999,57.83584820,18.83143743,38.693,34.533,0.185,10.166,73.906,1.1028,0.0002769,35.999
13,38.999,57.83585566,18.83148595,38.734,37.416,0.227,10.996,73.953,1.2812,0.0002713,39.000
14,41.998,57.83586309,18.83153449,38.772,40.299,0.265,11.825,73.999,1.3263,0.0002657,42.000
15,44.998,57.83587051,18.83158304,38.821,43.183,0.313,12.650,74.044,1.2012,0.0002601,45.000
16,47.998,57.83587790,18.83163160,38.845,46.068,0.337,13.474,74.088,0.9919,0.0002545,48.000
17,50.998,57.83588528,18.83168017,38.877,48.953,0.370,14.295,74.132,0.7764,0.0002490,51.000
18,53.998,57.83589263,18.83172876,38.893,51.839,0.385,15.114,74.174,0.5869,0.0002434,54.000
19,56.998,57.83589997,18.83177735,38.902,54.725,0.394,15.932,74.215,0.5484,0.0002379,57.000
20,59.998,57.83590728,18.83182595,38.930,57.612,0.423,16.747,74.256,0.6429,0.0002325,60.000
21,62.998,57.83591458,18.83187456,38.940,60.500,0.433,17.560,74.295,0.6241,0.0002270,63.000
22,65.998,57.83592186,18.83192318,38.958,63.388,0.451,18.371,74.334,0.6237,0.0002216,66.000
23,68.997,57.83592913,18.83197181,38.995,66.277,0.487,19.180,74.371,0.5828,0.0002162,69.000
24,71.997,57.83593638,18.83202045,39.005,69.166,0.498,19.987,74.408,0.5630,0.0002107,72.000
25,74.997,57.83594361,18.83206909,39.004,72.056,0.496,20.792,74.444,0.5489,0.0002054,75.000
26,77.997,57.83595082,18.83211775,39.031,74.946,0.523,21.596,74.479,0.5364,0.0002000,78.000
27,80.997,57.83595802,18.83216641,39.052,77.837,0.544,22.398,74.512,0.5233,0.0001946,81.000
28,83.997,57.83596521,18.83221508,39.070,80.728,0.563,23.198,74.545,0.5777,0.0001893,84.000
29,86.997,57.83597238,18.83226376,39.076,83.620,0.569,23.997,74.577,0.4892,0.0001840,87.000
30,89.997,57.83597953,18.83231245,39.099,86.512,0.592,24.794,74.609,0.3265,0.0001787,90.000
31,92.997,57.83598667,18.83236114,39.102,89.404,0.594,25.589,74.639,0.3501,0.0001733,92.999
32,95.996,57.83599380,18.83240984,39.120,92.297,0.612,26.383,74.668,0.4769,0.0001681,95.999
33,98.996,57.83600092,18.83245855,39.122,95.191,0.614,27.176,74.697,0.5376,0.0001628,98.999
34,101.996,57.83600802,18.83250726,39.139,98.084,0.632,27.967,74.724,0.5865,0.0001575,101.999
35,104.996,57.83601511,18.83255598,39.175,100.978,0.668,28.756,74.751,0.5435,0.0001522,104.999
36,107.996,57.83602219,18.83260471,39.191,103.873,0.684,29.545,74.776,0.5326,0.0001470,107.999
37,110.996,57.83602925,18.83265344,39.188,106.768,0.681,30.332,74.801,0.4586,0.0001417,110.999
38,113.996,57.83603631,18.83270218,39.209,109.663,0.702,31.118,74.825,0.4073,0.0001365,113.999
39,116.996,57.83604335,18.83275092,39.208,112.558,0.701,31.902,74.848,0.3182,0.0001312,116.999
40,119.996,57.83605039,18.83279967,39.245,115.454,0.738,32.686,74.870,0.3408,0.0001260,119.999
41,122.995,57.83605741,18.83284842,39.235,118.350,0.727,33.468,74.892,0.3365,0.0001208,122.999
42,125.995,57.83606443,18.83289718,39.256,121.246,0.748,34.250,74.912,0.2307,0.0001156,125.999
43,128.995,57.83607143,18.83294594,39.242,124.143,0.735,35.030,74.931,0.2450,0.0001103,128.999
44,131.995,57.83607843,18.83299471,39.269,127.040,0.761,35.810,74.950,0.2372,0.0001051,131.999
45,134.995,57.83608542,18.83304348,39.274,129.937,0.767,36.588,74.967,0.3916,0.0000999,134.999
46,137.995,57.83609240,18.83309225,39.274,132.834,0.767,37.366,74.984,0.3189,0.0000947,137.999
47,140.995,57.83609937,18.83314103,39.296,135.732,0.789,38.143,75.000,0.2351,0.0000895,140.999
48,143.995,57.83610634,18.83318981,39.299,138.630,0.792,38.919,75.015,0.1145,0.0000842,143.998
49,146.995,57.83611330,18.83323860,39.310,141.528,0.803,39.694,75.029,0.0930,0.0000790,146.998
50,149.994,57.83612026,18.83328739,39.290,144.426,0.783,40.469,75.042,0.0347,0.0000738,149.998
51,152.994,57.83612721,18.83333618,39.298,147.324,0.790,41.243,75.054,0.0729,0.0000686,152.998
52,155.994,57.83613415,18.83338497,39.313,150.222,0.806,42.016,75.066,0.2172,0.0000633,155.998
53,158.994,57.83614109,18.83343377,39.310,153.121,0.802,42.789,75.076,0.2422,0.0000581,158.998
54,161.994,57.83614802,18.83348257,39.319,156.020,0.812,43.561,75.086,0.2527,0.0000528,161.998
55,164.994,57.83615495,18.83353137,39.337,158.919,0.829,44.333,75.094,0.1612,0.0000476,164.998
56,167.994,57.83616188,18.83358017,39.335,161.818,0.827,45.104,75.102,0.1360,0.0000423,167.998
57,170.994,57.83616880,18.83362898,39.327,164.717,0.820,45.876,75.109,0.0877,0.0000371,170.998
58,173.994,57.83617572,18.83367778,39.341,167.616,0.834,46.646,75.115,0.0727,0.0000318,173.998
59,176.993,57.83618263,18.83372659,39.344,170.515,0.837,47.417,75.120,0.1199,0.0000265,176.998
60,179.993,57.83618955,18.83377540,39.346,173.415,0.839,48.187,75.124,0.2894,0.0000212,179.997
61,182.993,57.83619646,18.83382421,39.348,176.314,0.840,48.957,75.127,0.3218,0.0000159,182.997
62,185.993,57.83620337,18.83387302,39.371,179.213,0.864,49.727,75.129,0.3787,0.0000106,185.997
63,188.993,57.83621028,18.83392183,39.378,182.113,0.871,50.497,75.131,0.4535,0.0000052,188.997
64,191.993,57.83621720,18.83397064,39.403,185.012,0.895,51.267,75.131,0.5278,-0.0000001,191.997
65,194.993,57.83622411,18.83401945,39.399,187.912,0.892,52.037,75.131,0.5154,-0.0000055,194.997
66,197.993,57.83623102,18.83406826,39.430,190.811,0.923,52.806,75.129,0.5798,-0.0000109,197.997
67,200.993,57.83623793,18.83411707,39.441,193.710,0.934,53.576,75.127,0.6634,-0.0000163,200.997
68,203.992,57.83624484,18.83416588,39.469,196.610,0.962,54.346,75.124,0.7028,-0.0000217,203.997
69,206.992,57.83625176,18.83421469,39.479,199.509,0.971,55.117,75.119,0.7273,-0.0000271,206.997
70,209.992,57.83625867,18.83426349,39.516,202.408,1.009,55.887,75.114,0.6133,-0.0000326,209.997
71,212.992,57.83626559,18.83431230,39.522,205.308,1.015,56.658,75.108,0.5177,-0.0000383,212.997
72,215.992,57.83627252,18.83436111,39.544,208.207,1.036,57.429,75.102,0.4979,-0.0000476,215.997
73,218.992,57.83627944,18.83440991,39.554,211.106,1.047,58.201,75.097,0.5494,-0.0000664,218.997
74,221.992,57.83628637,18.83445871,39.564,214.005,1.056,58.973,75.089,0.6126,-0.0001009,221.997
75,224.992,57.83629330,18.83450751,39.582,216.903,1.075,59.745,75.077,0.6494,-0.0001560,224.997
76,227.992,57.83630024,18.83455631,39.624,219.802,1.117,60.518,75.053,0.6810,-0.0002338,227.997
77,230.991,57.83630720,18.83460510,39.632,222.700,1.125,61.292,75.013,0.6366,-0.0003334,230.997
78,233.991,57.83631417,18.83465387,39.649,225.598,1.141,62.069,74.951,0.4625,-0.0004511,233.997
79,236.991,57.83632118,18.83470263,39.651,228.494,1.144,62.850,74.865,0.3484,-0.0005806,236.997
80,239.991,57.83632824,18.83475137,39.685,231.389,1.177,63.636,74.753,0.3448,-0.0007152,239.997
81,242.991,57.83633535,18.83480008,39.673,234.283,1.166,64.428,74.618,0.4583,-0.0008494,242.997
82,245.991,57.83634253,18.83484876,39.686,237.174,1.179,65.228,74.460,0.4915,-0.0009809,245.996
83,248.991,57.83634978,18.83489739,39.718,240.063,1.210,66.036,74.279,0.5582,-0.0011093,248.997
84,251.991,57.83635712,18.83494598,39.732,242.949,1.224,66.854,74.076,0.6007,-0.0012341,251.996
85,254.990,57.83636456,18.83499452,39.748,245.832,1.240,67.683,73.852,0.5951,-0.0013547,254.996
86,257.990,57.83637210,18.83504300,39.762,248.712,1.255,68.523,73.607,0.5682,-0.0014709,257.996
87,260.990,57.83637976,18.83509141,39.785,251.588,1.277,69.376,73.343,0.5549,-0.0015823,260.996
88,263.990,57.83638755,18.83513976,39.799,254.460,1.292,70.243,73.060,0.6136,-0.0016885,263.996
89,266.990,57.83639546,18.83518803,39.807,257.327,1.300,71.125,72.759,0.6465,-0.0017893,266.996
90,269.990,57.83640351,18.83523622,39.851,260.190,1.344,72.022,72.441,0.7073,-0.0018843,269.996
91,272.990,57.83641171,18.83528433,39.851,263.047,1.344,72.935,72.112,0.7686,-0.0019908,272.996
92,275.990,57.83642006,18.83533234,39.881,265.899,1.373,73.865,71.788,0.6813,-0.0021835,275.996
93,278.990,57.83642857,18.83538026,39.904,268.746,1.396,74.813,71.465,0.5401,-0.0025704,278.996
94,281.989,57.83643725,18.83542807,39.925,271.586,1.418,75.780,71.105,0.5003,-0.0032639,281.996
95,284.989,57.83644609,18.83547577,39.935,274.419,1.427,76.765,70.634,0.5519,-0.0043624,284.996
96,287.989,57.83645514,18.83552333,39.928,277.244,1.420,77.774,69.954,0.5102,-0.0059421,287.996
97,290.989,57.83646456,18.83557064,39.961,280.055,1.454,78.823,68.958,0.5047,-0.0080559,290.996
98,293.989,57.83647452,18.83561756,39.991,282.842,1.484,79.932,67.544,0.4278,-0.0107411,293.996
99,296.989,57.83648522,18.83566391,39.991,285.595,1.484,81.124,65.617,0.3469,-0.0140210,296.996
100,299.988,57.83649686,18.83570944,39.999,288.299,1.492,82.421,63.076,0.2389,-0.0178923,299.995
101,302.988,57.83650970,18.83575383,39.997,290.936,1.489,83.851,59.752,0.1080,-0.0221795,302.995
102,305.987,57.83652401,18.83579660,40.001,293.477,1.494,85.445,55.465,0.2437,-0.0265151,305.994
103,308.986,57.83654009,18.83583710,40.018,295.882,1.510,87.236,50.173,0.2957,-0.0303673,308.993
104,311.984,57.83655822,18.83587441,40.025,298.098,1.518,89.255,44.042,0.2290,-0.0331030,311.991
105,314.982,57.83657859,18.83590739,40.028,300.058,1.521,91.524,37.437,0.0248,-0.0341806,314.989
106,317.980,57.83660097,18.83593546,40.044,301.725,1.536,94.016,30.837,-0.0338,-0.0334151,317.987
107,320.979,57.83662488,18.83595866,40.017,303.103,1.510,96.679,24.694,-0.0326,-0.0310843,320.986
108,323.978,57.83664990,18.83597732,40.021,304.211,1.513,99.466,19.307,0.0461,-0.0277566,323.985
109,326.977,57.83667567,18.83599196,40.014,305.080,1.507,102.336,14.769,0.1480,-0.0240354,326.984
110,329.976,57.83670193,18.83600312,40.057,305.743,1.549,105.262,11.013,0.2540,-0.0204159,329.984
111,332.976,57.83672850,18.83601135,40.044,306.231,1.536,108.221,7.928,0.3745,-0.0171742,332.983
112,335.975,57.83675526,18.83601714,40.052,306.575,1.545,111.201,5.398,0.3468,-0.0144166,335.983
113,338.975,57.83678212,18.83602094,40.065,306.801,1.558,114.192,3.301,0.4663,-0.0121615,338.983
114,341.975,57.83680903,18.83602311,40.079,306.929,1.572,117.189,1.526,0.4980,-0.0103622,341.982
115,344.975,57.83683596,18.83602382,40.099,306.971,1.592,120.189,359.985,0.6452,-0.0089350,344.982
116,347.974,57.83686289,18.83602322,40.116,306.935,1.609,123.188,358.618,0.4850,-0.0077785,347.982
117,350.974,57.83688981,18.83602146,40.142,306.831,1.635,126.186,357.397,0.3306,-0.0067919,350.982
118,353.974,57.83691670,18.83601869,40.131,306.666,1.624,129.182,356.320,0.1615,-0.0058910,353.982
119,356.974,57.83694357,18.83601503,40.146,306.448,1.639,132.174,355.393,0.1030,-0.0050282,356.982
120,359.974,57.83697040,18.83601063,40.131,306.186,1.624,135.162,354.611,-0.0011,-0.0041951,359.982
121,362.974,57.83699720,18.83600560,40.145,305.887,1.637,138.147,353.969,0.0365,-0.0033901,362.982
122,365.974,57.83702397,18.83600006,40.145,305.558,1.638,141.129,353.462,0.1070,-0.0026104,365.982
123,368.973,57.83705072,18.83599414,40.156,305.207,1.649,144.108,353.085,0.1927,-0.0018518,368.981
124,371.973,57.83707745,18.83598795,40.137,304.838,1.630,147.085,352.836,0.2096,-0.0011104,371.981
125,374.973,57.83710417,18.83598159,40.167,304.461,1.659,150.061,352.712,0.1111,-0.0003822,374.981
126,377.973,57.83713089,18.83597518,40.163,304.080,1.655,153.037,352.711,-0.0348,0.0003372,377.981
127,380.973,57.83715761,18.83596882,40.176,303.702,1.669,156.013,352.831,-0.0704,0.0010519,380.981
128,383.973,57.83718434,18.83596262,40.147,303.333,1.639,158.990,353.080,-0.1416,0.0017393,383.981
129,386.973,57.83721109,18.83595669,40.149,302.980,1.642,161.969,353.472,-0.1519,0.0023201,386.981
130,389.973,57.83723786,18.83595112,40.139,302.649,1.631,164.950,353.997,0.0666,0.0026915,389.981
131,392.972,57.83726466,18.83594604,40.169,302.347,1.661,167.935,354.606,0.2717,0.0027596,392.981
132,395.972,57.83729149,18.83594154,40.151,302.080,1.643,170.923,355.221,0.3574,0.0024620,395.981
133,398.972,57.83731834,18.83593764,40.179,301.848,1.672,173.914,355.746,0.2698,0.0017803,398.981
134,401.972,57.83734521,18.83593412,40.187,301.639,1.680,176.906,356.090,0.1219,0.0007427,401.981
135,404.972,57.83737209,18.83593077,40.189,301.439,1.682,179.900,356.184,-0.0426,-0.0005839,404.981
136,407.972,57.83739896,18.83592735,40.170,301.236,1.663,182.893,355.995,-0.0662,-0.0021109,407.981
137,410.972,57.83742582,18.83592363,40.177,301.015,1.670,185.884,355.517,-0.3001,-0.0037560,410.981
138,413.972,57.83745266,18.83591937,40.161,300.762,1.653,188.874,354.752,-0.2829,-0.0054781,413.981
139,416.971,57.83747946,18.83591431,40.165,300.461,1.658,191.858,353.686,-0.2505,-0.0072806,416.980
140,419.971,57.83750620,18.83590818,40.155,300.097,1.647,194.836,352.301,-0.1858,-0.0091636,419.980
141,422.971,57.83753283,18.83590070,40.125,299.652,1.618,197.803,350.579,-0.2815,-0.0111168,422.980
142,425.971,57.83755932,18.83589158,40.145,299.110,1.638,200.753,348.502,-0.2226,-0.0131161,425.980
143,428.970,57.83758560,18.83588051,40.132,298.452,1.625,203.680,346.058,-0.3193,-0.0151174,428.980
144,431.970,57.83761158,18.83586720,40.123,297.661,1.616,206.573,343.242,-0.3950,-0.0170581,431.979
145,434.970,57.83763716,18.83585137,40.093,296.721,1.586,209.421,340.067,-0.4943,-0.0188571,434.979
146,437.969,57.83766219,18.83583277,40.101,295.616,1.594,212.210,336.557,-0.5868,-0.0204142,437.978
147,440.968,57.83768655,18.83581121,40.061,294.335,1.553,214.922,332.758,-0.5150,-0.0216033,440.978
148,443.968,57.83771006,18.83578659,40.053,292.872,1.546,217.540,328.755,-0.5465,-0.0223245,443.977
149,446.967,57.83773257,18.83575890,40.043,291.227,1.536,220.048,324.665,-0.6050,-0.0225498,446.976
150,449.966,57.83775396,18.83572822,40.024,289.405,1.517,222.430,320.615,-0.6422,-0.0223454,449.976
151,452.965,57.83777414,18.83569477,40.002,287.418,1.494,224.677,316.704,-0.5757,-0.0218607,452.975
152,455.965,57.83779309,18.83565889,39.975,285.286,1.468,226.787,312.978,-0.6724,-0.0212969,455.975
153,458.964,57.83781081,18.83562087,39.960,283.028,1.453,228.760,309.428,-0.6433,-0.0208661,458.974
154,461.964,57.83782728,18.83558091,39.953,280.654,1.445,230.595,305.983,-0.6035,-0.0207559,461.973
155,464.963,57.83784244,18.83553918,39.928,278.175,1.420,232.283,302.545,-0.7059,-0.0211037,464.973
156,467.962,57.83785623,18.83549581,39.901,275.599,1.394,233.819,299.005,-0.5699,-0.0219807,467.973
157,470.962,57.83786852,18.83545088,39.892,272.930,1.384,235.188,295.232,-0.4698,-0.0232986,470.972
158,473.961,57.83787917,18.83540450,39.872,270.175,1.364,236.373,291.089,-0.2863,-0.0247910,473.971
159,476.960,57.83788797,18.83535678,39.853,267.341,1.346,237.353,286.516,-0.1545,-0.0260679,476.970
160,479.959,57.83789467,18.83530788,39.893,264.436,1.386,238.099,281.583,-0.1930,-0.0266891,479.970
161,482.958,57.83789895,18.83525804,39.854,261.475,1.346,238.576,276.501,-0.2900,-0.0262782,482.969
162,485.957,57.83790075,18.83520767,39.854,258.483,1.346,238.776,271.573,-0.4411,-0.0246520,485.968
163,488.956,57.83790031,18.83515718,39.828,255.484,1.320,238.728,267.117,-0.6235,-0.0218787,488.967
164,491.955,57.83789798,18.83510688,39.807,252.496,1.300,238.467,263.379,-0.8171,-0.0182241,491.966
165,494.955,57.83789412,18.83505690,39.791,249.527,1.284,238.038,260.482,-0.9538,-0.0140464,494.966
166,497.955,57.83788914,18.83500727,39.756,246.580,1.249,237.483,258.451,-1.1379,-0.0097702,497.966
167,500.954,57.83788341,18.83495793,39.726,243.648,1.218,236.844,257.258,-1.2238,-0.0057830,500.966
168,503.954,57.83787729,18.83490875,39.674,240.727,1.167,236.162,256.821,-1.1508,-0.0023592,503.966
169,506.954,57.83787110,18.83485959,39.633,237.807,1.125,235.473,256.988,-1.0862,0.0003184,506.966
170,509.954,57.83786518,18.83481033,39.628,234.881,1.121,234.813,257.559,-1.0120,0.0021742,509.966
171,512.954,57.83785963,18.83476091,39.585,231.946,1.078,234.195,258.330,-0.8274,0.0032396,512.966
172,515.954,57.83785442,18.83471136,39.581,229.002,1.074,233.615,259.129,-0.8004,0.0036459,515.966
173,518.954,57.83784954,18.83466169,39.526,226.052,1.019,233.070,259.850,-0.7016,0.0035921,518.967
174,521.953,57.83784494,18.83461193,39.514,223.096,1.007,232.558,260.465,-0.7250,0.0033000,521.966
175,524.953,57.83784061,18.83456208,39.518,220.136,1.011,232.075,261.000,-0.5688,0.0029480,524.966
176,527.953,57.83783651,18.83451217,39.470,217.171,0.963,231.619,261.475,-0.5734,0.0026005,527.967
177,530.953,57.83783261,18.83446220,39.487,214.202,0.980,231.185,261.891,-0.4782,0.0022585,530.967
178,533.953,57.83782890,18.83441218,39.435,211.231,0.928,230.771,262.248,-0.5495,0.0019217,533.967
179,536.953,57.83782534,18.83436212,39.450,208.258,0.943,230.375,262.548,-0.3721,0.0015895,536.967
180,539.953,57.83782191,18.83431202,39.422,205.282,0.915,229.992,262.792,-0.2174,0.0012615,539.967
181,542.953,57.83781858,18.83426191,39.427,202.305,0.920,229.621,262.979,-0.1173,0.0009371,542.967
182,545.953,57.83781532,18.83421178,39.419,199.328,0.911,229.258,263.112,0.1036,0.0006157,545.967
183,548.952,57.83781211,18.83416163,39.436,196.349,0.929,228.900,263.190,0.0495,0.0002965,548.967
184,551.952,57.83780892,18.83411148,39.421,193.370,0.913,228.545,263.212,0.1391,-0.0000185,551.966
185,554.952,57.83780574,18.83406134,39.441,190.391,0.934,228.190,263.177,-0.0094,-0.0003172,554.966
186,557.952,57.83780252,18.83401119,39.433,187.413,0.926,227.832,263.085,-0.0196,-0.0005820,557.966
187,560.952,57.83779925,18.83396106,39.423,184.435,0.915,227.468,262.943,-0.1804,-0.0007957,560.966
188,563.952,57.83779591,18.83391095,39.428,181.459,0.921,227.096,262.764,-0.2816,-0.0009465,563.966
189,566.952,57.83779247,18.83386086,39.406,178.483,0.899,226.712,262.566,-0.3790,-0.0010303,566.966
190,569.952,57.83778893,18.83381080,39.413,175.510,0.905,226.318,262.364,-0.4769,-0.0010516,569.966
191,572.952,57.83778530,18.83376075,39.372,172.537,0.865,225.914,262.171,-0.5111,-0.0010231,572.966
192,575.951,57.83778159,18.83371073,39.371,169.566,0.864,225.501,261.995,-0.4517,-0.0009624,575.966
193,578.951,57.83777781,18.83366073,39.360,166.596,0.853,225.079,261.835,-0.4225,-0.0008873,578.966
194,581.951,57.83777395,18.83361075,39.326,163.627,0.819,224.649,261.689,-0.5030,-0.0008100,581.966
195,584.951,57.83777002,18.83356078,39.341,160.659,0.834,224.212,261.557,-0.5616,-0.0007326,584.966
196,587.951,57.83776604,18.83351084,39.316,157.692,0.809,223.768,261.437,-0.7844,-0.0006551,587.966
197,590.951,57.83776201,18.83346090,39.272,154.726,0.764,223.319,261.331,-1.0460,-0.0005774,590.966
198,593.951,57.83775793,18.83341098,39.246,151.761,0.739,222.864,261.239,-1.2240,-0.0004996,593.966
199,596.951,57.83775381,18.83336107,39.213,148.796,0.705,222.405,261.160,-1.3807,-0.0004217,596.966
200,599.950,57.83774965,18.83331117,39.166,145.832,0.658,221.942,261.094,-1.3216,-0.0003436,599.966
201,602.950,57.83774547,18.83326128,39.111,142.869,0.604,221.476,261.041,-1.3593,-0.0002654,602.967
202,605.950,57.83774127,18.83321140,39.096,139.906,0.589,221.008,261.003,-1.2619,-0.0001872,605.967
203,608.950,57.83773705,18.83316152,39.046,136.943,0.539,220.538,260.977,-1.2820,-0.0001087,608.967
204,611.950,57.83773282,18.83311164,39.009,133.980,0.502,220.067,260.965,-1.2211,-0.0000302,611.967
205,614.950,57.83772859,18.83306177,38.969,131.017,0.462,219.596,260.967,-1.2688,0.0000485,614.967
206,617.950,57.83772437,18.83301189,38.951,128.055,0.444,219.126,260.982,-1.3744,0.0001273,617.967
207,620.950,57.83772015,18.83296201,38.874,125.092,0.367,218.656,261.010,-1.3021,0.0002063,620.968
208,623.950,57.83771596,18.83291212,38.870,122.128,0.362,218.188,261.052,-1.2699,0.0002853,623.968
209,626.949,57.83771178,18.83286223,38.812,119.165,0.304,217.723,261.108,-1.1075,0.0003646,626.969
210,629.949,57.83770763,18.83281233,38.778,116.201,0.271,217.261,261.178,-0.9066,0.0004439,629.969
211,632.949,57.83770352,18.83276242,38.763,113.236,0.256,216.803,261.261,-0.9435,0.0005235,632.969
212,635.949,57.83769945,18.83271249,38.735,110.271,0.227,216.350,261.358,-1.0761,0.0006031,635.969
213,638.949,57.83769543,18.83266256,38.713,107.304,0.206,215.902,261.468,-1.1216,0.0006829,638.969
214,641.949,57.83769146,18.83261260,38.668,104.337,0.160,215.460,261.592,-1.2056,0.0007629,641.969
215,644.949,57.83768756,18.83256263,38.598,101.369,0.091,215.025,261.730,-1.1137,0.0008429,644.969
216,647.949,57.83768372,18.83251265,38.602,98.400,0.094,214.597,261.882,-1.1481,0.0009231,647.969
217,650.949,57.83767995,18.83246264,38.553,95.429,0.046,214.178,262.047,-1.2064,0.0010034,650.970
218,653.948,57.83767627,18.83241261,38.539,92.458,0.032,213.767,262.227,-1.3471,0.0010838,653.970
219,656.948,57.83767267,18.83236256,38.490,89.485,-0.017,213.367,262.420,-1.6042,0.0011643,656.970
220,659.948,57.83766916,18.83231249,38.404,86.510,-0.103,212.976,262.627,-1.8517,0.0012448,659.971
221,662.948,57.83766576,18.83226239,38.374,83.534,-0.133,212.597,262.848,-1.7507,0.0013248,662.971
222,665.948,57.83766246,18.83221227,38.313,80.557,-0.195,212.229,263.085,-1.7729,0.0013972,665.971
223,668.948,57.83765927,18.83216212,38.267,77.578,-0.240,211.874,263.338,-1.5870,0.0014486,668.972
224,671.948,57.83765621,18.83211194,38.222,74.598,-0.285,211.533,263.605,-1.5455,0.0014648,671.972
225,674.948,57.83765327,18.83206174,38.178,71.616,-0.330,211.205,263.876,-1.7144,0.0014346,674.972
226,677.948,57.83765046,18.83201152,38.108,68.633,-0.399,210.892,264.138,-1.6411,0.0013525,677.973
227,680.947,57.83764777,18.83196127,38.079,65.648,-0.428,210.593,264.379,-1.8613,0.0012197,680.973
228,683.947,57.83764519,18.83191100,38.011,62.662,-0.496,210.305,264.587,-1.9338,0.0010443,683.974
229,686.947,57.83764269,18.83186071,37.947,59.675,-0.560,210.027,264.755,-2.0747,0.0008388,686.974
230,689.947,57.83764026,18.83181041,37.906,56.687,-0.601,209.756,264.882,-2.1111,0.0006179,689.974
231,692.947,57.83763788,18.83176011,37.802,53.699,-0.705,209.491,264.969,-2.1804,0.0003931,692.976
232,695.947,57.83763553,18.83170980,37.773,50.710,-0.735,209.229,265.017,-2.1000,0.0001686,695.976
233,698.947,57.83763319,18.83165949,37.687,47.722,-0.820,208.969,265.026,-1.9703,-0.0000555,698.977
234,701.947,57.83763085,18.83160917,37.646,44.733,-0.861,208.708,264.997,-2.0325,-0.0002790,701.977
235,704.947,57.83762849,18.83155886,37.574,41.745,-0.934,208.445,264.930,-1.9636,-0.0005019,704.978
236,707.946,57.83762609,18.83150856,37.521,38.757,-0.986,208.177,264.824,-2.1557,-0.0007240,707.978
237,710.946,57.83762362,18.83145827,37.469,35.770,-1.039,207.903,264.680,-2.1309,-0.0009451,710.979
238,713.946,57.83762109,18.83140799,37.366,32.783,-1.142,207.621,264.499,-2.2328,-0.0011650,713.980
239,716.946,57.83761845,18.83135773,37.338,29.798,-1.169,207.327,264.279,-2.0222,-0.0013837,716.980
240,719.946,57.83761571,18.83130749,37.251,26.813,-1.257,207.022,264.022,-1.9629,-0.0016008,719.982
241,722.946,57.83761284,18.83125728,37.208,23.831,-1.300,206.702,263.725,-1.8125,-0.0018086,722.982
242,725.946,57.83760982,18.83120709,37.150,20.850,-1.358,206.366,263.387,-1.7250,-0.0019863,725.982
243,728.946,57.83760664,18.83115694,37.119,17.871,-1.389,206.011,263.010,-1.9214,-0.0021084,728.982
244,731.946,57.83760328,18.83110684,37.032,14.894,-1.475,205.637,262.608,-1.7961,-0.0021535,731.983
245,734.945,57.83759972,18.83105678,36.993,11.921,-1.514,205.241,262.201,-1.8840,-0.0021090,734.984
246,737.945,57.83759596,18.83100677,36.928,8.950,-1.579,204.822,261.813,-1.9136,-0.0019739,737.984
247,740.945,57.83759204,18.83095680,36.862,5.982,-1.646,204.385,261.466,-1.9425,-0.0017592,740.985
248,743.945,57.83758797,18.83090688,36.840,3.017,-1.668,203.932,261.172,-1.8611,-0.0014854,743.985
249,746.945,57.83758377,18.83085699,36.751,0.053,-1.756,203.465,260.939,-1.9911,-0.0011778,746.986
250,749.945,57.83757949,18.83080713,36.690,-2.908,-1.817,202.988,260.765,-2.0308,-0.0008593,749.986
251,752.945,57.83757514,18.83075729,36.639,-5.869,-1.869,202.503,260.644,-2.1488,-0.0005407,752.987
252,755.945,57.83757074,18.83070747,36.580,-8.828,-1.927,202.013,260.579,-2.2486,-0.0002221,755.987
253,758.944,57.83756633,18.83065765,36.497,-11.788,-2.010,201.522,260.567,-2.2666,0.0000976,758.988
254,761.944,57.83756192,18.83060782,36.433,-14.747,-2.074,201.031,260.611,-2.4454,0.0004193,761.989
255,764.944,57.83755755,18.83055799,36.362,-17.707,-2.146,200.544,260.710,-2.4580,0.0007439,764.990
256,767.944,57.83755323,18.83050814,36.289,-20.668,-2.218,200.063,260.864,-2.1823,0.0010725,767.990
257,770.944,57.83754900,18.83045827,36.217,-23.631,-2.290,199.592,261.075,-1.8797,0.0014061,770.991
258,773.944,57.83754488,18.83040836,36.162,-26.596,-2.346,199.134,261.343,-1.7143,0.0017456,773.991
259,776.944,57.83754090,18.83035841,36.122,-29.563,-2.385,198.690,261.671,-1.6699,0.0020909,776.992
260,779.944,57.83753709,18.83030841,36.095,-32.532,-2.412,198.266,262.063,-1.6698,0.0024255,779.992
261,782.944,57.83753347,18.83025837,36.024,-35.505,-2.483,197.862,262.525,-1.8055,0.0027138,782.992
262,785.943,57.83753007,18.83020827,35.958,-38.481,-2.550,197.484,263.049,-1.9082,0.0029149,785.993
263,788.943,57.83752693,18.83015811,35.896,-41.460,-2.611,197.134,263.614,-1.9337,0.0029939,788.993
264,791.943,57.83752407,18.83010790,35.859,-44.443,-2.649,196.816,264.187,-1.8447,0.0029308,791.994
265,794.943,57.83752148,18.83005763,35.791,-47.429,-2.716,196.527,264.731,-1.7436,0.0027239,794.994
266,797.943,57.83751914,18.83000732,35.749,-50.418,-2.758,196.266,265.213,-1.7991,0.0023907,797.994
267,800.943,57.83751699,18.82995697,35.687,-53.408,-2.821,196.027,265.609,-1.9226,0.0019640,800.995
268,803.943,57.83751500,18.82990661,35.630,-56.400,-2.878,195.806,265.913,-2.0602,0.0014838,803.995
269,806.943,57.83751314,18.82985623,35.565,-59.392,-2.943,195.598,266.127,-2.1940,0.0009856,806.996
270,809.943,57.83751135,18.82980584,35.501,-62.386,-3.006,195.399,266.253,-2.3058,0.0004854,809.996
271,812.942,57.83750960,18.82975544,35.428,-65.379,-3.080,195.205,266.292,-2.3055,-0.0000130,812.997
272,815.942,57.83750785,18.82970504,35.357,-68.373,-3.151,195.010,266.245,-2.2943,-0.0005061,815.998
273,818.942,57.83750606,18.82965465,35.284,-71.366,-3.223,194.810,266.113,-2.1265,-0.0009908,818.999
274,821.942,57.83750419,18.82960427,35.235,-74.359,-3.273,194.602,265.897,-1.9949,-0.0014640,821.999
275,824.942,57.83750219,18.82955391,35.168,-77.350,-3.340,194.380,265.600,-1.9130,-0.0019227,825.000
276,827.942,57.83750004,18.82950357,35.115,-80.341,-3.393,194.140,265.225,-1.8372,-0.0023641,828.000
277,830.942,57.83749770,18.82945326,35.071,-83.329,-3.437,193.879,264.774,-1.8450,-0.0027854,831.000
278,833.942,57.83749512,18.82940298,34.998,-86.315,-3.509,193.592,264.248,-1.7883,-0.0031714,834.001
279,836.941,57.83749229,18.82935276,34.945,-89.299,-3.562,193.277,263.641,-1.8761,-0.0034648,837.001
280,839.941,57.83748917,18.82930260,34.901,-92.278,-3.607,192.929,262.962,-2.0597,-0.0035914,840.002
281,842.941,57.83748573,18.82925251,34.832,-95.253,-3.675,192.546,262.248,-2.0199,-0.0034860,843.002
282,845.941,57.83748194,18.82920251,34.782,-98.224,-3.725,192.124,261.559,-2.0279,-0.0031094,846.002
283,848.941,57.83747782,18.82915260,34.684,-101.188,-3.824,191.666,260.966,-2.1488,-0.0024564,849.004
284,851.941,57.83747346,18.82910277,34.641,-104.148,-3.867,191.180,260.534,-2.0411,-0.0015560,852.004
285,854.941,57.83746895,18.82905298,34.604,-107.106,-3.903,190.678,260.310,-2.0733,-0.0004628,855.004
286,857.941,57.83746441,18.82900320,34.509,-110.063,-3.999,190.172,260.314,-2.2208,0.0007567,858.006
287,860.940,57.83745993,18.82895340,34.448,-113.021,-4.059,189.673,260.543,-2.3579,0.0020444,861.006
288,863.940,57.83745560,18.82890355,34.400,-115.982,-4.107,189.191,260.990,-2.4427,0.0033778,864.006
289,866.940,57.83745153,18.82885363,34.286,-118.947,-4.221,188.738,261.661,-2.4158,0.0047795,867.008
290,869.940,57.83744783,18.82880361,34.229,-121.919,-4.279,188.326,262.570,-2.1947,0.0062799,870.009
291,872.940,57.83744461,18.82875347,34.170,-124.897,-4.338,187.967,263.737,-2.0439,0.0079089,873.009
292,875.940,57.83744200,18.82870320,34.121,-127.883,-4.386,187.677,265.189,-1.9691,0.0096962,876.009
293,878.940,57.83744014,18.82865282,34.032,-130.876,-4.475,187.470,266.957,-1.9862,0.0116661,879.011
294,881.939,57.83743920,18.82860235,34.000,-133.873,-4.507,187.365,269.080,-2.5718,0.0138318,882.010
295,884.939,57.83743933,18.82855186,33.916,-136.873,-4.592,187.380,271.603,-3.0196,0.0161881,885.011
296,887.938,57.83744075,18.82850143,33.798,-139.868,-4.709,187.538,274.570,-3.5061,0.0186999,888.013
297,890.938,57.83744366,18.82845123,33.697,-142.850,-4.811,187.862,278.031,-4.1449,0.0212609,891.014
298,893.937,57.83744829,18.82840149,33.537,-145.805,-4.970,188.377,282.027,-4.4356,0.0236566,894.018
299,896.936,57.83745484,18.82835251,33.439,-148.714,-5.069,189.107,286.527,-4.6071,0.0256220,897.019
300,899.935,57.83746350,18.82830471,33.272,-151.553,-5.236,190.073,291.410,-4.9424,0.0269117,900.022
301,902.934,57.83747442,18.82825856,33.099,-154.295,-5.408,191.288,296.482,-5.6378,0.0273743,903.026
302,905.933,57.83748755,18.82821448,32.992,-156.913,-5.516,192.750,301.525,-6.4306,0.0270124,906.027
303,908.932,57.83750265,18.82817269,32.740,-159.395,-5.767,194.433,306.347,-7.2008,0.0259793,909.036
304,911.931,57.83751949,18.82813329,32.523,-161.736,-5.985,196.309,310.830,-7.5430,0.0245250,912.043
305,914.930,57.83753785,18.82809634,32.259,-163.931,-6.249,198.353,314.942,-7.9140,0.0229157,915.054
306,917.930,57.83755750,18.82806182,32.039,-165.981,-6.468,200.542,318.726,-7.8099,0.0213657,918.062
307,920.929,57.83757828,18.82802971,31.832,-167.888,-6.676,202.857,322.240,-7.4719,0.0199852,921.068
308,923.929,57.83760005,18.82799996,31.609,-169.655,-6.898,205.281,325.526,-7.1526,0.0187941,924.076
309,926.928,57.83762265,18.82797252,31.373,-171.285,-7.134,207.799,328.622,-6.6105,0.0177922,927.085
310,929.928,57.83764600,18.82794735,31.204,-172.780,-7.303,210.399,331.563,-6.2364,0.0169724,930.089
311,932.927,57.83766999,18.82792441,30.992,-174.143,-7.515,213.071,334.379,-5.7911,0.0163229,933.096
312,935.927,57.83769455,18.82790366,30.879,-175.375,-7.628,215.806,337.100,-5.3286,0.0158343,936.098
313,938.926,57.83771959,18.82788509,30.714,-176.478,-7.794,218.596,339.752,-4.9288,0.0154950,939.102
314,941.926,57.83774507,18.82786870,30.547,-177.452,-7.960,221.433,342.359,-4.3807,0.0152979,942.106
315,944.926,57.83777091,18.82785448,30.425,-178.296,-8.083,224.311,344.946,-3.6006,0.0152365,945.108
316,947.925,57.83779707,18.82784247,30.332,-179.009,-8.175,227.225,347.535,-2.8410,0.0153081,948.109
317,950.925,57.83782349,18.82783269,30.266,-179.590,-8.241,230.168,350.149,-1.8396,0.0155046,951.110
318,953.925,57.83785013,18.82782520,30.238,-180.035,-8.269,233.134,352.811,-1.1741,0.0158171,954.109
319,956.924,57.83787692,18.82782006,30.193,-180.340,-8.314,236.118,355.542,-0.7234,0.0162371,957.109
320,959.924,57.83790382,18.82781735,30.175,-180.501,-8.332,239.113,358.358,-0.6312,0.0167579,960.109
321,962.923,57.83793075,18.82781718,30.167,-180.511,-8.341,242.113,1.273,-0.6731,0.0173781,963.109
322,965.923,57.83795765,18.82781963,30.149,-180.365,-8.359,245.109,4.303,-0.6811,0.0181031,966.108
323,968.922,57.83798444,18.82782480,30.135,-180.058,-8.372,248.093,7.464,-0.6001,0.0189394,969.108
324,971.922,57.83801103,18.82783279,30.082,-179.583,-8.425,251.054,10.779,-0.4163,0.0198965,972.108
325,974.921,57.83803732,18.82784371,30.096,-178.934,-8.411,253.983,14.275,0.1037,0.0209698,975.107
326,977.921,57.83806320,18.82785771,30.112,-178.103,-8.396,256.865,18.009,0.6268,0.0220540,978.107
327,980.920,57.83808852,18.82787489,30.133,-177.082,-8.374,259.685,22.019,1.2885,0.0229198,981.106
328,983.919,57.83811313,18.82789539,30.191,-175.864,-8.316,262.426,26.266,1.9634,0.0232878,984.106
329,986.918,57.83813685,18.82791929,30.263,-174.444,-8.244,265.067,30.615,2.3180,0.0229059,987.106
330,989.917,57.83815949,18.82794664,30.318,-172.820,-8.189,267.589,34.857,3.2265,0.0216343,990.105
331,992.917,57.83818098,18.82797705,30.457,-171.013,-8.051,269.983,38.755,4.3161,0.0194940,993.108
332,995.916,57.83820142,18.82800995,30.578,-169.059,-7.929,272.258,42.109,5.3856,0.0166526,996.110
333,998.916,57.83822092,18.82804477,30.725,-166.991,-7.782,274.431,44.797,6.3754,0.0133632,999.113
334,1001.916,57.83823967,18.82808102,31.002,-164.837,-7.505,276.519,46.794,7.1056,0.0099053,1002.125
335,1004.915,57.83825786,18.82811828,31.200,-162.624,-7.307,278.544,48.135,7.4138,0.0065640,1005.132
336,1007.915,57.83827567,18.82815616,31.407,-160.374,-7.101,280.528,48.870,7.3163,0.0035339,1008.139
337,1010.915,57.83829332,18.82819432,31.625,-158.107,-6.882,282.493,49.070,6.9401,0.0009247,1011.147
338,1013.915,57.83831097,18.82823245,31.837,-155.842,-6.670,284.460,48.839,6.4608,-0.0012045,1014.154
339,1016.915,57.83832881,18.82827029,32.021,-153.594,-6.487,286.446,48.291,6.1679,-0.0028523,1017.159
340,1019.915,57.83834689,18.82830773,32.172,-151.371,-6.335,288.460,47.541,5.4489,-0.0040703,1020.163
341,1022.915,57.83836524,18.82834470,32.367,-149.175,-6.140,290.504,46.672,4.7625,-0.0049565,1023.169
342,1025.914,57.83838389,18.82838114,32.489,-147.010,-6.018,292.581,45.728,4.2290,-0.0056371,1026.172
343,1028.914,57.83840286,18.82841699,32.599,-144.880,-5.908,294.693,44.710,3.8651,-0.0062384,1029.174
344,1031.914,57.83842219,18.82845217,32.692,-142.790,-5.815,296.845,43.596,3.5086,-0.0068500,1032.175
345,1034.914,57.83844189,18.82848661,32.817,-140.745,-5.690,299.040,42.375,3.3513,-0.0074951,1035.177
346,1037.914,57.83846199,18.82852021,32.923,-138.749,-5.584,301.279,41.041,3.6244,-0.0081767,1038.179
347,1040.914,57.83848253,18.82855289,33.027,-136.807,-5.481,303.566,39.586,3.8025,-0.0088975,1041.181
348,1043.913,57.83850352,18.82858454,33.121,-134.927,-5.387,305.903,38.004,3.8449,-0.0096582,1044.182
349,1046.913,57.83852498,18.82861505,33.257,-133.116,-5.251,308.294,36.286,3.7388,-0.0104575,1047.185
350,1049.913,57.83854695,18.82864428,33.383,-131.379,-5.124,310.740,34.425,3.5732,-0.0112928,1050.187
351,1052.913,57.83856942,18.82867210,33.468,-129.726,-5.039,313.244,32.414,3.0073,-0.0121580,1053.188
352,1055.912,57.83859243,18.82869838,33.539,-128.166,-4.968,315.805,30.247,2.1391,-0.0130428,1056.189
353,1058.912,57.83861596,18.82872294,33.602,-126.707,-4.905,318.426,27.919,1.0524,-0.0139284,1059.189
354,1061.912,57.83864002,18.82874563,33.629,-125.359,-4.879,321.106,25.419,0.1290,-0.0147615,1062.189
355,1064.911,57.83866460,18.82876627,33.601,-124.132,-4.906,323.844,22.753,-0.6413,-0.0154699,1065.188
356,1067.911,57.83868967,18.82878470,33.572,-123.037,-4.935,326.636,19.949,-1.2302,-0.0159865,1068.188
357,1070.910,57.83871521,18.82880076,33.523,-122.084,-4.984,329.480,17.058,-1.5545,-0.0162657,1071.188
358,1073.910,57.83874115,18.82881431,33.486,-121.279,-5.021,332.370,14.144,-1.5426,-0.0162956,1074.188
359,1076.910,57.83876743,18.82882536,33.442,-120.622,-5.065,335.296,11.267,-1.3674,-0.0161023,1077.188
360,1079.909,57.83879397,18.82883398,33.405,-120.110,-5.102,338.252,8.473,-1.0240,-0.0157431,1080.188
361,1082.909,57.83882070,18.82884023,33.370,-119.739,-5.137,341.229,5.783,-0.4981,-0.0152920,1083.187
362,1085.908,57.83884755,18.82884417,33.365,-119.505,-5.143,344.219,3.194,-0.0660,-0.0148200,1086.187
363,1088.908,57.83887446,18.82884587,33.368,-119.404,-5.139,347.217,0.689,0.2894,-0.0143762,1089.187
364,1091.908,57.83890140,18.82884540,33.400,-119.432,-5.108,350.216,358.259,0.4201,-0.0139726,1092.187
365,1094.907,57.83892829,18.82884282,33.409,-119.585,-5.098,353.212,355.897,0.2164,-0.0136126,1095.186
366,1097.907,57.83895511,18.82883818,33.400,-119.860,-5.108,356.199,353.593,-0.0544,-0.0132989,1098.186
367,1100.907,57.83898181,18.82883156,33.403,-120.253,-5.104,359.173,351.340,-0.1157,-0.0130321,1101.186
368,1103.906,57.83900836,18.82882299,33.390,-120.762,-5.118,362.129,349.130,-0.1460,-0.0128129,1104.185
369,1106.906,57.83903471,18.82881252,33.369,-121.384,-5.138,365.064,346.953,-0.0946,-0.0126419,1107.185
370,1109.906,57.83906082,18.82880019,33.395,-122.116,-5.112,367.973,344.803,-0.0569,-0.0125194,1110.185
371,1112.906,57.83908668,18.82878605,33.406,-122.956,-5.101,370.853,342.669,-0.0615,-0.0124457,1113.185
372,1115.905,57.83911224,18.82877011,33.376,-123.903,-5.131,373.699,340.539,0.0088,-0.0124054,1116.185
373,1118.905,57.83913746,18.82875241,33.374,-124.954,-5.133,376.508,338.394,-0.0428,-0.0123394,1119.184
374,1121.905,57.83916232,18.82873296,33.383,-126.109,-5.124,379.277,336.230,-0.0558,-0.0121645,1122.184
375,1124.904,57.83918677,18.82871178,33.385,-127.367,-5.122,382.000,334.074,0.0211,-0.0117993,1125.184
376,1127.904,57.83921078,18.82868889,33.391,-128.727,-5.116,384.674,331.978,0.0745,-0.0111846,1128.183
377,1130.904,57.83923432,18.82866436,33.375,-130.184,-5.132,387.296,330.011,-0.1128,-0.0102975,1131.183
378,1133.904,57.83925742,18.82863839,33.381,-131.726,-5.126,389.869,328.242,-0.2769,-0.0091549,1134.183
379,1136.903,57.83928012,18.82861120,33.365,-133.341,-5.143,392.397,326.724,-0.4611,-0.0078087,1137.183
380,1139.903,57.83930246,18.82858300,33.363,-135.016,-5.144,394.886,325.484,-0.5929,-0.0063314,1140.183
381,1142.903,57.83932452,18.82855402,33.326,-136.737,-5.181,397.343,324.522,-0.6413,-0.0047950,1143.183
382,1145.903,57.83934635,18.82852444,33.309,-138.494,-5.199,399.774,323.827,-0.6917,-0.0032424,1146.183
383,1148.903,57.83936803,18.82849446,33.282,-140.275,-5.225,402.188,323.398,-0.7137,-0.0016764,1149.183
384,1151.903,57.83938963,18.82846428,33.274,-142.068,-5.234,404.594,323.238,-0.8664,-0.0000915,1152.183
385,1154.903,57.83941121,18.82843407,33.251,-143.861,-5.257,406.998,323.350,-0.8457,0.0015194,1155.182
386,1157.903,57.83943287,18.82840405,33.217,-145.645,-5.291,409.410,323.738,-1.0310,0.0031648,1158.183
387,1160.902,57.83945468,18.82837440,33.175,-147.406,-5.332,411.839,324.411,-1.0770,0.0048502,1161.183
388,1163.902,57.83947670,18.82834533,33.142,-149.132,-5.365,414.292,325.377,-1.0344,0.0065788,1164.183
389,1166.902,57.83949903,18.82831708,33.140,-150.810,-5.367,416.779,326.648,-0.7444,0.0083460,1167.183
390,1169.902,57.83952172,18.82828987,33.084,-152.426,-5.423,419.306,328.232,-0.5375,0.0101404,1170.183
391,1172.902,57.83954484,18.82826397,33.090,-153.965,-5.417,421.881,330.144,-0.4037,0.0119164,1173.183
392,1175.901,57.83956844,18.82823964,33.080,-155.410,-5.427,424.510,332.401,-0.3654,0.0135597,1176.182
393,1178.901,57.83959257,18.82821718,33.085,-156.744,-5.423,427.197,334.988,-0.3158,0.0149233,1179.182
394,1181.901,57.83961723,18.82819687,33.053,-157.950,-5.454,429.943,337.837,-0.1843,0.0158739,1182.182
395,1184.900,57.83964242,18.82817901,33.054,-159.010,-5.453,432.749,340.836,-0.1007,0.0163280,1185.181
396,1187.900,57.83966809,18.82816377,33.052,-159.916,-5.455,435.609,343.854,0.1639,0.0162758,1188.181
397,1190.899,57.83969416,18.82815106,33.065,-160.670,-5.442,438.512,346.771,0.4941,0.0157840,1191.180
398,1193.899,57.83972052,18.82814075,33.087,-161.283,-5.421,441.448,349.503,0.7841,0.0149792,1194.180
399,1196.898,57.83974711,18.82813267,33.115,-161.763,-5.392,444.409,352.018,0.9100,0.0140124,1197.180
400,1199.898,57.83977385,18.82812668,33.138,-162.118,-5.370,447.388,354.329,1.1121,0.0130220,1200.180
401,1202.898,57.83980070,18.82812264,33.182,-162.358,-5.325,450.378,356.468,1.2116,0.0120870,1203.180
402,1205.898,57.83982761,18.82812041,33.207,-162.490,-5.300,453.375,358.451,1.2795,0.0112219,1206.180
403,1208.897,57.83985454,18.82811987,33.252,-162.523,-5.255,456.374,0.289,1.3146,0.0104265,1209.180
404,1211.897,57.83988147,18.82812088,33.302,-162.462,-5.206,459.373,1.998,1.2945,0.0096990,1212.180
405,1214.897,57.83990837,18.82812335,33.328,-162.316,-5.180,462.369,3.587,1.2172,0.0090364,1215.180
406,1217.897,57.83993523,18.82812716,33.366,-162.089,-5.142,465.361,5.069,1.1468,0.0084341,1218.180
407,1220.897,57.83996202,18.82813224,33.400,-161.787,-5.107,468.345,6.454,1.0641,0.0078876,1221.180
408,1223.896,57.83998875,18.82813849,33.429,-161.416,-5.078,471.322,7.751,0.9868,0.0073919,1224.180
409,1226.896,57.84001540,18.82814583,33.460,-160.980,-5.047,474.290,8.968,1.0067,0.0069423,1227.180
410,1229.896,57.84004196,18.82815420,33.487,-160.482,-5.020,477.248,10.113,0.9094,0.0065326,1230.180
411,1232.896,57.84006843,18.82816354,33.520,-159.928,-4.987,480.196,11.195,0.8579,0.0061497,1233.180
412,1235.896,57.84009481,18.82817379,33.536,-159.319,-4.971,483.134,12.219,0.9767,0.0057781,1236.180
413,1238.896,57.84012108,18.82818488,33.579,-158.660,-4.929,486.060,13.186,1.0045,0.0054005,1239.180
414,1241.895,57.84014726,18.82819679,33.590,-157.952,-4.917,488.976,14.093,1.0978,0.0050010,1242.180
415,1244.895,57.84017333,18.82820945,33.634,-157.200,-4.873,491.880,14.932,1.1142,0.0045675,1245.180
416,1247.895,57.84019931,18.82822280,33.686,-156.407,-4.822,494.773,15.694,1.0955,0.0040928,1248.180
417,1250.895,57.84022520,18.82823675,33.688,-155.578,-4.820,497.656,16.369,0.9094,0.0035759,1251.180
418,1253.895,57.84025100,18.82825124,33.732,-154.718,-4.775,500.530,16.948,0.7238,0.0030206,1254.180
419,1256.895,57.84027673,18.82826617,33.738,-153.831,-4.769,503.396,17.427,0.3302,0.0024347,1257.180
420,1259.895,57.84030240,18.82828146,33.752,-152.923,-4.755,506.255,17.801,0.0407,0.0018248,1260.180
421,1262.895,57.84032803,18.82829702,33.742,-151.998,-4.765,509.109,18.067,-0.2323,0.0011954,1263.180
422,1265.894,57.84035362,18.82831275,33.736,-151.064,-4.772,511.959,18.222,-0.6496,0.0005511,1266.180
423,1268.894,57.84037920,18.82832857,33.701,-150.124,-4.806,514.808,18.263,-0.8393,-0.0001032,1269.180
424,1271.894,57.84040479,18.82834438,33.686,-149.185,-4.822,517.657,18.190,-1.0241,-0.0007625,1272.180
425,1274.894,57.84043039,18.82836007,33.648,-148.253,-4.860,520.509,18.001,-1.1145,-0.0014219,1275.180
426,1277.894,57.84045602,18.82837556,33.606,-147.333,-4.901,523.364,17.698,-1.0961,-0.0020760,1278.180
427,1280.894,57.84048171,18.82839075,33.586,-146.431,-4.921,526.225,17.280,-0.9939,-0.0027195,1281.180
428,1283.894,57.84050747,18.82840553,33.548,-145.552,-4.959,529.093,16.749,-1.0778,-0.0033354,1284.180
429,1286.894,57.84053330,18.82841983,33.519,-144.703,-4.989,531.970,16.095,-0.9816,-0.0038653,1287.180
430,1289.893,57.84055922,18.82843354,33.503,-143.889,-5.004,534.858,15.327,-1.0161,-0.0042313,1290.180
431,1292.893,57.84058525,18.82844658,33.464,-143.114,-5.044,537.756,14.482,-0.9531,-0.0043635,1293.180
432,1295.893,57.84061137,18.82845887,33.418,-142.384,-5.089,540.666,13.619,-0.7049,-0.0042188,1296.180
433,1298.893,57.84063760,18.82847036,33.429,-141.701,-5.079,543.587,12.812,-0.5071,-0.0037905,1299.180
434,1301.893,57.84066391,18.82848120,33.393,-141.057,-5.115,546.517,12.129,-0.2042,-0.0031102,1302.180
435,1304.893,57.84069027,18.82849155,33.409,-140.442,-5.099,549.453,11.620,-0.0296,-0.0022402,1305.180
436,1307.893,57.84071667,18.82850157,33.410,-139.847,-5.097,552.393,11.307,-0.0120,-0.0012596,1308.180
437,1310.893,57.84074309,18.82851140,33.398,-139.263,-5.109,555.335,11.183,-0.1585,-0.0002443,1311.180
438,1313.892,57.84076951,18.82852121,33.409,-138.681,-5.098,558.278,11.233,-0.0720,0.0007607,1314.180
439,1316.892,57.84079592,18.82853113,33.383,-138.091,-5.124,561.220,11.452,-0.1764,0.0017538,1317.180
440,1319.892,57.84082230,18.82854131,33.391,-137.486,-5.117,564.158,11.839,-0.0624,0.0027412,1320.180
441,1322.892,57.84084864,18.82855190,33.380,-136.857,-5.128,567.091,12.394,0.0221,0.0037282,1323.180
442,1325.892,57.84087491,18.82856304,33.404,-136.196,-5.103,570.017,13.118,-0.0462,0.0047193,1326.180
443,1328.892,57.84090110,18.82857487,33.378,-135.493,-5.130,572.933,14.013,-0.1454,0.0057170,1329.180
444,1331.892,57.84092717,18.82858754,33.393,-134.740,-5.114,575.837,15.080,-0.2576,0.0067216,1332.180
445,1334.892,57.84095310,18.82860120,33.376,-133.929,-5.132,578.725,16.322,-0.2064,0.0077310,1335.180
446,1337.891,57.84097886,18.82861597,33.353,-133.051,-5.154,581.594,17.740,-0.1971,0.0087405,1338.179
447,1340.891,57.84100440,18.82863201,33.356,-132.099,-5.151,584.438,19.326,-0.0202,0.0097744,1341.179
448,1343.891,57.84102968,18.82864945,33.373,-131.063,-5.134,587.254,21.041,-0.0943,0.0109969,1344.179
449,1346.891,57.84105464,18.82866842,33.369,-129.936,-5.138,590.034,22.868,-0.0137,0.0127219,1347.179
450,1349.890,57.84107923,18.82868903,33.357,-128.712,-5.151,592.772,24.859,0.0284,0.0154152,1350.179
451,1352.890,57.84110338,18.82871139,33.368,-127.384,-5.140,595.462,27.185,0.1437,0.0196664,1353.178
452,1355.890,57.84112698,18.82873570,33.349,-125.939,-5.158,598.091,30.260,0.3225,0.0258831,1356.178
453,1358.889,57.84114976,18.82876265,33.388,-124.339,-5.120,600.627,34.833,0.5268,0.0339380,1359.177
454,1361.887,57.84117120,18.82879319,33.407,-122.525,-5.100,603.015,41.626,0.6557,0.0434997,1362.176
455,1364.884,57.84119041,18.82882852,33.427,-120.426,-5.080,605.155,51.048,0.6180,0.0538711,1365.173
456,1367.878,57.84120579,18.82886986,33.431,-117.971,-5.076,606.868,62.967,0.5658,0.0630122,1368.167
457,1370.870,57.84121532,18.82891695,33.452,-115.174,-5.055,607.929,76.521,0.4462,0.0673536,1371.158
458,1373.861,57.84121812,18.82896704,33.470,-112.199,-5.037,608.241,90.236,0.4112,0.0646631,1374.150
459,1376.855,57.84121441,18.82901696,33.468,-109.234,-5.039,607.828,102.608,0.2341,0.0566919,1377.143
460,1379.851,57.84120549,18.82906455,33.487,-106.408,-5.021,606.834,112.728,0.1317,0.0469548,1380.140
461,1382.849,57.84119301,18.82910927,33.492,-103.751,-5.015,605.444,120.397,0.0516,0.0375724,1383.138
462,1385.848,57.84117813,18.82915136,33.478,-101.252,-5.030,603.787,125.911,0.0725,0.0292320,1386.137
463,1388.847,57.84116160,18.82919123,33.475,-98.884,-5.033,601.946,129.786,0.1772,0.0222223,1389.136
464,1391.847,57.84114390,18.82922929,33.500,-96.623,-5.007,599.974,132.583,0.2014,0.0167001,1392.136
465,1394.847,57.84112533,18.82926588,33.503,-94.450,-5.005,597.907,134.694,0.2351,0.0125403,1395.136
466,1397.846,57.84110613,18.82930130,33.509,-92.346,-4.999,595.768,136.303,0.1764,0.0093672,1398.135
467,1400.846,57.84108646,18.82933580,33.519,-90.297,-4.989,593.577,137.519,0.1034,0.0068394,1401.135
468,1403.846,57.84106647,18.82936964,33.506,-88.287,-5.001,591.350,138.409,0.0175,0.0046975,1404.135
469,1406.846,57.84104624,18.82940300,33.510,-86.306,-4.997,589.098,139.009,0.0363,0.0027544,1407.135
470,1409.846,57.84102587,18.82943603,33.515,-84.344,-4.992,586.828,139.326,0.0490,0.0008828,1410.135
471,1412.846,57.84100543,18.82946893,33.526,-82.390,-4.981,584.552,139.344,0.0716,-0.0009901,1413.135
472,1415.846,57.84098502,18.82950190,33.512,-80.432,-4.995,582.279,139.030,0.0810,-0.0028817,1416.135
473,1418.845,57.84096477,18.82953519,33.522,-78.455,-4.985,580.023,138.341,0.1129,-0.0047021,1419.135
474,1421.845,57.84094478,18.82956905,33.528,-76.444,-4.979,577.797,137.253,0.1807,-0.0062103,1422.134
475,1424.845,57.84092518,18.82960369,33.528,-74.387,-4.979,575.614,135.830,0.2393,-0.0071337,1425.134
476,1427.845,57.84090608,18.82963929,33.537,-72.272,-4.971,573.486,134.231,0.2448,-0.0072731,1428.134
477,1430.845,57.84088756,18.82967597,33.556,-70.093,-4.951,571.424,132.669,0.1209,-0.0065504,1431.134
478,1433.844,57.84086961,18.82971363,33.550,-67.856,-4.957,569.425,131.362,0.0832,-0.0050162,1434.134
479,1436.844,57.84085204,18.82975191,33.551,-65.583,-4.956,567.468,130.485,0.1123,-0.0028228,1437.134
480,1439.844,57.84083465,18.82979047,33.550,-63.293,-4.958,565.531,130.134,0.1364,-0.0001707,1440.133
481,1442.844,57.84081726,18.82982904,33.553,-61.002,-4.954,563.594,130.328,0.1973,0.0027455,1443.133
482,1445.844,57.84079970,18.82986735,33.570,-58.726,-4.937,561.639,131.036,0.3044,0.0057905,1446.133
483,1448.844,57.84078181,18.82990511,33.581,-56.484,-4.926,559.646,132.270,0.1783,0.0088571,1449.133
484,1451.844,57.84076342,18.82994200,33.577,-54.293,-4.931,557.598,134.089,0.0006,0.0118209,1452.133
485,1454.843,57.84074434,18.82997765,33.578,-52.175,-4.929,555.473,136.507,-0.1716,0.0144873,1455.133
486,1457.843,57.84072441,18.83001162,33.576,-50.158,-4.932,553.253,139.455,-0.3053,0.0166389,1458.132
487,1460.842,57.84070347,18.83004336,33.546,-48.273,-4.961,550.920,142.785,-0.3459,0.0180899,1461.132
488,1463.842,57.84068150,18.83007257,33.549,-46.538,-4.959,548.474,146.300,-0.3243,0.0187455,1464.131
489,1466.841,57.84065862,18.83009920,33.544,-44.956,-4.964,545.925,149.802,-0.2787,0.0186345,1467.130
490,1469.841,57.84063494,18.83012326,33.530,-43.527,-4.977,543.288,153.135,-0.1750,0.0179034,1470.130
491,1472.840,57.84061058,18.83014481,33.525,-42.247,-4.982,540.575,156.221,-0.1413,0.0167628,1473.129
492,1475.840,57.84058567,18.83016400,33.525,-41.107,-4.982,537.801,159.047,-0.1013,0.0154147,1476.129
493,1478.839,57.84056030,18.83018096,33.524,-40.100,-4.983,534.975,161.608,0.0071,0.0139684,1479.129
494,1481.839,57.84053458,18.83019591,33.524,-39.212,-4.984,532.110,163.898,0.1029,0.0124745,1482.128
495,1484.839,57.84050857,18.83020903,33.520,-38.433,-4.987,529.213,165.915,0.1297,0.0109712,1485.128
496,1487.838,57.84048234,18.83022055,33.541,-37.749,-4.967,526.292,167.664,0.2308,0.0094881,1488.128
497,1490.838,57.84045595,18.83023067,33.537,-37.147,-4.970,523.354,169.156,0.2496,0.0080432,1491.128
498,1493.838,57.84042945,18.83023962,33.547,-36.616,-4.960,520.401,170.400,0.2614,0.0066470,1494.128
499,1496.838,57.84040285,18.83024759,33.551,-36.143,-4.956,517.439,171.408,0.1345,0.0053016,1497.127
500,1499.838,57.84037619,18.83025478,33.567,-35.716,-4.940,514.470,172.191,0.0260,0.0040051,1500.127
501,1502.838,57.84034948,18.83026138,33.552,-35.323,-4.956,511.495,172.756,-0.0767,0.0027583,1503.127
502,1505.838,57.84032275,18.83026758,33.559,-34.955,-4.948,508.518,173.100,-0.1622,0.0015928,1506.127
503,1508.837,57.84029601,18.83027355,33.538,-34.600,-4.969,505.539,173.231,-0.1192,0.0005588,1509.127
504,1511.837,57.84026926,18.83027948,33.549,-34.248,-4.959,502.560,173.173,-0.0066,-0.0002944,1512.127
505,1514.837,57.84024252,18.83028554,33.537,-33.888,-4.971,499.582,172.972,0.0398,-0.0009331,1515.127
506,1517.837,57.84021580,18.83029187,33.552,-33.513,-4.955,496.606,172.680,0.0341,-0.0013474,1518.127
507,1520.837,57.84018909,18.83029849,33.556,-33.120,-4.951,493.632,172.355,0.0866,-0.0015545,1521.127
508,1523.837,57.84016241,18.83030537,33.553,-32.711,-4.955,490.660,172.036,-0.0210,-0.0015962,1524.127
509,1526.837,57.84013574,18.83031250,33.536,-32.287,-4.971,487.690,171.749,-0.0459,-0.0015300,1527.127
510,1529.837,57.84010910,18.83031987,33.554,-31.850,-4.953,484.722,171.493,-0.0819,-0.0014154,1530.127
511,1532.837,57.84008247,18.83032744,33.551,-31.400,-4.956,481.756,171.260,-0.0685,-0.0012933,1533.126
512,1535.836,57.84005585,18.83033521,33.536,-30.939,-4.972,478.792,171.048,-0.0817,-0.0011713,1536.126
513,1538.836,57.84002925,18.83034315,33.544,-30.467,-4.963,475.830,170.857,-0.0364,-0.0010494,1539.126
514,1541.836,57.84000267,18.83035125,33.542,-29.986,-4.965,472.868,170.687,0.0303,-0.0009272,1542.126
515,1544.836,57.83997609,18.83035949,33.534,-29.496,-4.973,469.909,170.538,0.1019,-0.0008047,1545.126
516,1547.836,57.83994953,18.83036785,33.544,-29.000,-4.964,466.950,170.410,0.1401,-0.0006815,1548.126
517,1550.836,57.83992297,18.83037632,33.560,-28.497,-4.947,463.993,170.303,0.0568,-0.0005575,1551.126
518,1553.836,57.83989643,18.83038486,33.556,-27.989,-4.952,461.036,170.218,0.0190,-0.0004325,1554.126
519,1556.836,57.83986989,18.83039347,33.542,-27.478,-4.965,458.080,170.154,0.0621,-0.0003063,1557.126
520,1559.836,57.83984335,18.83040213,33.556,-26.964,-4.951,455.125,170.113,0.0087,-0.0001818,1560.126
521,1562.835,57.83981682,18.83041081,33.543,-26.448,-4.964,452.169,170.096,-0.0005,-0.0000705,1563.126
522,1565.835,57.83979028,18.83041951,33.555,-25.932,-4.952,449.214,170.104,-0.0488,0.0000122,1566.125
523,1568.835,57.83976375,18.83042819,33.566,-25.416,-4.941,446.259,170.130,-0.2119,0.0000520,1569.125
524,1571.835,57.83973721,18.83043683,33.534,-24.903,-4.974,443.303,170.162,-0.3300,0.0000391,1572.125
525,1574.835,57.83971067,18.83044544,33.531,-24.391,-4.977,440.348,170.186,-0.3207,-0.0000292,1575.125
526,1577.835,57.83968413,18.83045404,33.515,-23.881,-4.992,437.391,170.189,-0.2877,-0.0001483,1578.125
527,1580.835,57.83965759,18.83046265,33.510,-23.369,-4.997,434.435,170.161,-0.1266,-0.0003072,1581.125
528,1583.835,57.83963105,18.83047131,33.519,-22.855,-4.989,431.480,170.096,0.0148,-0.0004905,1584.125
529,1586.835,57.83960452,18.83048004,33.515,-22.337,-4.992,428.525,169.995,0.0248,-0.0006831,1587.125
530,1589.834,57.83957800,18.83048887,33.518,-21.812,-4.989,425.571,169.860,0.0795,-0.0008754,1590.125
531,1592.834,57.83955149,18.83049783,33.520,-21.280,-4.987,422.619,169.693,0.1773,-0.0010653,1593.125
532,1595.834,57.83952500,18.83050695,33.525,-20.738,-4.982,419.669,169.492,0.3875,-0.0012517,1596.125
533,1598.834,57.83949853,18.83051626,33.541,-20.185,-4.967,416.720,169.259,0.6815,-0.0014336,1599.124
534,1601.834,57.83947208,18.83052578,33.563,-19.619,-4.944,413.774,168.995,0.9590,-0.0016098,1602.124
535,1604.834,57.83944565,18.83053555,33.605,-19.039,-4.902,410.831,168.701,1.3367,-0.0017795,1605.125
536,1607.834,57.83941925,18.83054558,33.645,-18.443,-4.862,407.891,168.379,1.5279,-0.0019418,1608.125
537,1610.834,57.83939288,18.83055591,33.690,-17.830,-4.817,404.954,168.028,1.6329,-0.0020958,1611.125
538,1613.833,57.83936655,18.83056654,33.745,-17.199,-4.763,402.022,167.652,1.6775,-0.0022417,1614.125
539,1616.833,57.83934026,18.83057751,33.810,-16.547,-4.697,399.093,167.255,1.7695,-0.0023900,1617.126
540,1619.833,57.83931401,18.83058884,33.835,-15.874,-4.672,396.170,166.840,1.8334,-0.0025613,1620.126
541,1622.833,57.83928781,18.83060054,33.903,-15.179,-4.604,393.251,166.403,1.8558,-0.0027783,1623.127
542,1625.833,57.83926166,18.83061262,33.963,-14.462,-4.544,390.339,165.932,2.0830,-0.0030608,1626.127
543,1628.833,57.83923556,18.83062511,34.035,-13.720,-4.473,387.432,165.410,2.2538,-0.0034212,1629.128
544,1631.833,57.83920953,18.83063807,34.085,-12.950,-4.423,384.533,164.816,2.2926,-0.0038634,1632.128
545,1634.833,57.83918357,18.83065158,34.162,-12.148,-4.346,381.642,164.134,2.1959,-0.0043823,1635.129
546,1637.832,57.83915771,18.83066571,34.258,-11.309,-4.250,378.762,163.348,2.3313,-0.0049665,1638.130
547,1640.832,57.83913197,18.83068055,34.292,-10.427,-4.216,375.895,162.454,2.3501,-0.0056030,1641.130
548,1643.832,57.83910636,18.83069619,34.359,-9.498,-4.148,373.042,161.447,2.4416,-0.0062826,1644.131
549,1646.832,57.83908091,18.83071272,34.451,-8.516,-4.056,370.208,160.323,2.5674,-0.0070076,1647.132
550,1649.832,57.83905564,18.83073024,34.545,-7.475,-3.963,367.394,159.071,2.7812,-0.0077862,1650.134
551,1652.832,57.83903060,18.83074884,34.599,-6.371,-3.908,364.605,157.683,3.0313,-0.0086255,1653.134
552,1655.831,57.83900582,18.83076863,34.707,-5.195,-3.800,361.845,156.146,2.9708,-0.0095324,1656.136
553,1658.831,57.83898135,18.83078973,34.802,-3.942,-3.706,359.120,154.448,2.9747,-0.0105121,1659.137
554,1661.831,57.83895724,18.83081224,34.886,-2.605,-3.621,356.434,152.574,3.0442,-0.0115675,1662.138
555,1664.831,57.83893356,18.83083629,34.981,-1.176,-3.526,353.797,150.510,3.0797,-0.0126970,1665.139
556,1667.830,57.83891038,18.83086200,35.057,0.351,-3.451,351.215,148.241,2.9614,-0.0138943,1668.140
557,1670.830,57.83888778,18.83088948,35.159,1.983,-3.348,348.698,145.749,2.8964,-0.0151341,1671.141
558,1673.830,57.83886587,18.83091886,35.247,3.728,-3.260,346.259,143.007,2.7214,-0.0163274,1674.142
559,1676.829,57.83884477,18.83095024,35.329,5.592,-3.178,343.908,140.014,2.5948,-0.0173463,1677.143
560,1679.829,57.83882459,18.83098368,35.399,7.579,-3.108,341.661,136.808,2.6968,-0.0180576,1680.143
561,1682.828,57.83880548,18.83101926,35.468,9.692,-3.039,339.532,133.474,2.7391,-0.0183594,1683.143
562,1685.828,57.83878755,18.83105694,35.550,11.930,-2.957,337.535,130.123,2.7671,-0.0182065,1686.144
563,1688.827,57.83877082,18.83109651,35.657,14.281,-2.850,335.672,126.869,2.8816,-0.0176255,1689.145
564,1691.827,57.83875528,18.83113775,35.756,16.730,-2.751,333.941,123.803,2.8736,-0.0167034,1692.146
565,1694.826,57.83874087,18.83118042,35.807,19.264,-2.700,332.336,120.974,2.8250,-0.0155657,1695.146
566,1697.826,57.83872755,18.83122430,35.884,21.871,-2.623,330.852,118.390,2.5603,-0.0143409,1698.147
567,1700.826,57.83871524,18.83126923,35.993,24.540,-2.514,329.482,116.033,2.4586,-0.0131217,1701.149
568,1703.825,57.83870389,18.83131502,36.047,27.260,-2.460,328.217,113.891,2.2845,-0.0119413,1704.149
569,1706.825,57.83869340,18.83136154,36.124,30.023,-2.383,327.050,111.952,2.0406,-0.0108148,1707.150
570,1709.825,57.83868373,18.83140867,36.159,32.822,-2.348,325.972,110.205,1.8899,-0.0097493,1710.150
571,1712.825,57.83867478,18.83145630,36.246,35.652,-2.261,324.975,108.637,1.9258,-0.0087473,1713.151
572,1715.824,57.83866649,18.83150435,36.267,38.506,-2.240,324.052,107.235,2.1978,-0.0078070,1716.150
573,1718.824,57.83865879,18.83155275,36.349,41.381,-2.159,323.195,105.988,2.3005,-0.0069248,1719.151
574,1721.824,57.83865163,18.83160144,36.449,44.272,-2.058,322.397,104.886,2.5830,-0.0060939,1722.153
575,1724.824,57.83864493,18.83165036,36.507,47.178,-2.001,321.651,103.920,2.6679,-0.0053070,1725.153
576,1727.824,57.83863865,18.83169946,36.592,50.095,-1.915,320.951,103.084,2.8868,-0.0045567,1728.154
577,1730.824,57.83863271,18.83174873,36.662,53.021,-1.845,320.291,102.373,2.8419,-0.0038386,1731.155
578,1733.823,57.83862708,18.83179812,36.776,55.955,-1.731,319.664,101.782,2.7555,-0.0031506,1734.157
579,1736.823,57.83862170,18.83184760,36.839,58.894,-1.668,319.064,101.308,2.6802,-0.0024912,1737.158
580,1739.823,57.83861650,18.83189716,36.937,61.838,-1.570,318.485,100.944,2.3665,-0.0018575,1740.159
581,1742.823,57.83861145,18.83194677,36.988,64.785,-1.520,317.923,100.685,2.0713,-0.0012448,1743.159
582,1745.823,57.83860650,18.83199641,37.034,67.733,-1.473,317.371,100.527,1.8443,-0.0006471,1746.160
583,1748.823,57.83860159,18.83204607,37.109,70.683,-1.399,316.824,100.468,1.6944,-0.0000570,1749.161
584,1751.823,57.83859669,18.83209573,37.146,73.633,-1.361,316.279,100.506,1.6864,0.0005334,1752.161
585,1754.823,57.83859175,18.83214538,37.202,76.582,-1.305,315.729,100.644,1.9283,0.0011309,1755.161
586,1757.823,57.83858672,18.83219499,37.259,79.529,-1.248,315.169,100.887,1.9642,0.0017393,1758.161
587,1760.822,57.83858156,18.83224456,37.301,82.473,-1.206,314.594,101.236,2.0241,0.0023575,1761.162
588,1763.822,57.83857621,18.83229406,37.399,85.413,-1.108,313.998,101.693,1.9847,0.0029823,1764.163
589,1766.822,57.83857063,18.83234347,37.450,88.348,-1.058,313.376,102.259,1.7794,0.0036106,1767.163
590,1769.822,57.83856476,18.83239276,37.479,91.276,-1.029,312.723,102.935,1.5468,0.0042379,1770.163
591,1772.822,57.83855855,18.83244190,37.539,94.195,-0.968,312.032,103.720,1.2596,0.0048593,1773.164
592,1775.822,57.83855196,18.83249087,37.556,97.104,-0.951,311.298,104.613,1.0140,0.0054696,1776.164
593,1778.822,57.83854495,18.83253963,37.600,100.000,-0.908,310.516,105.612,0.9263,0.0060627,1779.164
594,1781.822,57.83853745,18.83258814,37.623,102.882,-0.884,309.682,106.715,0.8684,0.0066314,1782.164
595,1784.821,57.83852944,18.83263636,37.643,105.746,-0.865,308.789,107.925,0.7806,0.0071325,1785.164
596,1787.821,57.83852087,18.83268424,37.671,108.590,-0.837,307.835,109.254,0.8279,0.0074548,1788.164
597,1790.821,57.83851171,18.83273173,37.690,111.410,-0.818,306.815,110.675,0.9745,0.0074672,1791.164
598,1793.821,57.83850192,18.83277878,37.738,114.205,-0.770,305.725,112.115,1.2116,0.0070624,1794.164
599,1796.821,57.83849149,18.83282534,37.759,116.971,-0.749,304.563,113.464,1.5959,0.0061846,1797.164
600,1799.820,57.83848046,18.83287142,37.812,119.708,-0.695,303.335,114.600,1.7482,0.0048430,1800.164
601,1802.820,57.83846903,18.83291714,37.884,122.424,-0.623,302.061,115.414,1.8826,0.0031083,1803.165
602,1805.820,57.83845735,18.83296265,37.929,125.127,-0.578,300.761,115.837,1.8596,0.0010951,1806.165
603,1808.820,57.83844559,18.83300809,38.009,127.826,-0.498,299.451,115.849,1.7742,-0.0010635,1809.166
604,1811.820,57.83843391,18.83305360,38.018,130.530,-0.490,298.151,115.467,1.6598,-0.0032512,1812.166
605,1814.820,57.83842248,18.83309933,38.093,133.246,-0.414,296.878,114.711,1.5668,-0.0054053,1815.167
606,1817.820,57.83841144,18.83314540,38.128,135.982,-0.379,295.649,113.575,1.5846,-0.0074905,1818.167
607,1820.819,57.83840097,18.83319193,38.176,138.746,-0.331,294.482,112.067,1.4603,-0.0094647,1821.167
608,1823.819,57.83839123,18.83323901,38.233,141.543,-0.275,293.397,110.213,1.3985,-0.0113009,1824.167
609,1826.819,57.83838238,18.83328671,38.252,144.376,-0.256,292.412,108.056,1.0156,-0.0130053,1827.167
610,1829.819,57.83837459,18.83333505,38.294,147.248,-0.213,291.545,105.641,0.7583,-0.0146268,1830.167
611,1832.818,57.83836795,18.83338399,38.299,150.155,-0.209,290.806,102.996,0.3906,-0.0162598,1833.167
612,1835.818,57.83836257,18.83343347,38.320,153.094,-0.187,290.206,100.117,0.1553,-0.0180341,1836.166
613,1838.817,57.83835856,18.83348340,38.302,156.060,-0.205,289.760,96.958,-0.1551,-0.0200932,1839.166
614,1841.817,57.83835611,18.83353369,38.306,159.047,-0.201,289.486,93.425,-0.4156,-0.0225371,1842.165
615,1844.816,57.83835540,18.83358417,38.294,162.045,-0.214,289.408,89.366,-0.4308,-0.0252744,1845.164
616,1847.815,57.83835670,18.83363460,38.283,165.041,-0.225,289.552,84.664,-0.3770,-0.0280015,1848.164
617,1850.814,57.83836028,18.83368464,38.243,168.013,-0.265,289.951,79.311,-0.3359,-0.0302894,1851.163
618,1853.812,57.83836646,18.83373377,38.261,170.931,-0.247,290.640,73.454,-0.3321,-0.0316743,1854.161
619,1856.811,57.83837549,18.83378132,38.262,173.756,-0.245,291.645,67.372,-0.1976,-0.0318044,1857.159
620,1859.809,57.83838723,18.83382675,38.252,176.454,-0.256,292.953,61.416,-0.0106,-0.0305908,1860.158
621,1862.808,57.83840135,18.83386974,38.229,179.008,-0.279,294.526,55.913,0.1283,-0.0282430,1863.157
622,1865.807,57.83841745,18.83391020,38.250,181.411,-0.257,296.320,51.076,0.3947,-0.0251589,1866.156
623,1868.806,57.83843517,18.83394823,38.271,183.670,-0.236,298.293,46.971,0.6533,-0.0217681,1869.155
624,1871.806,57.83845416,18.83398403,38.296,185.796,-0.211,300.408,43.550,0.8621,-0.0184110,1872.155
625,1874.805,57.83847415,18.83401787,38.313,187.806,-0.195,302.635,40.739,0.8736,-0.0152638,1875.154
626,1877.805,57.83849491,18.83405004,38.362,189.717,-0.145,304.947,38.467,0.6751,-0.0123967,1878.155
627,1880.805,57.83851627,18.83408081,38.345,191.544,-0.162,307.326,36.660,0.5472,-0.0098249,1881.154
628,1883.805,57.83853808,18.83411045,38.387,193.305,-0.120,309.755,35.260,0.4223,-0.0075235,1884.154
629,1886.804,57.83856021,18.83413922,38.386,195.014,-0.122,312.220,34.219,0.2460,-0.0054501,1887.154
630,1889.804,57.83858258,18.83416735,38.387,196.685,-0.120,314.712,33.501,0.1822,-0.0035549,1890.154
631,1892.804,57.83860510,18.83419507,38.403,198.331,-0.104,317.220,33.079,0.2288,-0.0017882,1893.154
632,1895.804,57.83862769,18.83422258,38.407,199.965,-0.101,319.736,32.939,0.2314,-0.0001053,1896.154
633,1898.804,57.83865028,18.83425008,38.404,201.598,-0.103,322.252,33.085,0.5490,0.0014818,1899.154
634,1901.804,57.83867281,18.83427777,38.435,203.243,-0.072,324.761,33.527,0.5974,0.0028946,1902.154
635,1904.804,57.83869519,18.83430586,38.445,204.911,-0.062,327.254,34.245,0.5349,0.0040311,1905.154
636,1907.803,57.83871736,18.83433455,38.478,206.615,-0.030,329.723,35.174,0.5639,0.0047985,1908.154
637,1910.803,57.83873923,18.83436402,38.501,208.365,-0.006,332.159,36.220,0.4929,0.0051398,1911.154
638,1913.803,57.83876079,18.83439430,38.477,210.164,-0.031,334.560,37.271,0.3701,0.0050489,1914.154
639,1916.803,57.83878206,18.83442527,38.499,212.004,-0.008,336.930,38.227,0.3905,0.0045742,1917.154
640,1919.803,57.83880309,18.83445683,38.535,213.878,0.027,339.272,39.019,0.4284,0.0038088,1920.154
641,1922.803,57.83882392,18.83448885,38.531,215.780,0.024,341.592,39.622,0.5618,0.0028668,1923.154
642,1925.803,57.83884460,18.83452121,38.543,217.702,0.036,343.895,40.042,0.5416,0.0018478,1926.154
643,1928.803,57.83886518,18.83455380,38.566,219.637,0.059,346.187,40.282,0.2729,0.0007907,1929.154
644,1931.802,57.83888571,18.83458648,38.577,221.578,0.070,348.474,40.338,0.2126,-0.0003023,1932.153
645,1934.802,57.83890626,18.83461914,38.581,223.518,0.074,350.763,40.201,0.0761,-0.0014297,1935.153
646,1937.802,57.83892688,18.83465164,38.566,225.449,0.059,353.059,39.868,-0.2249,-0.0025896,1938.153
647,1940.802,57.83894762,18.83468385,38.561,227.361,0.054,355.370,39.331,-0.3871,-0.0037791,1941.153
648,1943.802,57.83896856,18.83471562,38.570,229.248,0.062,357.702,38.585,-0.3332,-0.0049928,1944.153
649,1946.802,57.83898975,18.83474680,38.530,231.101,0.022,360.062,37.625,-0.2986,-0.0062233,1947.153
650,1949.802,57.83901124,18.83477724,38.521,232.908,0.014,362.456,36.448,-0.4035,-0.0074587,1950.153
651,1952.801,57.83903309,18.83480677,38.528,234.662,0.021,364.889,35.049,-0.4258,-0.0086744,1953.153
652,1955.801,57.83905535,18.83483521,38.523,236.351,0.016,367.368,33.419,-0.4454,-0.0097994,1956.153
653,1958.801,57.83907805,18.83486238,38.484,237.965,-0.024,369.897,31.568,-0.5747,-0.0107405,1959.153
654,1961.801,57.83910123,18.83488812,38.456,239.494,-0.052,372.478,29.537,-0.9293,-0.0114128,1962.152
655,1964.800,57.83912490,18.83491222,38.463,240.925,-0.044,375.114,27.396,-1.0763,-0.0117618,1965.152
656,1967.800,57.83914905,18.83493457,38.412,242.253,-0.095,377.804,25.231,-1.0254,-0.0117774,1968.152
657,1970.800,57.83917363,18.83495519,38.365,243.477,-0.143,380.542,23.122,-0.9915,-0.0114964,1971.152
658,1973.800,57.83919859,18.83497418,38.335,244.605,-0.173,383.322,21.127,-0.9397,-0.0109940,1974.152
659,1976.799,57.83922387,18.83499160,38.329,245.639,-0.178,386.138,19.271,-0.8908,-0.0103658,1977.152
660,1979.799,57.83924943,18.83500754,38.304,246.586,-0.204,388.984,17.552,-0.7468,-0.0097024,1980.152
661,1982.799,57.83927522,18.83502209,38.267,247.450,-0.240,391.857,15.949,-0.9033,-0.0090630,1983.152
662,1985.799,57.83930121,18.83503533,38.251,248.236,-0.256,394.752,14.454,-1.0691,-0.0084580,1986.152
663,1988.799,57.83932738,18.83504733,38.203,248.949,-0.304,397.666,13.061,-1.1089,-0.0078880,1989.152
664,1991.798,57.83935368,18.83505818,38.180,249.594,-0.327,400.596,11.762,-1.1094,-0.0073520,1992.152
665,1994.798,57.83938011,18.83506795,38.133,250.174,-0.375,403.539,10.552,-1.2183,-0.0068486,1995.152
666,1997.798,57.83940663,18.83507671,38.112,250.694,-0.396,406.493,9.426,-1.2550,-0.0063757,1998.152
667,2000.798,57.83943325,18.83508453,38.077,251.158,-0.430,409.457,8.377,-1.2021,-0.0059309,2001.152
668,2003.798,57.83945993,18.83509146,38.022,251.569,-0.485,412.429,7.402,-1.2972,-0.0055116,2004.152
669,2006.798,57.83948666,18.83509757,37.984,251.932,-0.523,415.407,6.496,-1.2207,-0.0051154,2007.153
670,2009.797,57.83951345,18.83510291,37.969,252.249,-0.539,418.390,5.663,-1.1037,-0.0047625,2010.152
671,2012.797,57.83954027,18.83510755,37.929,252.524,-0.579,421.377,4.915,-0.8932,-0.0045430,2013.153
672,2015.797,57.83956712,18.83511152,37.889,252.760,-0.619,424.367,4.244,-0.5998,-0.0045843,2016.153
673,2018.797,57.83959399,18.83511490,37.892,252.960,-0.615,427.361,3.596,-0.5038,-0.0050129,2019.153
674,2021.797,57.83962089,18.83511771,37.876,253.127,-0.631,430.356,2.875,-0.4091,-0.0059263,2022.152
675,2024.797,57.83964780,18.83511991,37.863,253.258,-0.644,433.353,1.958,-0.2800,-0.0073759,2025.152
676,2027.797,57.83967472,18.83512119,37.870,253.334,-0.638,436.352,0.716,-0.3241,-0.0093544,2028.152
677,2030.796,57.83970166,18.83512116,37.830,253.332,-0.677,439.351,359.039,-0.4559,-0.0117952,2031.152
678,2033.796,57.83972857,18.83511941,37.832,253.228,-0.675,442.349,356.848,-0.3378,-0.0145779,2034.152
679,2036.796,57.83975542,18.83511551,37.826,252.996,-0.681,445.340,354.105,-0.4128,-0.0175406,2037.152
680,2039.795,57.83978213,18.83510897,37.803,252.607,-0.705,448.314,350.766,-0.4554,-0.0204425,2040.151
681,2042.794,57.83980856,18.83509932,37.788,252.033,-0.719,451.258,346.801,-0.5293,-0.0229420,2043.150
682,2045.794,57.83983455,18.83508610,37.792,251.248,-0.715,454.153,342.294,-0.8227,-0.0246513,2046.150
683,2048.793,57.83985987,18.83506892,37.735,250.228,-0.773,456.973,337.463,-0.9620,-0.0252420,2049.149
684,2051.791,57.83988427,18.83504757,37.726,248.960,-0.782,459.690,332.621,-1.0239,-0.0245693,2052.148
685,2054.790,57.83990759,18.83502233,37.683,247.460,-0.825,462.287,328.093,-1.0265,-0.0227397,2055.147
686,2057.790,57.83992987,18.83499395,37.645,245.774,-0.863,464.768,324.134,-0.8801,-0.0200635,2058.147
687,2060.789,57.83995119,18.83496309,37.633,243.941,-0.874,467.142,320.871,-0.6356,-0.0169364,2061.146
688,2063.789,57.83997167,18.83493030,37.615,241.994,-0.892,469.424,318.292,-0.6948,-0.0137257,2064.146
689,2066.789,57.83999145,18.83489603,37.594,239.958,-0.913,471.627,316.295,-0.7564,-0.0106995,2067.146
690,2069.788,57.84001067,18.83486065,37.575,237.856,-0.932,473.767,314.798,-0.9604,-0.0079988,2070.146
691,2072.788,57.84002946,18.83482446,37.545,235.706,-0.962,475.859,313.754,-1.0701,-0.0056637,2073.146
692,2075.788,57.84004795,18.83478773,37.490,233.525,-1.017,477.918,313.103,-1.1080,-0.0037255,2076.146
693,2078.788,57.84006627,18.83475071,37.463,231.326,-1.044,479.959,312.763,-1.1352,-0.0021974,2079.146
694,2081.788,57.84008455,18.83471362,37.439,229.122,-1.068,481.995,312.644,-1.0480,-0.0010661,2082.146
695,2084.788,57.84010283,18.83467651,37.416,226.918,-1.091,484.030,312.656,-1.0004,-0.0002862,2085.146
696,2087.788,57.84012110,18.83463942,37.367,224.715,-1.140,486.066,312.728,-1.1197,0.0002183,2088.146
697,2090.788,57.84013940,18.83460235,37.336,222.513,-1.171,488.104,312.825,-1.2800,0.0005450,2091.146
698,2093.788,57.84015773,18.83456535,37.311,220.315,-1.197,490.145,312.944,-1.4572,0.0007917,2094.146
699,2096.787,57.84017611,18.83452842,37.251,218.122,-1.256,492.192,313.099,-1.5495,0.0010272,2097.147
700,2099.787,57.84019455,18.83449160,37.201,215.935,-1.307,494.245,313.296,-1.5166,0.0012633,2100.147
701,2102.787,57.84021306,18.83445491,37.168,213.756,-1.339,496.307,313.535,-1.4700,0.0014972,2103.147
702,2105.787,57.84023166,18.83441838,37.105,211.586,-1.403,498.378,313.815,-1.3557,0.0017254,2106.148
703,2108.787,57.84025036,18.83438203,37.083,209.427,-1.425,500.461,314.134,-1.1608,0.0019450,2109.148
704,2111.787,57.84026918,18.83434589,37.054,207.280,-1.453,502.556,314.491,-1.1659,0.0021530,2112.148
705,2114.787,57.84028812,18.83430999,37.014,205.147,-1.494,504.666,314.884,-1.0989,0.0023466,2115.148
706,2117.787,57.84030720,18.83427433,36.976,203.029,-1.532,506.790,315.309,-1.0374,0.0025237,2118.148
707,2120.786,57.84032642,18.83423895,36.954,200.928,-1.553,508.931,315.764,-1.0302,0.0026824,2121.148
708,2123.786,57.84034580,18.83420387,36.909,198.844,-1.598,511.089,316.242,-0.8825,0.0028293,2124.148
709,2126.786,57.84036533,18.83416910,36.902,196.779,-1.605,513.265,316.737,-0.8550,0.0029868,2127.148
710,2129.786,57.84038503,18.83413467,36.866,194.733,-1.641,515.459,317.248,-0.8787,0.0031835,2130.148
711,2132.786,57.84040491,18.83410057,36.847,192.708,-1.661,517.672,317.785,-0.8582,0.0034491,2133.148
712,2135.786,57.84042495,18.83406683,36.818,190.704,-1.689,519.904,318.365,-0.9902,0.0038077,2136.148
713,2138.786,57.84044517,18.83403347,36.775,188.723,-1.733,522.157,319.013,-1.1213,0.0042772,2139.148
714,2141.786,57.84046562,18.83400058,36.758,186.769,-1.749,524.434,319.753,-1.0965,0.0048667,2142.148
715,2144.785,57.84048630,18.83396824,36.727,184.848,-1.781,526.737,320.609,-1.1235,0.0055799,2145.148
716,2147.785,57.84050726,18.83393652,36.665,182.964,-1.843,529.072,321.597,-1.0787,0.0064199,2148.149
717,2150.785,57.84052853,18.83390554,36.660,181.123,-1.847,531.441,322.734,-0.9908,0.0073943,2151.149
718,2153.785,57.84055015,18.83387542,36.632,179.334,-1.876,533.849,324.046,-0.7468,0.0085062,2154.149
719,2156.785,57.84057216,18.83384629,36.602,177.604,-1.906,536.300,325.568,-0.4564,0.0097402,2157.149
720,2159.785,57.84059459,18.83381835,36.590,175.944,-1.917,538.798,327.333,-0.1731,0.0110550,2160.148
721,2162.784,57.84061750,18.83379179,36.595,174.367,-1.913,541.350,329.361,0.0050,0.0123870,2163.148
722,2165.784,57.84064093,18.83376688,36.612,172.887,-1.895,543.959,331.650,0.2651,0.0136560,2166.148
723,2168.784,57.84066491,18.83374386,36.600,171.520,-1.907,546.629,334.181,0.3338,0.0147770,2169.148
724,2171.783,57.84068942,18.83372294,36.625,170.277,-1.882,549.359,336.910,0.2844,0.0156703,2172.147
725,2174.783,57.84071445,18.83370429,36.631,169.169,-1.876,552.146,339.783,0.3726,0.0162777,2175.147
726,2177.782,57.84073995,18.83368805,36.641,168.205,-1.866,554.987,342.741,0.4290,0.0165676,2178.146
727,2180.782,57.84076587,18.83367433,36.648,167.390,-1.859,557.873,345.720,0.5639,0.0165418,2181.146
728,2183.781,57.84079213,18.83366316,36.668,166.726,-1.839,560.799,348.656,0.6139,0.0162287,2184.146
729,2186.781,57.84081866,18.83365449,36.705,166.211,-1.803,563.754,351.487,0.6574,0.0156868,2187.145
730,2189.781,57.84084539,18.83364824,36.701,165.840,-1.806,566.730,354.173,0.6137,0.0150003,2190.145
731,2192.780,57.84087224,18.83364427,36.736,165.604,-1.771,569.720,356.697,0.4532,0.0142608,2193.145
732,2195.780,57.84089916,18.83364243,36.742,165.494,-1.766,572.718,359.064,0.3041,0.0135522,2196.144
733,2198.780,57.84092609,18.83364260,36.742,165.504,-1.765,575.718,1.298,0.2316,0.0129373,2199.144
734,2201.779,57.84095300,18.83364469,36.755,165.628,-1.752,578.715,3.432,0.1538,0.0124531,2202.144
735,2204.779,57.84097985,18.83364863,36.748,165.862,-1.760,581.706,5.497,0.0528,0.0121102,2205.144
736,2207.779,57.84100661,18.83365435,36.761,166.202,-1.746,584.686,7.520,-0.1066,0.0119020,2208.143
737,2210.779,57.84103325,18.83366184,36.755,166.646,-1.753,587.653,9.521,-0.3675,0.0118168,2211.143
738,2213.778,57.84105973,18.83367106,36.737,167.194,-1.770,590.602,11.519,-0.3911,0.0118455,2214.143
739,2216.778,57.84108602,18.83368201,36.732,167.844,-1.775,593.530,13.533,-0.4075,0.0119834,2217.143
740,2219.778,57.84111209,18.83369470,36.690,168.598,-1.818,596.434,15.580,-0.3239,0.0122299,2220.143
741,2222.777,57.84113790,18.83370916,36.699,169.456,-1.808,599.308,17.679,-0.2401,0.0125852,2223.142
742,2225.777,57.84116340,18.83372540,36.723,170.421,-1.785,602.149,19.847,-0.2626,0.0130534,2226.142
743,2228.777,57.84118855,18.83374347,36.683,171.494,-1.824,604.950,22.104,-0.1886,0.0136399,2229.142
744,2231.777,57.84121329,18.83376343,36.693,172.680,-1.815,607.705,24.471,-0.2106,0.0143517,2232.142
745,2234.776,57.84123756,18.83378534,36.664,173.981,-1.844,610.408,26.974,-0.1809,0.0151854,2235.142
746,2237.776,57.84126127,18.83380928,36.668,175.402,-1.840,613.049,29.651,-0.0441,0.0160868,2238.141
747,2240.775,57.84128435,18.83383531,36.690,176.948,-1.817,615.620,32.531,-0.0125,0.0169502,2241.141
748,2243.775,57.84130669,18.83386353,36.665,178.624,-1.843,618.107,35.608,-0.1060,0.0176504,2244.141
749,2246.774,57.84132816,18.83389401,36.688,180.435,-1.819,620.499,38.835,-0.0255,0.0180668,2247.140
750,2249.774,57.84134864,18.83392681,36.656,182.383,-1.851,622.780,42.129,-0.1400,0.0181157,2250.140
751,2252.773,57.84136807,18.83396178,36.645,184.460,-1.862,624.944,45.390,-0.2263,0.0177662,2253.139
752,2255.773,57.84138642,18.83399873,36.666,186.654,-1.841,626.989,48.523,-0.4067,0.0170506,2256.139
753,2258.772,57.84140372,18.83403744,36.659,188.953,-1.848,628.915,51.460,-0.6150,0.0160504,2259.138
754,2261.772,57.84141998,18.83407770,36.615,191.344,-1.892,630.727,54.169,-0.6740,0.0148712,2262.138
755,2264.772,57.84143526,18.83411929,36.589,193.815,-1.918,632.428,56.646,-0.7358,0.0136065,2265.138
756,2267.771,57.84144961,18.83416203,36.558,196.353,-1.950,634.027,58.886,-0.8368,0.0123062,2268.138
757,2270.771,57.84146311,18.83420573,36.563,198.948,-1.944,635.530,60.891,-0.6556,0.0110001,2271.138
758,2273.771,57.84147584,18.83425025,36.539,201.592,-1.968,636.948,62.665,-0.5603,0.0097111,2274.138
759,2276.771,57.84148787,18.83429543,36.523,204.276,-1.984,638.288,64.214,-0.5871,0.0084536,2277.137
760,2279.770,57.84149929,18.83434117,36.472,206.992,-2.036,639.561,65.548,-0.7133,0.0072363,2280.138
761,2282.770,57.84151019,18.83438736,36.491,209.736,-2.017,640.775,66.676,-0.7729,0.0060609,2283.138
762,2285.770,57.84152065,18.83443391,36.455,212.500,-2.052,641.939,67.606,-0.6963,0.0049264,2286.138
763,2288.770,57.84153074,18.83448073,36.433,215.282,-2.075,643.063,68.347,-0.7136,0.0038275,2289.138
764,2291.770,57.84154055,18.83452777,36.395,218.075,-2.112,644.156,68.901,-0.7857,0.0027650,2292.138
765,2294.770,57.84155016,18.83457496,36.393,220.878,-2.114,645.226,69.268,-0.8683,0.0017643,2295.138
766,2297.770,57.84155964,18.83462224,36.366,223.686,-2.142,646.282,69.453,-0.6909,0.0008632,2298.138
767,2300.770,57.84156906,18.83466955,36.335,226.496,-2.173,647.332,69.474,-0.6954,0.0000978,2301.138
768,2303.769,57.84157852,18.83471685,36.311,229.305,-2.197,648.385,69.367,-0.6861,-0.0005075,2304.138
769,2306.769,57.84158806,18.83476408,36.305,232.110,-2.203,649.448,69.172,-0.6509,-0.0009467,2307.138
770,2309.769,57.84159770,18.83481124,36.287,234.911,-2.220,650.522,68.930,-0.5832,-0.0012336,2310.137
771,2312.769,57.84160745,18.83485833,36.256,237.708,-2.251,651.608,68.670,-0.5090,-0.0014003,2313.138
772,2315.769,57.84161730,18.83490533,36.247,240.500,-2.261,652.705,68.408,-0.5484,-0.0014903,2316.137
773,2318.769,57.84162727,18.83495226,36.237,243.286,-2.271,653.816,68.145,-0.5233,-0.0015468,2319.137
774,2321.769,57.84163735,18.83499909,36.211,246.068,-2.296,654.939,67.874,-0.4897,-0.0015976,2322.137
775,2324.769,57.84164756,18.83504584,36.213,248.844,-2.295,656.076,67.595,-0.5228,-0.0016463,2325.137
776,2327.769,57.84165788,18.83509248,36.177,251.615,-2.330,657.226,67.307,-0.5508,-0.0016928,2328.137
777,2330.768,57.84166834,18.83513903,36.175,254.380,-2.332,658.390,67.011,-0.5632,-0.0017370,2331.137
778,2333.768,57.84167892,18.83518548,36.148,257.138,-2.359,659.569,66.708,-0.5274,-0.0017786,2334.137
779,2336.768,57.84168964,18.83523182,36.136,259.890,-2.372,660.763,66.398,-0.5035,-0.0018175,2337.137
780,2339.768,57.84170049,18.83527805,36.127,262.636,-2.380,661.972,66.081,-0.5006,-0.0018536,2340.137
781,2342.768,57.84171148,18.83532416,36.102,265.375,-2.405,663.196,65.759,-0.4778,-0.0018869,2343.137
782,2345.768,57.84172260,18.83537016,36.100,268.107,-2.407,664.435,65.431,-0.3930,-0.0019162,2346.137
783,2348.768,57.84173387,18.83541604,36.082,270.831,-2.425,665.690,65.093,-0.3333,-0.0019254,2349.137
784,2351.768,57.84174528,18.83546179,36.063,273.548,-2.444,666.961,64.743,-0.1887,-0.0018811,2352.137
785,2354.767,57.84175684,18.83550741,36.080,276.258,-2.427,668.249,64.391,-0.1511,-0.0017471,2355.137
786,2357.767,57.84176854,18.83555290,36.062,278.960,-2.446,669.552,64.057,-0.2187,-0.0014949,2358.137
787,2360.767,57.84178039,18.83559827,36.066,281.654,-2.442,670.872,63.775,-0.1363,-0.0011103,2361.137
788,2363.767,57.84179234,18.83564352,36.061,284.342,-2.446,672.204,63.577,-0.1789,-0.0005961,2364.136
789,2366.767,57.84180436,18.83568873,36.036,287.027,-2.471,673.542,63.493,-0.1399,0.0000286,2367.136
790,2369.767,57.84181638,18.83573393,36.042,289.712,-2.465,674.881,63.541,-0.0321,0.0007331,2370.136
791,2372.767,57.84182834,18.83577918,36.059,292.399,-2.448,676.213,63.725,-0.0908,0.0014831,2373.136
792,2375.767,57.84184020,18.83582453,36.036,295.092,-2.471,677.534,64.043,-0.0931,0.0022518,2376.136
793,2378.767,57.84185190,18.83587003,36.049,297.795,-2.459,678.837,64.492,-0.1783,0.0030326,2379.136
794,2381.766,57.84186338,18.83591572,36.029,300.508,-2.478,680.116,65.074,-0.3706,0.0038309,2382.136
795,2384.766,57.84187458,18.83596166,36.015,303.237,-2.492,681.364,65.794,-0.3093,0.0046519,2385.136
796,2387.766,57.84188544,18.83600788,36.018,305.982,-2.490,682.573,66.656,-0.1746,0.0054998,2388.136
797,2390.766,57.84189590,18.83605442,36.003,308.746,-2.505,683.738,67.666,-0.1036,0.0063778,2391.136
798,2393.766,57.84190588,18.83610133,35.996,311.532,-2.511,684.851,68.829,-0.0470,0.0072874,2394.136
799,2396.766,57.84191532,18.83614864,36.018,314.341,-2.489,685.903,70.153,-0.0114,0.0082282,2397.135
800,2399.765,57.84192414,18.83619636,36.002,317.176,-2.505,686.885,71.642,-0.0667,0.0091981,2400.135
801,2402.765,57.84193226,18.83624452,35.995,320.036,-2.513,687.789,73.306,-0.3875,0.0101849,2403.135
802,2405.765,57.84193959,18.83629312,35.973,322.922,-2.534,688.606,75.158,-0.8167,0.0111375,2406.135
803,2408.765,57.84194604,18.83634215,35.971,325.835,-2.536,689.325,77.203,-1.3592,0.0119747,2409.135
804,2411.764,57.84195153,18.83639160,35.906,328.771,-2.601,689.937,79.415,-1.7470,0.0126116,2412.135
805,2414.764,57.84195596,18.83644142,35.823,331.730,-2.684,690.430,81.744,-2.2830,0.0129828,2415.136
806,2417.764,57.84195926,18.83649154,35.774,334.707,-2.734,690.798,84.116,-2.6461,0.0130582,2418.136
807,2420.763,57.84196144,18.83654188,35.674,337.697,-2.834,691.041,86.456,-3.0514,0.0128494,2421.137
808,2423.763,57.84196256,18.83659234,35.598,340.694,-2.909,691.165,88.703,-3.3969,0.0124073,2424.138
809,2426.763,57.84196265,18.83664285,35.471,343.694,-3.036,691.176,90.822,-3.8694,0.0118094,2427.140
810,2429.763,57.84196179,18.83669333,35.369,346.692,-3.138,691.081,92.805,-4.2670,0.0111387,2430.142
811,2432.762,57.84196003,18.83674373,35.213,349.685,-3.294,690.885,94.662,-4.3319,0.0104574,2433.146
812,2435.762,57.84195742,18.83679400,35.085,352.671,-3.422,690.595,96.399,-4.5177,0.0097872,2436.148
813,2438.762,57.84195404,18.83684410,34.956,355.647,-3.552,690.218,98.021,-4.4382,0.0091341,2439.151
814,2441.762,57.84194992,18.83689402,34.829,358.612,-3.678,689.759,99.530,-4.4132,0.0085018,2442.153
815,2444.762,57.84194513,18.83694372,34.706,361.564,-3.802,689.226,100.932,-4.2536,0.0078930,2445.156
816,2447.761,57.84193971,18.83699320,34.547,364.502,-3.961,688.623,102.231,-4.1921,0.0073091,2448.160
817,2450.761,57.84193373,18.83704244,34.452,367.427,-4.055,687.957,103.431,-4.0431,0.0067498,2451.161
818,2453.761,57.84192721,18.83709145,34.323,370.338,-4.185,687.232,104.537,-3.9064,0.0062144,2454.164
819,2456.761,57.84192021,18.83714022,34.219,373.235,-4.289,686.452,105.553,-3.6219,0.0057043,2457.165
820,2459.761,57.84191278,18.83718877,34.110,376.118,-4.398,685.624,106.469,-3.2504,0.0052671,2460.167
821,2462.761,57.84190494,18.83723709,34.009,378.988,-4.498,684.751,107.280,-2.8822,0.0050064,2463.169
822,2465.760,57.84189673,18.83728520,33.926,381.846,-4.581,683.838,108.011,-2.3103,0.0050407,2466.170
823,2468.760,57.84188821,18.83733311,33.884,384.691,-4.624,682.889,108.734,-1.7780,0.0054708,2469.170
824,2471.760,57.84187938,18.83738083,33.835,387.526,-4.673,681.906,109.549,-1.1442,0.0063580,2472.170
825,2474.760,57.84187018,18.83742830,33.801,390.345,-4.706,680.882,110.573,-0.6565,0.0077106,2475.170
826,2477.760,57.84186046,18.83747541,33.784,393.143,-4.724,679.800,111.912,-0.2827,0.0094798,2478.170
827,2480.760,57.84185006,18.83752200,33.788,395.910,-4.720,678.641,113.645,-0.0364,0.0115663,2481.170
828,2483.759,57.84183882,18.83756789,33.799,398.636,-4.708,677.389,115.806,0.1004,0.0138368,2484.169
829,2486.759,57.84182657,18.83761287,33.791,401.308,-4.716,676.026,118.406,0.1458,0.0161381,2487.169
830,2489.759,57.84181317,18.83765668,33.798,403.910,-4.709,674.533,121.456,0.0814,0.0182915,2490.169
831,2492.758,57.84179847,18.83769899,33.792,406.423,-4.715,672.897,124.939,-0.0823,0.0201106,2493.168
832,2495.757,57.84178237,18.83773948,33.788,408.828,-4.719,671.104,128.768,-0.2776,0.0214292,2496.167
833,2498.757,57.84176480,18.83777774,33.798,411.101,-4.710,669.147,132.803,-0.3898,0.0221525,2499.167
834,2501.756,57.84174577,18.83781347,33.770,413.223,-4.737,667.028,136.882,-0.4957,0.0222931,2502.166
835,2504.755,57.84172543,18.83784657,33.746,415.189,-4.761,664.763,140.864,-0.4586,0.0219735,2505.165
836,2507.754,57.84170396,18.83787705,33.735,417.000,-4.772,662.371,144.664,-0.1933,0.0213915,2508.165
837,2510.754,57.84168150,18.83790491,33.747,418.655,-4.761,659.870,148.271,0.0701,0.0207693,2511.164
838,2513.753,57.84165817,18.83793015,33.750,420.154,-4.758,657.272,151.734,0.5879,0.0202945,2514.164
839,2516.753,57.84163408,18.83795273,33.778,421.495,-4.729,654.589,155.139,1.2236,0.0200457,2517.163
840,2519.752,57.84160933,18.83797260,33.832,422.676,-4.675,651.832,158.547,1.9666,0.0199745,2520.163
841,2522.752,57.84158398,18.83798969,33.867,423.692,-4.641,649.010,161.994,2.8186,0.0199835,2523.163
842,2525.751,57.84155814,18.83800389,33.997,424.535,-4.510,646.131,165.487,3.7311,0.0199688,2526.165
843,2528.750,57.84153187,18.83801505,34.124,425.198,-4.383,643.206,169.001,4.5434,0.0198403,2529.167
844,2531.750,57.84150529,18.83802314,34.256,425.679,-4.251,640.246,172.492,5.1328,0.0195380,2532.169
845,2534.749,57.84147850,18.83802821,34.415,425.980,-4.092,637.261,175.906,5.3632,0.0190415,2535.173
846,2537.749,57.84145159,18.83803033,34.581,426.107,-3.926,634.264,179.197,5.0243,0.0183707,2538.177
847,2540.748,57.84142466,18.83802963,34.737,426.065,-3.770,631.265,182.336,4.4872,0.0175749,2541.181
848,2543.748,57.84139779,18.83802623,34.856,425.864,-3.652,628.272,185.316,3.7005,0.0167102,2544.183
849,2546.747,57.84137104,18.83802029,34.951,425.511,-3.557,625.294,188.132,2.7369,0.0158137,2547.184
850,2549.747,57.84134448,18.83801196,35.005,425.017,-3.502,622.335,190.782,1.9136,0.0149120,2550.184
851,2552.747,57.84131814,18.83800142,35.057,424.391,-3.451,619.401,193.269,1.2735,0.0140248,2553.184
852,2555.746,57.84129206,18.83798881,35.098,423.642,-3.410,616.497,195.600,0.7746,0.0131682,2556.184
853,2558.746,57.84126626,18.83797428,35.102,422.780,-3.405,613.624,197.783,0.3940,0.0123536,2559.184
854,2561.746,57.84124077,18.83795799,35.120,421.812,-3.387,610.784,199.828,0.1630,0.0115877,2562.183
855,2564.745,57.84121559,18.83794005,35.116,420.747,-3.391,607.980,201.743,0.0112,0.0108740,2565.183
856,2567.745,57.84119074,18.83792059,35.112,419.592,-3.396,605.211,203.539,0.0483,0.0102135,2568.183
857,2570.745,57.84116621,18.83789973,35.121,418.353,-3.386,602.479,205.228,0.1780,0.0095984,2571.183
858,2573.745,57.84114201,18.83787757,35.131,417.037,-3.376,599.784,206.821,0.3450,0.0090116,2574.182
859,2576.745,57.84111813,18.83785419,35.141,415.649,-3.366,597.125,208.324,0.6029,0.0084311,2577.182
860,2579.744,57.84109458,18.83782968,35.165,414.193,-3.343,594.502,209.736,0.8994,0.0078348,2580.182
861,2582.744,57.84107135,18.83780412,35.190,412.675,-3.317,591.914,211.048,1.0477,0.0072049,2583.182
862,2585.744,57.84104843,18.83777760,35.232,411.100,-3.275,589.361,212.250,1.3700,0.0065308,2586.182
863,2588.744,57.84102579,18.83775023,35.275,409.475,-3.233,586.840,213.329,1.5098,0.0058104,2589.182
864,2591.744,57.84100341,18.83772211,35.328,407.806,-3.179,584.347,214.275,1.5597,0.0050498,2592.183
865,2594.744,57.84098127,18.83769336,35.356,406.098,-3.152,581.881,215.082,1.7148,0.0042607,2595.183
866,2597.744,57.84095932,18.83766408,35.442,404.359,-3.066,579.436,215.750,1.7459,0.0034557,2598.184
867,2600.743,57.84093754,18.83763437,35.457,402.595,-3.050,577.010,216.276,1.7192,0.0026417,2601.184
868,2603.743,57.84091589,18.83760434,35.527,400.811,-2.980,574.598,216.662,1.7486,0.0018221,2604.184
869,2606.743,57.84089432,18.83757408,35.599,399.014,-2.908,572.196,216.905,1.8256,0.0009998,2607.185
870,2609.743,57.84087280,18.83754370,35.624,397.210,-2.884,569.799,217.006,1.8995,0.0001768,2610.185
871,2612.743,57.84085129,18.83751330,35.684,395.405,-2.824,567.403,216.965,1.9965,-0.0006449,2613.186
872,2615.743,57.84082975,18.83748298,35.764,393.604,-2.743,565.004,216.782,2.0283,-0.0014633,2616.187
873,2618.743,57.84080813,18.83745284,35.828,391.814,-2.679,562.596,216.458,2.4072,-0.0022765,2619.187
874,2621.743,57.84078641,18.83742298,35.897,390.041,-2.610,560.177,215.994,2.8156,-0.0030820,2622.188
875,2624.742,57.84076454,18.83739350,35.963,388.290,-2.545,557.741,215.390,3.1143,-0.0038705,2625.188
876,2627.742,57.84074249,18.83736450,36.089,386.568,-2.419,555.284,214.644,3.4638,-0.0046227,2628.191
877,2630.742,57.84072022,18.83733609,36.210,384.881,-2.297,552.804,213.764,3.7109,-0.0053172,2631.193
878,2633.742,57.84069770,18.83730837,36.311,383.234,-2.196,550.296,212.763,4.0383,-0.0059384,2634.195
879,2636.742,57.84067492,18.83728143,36.435,381.635,-2.073,547.759,211.660,4.3069,-0.0064799,2637.197
880,2639.742,57.84065185,18.83725538,36.557,380.088,-1.950,545.189,210.476,4.5047,-0.0069471,2640.199
881,2642.742,57.84062848,18.83723024,36.691,378.595,-1.816,542.587,209.228,4.8341,-0.0073558,2643.202
882,2645.741,57.84060483,18.83720608,36.880,377.160,-1.627,539.952,207.925,5.1062,-0.0077295,2646.208
883,2648.741,57.84058089,18.83718295,37.011,375.786,-1.497,537.285,206.568,5.2570,-0.0080946,2649.211
884,2651.741,57.84055665,18.83716091,37.160,374.478,-1.347,534.586,205.151,5.2260,-0.0084730,2652.214
885,2654.741,57.84053213,18.83714003,37.320,373.238,-1.187,531.854,203.667,5.0747,-0.0088750,2655.218
886,2657.741,57.84050732,18.83712038,37.478,372.071,-1.029,529.091,202.112,4.7909,-0.0093008,2658.222
887,2660.740,57.84048222,18.83710202,37.622,370.981,-0.885,526.296,200.480,4.5245,-0.0097495,2661.226
888,2663.740,57.84045686,18.83708505,37.733,369.973,-0.775,523.471,198.768,3.8340,-0.0102195,2664.227
889,2666.740,57.84043122,18.83706954,37.855,369.052,-0.653,520.616,196.972,3.2356,-0.0107079,2667.230
890,2669.740,57.84040534,18.83705558,37.934,368.223,-0.573,517.733,195.089,2.6929,-0.0112112,2670.230
891,2672.739,57.84037922,18.83704326,38.012,367.492,-0.495,514.824,193.116,2.2081,-0.0117245,2673.231
892,2675.739,57.84035288,18.83703268,38.052,366.863,-0.455,511.891,191.051,1.8049,-0.0122419,2676.231
893,2678.739,57.84032636,18.83702392,38.133,366.343,-0.375,508.936,188.893,1.5202,-0.0127530,2679.232
894,2681.739,57.84029967,18.83701707,38.162,365.937,-0.346,505.964,186.638,1.5277,-0.0132298,2682.232
895,2684.738,57.84027286,18.83701224,38.201,365.650,-0.307,502.978,184.289,1.5593,-0.0136346,2685.232
896,2687.738,57.84024597,18.83700950,38.252,365.488,-0.256,499.983,181.863,1.7584,-0.0139334,2688.232
897,2690.738,57.84021904,18.83700893,38.316,365.454,-0.191,496.984,179.389,2.0453,-0.0141066,2691.232
898,2693.737,57.84019212,18.83701058,38.390,365.552,-0.118,493.986,176.899,2.4996,-0.0141540,2694.233
899,2696.737,57.84016527,18.83701442,38.455,365.781,-0.052,490.995,174.426,2.9416,-0.0140954,2697.233
900,2699.736,57.84013852,18.83702041,38.560,366.137,0.053,488.016,171.991,3.6201,-0.0139663,2700.235
901,2702.736,57.84011194,18.83702849,38.672,366.617,0.165,485.055,169.599,4.0741,-0.0138107,2703.236
902,2705.736,57.84008555,18.83703863,38.797,367.219,0.290,482.117,167.244,4.4581,-0.0136702,2706.239
903,2708.736,57.84005941,18.83705077,38.959,367.941,0.451,479.205,164.913,5.0159,-0.0135719,2709.243
904,2711.735,57.84003355,18.83706490,39.123,368.780,0.615,476.325,162.594,5.2276,-0.0135222,2712.247
905,2714.735,57.84000802,18.83708097,39.228,369.735,0.721,473.482,160.280,5.5343,-0.0135212,2715.248
906,2717.735,57.83998285,18.83709897,39.427,370.804,0.920,470.679,157.962,5.5285,-0.0135690,2718.255
907,2720.734,57.83995810,18.83711886,39.636,371.986,1.128,467.922,155.631,5.8102,-0.0136656,2721.262
908,2723.734,57.83993379,18.83714063,39.757,373.280,1.249,465.215,153.279,5.9515,-0.0138108,2724.264
909,2726.734,57.83990999,18.83716426,39.968,374.684,1.461,462.564,150.898,6.2771,-0.0140036,2727.271
910,2729.733,57.83988674,18.83718974,40.118,376.197,1.611,459.975,148.478,6.4814,-0.0142432,2730.274
911,2732.733,57.83986409,18.83721706,40.375,377.820,1.868,457.452,146.012,6.8065,-0.0145280,2733.285
912,2735.733,57.83984209,18.83724620,40.525,379.551,2.018,455.002,143.492,6.9543,-0.0148557,2736.288
913,2738.732,57.83982080,18.83727714,40.790,381.389,2.282,452.632,140.907,6.8687,-0.0152126,2739.299
914,2741.732,57.83980029,18.83730987,40.965,383.333,2.458,450.347,138.247,6.4173,-0.0155705,2742.304
915,2744.731,57.83978062,18.83734437,41.135,385.383,2.628,448.157,135.512,5.8311,-0.0158969,2745.309
916,2747.731,57.83976187,18.83738061,41.315,387.535,2.807,446.068,132.713,5.0864,-0.0161657,2748.314
917,2750.731,57.83974409,18.83741855,41.480,389.789,2.973,444.089,129.870,3.9691,-0.0163615,2751.318
918,2753.730,57.83972735,18.83745811,41.531,392.139,3.024,442.225,127.003,3.2508,-0.0164843,2754.318
919,2756.730,57.83971169,18.83749920,41.673,394.580,3.166,440.481,124.133,2.4232,-0.0165504,2757.321
920,2759.729,57.83969714,18.83754170,41.676,397.104,3.168,438.861,121.269,1.6602,-0.0165866,2760.320
921,2762.729,57.83968374,18.83758550,41.742,399.706,3.234,437.368,118.409,1.3415,-0.0166235,2763.321
922,2765.728,57.83967152,18.83763050,41.791,402.379,3.284,436.008,115.545,0.8376,-0.0166877,2766.320
923,2768.728,57.83966052,18.83767660,41.798,405.117,3.291,434.782,112.666,0.3168,-0.0167882,2769.320
924,2771.728,57.83965077,18.83772367,41.794,407.913,3.286,433.697,109.767,0.0308,-0.0169256,2772.320
925,2774.727,57.83964231,18.83777161,41.817,410.761,3.310,432.754,106.840,-0.5808,-0.0170979,2775.319
926,2777.727,57.83963517,18.83782031,41.743,413.653,3.236,431.960,103.878,-0.8305,-0.0173030,2778.320
927,2780.726,57.83962939,18.83786963,41.765,416.583,3.258,431.316,100.876,-1.1331,-0.0175363,2781.319
928,2783.726,57.83962501,18.83791946,41.707,419.543,3.199,430.828,97.830,-1.1099,-0.0177918,2784.320
929,2786.725,57.83962205,18.83796965,41.667,422.524,3.159,430.500,94.734,-1.1448,-0.0180638,2787.319
930,2789.725,57.83962056,18.83802007,41.646,425.519,3.139,430.334,91.586,-0.8561,-0.0183415,2790.319
931,2792.724,57.83962056,18.83807057,41.597,428.519,3.090,430.334,88.375,-0.7561,-0.0185770,2793.319
932,2795.724,57.83962208,18.83812099,41.628,431.513,3.121,430.503,85.087,-0.5709,-0.0186586,2796.318
933,2798.723,57.83962512,18.83817117,41.558,434.494,3.050,430.843,81.748,-0.6688,-0.0184509,2799.319
934,2801.723,57.83962972,18.83822092,41.584,437.449,3.077,431.355,78.429,-0.8117,-0.0178426,2802.318
935,2804.722,57.83963586,18.83827009,41.535,440.369,3.027,432.039,75.239,-0.9700,-0.0167785,2805.318
936,2807.722,57.83964344,18.83831855,41.489,443.247,2.981,432.884,72.299,-1.0957,-0.0152790,2808.318
937,2810.721,57.83965226,18.83836626,41.469,446.081,2.961,433.867,69.711,-1.1750,-0.0134319,2811.318
938,2813.721,57.83966212,18.83841327,41.429,448.873,2.922,434.965,67.534,-1.4688,-0.0113698,2814.318
939,2816.721,57.83967281,18.83845962,41.387,451.626,2.879,436.156,65.776,-1.5608,-0.0092366,2817.318
940,2819.721,57.83968416,18.83850542,41.342,454.347,2.834,437.421,64.403,-1.9939,-0.0071485,2820.318
941,2822.721,57.83969602,18.83855077,41.251,457.040,2.744,438.742,63.378,-2.3386,-0.0051521,2823.319
942,2825.720,57.83970824,18.83859577,41.196,459.713,2.688,440.103,62.682,-2.7748,-0.0032333,2826.320
943,2828.720,57.83972069,18.83864057,41.104,462.373,2.596,441.490,62.301,-3.2124,-0.0013667,2829.321
944,2831.720,57.83973323,18.83868527,40.995,465.028,2.488,442.886,62.227,-3.3555,0.0004772,2832.323
945,2834.720,57.83974573,18.83873000,40.906,467.685,2.399,444.280,62.460,-3.7326,0.0023292,2835.324
946,2837.720,57.83975808,18.83877488,40.754,470.351,2.246,445.655,63.003,-4.0550,0.0042193,2838.328
947,2840.720,57.83977013,18.83882005,40.656,473.034,2.149,446.997,63.867,-4.2791,0.0061750,2841.329
948,2843.720,57.83978175,18.83886562,40.548,475.740,2.041,448.292,65.069,-4.5283,0.0082186,2844.331
949,2846.719,57.83979278,18.83891169,40.346,478.476,1.838,449.520,66.630,-4.8923,0.0103593,2847.338
950,2849.719,57.83980305,18.83895838,40.239,481.249,1.732,450.666,68.594,-5.2646,0.0125268,2850.339
951,2852.719,57.83981240,18.83900574,40.061,484.062,1.554,451.706,71.003,-5.8312,0.0145426,2853.344
952,2855.718,57.83982061,18.83905384,39.894,486.919,1.387,452.621,73.840,-6.1217,0.0161804,2856.348
953,2858.718,57.83982747,18.83910267,39.688,489.820,1.181,453.385,77.007,-6.3533,0.0172278,2859.355
954,2861.717,57.83983276,18.83915218,39.493,492.760,0.986,453.976,80.336,-6.7136,0.0175444,2862.361
955,2864.717,57.83983644,18.83920221,39.286,495.732,0.779,454.386,83.632,-6.8506,0.0171035,2865.367
956,2867.716,57.83983863,18.83925254,39.099,498.721,0.591,454.630,86.711,-6.9993,0.0160020,2868.373
957,2870.716,57.83983948,18.83930302,38.888,501.719,0.381,454.725,89.453,-6.9388,0.0144285,2871.380
958,2873.716,57.83983915,18.83935352,38.671,504.719,0.163,454.689,91.812,-6.7994,0.0126075,2874.387
959,2876.715,57.83983781,18.83940396,38.452,507.715,-0.056,454.540,93.810,-6.4505,0.0107338,2877.395
960,2879.715,57.83983561,18.83945429,38.287,510.704,-0.221,454.295,95.478,-5.8842,0.0089048,2880.399
961,2882.715,57.83983271,18.83950450,38.124,513.687,-0.383,453.972,96.833,-5.1920,0.0071393,2883.403
962,2885.715,57.83982924,18.83955459,37.972,516.662,-0.535,453.587,97.891,-4.4418,0.0054395,2886.407
963,2888.715,57.83982535,18.83960457,37.845,519.630,-0.663,453.154,98.664,-3.8677,0.0037996,2889.410
964,2891.715,57.83982117,18.83965446,37.744,522.594,-0.764,452.688,99.165,-3.4397,0.0022077,2892.411
965,2894.714,57.83981681,18.83970430,37.643,525.554,-0.865,452.203,99.402,-2.8450,0.0006483,2895.413
966,2897.714,57.83981240,18.83975412,37.579,528.514,-0.929,451.713,99.379,-2.4553,-0.0008960,2898.413
967,2900.714,57.83980807,18.83980397,37.484,531.475,-1.023,451.230,99.096,-2.2882,-0.0024429,2901.415
968,2903.714,57.83980392,18.83985388,37.425,534.439,-1.082,450.769,98.550,-2.2757,-0.0040050,2904.415
969,2906.714,57.83980010,18.83990387,37.384,537.408,-1.123,450.343,97.723,-2.3747,-0.0055440,2907.415
970,2909.714,57.83979671,18.83995397,37.289,540.384,-1.218,449.966,96.597,-2.3555,-0.0069681,2910.417
971,2912.714,57.83979389,18.84000420,37.213,543.368,-1.295,449.653,95.189,-2.2650,-0.0081686,2913.418
972,2915.713,57.83979179,18.84005455,37.141,546.358,-1.366,449.419,93.556,-2.1832,-0.0090502,2916.418
973,2918.713,57.83979053,18.84010500,37.080,549.355,-1.427,449.280,91.785,-2.0539,-0.0095546,2919.419
974,2921.713,57.83979015,18.84015550,37.050,552.354,-1.458,449.238,89.976,-1.8310,-0.0096749,2922.418
975,2924.713,57.83979060,18.84020600,36.974,555.354,-1.533,449.289,88.218,-1.8699,-0.0094579,2925.419
976,2927.712,57.83979184,18.84025645,36.922,558.350,-1.585,449.427,86.571,-1.8716,-0.0089919,2928.419
977,2930.712,57.83979381,18.84030682,36.854,561.342,-1.653,449.647,85.055,-1.7631,-0.0083840,2931.420
978,2933.712,57.83979646,18.84035708,36.821,564.327,-1.687,449.942,83.662,-1.6283,-0.0077251,2934.420
979,2936.712,57.83979974,18.84040721,36.760,567.305,-1.748,450.307,82.386,-1.3740,-0.0070513,2937.420
980,2939.712,57.83980358,18.84045720,36.735,570.274,-1.772,450.735,81.230,-1.1354,-0.0063691,2940.420
981,2942.712,57.83980792,18.84050704,36.708,573.234,-1.800,451.220,80.193,-0.8343,-0.0056834,2943.420
982,2945.711,57.83981273,18.84055673,36.666,576.186,-1.841,451.755,79.275,-0.5503,-0.0049980,2946.420
983,2948.711,57.83981792,18.84060629,36.663,579.130,-1.844,452.335,78.476,-0.2628,-0.0043153,2949.420
984,2951.711,57.83982346,18.84065572,36.668,582.065,-1.839,452.952,77.794,-0.1643,-0.0036371,2952.420
985,2954.711,57.83982929,18.84070503,36.661,584.994,-1.846,453.601,77.229,-0.0789,-0.0029638,2955.420
986,2957.711,57.83983535,18.84075424,36.663,587.917,-1.844,454.276,76.779,0.0655,-0.0022953,2958.420
987,2960.711,57.83984158,18.84080337,36.653,590.835,-1.854,454.971,76.443,0.0034,-0.0016307,2961.420
988,2963.711,57.83984795,18.84085245,36.649,593.750,-1.859,455.681,76.215,-0.0177,-0.0009510,2964.420
989,2966.711,57.83985439,18.84090149,36.655,596.663,-1.852,456.398,76.087,-0.1564,-0.0002025,2967.420
990,2969.710,57.83986085,18.84095052,36.671,599.575,-1.836,457.119,76.067,-0.3878,0.0006803,2970.420
991,2972.710,57.83986729,18.84099956,36.624,602.488,-1.884,457.836,76.188,-0.8347,0.0017539,2973.420
992,2975.710,57.83987365,18.84104864,36.606,605.403,-1.901,458.545,76.499,-1.2110,0.0030517,2976.420
993,2978.710,57.83987984,18.84109779,36.560,608.322,-1.948,459.235,77.062,-1.4530,0.0045743,2979.420
994,2981.710,57.83988570,18.84114709,36.520,611.250,-1.987,459.888,77.933,-1.4215,0.0062872,2982.420
995,2984.710,57.83989107,18.84119658,36.452,614.189,-2.055,460.487,79.149,-1.3096,0.0081236,2985.421
996,2987.710,57.83989580,18.84124630,36.444,617.143,-2.064,461.013,80.723,-1.3582,0.0099936,2988.421
997,2990.709,57.83989971,18.84129627,36.400,620.111,-2.107,461.450,82.642,-1.2301,0.0118016,2991.421
998,2993.709,57.83990265,18.84134647,36.372,623.092,-2.135,461.778,84.883,-1.0231,0.0134727,2994.420
999,2996.709,57.83990448,18.84139686,36.320,626.085,-2.187,461.982,87.406,-0.9767,0.0149893,2997.421
1000,2999.708,57.83990505,18.84144734,36.290,629.084,-2.217,462.046,90.163,-0.9398,0.0163895,3000.420
1001,3002.708,57.83990426,18.84149782,36.289,632.082,-2.219,461.958,93.109,-0.7597,0.0177810,3003.420
1002,3005.707,57.83990202,18.84154815,36.273,635.071,-2.234,461.710,96.228,-0.7134,0.0193436,3006.419
1003,3008.707,57.83989829,18.84159816,36.217,638.042,-2.291,461.294,99.550,-0.6815,0.0213163,3009.419
1004,3011.706,57.83989297,18.84164766,36.222,640.982,-2.286,460.702,103.171,-0.6280,0.0239766,3012.419
1005,3014.705,57.83988590,18.84169639,36.196,643.876,-2.311,459.915,107.264,-0.5526,0.0275809,3015.418
1006,3017.704,57.83987687,18.84174396,36.178,646.702,-2.329,458.910,112.102,-0.3973,0.0322440,3018.417
1007,3020.703,57.83986559,18.84178979,36.172,649.425,-2.335,457.654,118.092,-0.3396,0.0377097,3021.416
1008,3023.701,57.83985169,18.84183302,36.175,651.993,-2.332,456.107,125.533,-0.3857,0.0433213,3024.414
1009,3026.698,57.83983480,18.84187230,36.147,654.326,-2.361,454.226,134.397,-0.2382,0.0478987,3027.411
1010,3029.694,57.83981466,18.84190574,36.145,656.312,-2.362,451.983,144.215,-0.0755,0.0498846,3030.407
1011,3032.689,57.83979147,18.84193126,36.142,657.829,-2.365,449.401,154.150,0.1116,0.0482852,3033.402
1012,3035.685,57.83976621,18.84194864,36.153,658.862,-2.355,446.588,163.284,0.3411,0.0435463,3036.398
1013,3038.683,57.83973987,18.84195905,36.170,659.480,-2.337,443.654,170.953,0.5648,0.0371095,3039.396
1014,3041.682,57.83971308,18.84196391,36.193,659.769,-2.315,440.669,176.924,0.6808,0.0303082,3042.395
1015,3044.681,57.83968615,18.84196449,36.204,659.805,-2.304,437.670,181.361,0.7723,0.0239506,3045.394
1016,3047.681,57.83965925,18.84196181,36.231,659.646,-2.276,434.675,184.634,0.8248,0.0185408,3048.394
1017,3050.680,57.83963246,18.84195663,36.261,659.339,-2.246,431.691,187.051,0.8193,0.0142912,3051.394
1018,3053.680,57.83960579,18.84194957,36.290,658.920,-2.217,428.721,188.842,0.9257,0.0111889,3054.394
1019,3056.680,57.83957924,18.84194113,36.312,658.419,-2.196,425.763,190.209,1.1311,0.0091336,3057.394
1020,3059.680,57.83955278,18.84193172,36.347,657.861,-2.161,422.816,191.345,1.2756,0.0079907,3060.394
1021,3062.680,57.83952641,18.84192144,36.378,657.250,-2.129,419.879,192.422,1.4372,0.0076032,3063.394
1022,3065.680,57.83950015,18.84191016,36.447,656.581,-2.061,416.954,193.578,1.5435,0.0077890,3066.394
1023,3068.679,57.83947404,18.84189778,36.496,655.846,-2.012,414.046,194.890,1.6954,0.0083491,3069.394
1024,3071.679,57.83944810,18.84188418,36.530,655.039,-1.977,411.157,196.379,1.7663,0.0090855,3072.394
1025,3074.679,57.83942237,18.84186926,36.583,654.153,-1.924,408.291,198.024,1.8784,0.0098338,3075.395
1026,3077.679,57.83939689,18.84185290,36.638,653.181,-1.869,405.453,199.810,1.7552,0.0105040,3078.395
1027,3080.678,57.83937170,18.84183501,36.711,652.120,-1.796,402.647,201.721,1.6602,0.0110506,3081.396
1028,3083.678,57.83934685,18.84181552,36.751,650.962,-1.756,399.880,203.727,1.5041,0.0114413,3084.396
1029,3086.678,57.83932239,18.84179436,36.796,649.706,-1.712,397.156,205.789,1.1410,0.0116644,3087.396
1030,3089.678,57.83929837,18.84177154,36.796,648.351,-1.711,394.480,207.864,0.9678,0.0117309,3090.395
1031,3092.677,57.83927480,18.84174711,36.846,646.900,-1.662,391.854,209.919,0.7752,0.0116724,3093.396
1032,3095.677,57.83925170,18.84172113,36.876,645.358,-1.632,389.281,211.933,0.7367,0.0115343,3096.395
1033,3098.677,57.83922909,18.84169368,36.875,643.727,-1.632,386.763,213.903,0.6640,0.0113649,3099.395
1034,3101.677,57.83920700,18.84166479,36.921,642.012,-1.586,384.302,215.838,0.7289,0.0112036,3102.395
1035,3104.676,57.83918543,18.84163454,36.912,640.215,-1.595,381.900,217.746,0.6939,0.0110687,3105.395
1036,3107.676,57.83916441,18.84160296,36.950,638.340,-1.558,379.559,219.633,0.8457,0.0109617,3108.395
1037,3110.676,57.83914396,18.84157011,36.972,636.389,-1.536,377.280,221.504,0.7752,0.0108832,3111.395
1038,3113.676,57.83912408,18.84153603,37.010,634.365,-1.497,375.066,223.364,0.5897,0.0108335,3114.395
1039,3116.675,57.83910480,18.84150076,37.014,632.270,-1.493,372.919,225.217,0.5093,0.0108129,3117.395
1040,3119.675,57.83908615,18.84146433,37.032,630.107,-1.475,370.840,227.070,0.3238,0.0108219,3120.394
1041,3122.675,57.83906813,18.84142680,37.019,627.878,-1.489,368.833,228.926,0.2980,0.0108605,3123.394
1042,3125.675,57.83905076,18.84138819,37.045,625.585,-1.462,366.899,230.792,0.4743,0.0109293,3126.394
1043,3128.674,57.83903409,18.84134853,37.063,623.230,-1.445,365.041,232.672,0.5430,0.0110268,3129.394
1044,3131.674,57.83901811,18.84130787,37.077,620.815,-1.431,363.262,234.577,0.5295,0.0111370,3132.394
1045,3134.674,57.83900287,18.84126623,37.094,618.342,-1.413,361.564,236.513,0.5826,0.0112307,3135.393
1046,3137.674,57.83898839,18.84122364,37.128,615.812,-1.380,359.951,238.477,0.4718,0.0112728,3138.393
1047,3140.673,57.83897471,18.84118015,37.102,613.229,-1.405,358.426,240.456,0.5090,0.0112320,3141.393
1048,3143.673,57.83896184,18.84113579,37.144,610.594,-1.364,356.992,242.426,0.5403,0.0110879,3144.393
1049,3146.673,57.83894979,18.84109062,37.168,607.912,-1.339,355.650,244.359,0.6324,0.0108339,3147.393
1050,3149.673,57.83893854,18.84104473,37.170,605.186,-1.338,354.397,246.229,0.7611,0.0104791,3150.393
1051,3152.672,57.83892808,18.84099819,37.205,602.422,-1.302,353.232,248.017,0.8191,0.0100455,3153.393
1052,3155.672,57.83891838,18.84095108,37.228,599.624,-1.280,352.151,249.716,0.8198,0.0095618,3156.393
1053,3158.672,57.83890940,18.84090346,37.265,596.796,-1.243,351.151,251.324,1.1542,0.0090541,3159.393
1054,3161.672,57.83890113,18.84085540,37.294,593.941,-1.214,350.229,252.841,1.5048,0.0085346,3162.393
1055,3164.672,57.83889351,18.84080696,37.331,591.064,-1.177,349.380,254.266,1.9002,0.0080093,3165.393
1056,3167.671,57.83888651,18.84075819,37.416,588.167,-1.091,348.600,255.598,2.4577,0.0074828,3168.394
1057,3170.671,57.83888011,18.84070914,37.503,585.254,-1.005,347.886,256.838,3.2592,0.0069594,3171.395
1058,3173.671,57.83887424,18.84065984,37.590,582.326,-0.917,347.233,257.988,3.8149,0.0064424,3174.396
1059,3176.671,57.83886889,18.84061035,37.715,579.386,-0.793,346.636,259.049,4.1046,0.0059341,3177.398
1060,3179.671,57.83886401,18.84056068,37.854,576.436,-0.654,346.092,260.023,4.2815,0.0054359,3180.401
1061,3182.671,57.83885955,18.84051087,38.018,573.477,-0.490,345.595,260.911,4.5280,0.0049489,3183.406
1062,3185.670,57.83885549,18.84046095,38.096,570.512,-0.412,345.143,261.717,4.6012,0.0044737,3186.407
1063,3188.670,57.83885179,18.84041092,38.248,567.540,-0.260,344.730,262.442,4.7687,0.0040101,3189.410
1064,3191.670,57.83884840,18.84036082,38.408,564.564,-0.099,344.352,263.089,5.0232,0.0035576,3192.415
1065,3194.670,57.83884530,18.84031065,38.567,561.585,0.060,344.006,263.659,5.3115,0.0031154,3195.419
1066,3197.670,57.83884245,18.84026043,38.711,558.602,0.204,343.688,264.154,5.5723,0.0026827,3198.422
1067,3200.670,57.83883981,18.84021017,38.901,555.616,0.394,343.394,264.575,5.3880,0.0022581,3201.428
1068,3203.670,57.83883735,18.84015987,39.049,552.629,0.541,343.120,264.925,5.3540,0.0018405,3204.431
1069,3206.670,57.83883504,18.84010956,39.214,549.640,0.706,342.862,265.205,5.4088,0.0014284,3207.436
1070,3209.669,57.83883284,18.84005922,39.376,546.650,0.869,342.617,265.414,5.3783,0.0010204,3210.440
1071,3212.669,57.83883073,18.84000887,39.520,543.660,1.013,342.381,265.554,5.3445,0.0006146,3213.443
1072,3215.669,57.83882866,18.83995851,39.703,540.669,1.195,342.150,265.625,5.5066,0.0002096,3216.449
1073,3218.669,57.83882661,18.83990816,39.873,537.677,1.366,341.922,265.626,5.6177,-0.0001965,3219.454
1074,3221.669,57.83882455,18.83985780,40.022,534.686,1.515,341.692,265.559,5.8256,-0.0006052,3222.457
1075,3224.669,57.83882244,18.83980745,40.205,531.696,1.698,341.456,265.421,5.8760,-0.0010183,3225.463
1076,3227.669,57.83882025,18.83975711,40.393,528.706,1.885,341.211,265.213,5.9496,-0.0014376,3228.468
1077,3230.669,57.83881794,18.83970680,40.574,525.717,2.066,340.954,264.932,6.1458,-0.0018649,3231.474
1078,3233.669,57.83881548,18.83965650,40.756,522.730,2.249,340.680,264.578,6.2118,-0.0023019,3234.479
1079,3236.668,57.83881284,18.83960624,40.920,519.744,2.412,340.386,264.148,6.1937,-0.0027503,3237.483
1080,3239.668,57.83880998,18.83955602,41.131,516.761,2.624,340.067,263.641,5.9758,-0.0032116,3240.491
1081,3242.668,57.83880687,18.83950585,41.307,513.782,2.800,339.720,263.051,5.7348,-0.0036787,3243.496
1082,3245.668,57.83880346,18.83945576,41.467,510.806,2.960,339.340,262.360,5.4006,-0.0040857,3246.500
1083,3248.668,57.83879972,18.83940574,41.625,507.835,3.118,338.923,261.562,4.7035,-0.0043199,3249.504
1084,3251.668,57.83879561,18.83935583,41.731,504.871,3.224,338.465,260.690,3.9891,-0.0042634,3252.506
1085,3254.668,57.83879109,18.83930604,41.880,501.913,3.373,337.961,259.817,3.3844,-0.0038252,3255.509
1086,3257.668,57.83878613,18.83925640,41.964,498.965,3.457,337.408,259.048,2.7415,-0.0029646,3258.510
1087,3260.667,57.83878084,18.83920688,42.000,496.024,3.493,336.818,258.491,2.1455,-0.0017013,3261.510
1088,3263.667,57.83877536,18.83915743,42.093,493.086,3.585,336.208,258.237,1.6363,-0.0001132,3264.512
1089,3266.667,57.83876987,18.83910799,42.123,490.149,3.616,335.596,258.338,1.1725,0.0016784,3267.512
1090,3269.667,57.83876452,18.83905849,42.157,487.210,3.650,335.000,258.802,0.9440,0.0035259,3270.512
1091,3272.667,57.83875946,18.83900889,42.181,484.263,3.674,334.435,259.633,0.7630,0.0052018,3273.512
1092,3275.667,57.83875484,18.83895913,42.198,481.308,3.691,333.921,260.820,0.6923,0.0064491,3276.512
1093,3278.667,57.83875080,18.83890920,42.220,478.342,3.713,333.471,262.278,0.8663,0.0070351,3279.512
1094,3281.666,57.83874748,18.83885908,42.243,475.365,3.735,333.101,263.841,0.9621,0.0067937,3282.511
1095,3284.666,57.83874498,18.83880880,42.290,472.378,3.783,332.822,265.293,1.1167,0.0056637,3285.512
1096,3287.666,57.83874314,18.83875841,42.323,469.385,3.816,332.617,266.415,1.2137,0.0036969,3288.512
1097,3290.666,57.83874169,18.83870798,42.347,466.390,3.839,332.454,267.035,1.1668,0.0010340,3291.512
1098,3293.666,57.83874034,18.83865754,42.386,463.394,3.879,332.303,267.052,1.0678,-0.0021380,3294.512
1099,3296.666,57.83873882,18.83860711,42.425,460.399,3.918,332.135,266.443,0.8907,-0.0056338,3297.512
1100,3299.665,57.83873688,18.83855674,42.447,457.407,3.940,331.918,265.200,0.8526,-0.0092578,3300.512
1101,3302.665,57.83873423,18.83850649,42.460,454.422,3.953,331.622,263.267,0.6675,-0.0127988,3303.511
1102,3305.665,57.83873056,18.83845646,42.483,451.450,3.976,331.213,260.618,0.4646,-0.0160223,3306.511
1103,3308.664,57.83872554,18.83840684,42.491,448.503,3.984,330.654,257.322,0.3087,-0.0186608,3309.511
1104,3311.664,57.83871884,18.83835794,42.514,445.598,4.007,329.907,253.549,0.0789,-0.0204820,3312.510
1105,3314.663,57.83871026,18.83831008,42.491,442.756,3.984,328.951,249.530,-0.2064,-0.0213607,3315.509
1106,3317.662,57.83869989,18.83826348,42.495,439.988,3.987,327.796,245.509,-0.4575,-0.0213309,3318.509
1107,3320.661,57.83868786,18.83821830,42.475,437.304,3.968,326.456,241.676,-0.6215,-0.0205774,3321.508
1108,3323.661,57.83867433,18.83817464,42.444,434.711,3.937,324.949,238.130,-0.7982,-0.0193692,3324.508
1109,3326.660,57.83865945,18.83813255,42.428,432.211,3.921,323.291,234.876,-0.8028,-0.0179616,3327.507
1110,3329.660,57.83864338,18.83809203,42.407,429.805,3.900,321.501,231.890,-0.8277,-0.0165013,3330.507
1111,3332.659,57.83862625,18.83805306,42.376,427.490,3.869,319.593,229.166,-0.8313,-0.0150251,3333.507
1112,3335.659,57.83860820,18.83801558,42.344,425.264,3.837,317.582,226.701,-0.8149,-0.0135498,3336.506
1113,3338.659,57.83858935,18.83797951,42.337,423.122,3.830,315.483,224.494,-0.8917,-0.0120843,3339.506
1114,3341.659,57.83856981,18.83794475,42.305,421.057,3.798,313.306,222.542,-0.8983,-0.0106366,3342.506
1115,3344.658,57.83854969,18.83791118,42.267,419.063,3.760,311.065,220.842,-0.8053,-0.0092120,3345.506
1116,3347.658,57.83852908,18.83787865,42.258,417.131,3.750,308.770,219.390,-0.7751,-0.0078179,3348.506
1117,3350.658,57.83850808,18.83784702,42.217,415.253,3.710,306.431,218.178,-0.7265,-0.0064614,3351.506
1118,3353.658,57.83848677,18.83781615,42.212,413.420,3.704,304.057,217.201,-0.5599,-0.0051676,3354.506
1119,3356.658,57.83846520,18.83778590,42.205,411.623,3.697,301.654,216.458,-0.5175,-0.0039875,3357.506
1120,3359.658,57.83844345,18.83775611,42.172,409.854,3.664,299.232,215.933,-0.3826,-0.0029786,3360.506
1121,3362.657,57.83842158,18.83772663,42.165,408.103,3.658,296.796,215.586,-0.2979,-0.0021882,3363.506
1122,3365.657,57.83839964,18.83769732,42.162,406.363,3.655,294.352,215.364,-0.2764,-0.0016417,3366.505
1123,3368.657,57.83837767,18.83766811,42.147,404.628,3.639,291.905,215.205,-0.3987,-0.0013358,3369.505
1124,3371.657,57.83835565,18.83763902,42.157,402.900,3.649,289.453,215.054,-0.4590,-0.0012386,3372.505
1125,3374.657,57.83833359,18.83761006,42.117,401.180,3.610,286.995,214.873,-0.5313,-0.0012951,3375.505
1126,3377.657,57.83831146,18.83758125,42.108,399.469,3.601,284.531,214.649,-0.7225,-0.0014391,3378.505
1127,3380.657,57.83828927,18.83755263,42.060,397.769,3.553,282.059,214.387,-0.7335,-0.0016120,3381.506
1128,3383.657,57.83826701,18.83752421,42.078,396.081,3.570,279.579,214.095,-0.8055,-0.0017866,3384.506
1129,3386.657,57.83824466,18.83749601,42.044,394.406,3.537,277.090,213.773,-0.8656,-0.0019609,3387.506
1130,3389.656,57.83822223,18.83746805,41.985,392.746,3.477,274.592,213.421,-0.9847,-0.0021347,3390.506
1131,3392.656,57.83819970,18.83744037,41.993,391.102,3.486,272.082,213.038,-1.1977,-0.0023073,3393.506
1132,3395.656,57.83817707,18.83741298,41.932,389.475,3.425,269.562,212.626,-1.2776,-0.0024783,3396.507
1133,3398.656,57.83815433,18.83738591,41.899,387.868,3.391,267.029,212.185,-1.1382,-0.0026471,3399.507
1134,3401.656,57.83813148,18.83735918,41.872,386.280,3.365,264.484,211.715,-1.1153,-0.0028132,3402.507
1135,3404.656,57.83810850,18.83733281,41.812,384.714,3.304,261.925,211.216,-1.1392,-0.0029761,3405.507
1136,3407.656,57.83808541,18.83730683,41.820,383.171,3.313,259.352,210.689,-0.9512,-0.0031358,3408.507
1137,3410.656,57.83806218,18.83728126,41.771,381.652,3.264,256.765,210.138,-0.9105,-0.0033001,3411.507
1138,3413.655,57.83803882,18.83725612,41.741,380.159,3.233,254.163,209.563,-0.9515,-0.0034835,3414.507
1139,3416.655,57.83801532,18.83723144,41.711,378.693,3.204,251.546,208.962,-0.9975,-0.0037024,3417.507
1140,3419.655,57.83799168,18.83720723,41.690,377.256,3.183,248.913,208.325,-1.2332,-0.0039706,3420.507
1141,3422.655,57.83796790,18.83718352,41.653,375.848,3.145,246.264,207.640,-1.4089,-0.0042966,3423.507
1142,3425.655,57.83794396,18.83716037,41.590,374.473,3.083,243.598,206.892,-1.7799,-0.0046825,3426.508
1143,3428.655,57.83791986,18.83713784,41.553,373.135,3.046,240.913,206.068,-1.9914,-0.0051232,3429.508
1144,3431.655,57.83789557,18.83711599,41.475,371.837,2.968,238.208,205.157,-2.0595,-0.0056087,3432.509
1145,3434.655,57.83787109,18.83709492,41.412,370.585,2.904,235.482,204.156,-1.8146,-0.0061264,3435.509
1146,3437.654,57.83784642,18.83707468,41.360,369.384,2.852,232.734,203.063,-1.5692,-0.0066664,3438.510
1147,3440.654,57.83782153,18.83705537,41.324,368.237,2.817,229.962,201.875,-1.4050,-0.0072260,3441.510
1148,3443.654,57.83779643,18.83703707,41.283,367.150,2.776,227.166,200.589,-1.2422,-0.0078053,3444.510
1149,3446.654,57.83777110,18.83701987,41.265,366.129,2.758,224.345,199.201,-1.2858,-0.0084036,3447.510
1150,3449.654,57.83774555,18.83700387,41.203,365.178,2.695,221.500,197.708,-1.3535,-0.0090194,3450.510
1151,3452.653,57.83771979,18.83698917,41.162,364.306,2.655,218.630,196.106,-1.3342,-0.0096500,3453.510
1152,3455.653,57.83769380,18.83697587,41.126,363.516,2.618,215.736,194.392,-1.3863,-0.0102905,3456.510
1153,3458.653,57.83766761,18.83696408,41.086,362.816,2.578,212.819,192.564,-1.2967,-0.0109345,3459.510
1154,3461.653,57.83764123,18.83695392,41.051,362.213,2.544,209.880,190.622,-1.2724,-0.0115745,3462.510
1155,3464.652,57.83761467,18.83694549,41.017,361.712,2.509,206.923,188.565,-1.3402,-0.0121984,3465.510
1156,3467.652,57.83758797,18.83693889,40.956,361.321,2.448,203.949,186.393,-1.3318,-0.0127771,3468.510
1157,3470.652,57.83756115,18.83693425,40.946,361.045,2.439,200.962,184.111,-1.1925,-0.0132724,3471.510
1158,3473.651,57.83753426,18.83693164,40.883,360.890,2.375,197.966,181.737,-1.0338,-0.0136514,3474.510
1159,3476.651,57.83750732,18.83693116,40.870,360.862,2.363,194.966,179.303,-0.7699,-0.0138963,3477.510
1160,3479.651,57.83748041,18.83693287,40.848,360.964,2.341,191.968,176.843,-0.4662,-0.0140097,3480.510
1161,3482.650,57.83745355,18.83693676,40.843,361.195,2.336,188.978,174.389,-0.4019,-0.0140142,3483.510
1162,3485.650,57.83742681,18.83694277,40.825,361.553,2.318,185.999,171.962,-0.1339,-0.0139478,3486.509
1163,3488.650,57.83740023,18.83695088,40.834,362.034,2.326,183.039,169.569,-0.0207,-0.0138560,3489.509
1164,3491.649,57.83737385,18.83696104,40.830,362.639,2.322,180.100,167.202,0.0144,-0.0137814,3492.509
1165,3494.649,57.83734771,18.83697324,40.810,363.363,2.302,177.190,164.846,0.0082,-0.0137511,3495.508
1166,3497.649,57.83732186,18.83698743,40.850,364.206,2.342,174.311,162.490,0.0402,-0.0137705,3498.508
1167,3500.648,57.83729635,18.83700361,40.835,365.168,2.327,171.470,160.126,-0.0215,-0.0138382,3501.508
1168,3503.648,57.83727121,18.83702175,40.809,366.246,2.302,168.670,157.746,-0.1416,-0.0139526,3504.508
1169,3506.648,57.83724650,18.83704185,40.828,367.440,2.320,165.918,155.342,-0.2764,-0.0141119,3507.507
1170,3509.647,57.83722227,18.83706388,40.823,368.748,2.316,163.219,152.905,-0.3935,-0.0143137,3510.507
1171,3512.647,57.83719856,18.83708784,40.801,370.172,2.293,160.579,150.428,-0.1982,-0.0145553,3513.507
1172,3515.647,57.83717543,18.83711371,40.783,371.709,2.275,158.003,147.905,-0.1577,-0.0148331,3516.507
1173,3518.646,57.83715294,18.83714149,40.793,373.359,2.285,155.498,145.329,-0.1113,-0.0151426,3519.506
1174,3521.646,57.83713114,18.83717115,40.792,375.122,2.285,153.071,142.694,0.1168,-0.0154782,3522.506
1175,3524.646,57.83711011,18.83720268,40.810,376.995,2.303,150.728,139.990,0.2461,-0.0158102,3525.506
1176,3527.645,57.83708990,18.83723606,40.799,378.978,2.292,148.477,137.198,0.3858,-0.0160476,3528.505
1177,3530.645,57.83707058,18.83727124,40.815,381.068,2.308,146.326,134.327,0.5611,-0.0160702,3531.505
1178,3533.644,57.83705222,18.83730819,40.838,383.263,2.330,144.282,131.428,0.6537,-0.0157681,3534.504
1179,3536.644,57.83703490,18.83734686,40.853,385.560,2.345,142.352,128.590,0.6003,-0.0150717,3537.504
1180,3539.644,57.83701863,18.83738710,40.889,387.950,2.382,140.541,125.918,0.4301,-0.0139720,3540.504
1181,3542.643,57.83700333,18.83742866,40.894,390.419,2.386,138.837,123.512,0.0596,-0.0125225,3543.503
1182,3545.643,57.83698890,18.83747130,40.874,392.952,2.367,137.230,121.440,-0.1598,-0.0108240,3546.503
1183,3548.643,57.83697521,18.83751479,40.873,395.536,2.365,135.706,119.725,-0.2962,-0.0089985,3549.503
1184,3551.643,57.83696215,18.83755895,40.860,398.159,2.353,134.251,118.352,-0.3323,-0.0071567,3552.503
1185,3554.642,57.83694958,18.83760362,40.851,400.813,2.344,132.852,117.294,-0.2019,-0.0053583,3555.503
1186,3557.642,57.83693740,18.83764866,40.862,403.488,2.355,131.495,116.537,0.0420,-0.0036019,3558.503
1187,3560.642,57.83692546,18.83769394,40.850,406.178,2.342,130.166,116.074,0.2057,-0.0018728,3561.503
1188,3563.642,57.83691367,18.83773934,40.854,408.875,2.347,128.853,115.898,0.2559,-0.0001512,3564.502
1189,3566.642,57.83690188,18.83778475,40.870,411.573,2.363,127.541,116.012,0.2856,0.0015854,3567.502
1190,3569.642,57.83688999,18.83783006,40.898,414.264,2.391,126.216,116.419,0.1370,0.0033600,3570.502
1191,3572.642,57.83687786,18.83787516,40.880,416.943,2.372,124.866,117.128,0.0037,0.0051944,3573.502
1192,3575.641,57.83686538,18.83791990,40.867,419.601,2.359,123.475,118.153,-0.2660,0.0071069,3576.502
1193,3578.641,57.83685240,18.83796415,40.878,422.230,2.371,122.030,119.514,-0.4560,0.0091082,3579.502
1194,3581.641,57.83683879,18.83800773,40.842,424.819,2.334,120.515,121.237,-0.5733,0.0111727,3582.502
1195,3584.641,57.83682442,18.83805045,40.842,427.356,2.335,118.915,123.360,-0.5238,0.0132005,3585.502
1196,3587.640,57.83680916,18.83809206,40.813,429.828,2.306,117.215,125.887,-0.5676,0.0150558,3588.502
1197,3590.640,57.83679288,18.83813228,40.801,432.218,2.294,115.402,128.772,-0.5492,0.0166074,3591.501
1198,3593.640,57.83677546,18.83817079,40.784,434.506,2.276,113.462,131.927,-0.3107,0.0177600,3594.501
1199,3596.639,57.83675687,18.83820732,40.789,436.676,2.282,111.392,135.239,-0.1568,0.0184820,3597.500
1200,3599.638,57.83673717,18.83824175,40.775,438.721,2.267,109.198,138.598,0.2661,0.0188129,3600.500
1201,3602.638,57.83671644,18.83827399,40.785,440.637,2.278,106.890,141.929,0.5693,0.0188548,3603.499
1202,3605.637,57.83669477,18.83830397,40.820,442.417,2.313,104.476,145.198,0.9243,0.0187386,3606.499
1203,3608.637,57.83667223,18.83833160,40.839,444.059,2.331,101.966,148.417,1.1217,0.0185860,3609.498
1204,3611.636,57.83664890,18.83835683,40.895,445.558,2.387,99.368,151.606,1.1393,0.0184651,3612.498
1205,3614.636,57.83662486,18.83837960,40.909,446.911,2.402,96.691,154.777,1.0054,0.0183873,3615.498
1206,3617.635,57.83660019,18.83839984,40.952,448.114,2.444,93.943,157.937,0.7777,0.0183565,3618.498
1207,3620.635,57.83657496,18.83841751,40.957,449.163,2.450,91.133,161.096,0.5578,0.0183747,3621.497
1208,3623.634,57.83654925,18.83843254,40.966,450.057,2.459,88.270,164.262,0.2190,0.0184428,3624.497
1209,3626.634,57.83652313,18.83844488,40.986,450.790,2.478,85.361,167.445,-0.0055,0.0185593,3627.496
1210,3629.633,57.83649669,18.83845447,40.968,451.360,2.460,82.416,170.654,-0.4453,0.0187214,3630.496
1211,3632.633,57.83647000,18.83846125,40.958,451.763,2.450,79.444,173.897,-0.7947,0.0189243,3633.495
1212,3635.632,57.83644315,18.83846518,40.922,451.997,2.414,76.454,177.181,-1.1808,0.0191614,3636.495
1213,3638.632,57.83641623,18.83846620,40.893,452.058,2.386,73.455,180.516,-1.3102,0.0194143,3639.495
1214,3641.631,57.83638932,18.83846426,40.831,451.943,2.324,70.458,183.915,-1.2948,0.0196252,3642.495
1215,3644.631,57.83636251,18.83845932,40.805,451.650,2.297,67.473,187.379,-1.0931,0.0197090,3645.494
1216,3647.630,57.83633592,18.83845136,40.771,451.177,2.264,64.511,190.877,-0.8345,0.0195820,3648.494
1217,3650.630,57.83630964,18.83844035,40.761,450.524,2.254,61.583,194.352,-0.7131,0.0191861,3651.493
1218,3653.629,57.83628376,18.83842635,40.727,449.692,2.220,58.701,197.730,-0.6496,0.0185070,3654.493
1219,3656.628,57.83625836,18.83840955,40.728,448.695,2.221,55.873,200.940,-0.9356,0.0175759,3657.492
1220,3659.628,57.83623348,18.83839022,40.679,447.547,2.172,53.101,203.928,-1.2523,0.0164653,3660.492
1221,3662.628,57.83620914,18.83836861,40.638,446.263,2.131,50.390,206.672,-1.6326,0.0152677,3663.492
1222,3665.627,57.83618535,18.83834493,40.596,444.857,2.088,47.741,209.183,-1.8897,0.0140735,3666.492
1223,3668.627,57.83616211,18.83831941,40.514,443.341,2.006,45.152,211.483,-1.9512,0.0129437,3669.493
1224,3671.627,57.83613941,18.83829223,40.462,441.727,1.954,42.624,213.593,-1.9185,0.0118953,3672.493
1225,3674.626,57.83611724,18.83826357,40.398,440.025,1.891,40.154,215.528,-2.2230,0.0109303,3675.494
1226,3677.626,57.83609557,18.83823358,40.344,438.243,1.837,37.740,217.305,-2.4268,0.0100475,3678.494
1227,3680.626,57.83607439,18.83820239,40.287,436.391,1.779,35.381,218.938,-2.6491,0.0092422,3681.494
1228,3683.626,57.83605366,18.83817013,40.171,434.475,1.664,33.073,220.441,-2.9401,0.0085091,3684.496
1229,3686.626,57.83603338,18.83813690,40.060,432.501,1.552,30.814,221.825,-3.0637,0.0078413,3687.498
1230,3689.625,57.83601352,18.83810280,40.008,430.476,1.500,28.601,223.101,-2.9923,0.0072320,3690.498
1231,3692.625,57.83599404,18.83806791,39.909,428.403,1.402,26.432,224.280,-2.7760,0.0066744,3693.500
1232,3695.625,57.83597494,18.83803230,39.824,426.288,1.317,24.304,225.368,-2.5279,0.0061617,3696.501
1233,3698.625,57.83595619,18.83799605,39.748,424.135,1.241,22.216,226.373,-2.4264,0.0056903,3699.502
1234,3701.625,57.83593777,18.83795920,39.687,421.947,1.179,20.164,227.301,-2.3086,0.0052593,3702.502
1235,3704.625,57.83591966,18.83792183,39.609,419.727,1.102,18.146,228.156,-2.1530,0.0048686,3705.503
1236,3707.625,57.83590184,18.83788397,39.547,417.478,1.039,16.161,228.949,-2.3398,0.0045150,3708.504
1237,3710.624,57.83588428,18.83784567,39.479,415.203,0.972,14.206,229.686,-2.7487,0.0041919,3711.504
1238,3713.624,57.83586698,18.83780696,39.394,412.904,0.887,12.278,230.374,-3.3373,0.0038895,3714.505
1239,3716.624,57.83584992,18.83776789,39.281,410.583,0.774,10.378,231.018,-3.7910,0.0035949,3717.507
1240,3719.624,57.83583309,18.83772846,39.149,408.241,0.642,8.503,231.616,-4.3904,0.0032954,3720.510
1241,3722.624,57.83581647,18.83768872,39.006,405.880,0.499,6.652,232.165,-4.8391,0.0029792,3723.513
1242,3725.624,57.83580004,18.83764870,38.859,403.503,0.352,4.822,232.658,-5.1055,0.0026391,3726.517
1243,3728.624,57.83578379,18.83760843,38.724,401.111,0.217,3.012,233.089,-5.4968,0.0022735,3729.520
1244,3731.624,57.83576768,18.83756794,38.516,398.707,0.009,1.218,233.454,-6.0629,0.0018860,3732.527
1245,3734.623,57.83575171,18.83752729,38.351,396.292,-0.156,-0.562,233.750,-6.5193,0.0014807,3735.531
1246,3737.623,57.83573583,18.83748650,38.154,393.869,-0.353,-2.331,233.972,-7.2564,0.0010622,3738.538
1247,3740.623,57.83572002,18.83744561,37.903,391.440,-0.605,-4.092,234.120,-7.8043,0.0006354,3741.548
1248,3743.623,57.83570425,18.83740467,37.672,389.008,-0.836,-5.848,234.193,-8.2752,0.0002052,3744.557
1249,3746.623,57.83568850,18.83736371,37.448,386.575,-1.060,-7.603,234.190,-8.1965,-0.0002234,3747.565
1250,3749.623,57.83567273,18.83732277,37.138,384.143,-1.370,-9.359,234.112,-7.9860,-0.0006452,3750.581
1251,3752.623,57.83565691,18.83728189,36.933,381.715,-1.574,-11.121,233.959,-7.8294,-0.0010499,3753.588
1252,3755.623,57.83564103,18.83724110,36.687,379.292,-1.821,-12.890,233.724,-7.7878,-0.0013947,3756.598
1253,3758.622,57.83562505,18.83720045,36.524,376.878,-1.984,-14.670,233.413,-8.2147,-0.0016170,3759.602
1254,3761.622,57.83560894,18.83715997,36.190,374.473,-2.317,-16.464,233.049,-9.0312,-0.0016580,3762.620
1255,3764.622,57.83559270,18.83711969,35.932,372.081,-2.575,-18.274,232.679,-10.2154,-0.0014786,3765.631
1256,3767.622,57.83557629,18.83707964,35.631,369.701,-2.876,-20.101,232.362,-10.9543,-0.0010677,3768.646
1257,3770.622,57.83555979,18.83703973,35.231,367.331,-3.276,-21.940,232.153,-11.9979,-0.0004435,3771.673
1258,3773.622,57.83554324,18.83699989,34.888,364.965,-3.620,-23.783,232.097,-12.6310,0.0003505,3774.692
1259,3776.622,57.83552670,18.83696002,34.520,362.596,-3.987,-25.624,232.216,-13.0079,0.0012565,3777.715
1260,3779.622,57.83551025,18.83692003,34.123,360.221,-4.385,-27.457,232.510,-13.6061,0.0022177,3780.741
1261,3782.622,57.83549395,18.83687984,33.631,357.834,-4.876,-29.273,232.975,-14.6936,0.0031780,3783.780
1262,3785.621,57.83547784,18.83683937,33.261,355.429,-5.246,-31.067,233.624,-15.2896,0.0040711,3786.803
1263,3788.621,57.83546200,18.83679852,32.845,353.003,-5.663,-32.832,234.454,-15.6845,0.0048187,3789.832
1264,3791.621,57.83544650,18.83675722,32.221,350.550,-6.286,-34.558,235.432,-15.7858,0.0053442,3792.896
1265,3794.621,57.83543142,18.83671538,31.759,348.065,-6.748,-36.238,236.500,-16.1867,0.0055926,3795.931
1266,3797.621,57.83541679,18.83667298,31.406,345.546,-7.101,-37.868,237.584,-16.2979,0.0055437,3798.951
1267,3800.621,57.83540258,18.83663008,30.831,342.998,-7.677,-39.451,238.610,-16.1353,0.0052170,3802.006
1268,3803.621,57.83538875,18.83658674,30.364,340.424,-8.144,-40.991,239.522,-16.4648,0.0046673,3805.042
1269,3806.620,57.83537526,18.83654304,29.814,337.827,-8.694,-42.494,240.292,-17.0401,0.0039726,3808.092
1270,3809.620,57.83536204,18.83649903,29.394,335.213,-9.114,-43.966,240.916,-17.0134,0.0032166,3811.121
1271,3812.620,57.83534906,18.83645479,28.824,332.585,-9.683,-45.412,241.397,-16.1572,0.0024746,3814.174
1272,3815.620,57.83533625,18.83641037,28.322,329.946,-10.185,-46.839,241.734,-15.9053,0.0017968,3817.216
1273,3818.620,57.83532356,18.83636583,27.917,327.301,-10.591,-48.253,241.942,-15.0631,0.0012267,3820.243
1274,3821.620,57.83531092,18.83632123,27.437,324.651,-11.070,-49.660,242.052,-14.3863,0.0007946,3823.281
1275,3824.620,57.83529830,18.83627661,27.062,322.001,-11.446,-51.066,242.100,-13.7221,0.0005116,3826.304
1276,3827.620,57.83528569,18.83623199,26.602,319.350,-11.905,-52.471,242.124,-13.2701,0.0003682,3829.339
1277,3830.619,57.83527310,18.83618735,26.277,316.699,-12.231,-53.874,242.153,-12.4653,0.0003362,3832.357
1278,3833.619,57.83526053,18.83614269,25.874,314.046,-12.634,-55.274,242.202,-11.0322,0.0003761,3835.384
1279,3836.619,57.83524798,18.83609800,25.525,311.391,-12.982,-56.671,242.271,-9.9223,0.0004474,3838.404
1280,3839.619,57.83523547,18.83605328,25.309,308.735,-13.198,-58.065,242.355,-8.5217,0.0005228,3841.411
1281,3842.619,57.83522299,18.83600853,25.066,306.076,-13.441,-59.455,242.451,-7.3938,0.0005980,3844.421
1282,3845.619,57.83521056,18.83596373,24.877,303.415,-13.631,-60.840,242.560,-6.3268,0.0006729,3847.427
1283,3848.619,57.83519817,18.83591888,24.638,300.752,-13.869,-62.220,242.682,-5.6485,0.0007477,3850.436
1284,3851.619,57.83518584,18.83587399,24.523,298.085,-13.984,-63.593,242.817,-5.0460,0.0008223,3853.438
1285,3854.619,57.83517357,18.83582903,24.380,295.414,-14.127,-64.960,242.965,-4.1444,0.0008969,3856.442
1286,3857.618,57.83516136,18.83578402,24.240,292.740,-14.267,-66.320,243.126,-3.6670,0.0009714,3859.445
1287,3860.618,57.83514922,18.83573894,24.161,290.062,-14.346,-67.672,243.299,-3.4568,0.0010461,3862.446
1288,3863.618,57.83513716,18.83569379,24.050,287.380,-14.457,-69.016,243.485,-3.5640,0.0011208,3865.448
1289,3866.618,57.83512518,18.83564856,23.963,284.694,-14.544,-70.351,243.684,-3.5743,0.0011958,3868.449
1290,3869.618,57.83511328,18.83560325,23.818,282.002,-14.689,-71.676,243.896,-3.8151,0.0012709,3871.452
1291,3872.618,57.83510148,18.83555786,23.711,279.306,-14.796,-72.990,244.121,-3.9105,0.0013464,3874.454
1292,3875.618,57.83508978,18.83551238,23.611,276.604,-14.896,-74.294,244.359,-3.5894,0.0014221,3877.456
1293,3878.618,57.83507817,18.83546680,23.489,273.897,-15.018,-75.586,244.610,-3.2486,0.0014982,3880.458
1294,3881.618,57.83506668,18.83542113,23.390,271.184,-15.117,-76.867,244.874,-2.8103,0.0015747,3883.459
1295,3884.617,57.83505531,18.83537535,23.334,268.465,-15.173,-78.134,245.151,-2.5412,0.0016516,3886.460
1296,3887.617,57.83504405,18.83532948,23.273,265.739,-15.234,-79.388,245.441,-2.1169,0.0017290,3889.460
1297,3890.617,57.83503292,18.83528349,23.195,263.008,-15.312,-80.627,245.745,-1.5146,0.0018069,3892.461
1298,3893.617,57.83502192,18.83523739,23.153,260.269,-15.354,-81.852,246.062,-1.0176,0.0018852,3895.461
1299,3896.617,57.83501107,18.83519117,23.124,257.524,-15.384,-83.061,246.392,-0.6379,0.0019641,3898.461
1300,3899.617,57.83500036,18.83514484,23.130,254.771,-15.377,-84.255,246.737,-0.1753,0.0020436,3901.461
1301,3902.617,57.83498980,18.83509838,23.147,252.012,-15.361,-85.431,247.095,0.0070,0.0021236,3904.461
1302,3905.617,57.83497940,18.83505180,23.123,249.245,-15.385,-86.590,247.466,-0.1176,0.0022042,3907.461
1303,3908.617,57.83496916,18.83500509,23.109,246.470,-15.399,-87.730,247.852,-0.2014,0.0022853,3910.461
1304,3911.616,57.83495909,18.83495825,23.127,243.688,-15.381,-88.851,248.252,-0.2981,0.0023669,3913.461
1305,3914.616,57.83494920,18.83491128,23.099,240.897,-15.408,-89.953,248.666,-0.1138,0.0024491,3916.461
1306,3917.616,57.83493950,18.83486417,23.096,238.099,-15.411,-91.034,249.093,0.0804,0.0025319,3919.461
1307,3920.616,57.83492998,18.83481693,23.113,235.292,-15.395,-92.093,249.536,0.2373,0.0026150,3922.461
1308,3923.616,57.83492067,18.83476955,23.109,232.478,-15.398,-93.131,249.992,0.3684,0.0026987,3925.461
1309,3926.616,57.83491156,18.83472202,23.142,229.655,-15.365,-94.146,250.463,0.4953,0.0027828,3928.461
1310,3929.616,57.83490266,18.83467436,23.137,226.823,-15.371,-95.137,250.949,0.3231,0.0028672,3931.461
1311,3932.616,57.83489398,18.83462655,23.163,223.984,-15.345,-96.104,251.449,0.2135,0.0029521,3934.461
1312,3935.615,57.83488553,18.83457861,23.157,221.135,-15.350,-97.046,251.963,0.1222,0.0030373,3937.461
1313,3938.615,57.83487731,18.83453052,23.160,218.279,-15.347,-97.962,252.493,0.0915,0.0031229,3940.461
1314,3941.615,57.83486933,18.83448229,23.152,215.413,-15.355,-98.850,253.037,0.1885,0.0032090,3943.460
1315,3944.615,57.83486159,18.83443391,23.172,212.540,-15.335,-99.712,253.596,0.1540,0.0032954,3946.460
1316,3947.615,57.83485412,18.83438540,23.170,209.658,-15.337,-100.545,254.170,0.0441,0.0033821,3949.460
1317,3950.615,57.83484690,18.83433674,23.185,206.768,-15.322,-101.348,254.759,-0.0690,0.0034690,3952.460
1318,3953.615,57.83483996,18.83428795,23.174,203.869,-15.334,-102.122,255.362,-0.2335,0.0035562,3955.460
1319,3956.615,57.83483330,18.83423902,23.154,200.963,-15.353,-102.864,255.981,-0.2660,0.0036435,3958.460
1320,3959.614,57.83482692,18.83418996,23.138,198.048,-15.370,-103.575,256.615,-0.1737,0.0037307,3961.460
1321,3962.614,57.83482083,18.83414077,23.159,195.126,-15.348,-104.253,257.264,-0.1057,0.0038177,3964.460
1322,3965.614,57.83481505,18.83409145,23.140,192.196,-15.367,-104.897,257.928,0.0011,0.0039042,3967.460
1323,3968.614,57.83480957,18.83404200,23.161,189.259,-15.347,-105.507,258.607,0.0694,0.0039902,3970.460
1324,3971.614,57.83480441,18.83399244,23.145,186.315,-15.362,-106.082,259.301,0.0352,0.0040755,3973.460
1325,3974.614,57.83479957,18.83394276,23.143,183.364,-15.365,-106.621,260.009,-0.1104,0.0041598,3976.460
1326,3977.614,57.83479507,18.83389298,23.146,180.406,-15.362,-107.123,260.732,-0.2074,0.0042428,3979.459
1327,3980.614,57.83479090,18.83384309,23.151,177.442,-15.356,-107.587,261.471,-0.3260,0.0043177,3982.459
1328,3983.613,57.83478708,18.83379310,23.127,174.473,-15.380,-108.012,262.229,-0.2840,0.0043656,3985.459
1329,3986.613,57.83478361,18.83374302,23.104,171.498,-15.404,-108.399,263.001,-0.3554,0.0043639,3988.459
1330,3989.613,57.83478051,18.83369286,23.103,168.518,-15.405,-108.745,263.778,-0.3405,0.0042930,3991.459
1331,3992.613,57.83477777,18.83364262,23.107,165.534,-15.400,-109.050,264.539,-0.3015,0.0041416,3994.459
1332,3995.613,57.83477538,18.83359232,23.096,162.546,-15.411,-109.316,265.264,-0.2490,0.0039089,3997.459
1333,3998.613,57.83477333,18.83354197,23.076,159.555,-15.431,-109.545,265.934,-0.3039,0.0036051,4000.459
1334,4001.613,57.83477157,18.83349158,23.076,156.561,-15.431,-109.741,266.536,-0.1380,0.0032487,4003.459
1335,4004.612,57.83477007,18.83344116,23.068,153.566,-15.440,-109.908,267.065,0.1310,0.0028628,4006.459
1336,4007.612,57.83476880,18.83339072,23.076,150.569,-15.431,-110.050,267.522,0.4579,0.0024685,4009.458
1337,4010.612,57.83476773,18.83334026,23.091,147.572,-15.416,-110.169,267.912,0.6465,0.0020759,4012.458
1338,4013.612,57.83476683,18.83328979,23.138,144.574,-15.369,-110.269,268.234,0.7147,0.0016858,4015.459
1339,4016.612,57.83476606,18.83323931,23.139,141.575,-15.368,-110.355,268.490,0.7635,0.0012979,4018.458
1340,4019.612,57.83476540,18.83318882,23.166,138.576,-15.341,-110.429,268.679,0.6966,0.0009117,4021.458
1341,4022.612,57.83476481,18.83313834,23.178,135.577,-15.329,-110.494,268.803,0.6543,0.0005269,4024.458
1342,4025.612,57.83476426,18.83308785,23.204,132.577,-15.304,-110.555,268.860,0.5972,0.0001429,4027.458
1343,4028.612,57.83476373,18.83303736,23.227,129.578,-15.280,-110.615,268.852,0.6722,-0.0002408,4030.458
1344,4031.611,57.83476318,18.83298687,23.240,126.579,-15.267,-110.677,268.777,0.5812,-0.0006247,4033.458
1345,4034.611,57.83476257,18.83293638,23.260,123.580,-15.247,-110.744,268.637,0.5910,-0.0010087,4036.458
1346,4037.611,57.83476189,18.83288590,23.271,120.581,-15.237,-110.820,268.428,0.5317,-0.0013821,4039.458
1347,4040.611,57.83476109,18.83283543,23.300,117.582,-15.207,-110.909,268.147,0.6500,-0.0017240,4042.458
1348,4043.611,57.83476015,18.83278496,23.308,114.584,-15.199,-111.014,267.801,0.7663,-0.0020115,4045.458
1349,4046.611,57.83475903,18.83273450,23.339,111.587,-15.168,-111.139,267.403,0.8649,-0.0022262,4048.458
1350,4049.611,57.83475771,18.83268406,23.357,108.591,-15.150,-111.286,266.973,0.9375,-0.0023585,4051.458
1351,4052.611,57.83475617,18.83263365,23.408,105.596,-15.100,-111.457,266.531,0.9836,-0.0024097,4054.458
1352,4055.611,57.83475444,18.83258325,23.424,102.602,-15.083,-111.651,266.096,1.1028,-0.0023915,4057.458
1353,4058.610,57.83475250,18.83253289,23.459,99.610,-15.048,-111.866,265.680,1.2010,-0.0023239,4060.458
1354,4061.610,57.83475038,18.83248254,23.491,96.619,-15.016,-112.103,265.285,1.3135,-0.0022299,4063.458
1355,4064.610,57.83474808,18.83243223,23.537,93.631,-14.970,-112.359,264.910,1.4060,-0.0021283,4066.459
1356,4067.610,57.83474561,18.83238194,23.588,90.643,-14.920,-112.634,264.553,1.5878,-0.0020259,4069.459
1357,4070.610,57.83474297,18.83233169,23.632,87.658,-14.875,-112.928,264.214,1.5085,-0.0019228,4072.459
1358,4073.610,57.83474018,18.83228146,23.669,84.674,-14.838,-113.239,263.892,1.4127,-0.0018193,4075.459
1359,4076.610,57.83473724,18.83223126,23.719,81.692,-14.789,-113.566,263.588,1.2503,-0.0017152,4078.460
1360,4079.610,57.83473417,18.83218109,23.758,78.712,-14.749,-113.909,263.302,1.0561,-0.0016108,4081.460
1361,4082.609,57.83473096,18.83213095,23.771,75.733,-14.737,-114.266,263.034,0.9809,-0.0015060,4084.460
1362,4085.609,57.83472764,18.83208084,23.811,72.756,-14.696,-114.636,262.784,0.8600,-0.0014010,4087.460
1363,4088.609,57.83472420,18.83203076,23.831,69.781,-14.676,-115.019,262.552,0.8372,-0.0012959,4090.460
1364,4091.609,57.83472066,18.83198070,23.851,66.807,-14.656,-115.414,262.338,0.8964,-0.0011905,4093.460
1365,4094.609,57.83471702,18.83193066,23.893,63.835,-14.614,-115.819,262.143,0.8621,-0.0010851,4096.460
1366,4097.609,57.83471330,18.83188065,23.902,60.864,-14.606,-116.233,261.965,0.7917,-0.0009796,4099.460
1367,4100.609,57.83470949,18.83183065,23.942,57.894,-14.565,-116.657,261.806,0.7353,-0.0008742,4102.460
1368,4103.609,57.83470562,18.83178068,23.956,54.925,-14.551,-117.088,261.665,0.7317,-0.0007687,4105.460
1369,4106.609,57.83470169,18.83173072,23.968,51.957,-14.539,-117.526,261.542,0.7638,-0.0006633,4108.460
1370,4109.608,57.83469770,18.83168078,24.002,48.991,-14.506,-117.970,261.437,0.8251,-0.0005580,4111.460
1371,4112.608,57.83469367,18.83163085,24.018,46.024,-14.490,-118.419,261.350,0.7918,-0.0004527,4114.460
1372,4115.608,57.83468960,18.83158093,24.062,43.059,-14.445,-118.872,261.281,0.8836,-0.0003476,4117.460
1373,4118.608,57.83468551,18.83153102,24.076,40.094,-14.432,-119.329,261.231,0.7664,-0.0002425,4120.460
1374,4121.608,57.83468139,18.83148111,24.093,37.129,-14.414,-119.787,261.198,0.7740,-0.0001376,4123.460
1375,4124.608,57.83467727,18.83143121,24.119,34.165,-14.388,-120.246,261.183,0.8218,-0.0000328,4126.460
1376,4127.608,57.83467314,18.83138130,24.150,31.200,-14.357,-120.706,261.187,0.7500,0.0000718,4129.460
1377,4130.608,57.83466902,18.83133140,24.156,28.236,-14.352,-121.165,261.208,0.8411,0.0001763,4132.460
1378,4133.608,57.83466491,18.83128149,24.210,25.271,-14.298,-121.623,261.248,0.7284,0.0002807,4135.460
1379,4136.607,57.83466082,18.83123158,24.209,22.306,-14.299,-122.078,261.305,0.5892,0.0003848,4138.460
1380,4139.607,57.83465677,18.83118166,24.218,19.340,-14.290,-122.530,261.380,0.3329,0.0004888,4141.460
1381,4142.607,57.83465275,18.83113172,24.251,16.374,-14.256,-122.977,261.473,0.0855,0.0005926,4144.460
1382,4145.607,57.83464878,18.83108177,24.230,13.407,-14.277,-123.419,261.584,-0.0094,0.0006962,4147.460
1383,4148.607,57.83464487,18.83103181,24.233,10.439,-14.274,-123.855,261.713,-0.1578,0.0007990,4150.460
1384,4151.607,57.83464102,18.83098183,24.211,7.469,-14.296,-124.283,261.861,-0.3326,0.0008954,4153.460
1385,4154.607,57.83463725,18.83093183,24.222,4.499,-14.286,-124.704,262.029,-0.4059,0.0009753,4156.460
1386,4157.607,57.83463355,18.83088181,24.227,1.528,-14.280,-125.116,262.213,-0.1055,0.0010280,4159.460
1387,4160.607,57.83462994,18.83083177,24.172,-1.445,-14.335,-125.517,262.408,0.0029,0.0010452,4162.460
1388,4163.606,57.83462643,18.83078170,24.204,-4.419,-14.303,-125.909,262.603,0.2488,0.0010230,4165.460
1389,4166.606,57.83462301,18.83073161,24.210,-7.395,-14.297,-126.290,262.788,0.2769,0.0009628,4168.460
1390,4169.606,57.83461967,18.83068150,24.254,-10.372,-14.254,-126.661,262.956,0.5224,0.0008707,4171.460
1391,4172.606,57.83461640,18.83063137,24.227,-13.349,-14.280,-127.025,263.100,0.4264,0.0007565,4174.460
1392,4175.606,57.83461320,18.83058123,24.257,-16.328,-14.250,-127.382,263.220,0.1864,0.0006313,4177.460
1393,4178.606,57.83461004,18.83053108,24.243,-19.307,-14.265,-127.734,263.318,0.0338,0.0005035,4180.460
1394,4181.606,57.83460692,18.83048092,24.284,-22.287,-14.224,-128.081,263.393,0.1159,0.0003760,4183.460
1395,4184.606,57.83460384,18.83043076,24.239,-25.267,-14.269,-128.425,263.447,0.1909,0.0002486,4186.461
1396,4187.606,57.83460077,18.83038059,24.271,-28.248,-14.236,-128.766,263.479,0.1932,0.0001213,4189.461
1397,4190.605,57.83459772,18.83033041,24.257,-31.228,-14.250,-129.106,263.489,0.2429,-0.0000059,4192.461
1398,4193.605,57.83459466,18.83028024,24.308,-34.209,-14.200,-129.447,263.477,0.2223,-0.0001331,4195.461
1399,4196.605,57.83459159,18.83023007,24.276,-37.189,-14.232,-129.788,263.443,0.2458,-0.0002605,4198.461
1400,4199.605,57.83458850,18.83017991,24.304,-40.169,-14.203,-130.132,263.387,0.1908,-0.0003879,4201.461
1401,4202.605,57.83458539,18.83012975,24.291,-43.149,-14.216,-130.480,263.310,0.4415,-0.0005156,4204.461
1402,4205.605,57.83458222,18.83007960,24.315,-46.128,-14.192,-130.832,263.210,0.4928,-0.0006436,4207.461
1403,4208.605,57.83457901,18.83002946,24.327,-49.106,-14.180,-131.190,263.089,0.7948,-0.0007719,4210.461
1404,4211.605,57.83457574,18.82997933,24.376,-52.084,-14.131,-131.554,262.945,0.8051,-0.0009005,4213.461
1405,4214.605,57.83457239,18.82992923,24.396,-55.061,-14.111,-131.927,262.779,1.0898,-0.0010296,4216.461
1406,4217.604,57.83456896,18.82987914,24.398,-58.036,-14.109,-132.309,262.591,1.0471,-0.0011591,4219.461
1407,4220.604,57.83456544,18.82982907,24.461,-61.010,-14.046,-132.701,262.381,1.1557,-0.0012892,4222.461
1408,4223.604,57.83456182,18.82977904,24.484,-63.983,-14.024,-133.104,262.149,1.2385,-0.0014197,4225.461
1409,4226.604,57.83455808,18.82972903,24.546,-66.954,-13.961,-133.521,261.893,1.1590,-0.0015508,4228.462
1410,4229.604,57.83455422,18.82967905,24.539,-69.923,-13.968,-133.951,261.616,1.0779,-0.0016824,4231.462
1411,4232.604,57.83455022,18.82962911,24.605,-72.889,-13.902,-134.396,261.315,0.9297,-0.0018146,4234.462
1412,4235.604,57.83454608,18.82957921,24.617,-75.854,-13.890,-134.857,260.992,0.8275,-0.0019472,4237.462
1413,4238.604,57.83454178,18.82952936,24.617,-78.815,-13.891,-135.336,260.646,0.5826,-0.0020804,4240.462
1414,4241.603,57.83453732,18.82947956,24.680,-81.773,-13.827,-135.833,260.277,0.5400,-0.0022140,4243.463
1415,4244.603,57.83453268,18.82942982,24.674,-84.729,-13.833,-136.349,259.885,0.4988,-0.0023480,4246.463
1416,4247.603,57.83452785,18.82938013,24.671,-87.680,-13.836,-136.887,259.470,0.7120,-0.0024822,4249.463
1417,4250.603,57.83452283,18.82933052,24.694,-90.627,-13.814,-137.446,259.032,0.6824,-0.0026167,4252.463
1418,4253.603,57.83451760,18.82928098,24.740,-93.570,-13.767,-138.029,258.571,0.7291,-0.0027513,4255.463
1419,4256.603,57.83451215,18.82923153,24.770,-96.508,-13.738,-138.635,258.086,0.9771,-0.0028858,4258.463
1420,4259.603,57.83450647,18.82918217,24.782,-99.440,-13.725,-139.268,257.578,0.9910,-0.0030198,4261.463
1421,4262.603,57.83450056,18.82913290,24.791,-102.367,-13.716,-139.926,257.046,0.8415,-0.0031498,4264.463
1422,4265.603,57.83449439,18.82908374,24.846,-105.287,-13.661,-140.613,256.490,0.6633,-0.0032685,4267.463
1423,4268.602,57.83448797,18.82903470,24.872,-108.201,-13.635,-141.328,255.911,0.7660,-0.0033685,4270.463
1424,4271.602,57.83448128,18.82898578,24.885,-111.107,-13.622,-142.073,255.314,0.8899,-0.0034439,4273.463
1425,4274.602,57.83447431,18.82893701,24.888,-114.004,-13.619,-142.849,254.706,0.9100,-0.0034918,4276.463
1426,4277.602,57.83446707,18.82888837,24.921,-116.894,-13.587,-143.656,254.093,1.0460,-0.0035128,4279.463
1427,4280.602,57.83445954,18.82883988,24.992,-119.774,-13.515,-144.494,253.482,1.3119,-0.0035113,4282.463
1428,4283.602,57.83445175,18.82879154,25.011,-122.646,-13.496,-145.362,252.877,1.2058,-0.0034939,4285.463
1429,4286.602,57.83444368,18.82874336,25.035,-125.508,-13.473,-146.260,252.277,0.9883,-0.0034685,4288.463
1430,4289.602,57.83443535,18.82869534,25.083,-128.361,-13.425,-147.188,251.684,0.5930,-0.0034411,4291.464
1431,4292.601,57.83442675,18.82864749,25.088,-131.204,-13.420,-148.146,251.094,0.2523,-0.0034139,4294.464
1432,4295.601,57.83441789,18.82859980,25.067,-134.037,-13.440,-149.132,250.510,0.0520,-0.0033871,4297.463
1433,4298.601,57.83440878,18.82855228,25.096,-136.859,-13.411,-150.147,249.930,-0.2728,-0.0033605,4300.463
1434,4301.601,57.83439940,18.82850493,25.070,-139.672,-13.437,-151.191,249.355,-0.3848,-0.0033343,4303.463
1435,4304.601,57.83438978,18.82845777,25.060,-142.474,-13.448,-152.263,248.784,-0.2954,-0.0033085,4306.463
1436,4307.601,57.83437991,18.82841079,25.049,-145.265,-13.458,-153.362,248.217,-0.2691,-0.0032831,4309.463
1437,4310.601,57.83436979,18.82836399,25.034,-148.045,-13.473,-154.489,247.655,-0.2595,-0.0032580,4312.463
1438,4313.601,57.83435943,18.82831737,25.047,-150.814,-13.460,-155.643,247.097,-0.1680,-0.0032334,4315.463
1439,4316.600,57.83434882,18.82827095,25.036,-153.572,-13.471,-156.824,246.544,-0.2552,-0.0032092,4318.463
1440,4319.600,57.83433798,18.82822473,25.024,-156.318,-13.483,-158.031,245.994,-0.3131,-0.0031831,4321.463
1441,4322.600,57.83432691,18.82817870,25.014,-159.053,-13.494,-159.265,245.446,-0.3669,-0.0031500,4324.463
1442,4325.600,57.83431560,18.82813286,24.997,-161.775,-13.510,-160.524,244.903,-0.3461,-0.0031032,4327.463
1443,4328.600,57.83430406,18.82808723,24.990,-164.486,-13.517,-161.809,244.366,-0.2992,-0.0030372,4330.463
1444,4331.600,57.83429230,18.82804181,24.984,-167.185,-13.523,-163.119,243.841,-0.4464,-0.0029488,4333.462
1445,4334.600,57.83428031,18.82799658,24.973,-169.871,-13.535,-164.454,243.335,-0.4997,-0.0028377,4336.462
1446,4337.600,57.83426812,18.82795156,24.961,-172.546,-13.546,-165.812,242.851,-0.6424,-0.0027065,4339.462
1447,4340.599,57.83425573,18.82790672,24.924,-175.210,-13.583,-167.191,242.395,-0.6478,-0.0025604,4342.462
1448,4343.599,57.83424316,18.82786206,24.898,-177.863,-13.609,-168.592,241.967,-0.5203,-0.0024059,4345.462
1449,4346.599,57.83423041,18.82781757,24.907,-180.506,-13.601,-170.011,241.567,-0.5941,-0.0022487,4348.462
1450,4349.599,57.83421751,18.82777324,24.869,-183.140,-13.639,-171.448,241.194,-0.6024,-0.0020916,4351.462
1451,4352.599,57.83420446,18.82772907,24.880,-185.764,-13.627,-172.901,240.848,-0.7064,-0.0019348,4354.462
1452,4355.599,57.83419127,18.82768504,24.846,-188.379,-13.661,-174.370,240.529,-0.7454,-0.0017784,4357.462
1453,4358.599,57.83417796,18.82764114,24.786,-190.987,-13.721,-175.853,240.237,-0.7607,-0.0016224,4360.463
1454,4361.599,57.83416453,18.82759736,24.800,-193.588,-13.708,-177.348,239.972,-0.6296,-0.0014669,4363.463
1455,4364.599,57.83415100,18.82755370,24.766,-196.182,-13.741,-178.855,239.733,-0.8122,-0.0013117,4366.463
1456,4367.598,57.83413738,18.82751013,24.771,-198.770,-13.737,-180.372,239.521,-0.7329,-0.0011570,4369.463
1457,4370.598,57.83412368,18.82746666,24.725,-201.353,-13.782,-181.898,239.336,-0.8093,-0.0010026,4372.463
1458,4373.598,57.83410991,18.82742326,24.701,-203.931,-13.806,-183.431,239.177,-1.0134,-0.0008489,4375.463
1459,4376.598,57.83409608,18.82737993,24.645,-206.506,-13.862,-184.971,239.045,-0.8245,-0.0006991,4378.463
1460,4379.598,57.83408220,18.82733665,24.668,-209.077,-13.839,-186.517,238.941,-0.6254,-0.0005584,4381.463
1461,4382.598,57.83406828,18.82729341,24.627,-211.645,-13.880,-188.067,238.862,-0.6030,-0.0004319,4384.463
1462,4385.598,57.83405434,18.82725020,24.603,-214.212,-13.905,-189.619,238.806,-0.5307,-0.0003234,4387.463
1463,4388.598,57.83404038,18.82720702,24.619,-216.778,-13.888,-191.174,238.766,-0.4970,-0.0002346,4390.463
1464,4391.597,57.83402641,18.82716384,24.586,-219.342,-13.921,-192.730,238.739,-0.5402,-0.0001643,4393.463
1465,4394.597,57.83401243,18.82712068,24.536,-221.907,-13.971,-194.287,238.720,-0.4920,-0.0001094,4396.464
1466,4397.597,57.83399844,18.82707753,24.583,-224.470,-13.925,-195.845,238.707,-0.3887,-0.0000647,4399.464
1467,4400.597,57.83398444,18.82703438,24.543,-227.034,-13.965,-197.403,238.700,-0.2195,-0.0000249,4402.464
1468,4403.597,57.83397045,18.82699124,24.535,-229.597,-13.972,-198.962,238.699,0.0390,0.0000139,4405.464
1469,4406.597,57.83395645,18.82694809,24.528,-232.160,-13.979,-200.520,238.705,0.1693,0.0000527,4408.464
1470,4409.597,57.83394246,18.82690494,24.574,-234.724,-13.934,-202.078,238.717,0.2823,0.0000916,4411.464
1471,4412.597,57.83392848,18.82686178,24.559,-237.288,-13.948,-203.636,238.736,0.4903,0.0001305,4414.464
1472,4415.597,57.83391450,18.82681861,24.575,-239.852,-13.932,-205.192,238.762,0.5443,0.0001694,4417.464
1473,4418.596,57.83390054,18.82677543,24.599,-242.418,-13.908,-206.747,238.794,0.5871,0.0002083,4420.464
1474,4421.596,57.83388659,18.82673223,24.613,-244.984,-13.894,-208.300,238.833,0.4176,0.0002473,4423.464
1475,4424.596,57.83387266,18.82668901,24.618,-247.552,-13.889,-209.852,238.879,0.5692,0.0002863,4426.464
1476,4427.596,57.83385875,18.82664577,24.663,-250.120,-13.844,-211.401,238.932,0.4854,0.0003253,4429.464
1477,4430.596,57.83384486,18.82660251,24.653,-252.691,-13.855,-212.948,238.991,0.5569,0.0003643,4432.464
1478,4433.596,57.83383099,18.82655921,24.650,-255.263,-13.857,-214.492,239.057,0.6556,0.0004033,4435.464
1479,4436.596,57.83381716,18.82651589,24.720,-257.837,-13.788,-216.033,239.130,0.8610,0.0004424,4438.465
1480,4439.596,57.83380335,18.82647253,24.710,-260.413,-13.797,-217.570,239.209,0.7322,0.0004814,4441.464
1481,4442.596,57.83378958,18.82642913,24.752,-262.991,-13.756,-219.104,239.295,0.7290,0.0005205,4444.465
1482,4445.595,57.83377584,18.82638569,24.767,-265.571,-13.740,-220.634,239.388,0.4636,0.0005595,4447.465
1483,4448.595,57.83376214,18.82634221,24.794,-268.155,-13.713,-222.159,239.488,0.3535,0.0005986,4450.465
1484,4451.595,57.83374849,18.82629869,24.752,-270.740,-13.756,-223.680,239.594,0.3493,0.0006377,4453.465
1485,4454.595,57.83373488,18.82625511,24.807,-273.329,-13.700,-225.196,239.707,0.3193,0.0006767,4456.465
1486,4457.595,57.83372131,18.82621148,24.801,-275.921,-13.706,-226.706,239.826,0.2660,0.0007157,4459.465
1487,4460.595,57.83370780,18.82616780,24.829,-278.516,-13.678,-228.211,239.953,0.4492,0.0007548,4462.465
1488,4463.595,57.83369434,18.82612406,24.815,-281.115,-13.692,-229.710,240.086,0.4947,0.0007938,4465.465
1489,4466.595,57.83368093,18.82608026,24.850,-283.717,-13.657,-231.203,240.226,0.3521,0.0008327,4468.465
1490,4469.595,57.83366758,18.82603640,24.834,-286.322,-13.674,-232.690,240.372,0.6220,0.0008717,4471.465
1491,4472.594,57.83365430,18.82599248,24.906,-288.932,-13.602,-234.169,240.525,0.6497,0.0009106,4474.466
1492,4475.594,57.83364107,18.82594848,24.876,-291.546,-13.632,-235.642,240.685,0.7375,0.0009494,4477.466
1493,4478.594,57.83362792,18.82590442,24.911,-294.163,-13.596,-237.107,240.852,0.5942,0.0009882,4480.466
1494,4481.594,57.83361483,18.82586028,24.951,-296.786,-13.556,-238.564,241.025,0.3439,0.0010269,4483.466
1495,4484.594,57.83360182,18.82581607,24.935,-299.412,-13.572,-240.013,241.205,0.2530,0.0010653,4486.466
1496,4487.594,57.83358888,18.82577178,24.956,-302.044,-13.552,-241.454,241.392,0.3690,0.0011006,4489.466
1497,4490.594,57.83357602,18.82572741,24.941,-304.680,-13.566,-242.886,241.588,0.1169,0.0011268,4492.466
1498,4493.594,57.83356325,18.82568295,24.939,-307.321,-13.568,-244.309,241.789,0.1036,0.0011378,4495.466
1499,4496.594,57.83355055,18.82563842,24.997,-309.967,-13.510,-245.722,241.993,0.0377,0.0011284,4498.466
1500,4499.593,57.83353794,18.82559379,24.961,-312.618,-13.546,-247.126,242.195,-0.2472,0.0010960,4501.466
1501,4502.593,57.83352542,18.82554908,24.938,-315.274,-13.569,-248.521,242.387,-0.2551,0.0010412,4504.466
1502,4505.593,57.83351297,18.82550430,24.947,-317.934,-13.560,-249.907,242.566,-0.4977,0.0009672,4507.466
1503,4508.593,57.83350060,18.82545945,24.923,-320.599,-13.585,-251.285,242.728,-0.5743,0.0008797,4510.466
1504,4511.593,57.83348828,18.82541454,24.920,-323.267,-13.587,-252.656,242.871,0.0045,0.0007850,4513.466
1505,4514.593,57.83347603,18.82536957,24.950,-325.938,-13.558,-254.021,242.998,0.7129,0.0006885,4516.466
1506,4517.593,57.83346382,18.82532456,24.922,-328.612,-13.585,-255.381,243.108,2.0276,0.0005920,4519.466
1507,4520.593,57.83345165,18.82527951,25.013,-331.289,-13.495,-256.735,243.201,3.3045,0.0004957,4522.467
1508,4523.593,57.83343953,18.82523442,25.174,-333.968,-13.333,-258.086,243.278,4.7410,0.0003994,4525.472
1509,4526.592,57.83342743,18.82518931,25.322,-336.648,-13.185,-259.433,243.339,6.1862,0.0003032,4528.475
1510,4529.592,57.83341535,18.82514417,25.527,-339.329,-12.980,-260.778,243.383,8.2495,0.0002070,4531.482
1511,4532.592,57.83340328,18.82509902,25.660,-342.012,-12.848,-262.122,243.410,5.8836,0.0001109,4534.485
1512,4535.592,57.83339123,18.82505386,25.918,-344.694,-12.590,-263.464,243.421,0.7545,0.0000148,4537.496
1513,4538.592,57.83337917,18.82500871,26.038,-347.377,-12.470,-264.806,243.415,-3.0892,-0.0000814,4540.498
1514,4541.592,57.83336711,18.82496355,26.000,-350.060,-12.508,-266.149,243.393,-5.4853,-0.0001775,4543.498
1515,4544.592,57.83335504,18.82491841,25.156,-352.742,-13.351,-267.494,243.354,-5.5345,-0.0002738,4546.614
1516,4547.592,57.83334295,18.82487329,25.084,-355.422,-13.424,-268.840,243.299,-5.0005,-0.0003701,4549.615
1517,4550.592,57.83333083,18.82482820,25.407,-358.101,-13.100,-270.190,243.227,-3.4103,-0.0004665,4552.633
1518,4553.591,57.83331867,18.82478313,25.298,-360.779,-13.209,-271.543,243.138,-1.3650,-0.0005631,4555.634
1519,4556.591,57.83330648,18.82473811,25.206,-363.454,-13.302,-272.901,243.033,-2.8594,-0.0006598,4558.636
1520,4559.591,57.83329424,18.82469313,24.871,-366.126,-13.636,-274.264,242.912,-5.7155,-0.0007566,4561.654
1521,4562.591,57.83328194,18.82464820,24.804,-368.795,-13.703,-275.634,242.773,-6.0038,-0.0008536,4564.655
1522,4565.591,57.83326959,18.82460333,24.758,-371.461,-13.750,-277.010,242.618,-3.9799,-0.0009507,4567.655
1523,4568.591,57.83325716,18.82455853,24.344,-374.123,-14.163,-278.393,242.447,-1.6078,-0.0010481,4570.683
1524,4571.591,57.83324466,18.82451380,24.666,-376.780,-13.842,-279.785,242.258,-0.1772,-0.0011456,4573.700
1525,4574.591,57.83323208,18.82446915,24.501,-379.433,-14.006,-281.186,242.053,0.8400,-0.0012433,4576.705
1526,4577.591,57.83321941,18.82442459,24.608,-382.080,-13.900,-282.597,241.831,1.0269,-0.0013411,4579.707
1527,4580.590,57.83320664,18.82438012,24.731,-384.722,-13.777,-284.019,241.592,1.4390,-0.0014391,4582.709
1528,4583.590,57.83319377,18.82433576,24.594,-387.357,-13.914,-285.452,241.336,2.5575,-0.0015372,4585.712
1529,4586.590,57.83318079,18.82429151,24.797,-389.986,-13.710,-286.897,241.064,4.8041,-0.0016354,4588.719
1530,4589.590,57.83316770,18.82424739,24.732,-392.608,-13.775,-288.355,240.774,4.3593,-0.0017338,4591.719
1531,4592.590,57.83315448,18.82420338,25.160,-395.222,-13.347,-289.827,240.468,4.5190,-0.0018321,4594.750
1532,4595.590,57.83314114,18.82415952,25.417,-397.828,-13.090,-291.313,240.144,3.7639,-0.0019304,4597.761
1533,4598.590,57.83312766,18.82411580,25.207,-400.425,-13.300,-292.814,239.804,1.8520,-0.0020283,4600.768
1534,4601.590,57.83311404,18.82407224,25.177,-403.013,-13.330,-294.331,239.445,1.7019,-0.0021187,4603.768
1535,4604.589,57.83310027,18.82402884,25.400,-405.592,-13.108,-295.864,239.065,0.1636,-0.0021871,4606.776
1536,4607.589,57.83308635,18.82398561,25.335,-408.160,-13.172,-297.414,238.669,-0.5357,-0.0022177,4609.776
1537,4610.589,57.83307226,18.82394257,25.381,-410.717,-13.126,-298.983,238.266,-0.4849,-0.0021977,4612.777
1538,4613.589,57.83305801,18.82389972,25.447,-413.263,-13.061,-300.570,237.870,-1.0550,-0.0021204,4615.777
1539,4616.589,57.83304360,18.82385706,25.065,-415.798,-13.442,-302.174,237.494,-2.5968,-0.0019867,4618.801
1540,4619.589,57.83302905,18.82381456,25.054,-418.322,-13.453,-303.794,237.153,-2.5610,-0.0018047,4621.801
1541,4622.589,57.83301438,18.82377221,25.262,-420.838,-13.245,-305.428,236.854,-3.9533,-0.0015882,4624.808
1542,4625.589,57.83299960,18.82373000,25.052,-423.346,-13.455,-307.074,236.599,-5.4148,-0.0013532,4627.815
1543,4628.589,57.83298473,18.82368790,24.601,-425.847,-13.906,-308.730,236.387,-7.1026,-0.0011133,4630.849
1544,4631.588,57.83296978,18.82364589,24.643,-428.343,-13.864,-310.395,236.216,-8.9434,-0.0008734,4633.849
1545,4634.588,57.83295477,18.82360396,24.190,-430.835,-14.318,-312.066,236.087,-8.0840,-0.0006337,4636.883
1546,4637.588,57.83293972,18.82356208,23.998,-433.323,-14.510,-313.742,235.999,-5.4161,-0.0003942,4639.889
1547,4640.588,57.83292465,18.82352023,23.854,-435.809,-14.653,-315.421,235.952,-3.5898,-0.0001549,4642.893
1548,4643.588,57.83290956,18.82347840,23.841,-438.294,-14.666,-317.100,235.946,-2.4421,0.0000843,4645.892
1549,4646.588,57.83289448,18.82343656,23.810,-440.780,-14.697,-318.780,235.981,-0.8481,0.0003235,4648.892
1550,4649.588,57.83287942,18.82339469,23.756,-443.268,-14.752,-320.457,236.057,-1.2660,0.0005626,4651.893
1551,4652.588,57.83286440,18.82335278,23.701,-445.758,-14.807,-322.129,236.174,-1.6463,0.0008018,4654.893
1552,4655.588,57.83284944,18.82331080,23.653,-448.252,-14.854,-323.796,236.332,-2.0788,0.0010410,4657.894
1553,4658.587,57.83283454,18.82326873,23.572,-450.752,-14.936,-325.455,236.532,-2.1497,0.0012802,4660.894
1554,4661.587,57.83281973,18.82322655,23.521,-453.258,-14.987,-327.104,236.772,-2.1954,0.0015194,4663.895
1555,4664.587,57.83280502,18.82318424,23.450,-455.771,-15.058,-328.742,237.054,-2.3368,0.0017587,4666.896
1556,4667.587,57.83279043,18.82314180,23.380,-458.293,-15.128,-330.366,237.377,-2.3299,0.0019978,4669.896
1557,4670.587,57.83277598,18.82309919,23.312,-460.824,-15.196,-331.976,237.741,-2.2574,0.0022366,4672.897
1558,4673.587,57.83276168,18.82305639,23.241,-463.367,-15.267,-333.568,238.146,-2.1835,0.0024750,4675.898
1559,4676.587,57.83274755,18.82301340,23.166,-465.921,-15.341,-335.142,238.593,-2.0777,0.0027128,4678.898
1560,4679.587,57.83273361,18.82297020,23.128,-468.488,-15.379,-336.694,239.080,-2.0010,0.0029496,4681.899
1561,4682.587,57.83271987,18.82292677,23.061,-471.068,-15.447,-338.224,239.608,-1.8993,0.0031850,4684.899
1562,4685.586,57.83270635,18.82288309,23.006,-473.663,-15.501,-339.729,240.176,-1.9046,0.0034187,4687.900
1563,4688.586,57.83269308,18.82283915,22.937,-476.274,-15.571,-341.207,240.784,-1.9274,0.0036502,4690.900
1564,4691.586,57.83268006,18.82279494,22.894,-478.900,-15.614,-342.657,241.433,-1.7965,0.0038788,4693.900
1565,4694.586,57.83266732,18.82275046,22.841,-481.543,-15.666,-344.075,242.121,-1.6227,0.0041040,4696.901
1566,4697.586,57.83265487,18.82270568,22.776,-484.204,-15.732,-345.462,242.847,-1.5605,0.0043250,4699.901
1567,4700.586,57.83264273,18.82266060,22.744,-486.882,-15.763,-346.813,243.611,-1.5564,0.0045410,4702.901
1568,4703.586,57.83263092,18.82261521,22.714,-489.578,-15.793,-348.128,244.412,-1.6520,0.0047515,4705.901
1569,4706.585,57.83261947,18.82256952,22.643,-492.293,-15.864,-349.404,245.249,-1.5850,0.0049553,4708.902
1570,4709.585,57.83260837,18.82252350,22.598,-495.027,-15.910,-350.639,246.121,-1.5619,0.0051516,4711.902
1571,4712.585,57.83259766,18.82247717,22.547,-497.780,-15.961,-351.832,247.030,-1.4707,0.0053294,4714.903
1572,4715.585,57.83258734,18.82243053,22.508,-500.551,-16.000,-352.980,247.983,-1.2316,0.0054371,4717.903
1573,4718.585,57.83257745,18.82238356,22.489,-503.341,-16.018,-354.082,248.978,-0.9929,0.0054003,4720.903
1574,4721.585,57.83256798,18.82233629,22.444,-506.150,-16.063,-355.136,249.983,-0.9093,0.0051494,4723.903
1575,4724.585,57.83255895,18.82228871,22.427,-508.976,-16.080,-356.141,250.944,-0.8145,0.0046373,4726.903
1576,4727.584,57.83255037,18.82224085,22.397,-511.820,-16.111,-357.097,251.791,-0.9468,0.0038489,4729.903
1577,4730.584,57.83254213,18.82219278,22.370,-514.676,-16.138,-358.014,252.457,-1.1410,0.0028023,4732.903
1578,4733.584,57.83253413,18.82214456,22.338,-517.541,-16.169,-358.905,252.892,-1.3565,0.0015418,4735.903
1579,4736.584,57.83252625,18.82209627,22.296,-520.409,-16.212,-359.782,253.070,-1.6630,0.0001242,4738.903
1580,4739.584,57.83251839,18.82204798,22.223,-523.279,-16.284,-360.657,252.986,-1.8125,-0.0014006,4741.904
1581,4742.584,57.83251043,18.82199973,22.177,-526.145,-16.330,-361.543,252.643,-1.8987,-0.0030167,4744.904
1582,4745.584,57.83250226,18.82195162,22.119,-529.003,-16.388,-362.452,252.031,-1.9169,-0.0047680,4747.904
1583,4748.584,57.83249375,18.82190371,22.062,-531.850,-16.446,-363.400,251.125,-1.7992,-0.0067122,4750.905
1584,4751.583,57.83248476,18.82185611,22.014,-534.678,-16.494,-364.401,249.883,-1.7574,-0.0088940,4753.905
1585,4754.583,57.83247515,18.82180894,21.954,-537.480,-16.553,-365.471,248.243,-1.9979,-0.0113260,4756.905
1586,4757.583,57.83246474,18.82176237,21.896,-540.247,-16.611,-366.630,246.140,-2.0100,-0.0139727,4759.906
1587,4760.583,57.83245333,18.82171664,21.852,-542.964,-16.655,-367.901,243.514,-1.9103,-0.0167401,4762.906
1588,4763.582,57.83244070,18.82167204,21.772,-545.614,-16.735,-369.306,240.331,-1.7493,-0.0194730,4765.906
1589,4766.581,57.83242667,18.82162895,21.703,-548.174,-16.805,-370.869,236.600,-1.4782,-0.0219661,4768.906
1590,4769.581,57.83241107,18.82158779,21.705,-550.619,-16.803,-372.606,232.356,-1.2351,-0.0238981,4771.906
1591,4772.580,57.83239383,18.82154902,21.665,-552.923,-16.842,-374.526,227.692,-1.0582,-0.0248192,4774.905
1592,4775.579,57.83237494,18.82151305,21.623,-555.060,-16.885,-376.630,222.835,-1.0083,-0.0243272,4777.904
1593,4778.578,57.83235449,18.82148020,21.598,-557.012,-16.909,-378.906,218.141,-1.1541,-0.0222194,4780.903
1594,4781.577,57.83233266,18.82145065,21.560,-558.768,-16.947,-381.338,214.005,-1.2335,-0.0185725,4783.903
1595,4784.576,57.83230979,18.82142399,21.522,-560.352,-16.985,-383.885,210.767,-1.0681,-0.0136725,4786.902
1596,4787.576,57.83228632,18.82139922,21.484,-561.824,-17.023,-386.498,208.645,-1.1058,-0.0078504,4789.902
1597,4790.576,57.83226256,18.82137543,21.459,-563.238,-17.048,-389.145,207.713,-0.9751,-0.0013496,4792.902
1598,4793.576,57.83223875,18.82135182,21.433,-564.641,-17.074,-391.796,207.952,-1.0842,0.0057223,4795.902
1599,4796.576,57.83221513,18.82132756,21.397,-566.082,-17.110,-394.427,209.360,-1.3128,0.0133332,4798.902
1600,4799.575,57.83219196,18.82130182,21.347,-567.612,-17.161,-397.007,212.195,-1.5407,0.0212333,4801.902
1601,4802.574,57.83216961,18.82127365,21.332,-569.286,-17.175,-399.496,216.782,-1.7305,0.0289725,4804.902
1602,4805.573,57.83214865,18.82124197,21.227,-571.168,-17.281,-401.830,223.176,-1.6069,0.0357421,4807.902
1603,4808.570,57.83212995,18.82120569,21.204,-573.324,-17.304,-403.912,231.021,-1.2682,0.0402788,4810.899
1604,4811.566,57.83211465,18.82116421,21.173,-575.788,-17.334,-405.616,239.554,-0.7901,0.0413642,4813.896
1605,4814.563,57.83210310,18.82111865,21.152,-578.496,-17.356,-406.902,247.812,-0.2197,0.0388072,4816.893
1606,4817.562,57.83209492,18.82107057,21.172,-581.352,-17.336,-407.813,254.966,0.2935,0.0336450,4819.891
1607,4820.560,57.83208948,18.82102113,21.173,-584.289,-17.335,-408.418,260.577,0.4220,0.0272675,4822.890
1608,4823.560,57.83208613,18.82097104,21.192,-587.265,-17.315,-408.791,264.637,0.7132,0.0207063,4825.889
1609,4826.559,57.83208430,18.82092067,21.221,-590.258,-17.287,-408.995,267.418,0.9333,0.0146329,4828.889
1610,4829.559,57.83208351,18.82087019,21.235,-593.256,-17.273,-409.082,269.159,1.0816,0.0094168,4831.889
1611,4832.559,57.83208337,18.82081970,21.272,-596.256,-17.235,-409.097,270.046,1.1791,0.0051974,4834.889
1612,4835.559,57.83208352,18.82076921,21.321,-599.256,-17.187,-409.080,270.268,0.9556,0.0020045,4837.889
1613,4838.559,57.83208361,18.82071871,21.346,-602.256,-17.161,-409.069,270.029,0.6376,-0.0001974,4840.889
1614,4841.559,57.83208344,18.82066822,21.355,-605.256,-17.152,-409.088,269.536,0.1182,-0.0014970,4843.889
1615,4844.558,57.83208302,18.82061773,21.348,-608.255,-17.160,-409.134,268.975,-0.4926,-0.0020377,4846.889
1616,4847.558,57.83208238,18.82056725,21.319,-611.254,-17.188,-409.205,268.481,-0.9079,-0.0020130,4849.889
1617,4850.558,57.83208156,18.82051678,21.305,-614.253,-17.202,-409.296,268.111,-0.8803,-0.0016440,4852.889
1618,4853.558,57.83208060,18.82046631,21.258,-617.251,-17.249,-409.402,267.862,-0.6522,-0.0011329,4855.889
1619,4856.558,57.83207956,18.82041586,21.241,-620.248,-17.266,-409.518,267.707,-0.4175,-0.0005929,4858.889
1620,4859.558,57.83207846,18.82036540,21.243,-623.246,-17.265,-409.640,267.647,0.0110,-0.0000366,4861.889
1621,4862.558,57.83207735,18.82031495,21.272,-626.243,-17.236,-409.763,267.685,0.3737,0.0005347,4864.889
1622,4865.558,57.83207629,18.82026450,21.262,-629.241,-17.245,-409.881,267.822,0.5537,0.0011194,4867.889
1623,4868.557,57.83207531,18.82021403,21.264,-632.239,-17.243,-409.989,268.062,0.4167,0.0017157,4870.889
1624,4871.557,57.83207447,18.82016356,21.316,-635.237,-17.192,-410.082,268.406,0.1486,0.0023217,4873.889
1625,4874.557,57.83207382,18.82011308,21.303,-638.236,-17.204,-410.154,268.855,-0.2164,0.0029347,4876.889
1626,4877.557,57.83207340,18.82006259,21.286,-641.236,-17.221,-410.200,269.412,-0.2565,0.0035516,4879.889
1627,4880.557,57.83207327,18.82001210,21.273,-644.236,-17.234,-410.214,270.076,-0.0234,0.0041684,4882.889
1628,4883.557,57.83207348,18.81996161,21.258,-647.235,-17.250,-410.191,270.851,0.0378,0.0047706,4885.889
1629,4886.557,57.83207408,18.81991112,21.261,-650.234,-17.247,-410.124,271.739,0.1603,0.0053271,4888.888
1630,4889.557,57.83207511,18.81986067,21.321,-653.232,-17.186,-410.008,272.732,0.0841,0.0058027,4891.889
1631,4892.556,57.83207663,18.81981025,21.328,-656.227,-17.180,-409.838,273.812,-0.0229,0.0061686,4894.889
1632,4895.556,57.83207868,18.81975990,21.246,-659.218,-17.261,-409.610,274.950,-0.0313,0.0064092,4897.890
1633,4898.556,57.83208128,18.81970965,21.267,-662.204,-17.241,-409.319,276.112,-0.1938,0.0065257,4900.890
1634,4901.556,57.83208443,18.81965950,21.280,-665.183,-17.227,-408.968,277.270,-0.1160,0.0065356,4903.889
1635,4904.556,57.83208810,18.81960948,21.289,-668.155,-17.218,-408.559,278.407,-0.0682,0.0064685,4906.889
1636,4907.556,57.83209229,18.81955960,21.290,-671.118,-17.217,-408.091,279.514,-0.1623,0.0063597,4909.889
1637,4910.555,57.83209699,18.81950988,21.244,-674.072,-17.264,-407.567,280.596,-0.6136,0.0062401,4912.889
1638,4913.555,57.83210219,18.81946033,21.255,-677.015,-17.253,-406.988,281.658,-0.6237,0.0061242,4915.889
1639,4916.555,57.83210787,18.81941097,21.201,-679.948,-17.306,-406.355,282.700,-0.5979,0.0060129,4918.890
1640,4919.555,57.83211402,18.81936181,21.218,-682.868,-17.289,-405.670,283.723,-0.7554,0.0059061,4921.889
1641,4922.555,57.83212063,18.81931286,21.180,-685.776,-17.328,-404.932,284.729,-0.6435,0.0058041,4924.890
1642,4925.555,57.83212770,18.81926414,21.184,-688.670,-17.323,-404.145,285.717,-0.5928,0.0057068,4927.889
1643,4928.555,57.83213521,18.81921565,21.136,-691.551,-17.372,-403.308,286.688,-0.3429,0.0056145,4930.890
1644,4931.554,57.83214316,18.81916740,21.106,-694.417,-17.401,-402.422,287.645,-0.2691,0.0055270,4933.890
1645,4934.554,57.83215153,18.81911941,21.167,-697.268,-17.341,-401.489,288.586,-0.0709,0.0054446,4936.890
1646,4937.554,57.83216032,18.81907167,21.138,-700.104,-17.369,-400.510,289.515,0.0820,0.0053652,4939.890
1647,4940.554,57.83216951,18.81902421,21.142,-702.923,-17.366,-399.485,290.436,0.1802,0.0052693,4942.890
1648,4943.554,57.83217911,18.81897703,21.133,-705.726,-17.375,-398.416,291.351,0.0479,0.0051223,4945.890
1649,4946.554,57.83218910,18.81893014,21.143,-708.512,-17.364,-397.303,292.252,0.1370,0.0048878,4948.890
1650,4949.554,57.83219947,18.81888354,21.170,-711.280,-17.337,-396.147,293.117,0.4893,0.0045376,4951.890
1651,4952.553,57.83221022,18.81883724,21.158,-714.031,-17.349,-394.949,293.913,0.6413,0.0040580,4954.890
1652,4955.553,57.83222130,18.81879121,21.183,-716.765,-17.324,-393.715,294.607,0.7336,0.0034530,4957.890
1653,4958.553,57.83223265,18.81874542,21.227,-719.485,-17.280,-392.451,295.172,0.6920,0.0027429,4960.890
1654,4961.553,57.83224420,18.81869980,21.239,-722.195,-17.268,-391.164,295.592,0.7157,0.0019593,4963.890
1655,4964.553,57.83225589,18.81865431,21.264,-724.897,-17.243,-389.861,295.862,0.8060,0.0011378,4966.890
1656,4967.553,57.83226767,18.81860890,21.270,-727.595,-17.237,-388.549,295.983,0.8101,0.0003186,4969.890
1657,4970.553,57.83227947,18.81856350,21.296,-730.292,-17.211,-387.235,295.934,0.8497,-0.0003909,4972.890
1658,4973.553,57.83229123,18.81851808,21.336,-732.990,-17.171,-385.924,295.711,0.7969,-0.0008259,4975.890
1659,4976.552,57.83230289,18.81847256,21.365,-735.694,-17.143,-384.625,295.365,0.5557,-0.0008144,4978.890
1660,4979.552,57.83231439,18.81842690,21.376,-738.406,-17.132,-383.344,295.006,0.3240,-0.0002177,4981.890
1661,4982.552,57.83232569,18.81838107,21.368,-741.129,-17.139,-382.084,294.787,-0.0446,0.0010427,4984.890
1662,4985.552,57.83233694,18.81833518,21.360,-743.855,-17.147,-380.831,294.871,-0.2049,0.0029734,4987.889
1663,4988.552,57.83234833,18.81828942,21.365,-746.573,-17.143,-379.562,295.400,0.0409,0.0055137,4990.889
1664,4991.552,57.83236008,18.81824399,21.371,-749.272,-17.137,-378.253,296.476,0.0102,0.0085474,4993.889
1665,4994.552,57.83237241,18.81819910,21.360,-751.939,-17.147,-376.879,298.156,0.9956,0.0119178,4996.889
1666,4997.551,57.83238556,18.81815503,21.401,-754.556,-17.107,-375.414,300.496,1.3630,0.0153805,4999.889
1667,5000.551,57.83239976,18.81811213,21.445,-757.105,-17.062,-373.832,303.550,1.1476,0.0186485,5002.889
1668,5003.550,57.83241526,18.81807084,21.435,-759.557,-17.072,-372.105,307.285,0.5242,0.0214059,5005.888
1669,5006.549,57.83243226,18.81803169,21.618,-761.883,-16.889,-370.211,311.558,-0.6263,0.0233497,5008.893
1670,5009.548,57.83245091,18.81799528,21.406,-764.046,-17.101,-368.134,316.130,-1.7454,0.0242797,5011.899
1671,5012.547,57.83247112,18.81796192,21.353,-766.027,-17.155,-365.883,320.727,-2.5477,0.0241749,5014.899
1672,5015.547,57.83249266,18.81793161,21.287,-767.827,-17.221,-363.484,325.109,-3.1517,0.0232052,5017.899
1673,5018.546,57.83251530,18.81790429,21.179,-769.450,-17.328,-360.961,329.127,-3.3459,0.0216652,5020.900
1674,5021.545,57.83253886,18.81787981,21.130,-770.904,-17.378,-358.338,332.740,-2.9201,0.0198736,5023.900
1675,5024.545,57.83256315,18.81785800,21.010,-772.199,-17.498,-355.632,335.991,-3.3257,0.0180811,5026.902
1676,5027.544,57.83258802,18.81783866,20.888,-773.347,-17.619,-352.861,338.922,-3.2235,0.0163984,5029.904
1677,5030.544,57.83261337,18.81782161,20.817,-774.360,-17.691,-350.038,341.566,-2.8758,0.0148547,5032.904
1678,5033.544,57.83263910,18.81780666,20.724,-775.248,-17.784,-347.172,343.953,-2.6146,0.0134600,5035.905
1679,5036.543,57.83266512,18.81779362,20.666,-776.021,-17.841,-344.274,346.113,-2.0654,0.0122132,5038.906
1680,5039.543,57.83269137,18.81778234,20.601,-776.691,-17.907,-341.350,348.073,-1.9187,0.0111057,5041.906
1681,5042.543,57.83271781,18.81777268,20.560,-777.264,-17.948,-338.406,349.857,-1.6704,0.0101258,5044.906
1682,5045.543,57.83274439,18.81776449,20.485,-777.750,-18.023,-335.445,351.487,-1.5081,0.0092600,5047.907
1683,5048.542,57.83277107,18.81775767,20.465,-778.155,-18.042,-332.473,352.980,-1.4730,0.0084946,5050.907
1684,5051.542,57.83279784,18.81775209,20.391,-778.486,-18.116,-329.491,354.353,-1.6963,0.0078218,5053.907
1685,5054.542,57.83282468,18.81774768,20.380,-778.747,-18.127,-326.503,355.616,-2.1835,0.0072423,5056.907
1686,5057.542,57.83285155,18.81774433,20.279,-778.945,-18.228,-323.510,356.784,-2.7977,0.0067572,5059.909
1687,5060.542,57.83287846,18.81774198,20.206,-779.085,-18.302,-320.513,357.876,-3.3942,0.0063655,5062.910
1688,5063.542,57.83290538,18.81774056,20.067,-779.169,-18.440,-317.515,358.912,-3.6103,0.0060597,5065.913
1689,5066.541,57.83293231,18.81774001,19.961,-779.200,-18.546,-314.515,359.908,-3.6643,0.0058265,5068.914
1690,5069.541,57.83295925,18.81774034,19.852,-779.180,-18.655,-311.515,0.880,-3.3250,0.0056464,5071.916
1691,5072.541,57.83298618,18.81774153,19.771,-779.109,-18.737,-308.516,1.833,-3.1141,0.0054977,5074.917
1692,5075.541,57.83301309,18.81774354,19.683,-778.989,-18.824,-305.519,2.769,-2.9531,0.0053584,5077.918
1693,5078.541,57.83303998,18.81774638,19.592,-778.820,-18.916,-302.524,3.684,-2.9320,0.0052122,5080.919
1694,5081.541,57.83306685,18.81775001,19.507,-778.604,-19.001,-299.531,4.571,-2.7330,0.0050521,5083.921
1695,5084.541,57.83309368,18.81775440,19.415,-778.342,-19.092,-296.543,5.430,-2.7279,0.0048787,5086.922
1696,5087.540,57.83312047,18.81775953,19.327,-778.037,-19.180,-293.559,6.258,-2.7025,0.0046926,5089.923
1697,5090.540,57.83314723,18.81776538,19.276,-777.689,-19.231,-290.579,7.052,-2.6379,0.0044947,5092.923
1698,5093.540,57.83317394,18.81777190,19.203,-777.301,-19.304,-287.604,7.810,-2.5795,0.0042862,5095.924
1699,5096.540,57.83320060,18.81777907,19.083,-776.874,-19.424,-284.635,8.532,-2.5818,0.0040682,5098.926
1700,5099.540,57.83322721,18.81778686,19.026,-776.411,-19.481,-281.671,9.215,-2.4788,0.0038416,5101.927
1701,5102.540,57.83325378,18.81779522,18.971,-775.914,-19.536,-278.713,9.858,-2.1405,0.0036074,5104.927
1702,5105.540,57.83328029,18.81780412,18.903,-775.385,-19.605,-275.760,10.460,-1.6040,0.0033666,5107.928
1703,5108.540,57.83330675,18.81781352,18.846,-774.825,-19.662,-272.813,11.019,-1.2011,0.0031202,5110.928
1704,5111.539,57.83333317,18.81782339,18.839,-774.239,-19.669,-269.871,11.536,-0.7110,0.0028690,5113.928
1705,5114.539,57.83335954,18.81783368,18.834,-773.626,-19.673,-266.934,12.008,0.0116,0.0026138,5116.928
1706,5117.539,57.83338586,18.81784437,18.829,-772.991,-19.679,-264.002,12.436,0.8912,0.0023555,5119.928
1707,5120.539,57.83341215,18.81785540,18.855,-772.335,-19.653,-261.075,12.819,1.8476,0.0020949,5122.928
1708,5123.539,57.83343839,18.81786675,18.955,-771.661,-19.552,-258.152,13.158,2.8602,0.0018328,5125.929
1709,5126.539,57.83346461,18.81787836,19.039,-770.970,-19.469,-255.232,13.450,3.8977,0.0015696,5128.930
1710,5129.539,57.83349079,18.81789021,19.185,-770.266,-19.323,-252.316,13.697,4.9124,0.0013060,5131.934
1711,5132.539,57.83351695,18.81790224,19.347,-769.550,-19.161,-249.403,13.899,5.7634,0.0010425,5134.938
1712,5135.539,57.83354309,18.81791443,19.524,-768.825,-18.983,-246.492,14.055,6.6827,0.0007797,5137.943
1713,5138.538,57.83356921,18.81792674,19.732,-768.094,-18.775,-243.583,14.166,7.6887,0.0005181,5140.950
1714,5141.538,57.83359532,18.81793912,19.997,-767.358,-18.510,-240.675,14.232,8.8122,0.0002579,5143.962
1715,5144.538,57.83362143,18.81795154,20.264,-766.619,-18.243,-237.767,14.254,10.0873,-0.0000003,5146.974
1716,5147.538,57.83364754,18.81796396,20.589,-765.881,-17.918,-234.859,14.231,11.2330,-0.0002561,5149.991
1717,5150.538,57.83367365,18.81797633,20.932,-765.145,-17.575,-231.951,14.164,12.3912,-0.0005092,5153.011
1718,5153.538,57.83369978,18.81798864,21.349,-764.414,-17.159,-229.042,14.054,13.3783,-0.0007592,5156.039
1719,5156.538,57.83372591,18.81800083,21.745,-763.689,-16.762,-226.131,13.901,14.2923,-0.0010057,5159.065
1720,5159.538,57.83375207,18.81801287,22.173,-762.973,-16.334,-223.218,13.705,15.0482,-0.0012475,5162.095
1721,5162.538,57.83377825,18.81802473,22.654,-762.268,-15.853,-220.302,13.462,15.5338,-0.0014624,5165.134
1722,5165.537,57.83380446,18.81803636,23.099,-761.576,-15.408,-217.383,13.166,15.6227,-0.0015989,5168.166
1723,5168.537,57.83383071,18.81804774,23.581,-760.900,-14.926,-214.460,12.830,15.3321,-0.0015986,5171.205
1724,5171.537,57.83385698,18.81805884,24.042,-760.240,-14.465,-211.534,12.485,14.0720,-0.0014134,5174.240
1725,5174.537,57.83388330,18.81806961,24.431,-759.600,-14.076,-208.603,12.182,12.3631,-0.0010172,5177.265
1726,5177.537,57.83390964,18.81808012,24.790,-758.975,-13.717,-205.669,11.975,10.6641,-0.0004113,5180.286
1727,5180.537,57.83393600,18.81809052,25.074,-758.357,-13.433,-202.733,11.912,8.7908,0.0003768,5183.299
1728,5183.537,57.83396236,18.81810095,25.269,-757.736,-13.238,-199.798,12.025,7.2990,0.0012992,5186.306
1729,5186.537,57.83398869,18.81811158,25.500,-757.104,-13.007,-196.866,12.324,6.1926,0.0022991,5189.314
1730,5189.536,57.83401498,18.81812254,25.687,-756.452,-12.820,-193.938,12.804,5.0583,0.0033278,5192.320
1731,5192.536,57.83404121,18.81813400,25.795,-755.771,-12.713,-191.016,13.472,4.1508,0.0043293,5195.322
1732,5195.536,57.83406736,18.81814609,25.925,-755.053,-12.582,-188.104,14.349,3.1632,0.0051880,5198.325
1733,5198.536,57.83409341,18.81815897,26.012,-754.287,-12.495,-185.203,15.421,2.2093,0.0057553,5201.326
1734,5201.536,57.83411931,18.81817280,26.038,-753.465,-12.470,-182.318,16.622,1.6294,0.0058951,5204.326
1735,5204.536,57.83414505,18.81818772,26.104,-752.578,-12.403,-179.452,17.839,1.1730,0.0055175,5207.326
1736,5207.536,57.83417059,18.81820373,26.119,-751.626,-12.388,-176.607,18.934,0.6644,0.0046001,5210.326
1737,5210.535,57.83419598,18.81822056,26.153,-750.626,-12.355,-173.779,19.778,0.6657,0.0031912,5213.326
1738,5213.535,57.83422128,18.81823791,26.168,-749.594,-12.340,-170.962,20.276,0.9534,0.0013979,5216.326
1739,5216.535,57.83424653,18.81825548,26.184,-748.550,-12.324,-168.150,20.384,1.2329,-0.0006411,5219.326
1740,5219.535,57.83427180,18.81827297,26.211,-747.511,-12.296,-165.336,20.099,1.4829,-0.0027773,5222.326
1741,5222.535,57.83429714,18.81829007,26.304,-746.494,-12.204,-162.514,19.412,1.5038,-0.0048419,5225.327
1742,5225.535,57.83432262,18.81830647,26.358,-745.519,-12.150,-159.677,18.319,1.3919,-0.0066802,5228.328
1743,5228.535,57.83434827,18.81832184,26.373,-744.606,-12.135,-156.819,16.866,1.2617,-0.0081414,5231.327
1744,5231.534,57.83437415,18.81833585,26.384,-743.773,-12.123,-153.937,15.152,1.0124,-0.0091097,5234.327
1745,5234.534,57.83440027,18.81834820,26.427,-743.039,-12.081,-151.029,13.311,0.9083,-0.0095327,5237.327
1746,5237.534,57.83442659,18.81835893,26.458,-742.401,-12.049,-148.098,11.483,1.0810,-0.0094348,5240.327
1747,5240.534,57.83445307,18.81836817,26.509,-741.852,-11.998,-145.149,9.778,0.9523,-0.0089125,5243.327
1748,5243.533,57.83447967,18.81837604,26.507,-741.384,-12.001,-142.186,8.261,0.5980,-0.0081099,5246.327
1749,5246.533,57.83450637,18.81838269,26.538,-740.988,-11.969,-139.212,6.937,0.1781,-0.0071794,5249.327
1750,5249.533,57.83453314,18.81838826,26.540,-740.656,-11.967,-136.231,5.786,-0.1028,-0.0062304,5252.327
1751,5252.533,57.83455996,18.81839290,26.507,-740.380,-12.001,-133.243,4.800,-0.3066,-0.0052904,5255.327
1752,5255.533,57.83458682,18.81839674,26.510,-740.152,-11.997,-130.252,3.975,-0.4277,-0.0043628,5258.327
1753,5258.533,57.83461370,18.81839993,26.497,-739.962,-12.010,-127.258,3.309,-0.6546,-0.0034495,5261.327
1754,5261.533,57.83464060,18.81840260,26.483,-739.803,-12.024,-124.263,2.798,-0.6755,-0.0025503,5264.327
1755,5264.532,57.83466750,18.81840488,26.458,-739.666,-12.049,-121.266,2.441,-0.6844,-0.0016641,5267.327
1756,5267.532,57.83469442,18.81840692,26.426,-739.544,-12.081,-118.269,2.233,-0.7583,-0.0007885,5270.327
1757,5270.532,57.83472133,18.81840885,26.403,-739.430,-12.104,-115.271,2.175,-0.6707,0.0000790,5273.327
1758,5273.532,57.83474825,18.81841078,26.401,-739.314,-12.106,-112.273,2.264,-0.4634,0.0009412,5276.327
1759,5276.532,57.83477516,18.81841286,26.387,-739.190,-12.121,-109.276,2.504,-0.2317,0.0017888,5279.327
1760,5279.532,57.83480207,18.81841521,26.367,-739.050,-12.140,-106.279,2.903,-0.1906,0.0025748,5282.326
1761,5282.532,57.83482896,18.81841797,26.369,-738.886,-12.138,-103.284,3.458,-0.2278,0.0032334,5285.326
1762,5285.532,57.83485584,18.81842125,26.380,-738.690,-12.127,-100.290,4.142,-0.2561,0.0037027,5288.326
1763,5288.531,57.83488269,18.81842520,26.362,-738.455,-12.145,-97.300,4.905,-0.2283,0.0039404,5291.326
1764,5291.531,57.83490951,18.81842989,26.337,-738.176,-12.171,-94.313,5.686,-0.2473,0.0039337,5294.326
1765,5294.531,57.83493629,18.81843525,26.344,-737.857,-12.164,-91.330,6.424,-0.1701,0.0037021,5297.326
1766,5297.531,57.83496304,18.81844120,26.343,-737.502,-12.165,-88.351,7.073,0.0220,0.0032936,5300.326
1767,5300.531,57.83498975,18.81844766,26.344,-737.118,-12.164,-85.376,7.613,0.2221,0.0027732,5303.326
1768,5303.531,57.83501644,18.81845454,26.347,-736.709,-12.160,-82.404,8.044,0.2227,0.0022059,5306.326
1769,5306.531,57.83504310,18.81846175,26.368,-736.280,-12.140,-79.435,8.374,0.2500,0.0016319,5309.326
1770,5309.531,57.83506974,18.81846920,26.370,-735.837,-12.137,-76.468,8.605,0.3510,0.0010568,5312.326
1771,5312.530,57.83509636,18.81847682,26.376,-735.384,-12.132,-73.503,8.738,0.4280,0.0004803,5315.325
1772,5315.530,57.83512299,18.81848450,26.383,-734.927,-12.124,-70.538,8.772,0.4884,-0.0000983,5318.325
1773,5318.530,57.83514961,18.81849217,26.419,-734.471,-12.088,-67.573,8.706,0.6516,-0.0006793,5321.325
1774,5321.530,57.83517624,18.81849974,26.430,-734.021,-12.077,-64.607,8.540,0.7866,-0.0012635,5324.325
1775,5324.530,57.83520288,18.81850712,26.451,-733.582,-12.056,-61.639,8.274,0.8127,-0.0018512,5327.325
1776,5327.530,57.83522955,18.81851423,26.475,-733.159,-12.032,-58.669,7.907,0.7444,-0.0024428,5330.325
1777,5330.530,57.83525625,18.81852097,26.510,-732.758,-11.997,-55.696,7.437,0.6192,-0.0030380,5333.325
1778,5333.530,57.83528297,18.81852725,26.511,-732.384,-11.997,-52.720,6.860,0.4192,-0.0036219,5336.325
1779,5336.530,57.83530973,18.81853299,26.524,-732.043,-11.984,-49.739,6.170,-0.0079,-0.0041537,5339.325
1780,5339.529,57.83533653,18.81853809,26.518,-731.739,-11.990,-46.755,5.372,-0.5234,-0.0045836,5342.325
1781,5342.529,57.83536336,18.81854246,26.501,-731.479,-12.007,-43.766,4.492,-1.0552,-0.0048680,5345.325
1782,5345.529,57.83539023,18.81854601,26.455,-731.268,-12.052,-40.774,3.567,-1.5478,-0.0049802,5348.325
1783,5348.529,57.83541713,18.81854870,26.400,-731.107,-12.107,-37.778,2.644,-1.8494,-0.0049160,5351.325
1784,5351.529,57.83544404,18.81855060,26.340,-730.994,-12.167,-34.781,1.764,-1.9502,-0.0046949,5354.326
1785,5354.529,57.83547097,18.81855177,26.278,-730.924,-12.230,-31.782,0.956,-1.8954,-0.0043558,5357.326
1786,5357.529,57.83549790,18.81855228,26.219,-730.893,-12.288,-28.782,0.233,-1.7679,-0.0039474,5360.327
1787,5360.528,57.83552484,18.81855219,26.188,-730.898,-12.319,-25.782,359.591,-1.7412,-0.0035147,5363.327
1788,5363.528,57.83555177,18.81855156,26.118,-730.935,-12.390,-22.782,359.024,-1.8895,-0.0030805,5366.328
1789,5366.528,57.83557870,18.81855047,26.066,-730.999,-12.441,-19.783,358.532,-2.2739,-0.0026472,5369.328
1790,5369.528,57.83560562,18.81854898,25.995,-731.087,-12.512,-16.785,358.115,-2.7393,-0.0022153,5372.329
1791,5372.528,57.83563254,18.81854715,25.907,-731.195,-12.600,-13.787,357.772,-3.0510,-0.0017850,5375.330
1792,5375.528,57.83565945,18.81854505,25.802,-731.319,-12.705,-10.789,357.502,-3.2756,-0.0013564,5378.332
1793,5378.528,57.83568636,18.81854275,25.693,-731.455,-12.815,-7.793,357.306,-3.3728,-0.0009297,5381.333
1794,5381.528,57.83571326,18.81854031,25.606,-731.600,-12.902,-4.796,357.184,-3.1688,-0.0005045,5384.335
1795,5384.528,57.83574017,18.81853779,25.522,-731.749,-12.985,-1.800,357.134,-2.8183,-0.0000808,5387.336
1796,5387.527,57.83576707,18.81853526,25.412,-731.899,-13.095,1.196,357.157,-2.7484,0.0003407,5390.338
1797,5390.527,57.83579397,18.81853278,25.353,-732.045,-13.154,4.192,357.256,-2.7766,0.0007489,5393.338
1798,5393.527,57.83582087,18.81853042,25.281,-732.185,-13.227,7.189,357.431,-2.8222,0.0011232,5396.339
1799,5396.527,57.83584778,18.81852824,25.191,-732.314,-13.316,10.186,357.677,-3.0361,0.0014416,5399.340
1800,5399.527,57.83587470,18.81852630,25.060,-732.429,-13.448,13.184,357.980,-3.2595,0.0016873,5402.343
1801,5402.527,57.83590162,18.81852466,24.994,-732.526,-13.513,16.182,358.319,-3.4692,0.0018520,5405.343
1802,5405.527,57.83592855,18.81852334,24.895,-732.603,-13.613,19.181,358.676,-3.4418,0.0019383,5408.345
1803,5408.527,57.83595548,18.81852234,24.762,-732.663,-13.745,22.180,359.031,-3.2794,0.0019587,5411.348
1804,5411.526,57.83598241,18.81852163,24.686,-732.704,-13.822,25.180,359.375,-2.9655,0.0019333,5414.349
1805,5414.526,57.83600934,18.81852122,24.598,-732.728,-13.910,28.180,359.705,-2.7090,0.0018844,5417.350
1806,5417.526,57.83603628,18.81852109,24.519,-732.735,-13.988,31.180,0.025,-2.1908,0.0018300,5420.351
1807,5420.526,57.83606321,18.81852124,24.470,-732.726,-14.037,34.179,0.334,-1.6658,0.0017758,5423.351
1808,5423.526,57.83609015,18.81852166,24.433,-732.700,-14.074,37.179,0.635,-1.1982,0.0017217,5426.351
1809,5426.526,57.83611708,18.81852234,24.384,-732.659,-14.124,40.179,0.926,-0.5559,0.0016679,5429.351
1810,5429.526,57.83614401,18.81852327,24.384,-732.603,-14.123,43.178,1.208,0.0431,0.0016142,5432.351
1811,5432.526,57.83617094,18.81852445,24.402,-732.533,-14.105,46.177,1.481,0.5205,0.0015608,5435.351
1812,5435.526,57.83619786,18.81852586,24.421,-732.449,-14.086,49.176,1.745,0.9484,0.0015076,5438.351
1813,5438.525,57.83622478,18.81852750,24.461,-732.351,-14.046,52.174,1.999,1.2326,0.0014546,5441.351
1814,5441.525,57.83625170,18.81852936,24.501,-732.239,-14.006,55.172,2.245,1.4886,0.0014017,5444.351
1815,5444.525,57.83627861,18.81853143,24.539,-732.116,-13.968,58.169,2.481,1.9186,0.0013491,5447.352
1816,5447.525,57.83630552,18.81853371,24.606,-731.980,-13.902,61.166,2.708,2.4323,0.0012966,5450.352
1817,5450.525,57.83633242,18.81853619,24.681,-731.832,-13.827,64.162,2.927,2.9926,0.0012443,5453.353
1818,5453.525,57.83635932,18.81853885,24.792,-731.674,-13.716,67.158,3.136,3.5094,0.0011922,5456.355
1819,5456.525,57.83638621,18.81854169,24.898,-731.504,-13.609,70.153,3.336,3.7789,0.0011402,5459.357
1820,5459.525,57.83641310,18.81854470,25.012,-731.325,-13.496,73.148,3.528,3.7403,0.0010883,5462.359
1821,5462.525,57.83643998,18.81854788,25.130,-731.135,-13.377,76.142,3.710,3.4922,0.0010365,5465.361
1822,5465.524,57.83646686,18.81855122,25.226,-730.937,-13.281,79.135,3.884,3.0684,0.0009847,5468.362
1823,5468.524,57.83649373,18.81855470,25.307,-730.729,-13.201,82.128,4.049,2.6054,0.0009331,5471.363
1824,5471.524,57.83652059,18.81855833,25.378,-730.513,-13.129,85.120,4.205,2.1678,0.0008815,5474.364
1825,5474.524,57.83654745,18.81856209,25.438,-730.289,-13.070,88.111,4.352,1.8227,0.0008299,5477.365
1826,5477.524,57.83657431,18.81856597,25.486,-730.058,-13.021,91.102,4.490,1.5750,0.0007783,5480.365
1827,5480.524,57.83660116,18.81856997,25.528,-729.820,-12.979,94.093,4.619,1.3720,0.0007267,5483.365
1828,5483.524,57.83662801,18.81857409,25.576,-729.575,-12.931,97.083,4.740,1.2513,0.0006750,5486.365
1829,5486.524,57.83665485,18.81857830,25.607,-729.324,-12.900,100.072,4.852,1.2048,0.0006233,5489.365
1830,5489.524,57.83668168,18.81858261,25.640,-729.068,-12.868,103.061,4.954,1.2694,0.0005714,5492.365
1831,5492.523,57.83670852,18.81858700,25.678,-728.806,-12.829,106.049,5.048,1.3157,0.0005195,5495.366
1832,5495.523,57.83673535,18.81859147,25.720,-728.540,-12.788,109.037,5.133,1.2148,0.0004673,5498.366
1833,5498.523,57.83676217,18.81859602,25.758,-728.270,-12.749,112.025,5.209,1.1188,0.0004150,5501.366
1834,5501.523,57.83678899,18.81860062,25.800,-727.995,-12.708,115.012,5.276,0.8944,0.0003626,5504.366
1835,5504.523,57.83681581,18.81860528,25.810,-727.718,-12.697,117.999,5.333,0.6304,0.0003128,5507.366
1836,5507.523,57.83684263,18.81860999,25.815,-727.438,-12.692,120.986,5.380,0.3420,0.0002704,5510.366
1837,5510.523,57.83686945,18.81861474,25.846,-727.155,-12.662,123.973,5.418,0.3379,0.0002406,5513.366
1838,5513.523,57.83689626,18.81861951,25.847,-726.871,-12.660,126.959,5.450,0.5959,0.0002277,5516.366
1839,5516.523,57.83692308,18.81862431,25.859,-726.585,-12.648,129.945,5.482,0.9095,0.0002335,5519.366
1840,5519.522,57.83694989,18.81862914,25.880,-726.298,-12.627,132.931,5.517,1.1614,0.0002577,5522.366
1841,5522.522,57.83697670,18.81863400,25.952,-726.009,-12.556,135.917,5.559,1.3254,0.0002972,5525.366
1842,5525.522,57.83700351,18.81863891,25.990,-725.717,-12.517,138.903,5.613,1.3246,0.0003472,5528.366
1843,5528.522,57.83703031,18.81864386,26.010,-725.422,-12.498,141.888,5.677,1.0582,0.0004023,5531.366
1844,5531.522,57.83705711,18.81864888,26.047,-725.123,-12.460,144.873,5.751,0.6942,0.0004579,5534.367
1845,5534.522,57.83708391,18.81865397,26.062,-724.821,-12.445,147.858,5.835,0.4440,0.0005124,5537.366
1846,5537.522,57.83711070,18.81865914,26.062,-724.513,-12.445,150.842,5.928,0.2995,0.0005654,5540.366
1847,5540.522,57.83713749,18.81866439,26.073,-724.201,-12.434,153.826,6.030,0.1035,0.0006169,5543.366
1848,5543.522,57.83716428,18.81866973,26.077,-723.883,-12.431,156.809,6.141,-0.1034,0.0006665,5546.366
1849,5546.521,57.83719105,18.81867518,26.082,-723.559,-12.425,159.791,6.261,-0.2234,0.0007142,5549.366
1850,5549.521,57.83721783,18.81868073,26.053,-723.228,-12.454,162.773,6.388,-0.4097,0.0007596,5552.366
1851,5552.521,57.83724459,18.81868640,26.047,-722.891,-12.460,165.753,6.524,-0.5356,0.0008028,5555.366
1852,5555.521,57.83727135,18.81869219,26.031,-722.547,-12.476,168.733,6.666,-0.5489,0.0008436,5558.366
1853,5558.521,57.83729810,18.81869811,26.014,-722.194,-12.493,171.713,6.814,-0.5704,0.0008875,5561.366
1854,5561.521,57.83732484,18.81870416,25.994,-721.834,-12.514,174.691,6.960,-0.4694,0.0009616,5564.366
1855,5564.521,57.83735157,18.81871035,25.991,-721.466,-12.516,177.668,7.108,-0.3734,0.0011040,5567.366
1856,5567.521,57.83737829,18.81871668,25.975,-721.089,-12.533,180.644,7.270,-0.1978,0.0013519,5570.366
1857,5570.521,57.83740501,18.81872317,25.962,-720.704,-12.545,183.619,7.474,0.1194,0.0017323,5573.366
1858,5573.520,57.83743171,18.81872983,25.984,-720.308,-12.524,186.593,7.755,0.2506,0.0022582,5576.366
1859,5576.520,57.83745838,18.81873677,25.988,-719.895,-12.519,189.564,8.147,0.1854,0.0029266,5579.365
1860,5579.520,57.83748503,18.81874413,25.998,-719.457,-12.509,192.532,8.679,0.3807,0.0037215,5582.365
1861,5582.520,57.83751164,18.81875203,26.025,-718.987,-12.482,195.495,9.369,0.3697,0.0046194,5585.365
1862,5585.520,57.83753818,18.81876061,25.993,-718.477,-12.515,198.451,10.224,0.1507,0.0055990,5588.365
1863,5588.520,57.83756464,18.81877000,26.010,-717.919,-12.497,201.398,11.248,0.3004,0.0066537,5591.365
1864,5591.520,57.83759101,18.81878035,26.068,-717.303,-12.439,204.334,12.454,0.3553,0.0077987,5594.366
1865,5594.519,57.83761724,18.81879183,26.023,-716.621,-12.484,207.256,13.861,0.3165,0.0090518,5597.366
1866,5597.519,57.83764330,18.81880460,26.026,-715.862,-12.482,210.158,15.488,0.2116,0.0104322,5600.366
1867,5600.519,57.83766913,18.81881885,26.090,-715.015,-12.417,213.035,17.362,0.0029,0.0119539,5603.366
1868,5603.519,57.83769469,18.81883479,26.049,-714.068,-12.459,215.882,19.511,-0.1117,0.0136260,5606.366
1869,5606.518,57.83771989,18.81885264,26.038,-713.007,-12.469,218.688,21.965,-0.0370,0.0154458,5609.366
1870,5609.518,57.83774462,18.81887261,26.040,-711.820,-12.468,221.442,24.759,-0.2661,0.0173934,5612.365
1871,5612.517,57.83776877,18.81889496,26.045,-710.492,-12.462,224.132,27.934,-0.3613,0.0193889,5615.365
1872,5615.517,57.83779218,18.81891992,26.022,-709.009,-12.485,226.739,31.526,-0.2748,0.0212586,5618.364
1873,5618.516,57.83781468,18.81894768,26.034,-707.360,-12.474,229.244,35.517,-0.2434,0.0227847,5621.364
1874,5621.515,57.83783604,18.81897841,26.008,-705.534,-12.499,231.623,39.813,0.0607,0.0237594,5624.363
1875,5624.514,57.83785606,18.81901219,26.006,-703.527,-12.502,233.852,44.260,0.4485,0.0240446,5627.362
1876,5627.513,57.83787456,18.81904887,26.032,-701.348,-12.475,235.913,48.674,0.9953,0.0236160,5630.361
1877,5630.513,57.83789154,18.81908807,26.093,-699.019,-12.414,237.803,52.886,1.3062,0.0225703,5633.361
1878,5633.512,57.83790701,18.81912939,26.133,-696.564,-12.374,239.525,56.780,1.7062,0.0210933,5636.361
1879,5636.511,57.83792104,18.81917250,26.171,-694.003,-12.336,241.088,60.311,1.9771,0.0194013,5639.360
1880,5639.511,57.83793371,18.81921706,26.251,-691.356,-12.256,242.498,63.497,2.2728,0.0176823,5642.361
1881,5642.510,57.83794510,18.81926281,26.298,-688.638,-12.210,243.767,66.372,2.7208,0.0160450,5645.361
1882,5645.510,57.83795533,18.81930953,26.418,-685.863,-12.090,244.905,68.963,3.3247,0.0145235,5648.363
1883,5648.510,57.83796448,18.81935703,26.519,-683.041,-11.988,245.923,71.299,4.1758,0.0131326,5651.364
1884,5651.510,57.83797264,18.81940515,26.637,-680.183,-11.870,246.832,73.405,4.8014,0.0118752,5654.366
1885,5654.509,57.83797990,18.81945379,26.787,-677.294,-11.720,247.640,75.308,5.1613,0.0107469,5657.370
1886,5657.509,57.83798634,18.81950282,26.954,-674.381,-11.554,248.357,77.031,4.9361,0.0097371,5660.374
1887,5660.509,57.83799202,18.81955219,27.144,-671.448,-11.364,248.989,78.592,4.3719,0.0088347,5663.380
1888,5663.509,57.83799702,18.81960181,27.219,-668.501,-11.288,249.546,80.011,3.5510,0.0080267,5666.381
1889,5666.508,57.83800140,18.81965164,27.311,-665.541,-11.197,250.033,81.301,2.5745,0.0073022,5669.382
1890,5669.508,57.83800520,18.81970164,27.367,-662.571,-11.141,250.455,82.472,1.8686,0.0066662,5672.382
1891,5672.508,57.83800848,18.81975177,27.416,-659.593,-11.091,250.820,83.529,1.4292,0.0061491,5675.383
1892,5675.508,57.83801128,18.81980200,27.479,-656.610,-11.029,251.131,84.491,1.3274,0.0057901,5678.383
1893,5678.508,57.83801364,18.81985231,27.489,-653.621,-11.019,251.394,85.389,1.1334,0.0056238,5681.383
1894,5681.508,57.83801560,18.81990267,27.533,-650.629,-10.974,251.612,86.268,0.9540,0.0056710,5684.383
1895,5684.508,57.83801716,18.81995309,27.545,-647.634,-10.962,251.785,87.181,0.4860,0.0059344,5687.383
1896,5687.507,57.83801827,18.82000355,27.578,-644.637,-10.929,251.909,88.172,0.1076,0.0063976,5690.383
1897,5690.507,57.83801889,18.82005404,27.580,-641.638,-10.928,251.977,89.277,-0.2216,0.0070293,5693.383
1898,5693.507,57.83801895,18.82010454,27.544,-638.638,-10.963,251.983,90.517,-0.6332,0.0077920,5696.383
1899,5696.507,57.83801839,18.82015504,27.506,-635.639,-11.001,251.920,91.900,-0.7923,0.0086552,5699.383
1900,5699.507,57.83801714,18.82020548,27.517,-632.642,-10.990,251.781,93.437,-0.6896,0.0096096,5702.383
1901,5702.506,57.83801514,18.82025585,27.482,-629.651,-11.025,251.557,95.144,-0.5681,0.0106648,5705.383
1902,5705.506,57.83801229,18.82030606,27.459,-626.668,-11.048,251.240,97.040,-0.5499,0.0118287,5708.383
1903,5708.506,57.83800851,18.82035606,27.455,-623.698,-11.052,250.819,99.147,-0.6034,0.0131056,5711.382
1904,5711.506,57.83800371,18.82040575,27.451,-620.747,-11.056,250.283,101.487,-0.7101,0.0144944,5714.382
1905,5714.505,57.83799777,18.82045501,27.388,-617.821,-11.119,249.621,104.083,-0.8739,0.0159841,5717.382
1906,5717.505,57.83799058,18.82050368,27.376,-614.930,-11.131,248.820,106.957,-1.3641,0.0175525,5720.382
1907,5720.504,57.83798204,18.82055157,27.352,-612.086,-11.155,247.869,110.126,-1.6718,0.0191602,5723.382
1908,5723.504,57.83797204,18.82059845,27.289,-609.301,-11.218,246.754,113.603,-1.7732,0.0207425,5726.382
1909,5726.503,57.83796048,18.82064406,27.213,-606.592,-11.295,245.467,117.404,-1.6611,0.0221562,5729.382
1910,5729.502,57.83794729,18.82068808,27.155,-603.978,-11.352,243.997,121.509,-1.4711,0.0231940,5732.382
1911,5732.502,57.83793242,18.82073017,27.149,-601.478,-11.358,242.340,125.834,-1.0415,0.0236506,5735.381
1912,5735.501,57.83791586,18.82076999,27.115,-599.113,-11.393,240.496,130.223,-0.6016,0.0233870,5738.380
1913,5738.500,57.83789769,18.82080724,27.107,-596.900,-11.401,238.471,134.488,-0.3542,0.0223798,5741.379
1914,5741.499,57.83787810,18.82084189,27.094,-594.842,-11.413,236.289,138.448,-0.2787,0.0207333,5744.379
1915,5744.498,57.83785736,18.82087410,27.078,-592.929,-11.430,233.979,141.974,-0.3215,0.0186458,5747.378
1916,5747.498,57.83783569,18.82090408,27.078,-591.149,-11.429,231.565,145.013,-0.3310,0.0163523,5750.378
1917,5750.498,57.83781327,18.82093207,27.070,-589.487,-11.437,229.068,147.584,-0.6605,0.0140686,5753.377
1918,5753.497,57.83779025,18.82095831,27.054,-587.928,-11.453,226.505,149.752,-0.4898,0.0119412,5756.377
1919,5756.497,57.83776677,18.82098304,27.027,-586.460,-11.480,223.889,151.571,-0.6719,0.0100104,5759.377
1920,5759.497,57.83774292,18.82100649,27.018,-585.067,-11.490,221.232,153.079,0.3571,0.0082644,5762.377
1921,5762.497,57.83771877,18.82102887,27.010,-583.739,-11.497,218.542,154.309,1.4178,0.0066810,5765.377
1922,5765.497,57.83769440,18.82105037,27.117,-582.462,-11.391,215.828,155.289,3.2046,0.0052336,5768.378
1923,5768.496,57.83766986,18.82107117,27.117,-581.226,-11.390,213.094,156.040,3.8249,0.0038931,5771.378
1924,5771.496,57.83764519,18.82109147,27.409,-580.021,-11.098,210.347,156.577,2.8661,0.0026318,5774.392
1925,5774.496,57.83762044,18.82111141,27.388,-578.837,-11.119,207.591,156.911,1.4518,0.0014226,5777.392
1926,5777.496,57.83759565,18.82113115,27.537,-577.665,-10.970,204.829,157.049,-0.9668,0.0002391,5780.396
1927,5780.496,57.83757086,18.82115087,27.296,-576.494,-11.211,202.067,156.992,-2.8294,-0.0009412,5783.405
1928,5783.496,57.83754609,18.82117071,27.193,-575.316,-11.314,199.308,156.728,-3.5941,-0.0021024,5786.407
1929,5786.496,57.83752138,18.82119083,27.204,-574.121,-11.303,196.557,156.242,-1.7478,-0.0031849,5789.407
1930,5789.496,57.83749678,18.82121141,27.023,-572.899,-11.485,193.817,155.543,0.0585,-0.0041123,5792.412
1931,5792.496,57.83747234,18.82123261,27.116,-571.640,-11.391,191.094,154.668,1.5775,-0.0048139,5795.414
1932,5795.495,57.83744809,18.82125462,27.239,-570.333,-11.269,188.394,153.678,1.6944,-0.0052425,5798.416
1933,5798.495,57.83742407,18.82127747,27.365,-568.976,-11.143,185.719,152.646,1.4497,-0.0053848,5801.418
1934,5801.495,57.83740027,18.82130111,27.287,-567.572,-11.220,183.068,151.641,0.5448,-0.0052656,5804.419
1935,5804.495,57.83737668,18.82132548,27.225,-566.125,-11.283,180.440,150.710,-0.3873,-0.0049419,5807.420
1936,5807.495,57.83735329,18.82135052,27.305,-564.638,-11.203,177.835,149.875,-0.8455,-0.0044882,5810.421
1937,5810.495,57.83733009,18.82137617,27.259,-563.115,-11.249,175.250,149.133,0.2180,-0.0039710,5813.421
1938,5813.495,57.83730705,18.82140233,27.231,-561.561,-11.277,172.684,148.486,1.1080,-0.0034182,5816.421
1939,5816.494,57.83728416,18.82142895,27.353,-559.980,-11.155,170.134,147.938,1.4019,-0.0028362,5819.423
1940,5819.494,57.83726139,18.82145594,27.279,-558.378,-11.228,167.599,147.495,1.1995,-0.0022310,5822.424
1941,5822.494,57.83723873,18.82148322,27.509,-556.758,-10.999,165.074,147.160,1.3773,-0.0016089,5825.433
1942,5825.494,57.83721613,18.82151070,27.395,-555.125,-11.113,162.557,146.935,0.6735,-0.0009765,5828.435
1943,5828.494,57.83719358,18.82153831,27.453,-553.486,-11.055,160.045,146.822,0.4423,-0.0003403,5831.435
1944,5831.494,57.83717104,18.82156596,27.415,-551.844,-11.092,157.534,146.820,0.2921,0.0002930,5834.435
1945,5834.494,57.83714848,18.82159357,27.489,-550.204,-11.019,155.022,146.929,-0.1909,0.0009171,5837.436
1946,5837.494,57.83712589,18.82162106,27.430,-548.571,-11.077,152.505,147.152,0.4320,0.0015024,5840.437
1947,5840.493,57.83710323,18.82164836,27.522,-546.950,-10.986,149.981,147.498,0.0871,0.0019734,5843.438
1948,5843.493,57.83708047,18.82167537,27.423,-545.346,-11.085,147.446,147.951,0.1881,0.0022419,5846.439
1949,5846.493,57.83705759,18.82170203,27.461,-543.762,-11.046,144.898,148.462,0.0237,0.0022343,5849.440
1950,5849.493,57.83703458,18.82172827,27.511,-542.204,-10.997,142.335,148.960,0.0067,0.0019106,5852.440
1951,5852.493,57.83701144,18.82175411,27.460,-540.670,-11.048,139.757,149.361,-0.3796,0.0012724,5855.440
1952,5855.493,57.83698822,18.82177971,27.472,-539.150,-11.035,137.171,149.593,-0.5588,0.0003618,5858.440
1953,5858.493,57.83696498,18.82180523,27.435,-537.634,-11.072,134.582,149.607,-0.7384,-0.0007479,5861.440
1954,5861.493,57.83694177,18.82183086,27.408,-536.112,-11.100,131.997,149.385,-0.5402,-0.0019692,5864.440
1955,5864.493,57.83691864,18.82185674,27.391,-534.575,-11.116,129.421,148.936,-0.1390,-0.0032245,5867.440
1956,5867.492,57.83689564,18.82188304,27.390,-533.013,-11.118,126.860,148.261,-0.0805,-0.0044350,5870.440
1957,5870.492,57.83687284,18.82190992,27.456,-531.416,-11.051,124.320,147.339,0.1998,-0.0054681,5873.441
1958,5873.492,57.83685029,18.82193753,27.405,-529.777,-11.103,121.808,146.184,0.0221,-0.0061544,5876.441
1959,5876.492,57.83682805,18.82196601,27.447,-528.085,-11.061,119.330,144.877,0.7021,-0.0063380,5879.441
1960,5879.492,57.83680619,18.82199552,27.467,-526.333,-11.040,116.896,143.549,3.8204,-0.0059164,5882.441
1961,5882.492,57.83678473,18.82202604,27.576,-524.520,-10.931,114.506,142.359,8.3480,-0.0048637,5885.443
1962,5885.491,57.83676357,18.82205730,27.721,-522.663,-10.786,112.149,141.458,9.1745,-0.0032345,5888.446
1963,5888.491,57.83674261,18.82208901,28.181,-520.780,-10.326,109.814,140.957,6.8666,-0.0011477,5891.481
1964,5891.491,57.83672171,18.82212087,28.672,-518.888,-9.835,107.486,140.907,2.9393,0.0012432,5894.521
1965,5894.491,57.83670076,18.82215260,28.626,-517.003,-9.881,105.153,141.312,-1.2642,0.0037886,5897.521
1966,5897.491,57.83667962,18.82218391,27.969,-515.144,-10.538,102.798,142.182,-4.2511,0.0063413,5900.592
1967,5900.491,57.83665818,18.82221447,27.994,-513.329,-10.513,100.410,143.545,-4.8619,0.0087548,5903.592
1968,5903.491,57.83663631,18.82224393,27.994,-511.579,-10.514,97.973,145.382,-2.5159,0.0108661,5906.592
1969,5906.490,57.83661389,18.82227192,28.044,-509.917,-10.463,95.476,147.615,0.8600,0.0125284,5909.592
1970,5909.490,57.83659084,18.82229804,28.053,-508.365,-10.454,92.909,150.117,2.1049,0.0136459,5912.591
1971,5912.489,57.83656716,18.82232212,28.087,-506.936,-10.421,90.272,152.743,0.8141,0.0142013,5915.591
1972,5915.489,57.83654293,18.82234414,28.083,-505.627,-10.424,87.573,155.360,0.7965,0.0142609,5918.591
1973,5918.489,57.83651820,18.82236415,28.133,-504.439,-10.375,84.818,157.881,0.7717,0.0139568,5921.591
1974,5921.488,57.83649304,18.82238217,28.163,-503.369,-10.345,82.016,160.273,0.8418,0.0134480,5924.591
1975,5924.488,57.83646751,18.82239826,28.170,-502.414,-10.337,79.173,162.549,0.9683,0.0128694,5927.590
1976,5927.488,57.83644167,18.82241249,28.200,-501.569,-10.307,76.294,164.719,1.0323,0.0122774,5930.590
1977,5930.488,57.83641556,18.82242491,28.239,-500.832,-10.268,73.387,166.783,1.1236,0.0116830,5933.590
1978,5933.487,57.83638924,18.82243561,28.267,-500.196,-10.241,70.455,168.742,1.2604,0.0110951,5936.590
1979,5936.487,57.83636274,18.82244466,28.324,-499.659,-10.183,67.504,170.597,1.0823,0.0105206,5939.590
1980,5939.487,57.83633611,18.82245215,28.328,-499.215,-10.180,64.537,172.353,0.7036,0.0099642,5942.590
1981,5942.487,57.83630936,18.82245814,28.377,-498.859,-10.131,61.558,174.014,0.2969,0.0094300,5945.590
1982,5945.486,57.83628254,18.82246271,28.360,-498.588,-10.147,58.571,175.585,0.0229,0.0089203,5948.590
1983,5948.486,57.83625566,18.82246595,28.341,-498.396,-10.167,55.577,177.069,-0.1711,0.0084359,5951.590
1984,5951.486,57.83622875,18.82246792,28.347,-498.280,-10.160,52.580,178.471,-0.1781,0.0079777,5954.590
1985,5954.486,57.83620181,18.82246868,28.341,-498.235,-10.166,49.580,179.796,-0.2229,0.0075498,5957.590
1986,5957.486,57.83617488,18.82246831,28.349,-498.257,-10.158,46.580,181.047,-0.1004,0.0071599,5960.590
1987,5960.485,57.83614796,18.82246686,28.335,-498.343,-10.172,43.582,182.230,-0.1028,0.0068155,5963.590
1988,5963.485,57.83612105,18.82246439,28.331,-498.490,-10.176,40.586,183.357,-0.0807,0.0065214,5966.589
1989,5966.485,57.83609418,18.82246097,28.327,-498.694,-10.180,37.593,184.437,0.0842,0.0062777,5969.589
1990,5969.485,57.83606735,18.82245661,28.336,-498.953,-10.172,34.604,185.483,0.2056,0.0060798,5972.589
1991,5972.485,57.83604056,18.82245135,28.348,-499.266,-10.159,31.621,186.503,0.3713,0.0059189,5975.589
1992,5975.485,57.83601382,18.82244520,28.359,-499.632,-10.149,28.643,187.504,0.4118,0.0057836,5978.589
1993,5978.485,57.83598715,18.82243818,28.375,-500.049,-10.132,25.672,188.487,0.3896,0.0056617,5981.589
1994,5981.484,57.83596055,18.82243031,28.379,-500.517,-10.128,22.709,189.450,0.5015,0.0055442,5984.589
1995,5984.484,57.83593401,18.82242162,28.402,-501.034,-10.105,19.754,190.393,0.6605,0.0054278,5987.588
1996,5987.484,57.83590756,18.82241211,28.412,-501.599,-10.095,16.808,191.316,0.7385,0.0053125,5990.588
1997,5990.484,57.83588119,18.82240182,28.435,-502.211,-10.072,13.871,192.219,0.7139,0.0051988,5993.588
1998,5993.484,57.83585491,18.82239075,28.483,-502.868,-10.024,10.944,193.103,0.5844,0.0050869,5996.589
1999,5996.484,57.83582872,18.82237894,28.485,-503.571,-10.022,8.028,193.968,0.3993,0.0049769,5999.588
2000,5999.484,57.83580263,18.82236639,28.485,-504.316,-10.022,5.122,194.813,0.3774,0.0048691,6002.588
2001,6002.483,57.83577664,18.82235313,28.494,-505.104,-10.013,2.228,195.640,0.4053,0.0047637,6005.588
2002,6005.483,57.83575076,18.82233918,28.505,-505.933,-10.002,-0.655,196.450,0.6124,0.0046609,6008.588
2003,6008.483,57.83572498,18.82232455,28.533,-506.803,-9.974,-3.526,197.242,0.7420,0.0045605,6011.588
2004,6011.483,57.83569931,18.82230926,28.568,-507.711,-9.939,-6.385,198.017,0.7237,0.0044608,6014.588
2005,6014.483,57.83567375,18.82229333,28.580,-508.658,-9.927,-9.232,198.777,0.4499,0.0043561,6017.588
2006,6017.483,57.83564830,18.82227677,28.596,-509.642,-9.911,-12.066,199.522,0.1534,0.0042390,6020.588
2007,6020.483,57.83562297,18.82225961,28.577,-510.662,-9.931,-14.887,200.248,-0.0692,0.0041029,6023.588
2008,6023.482,57.83559776,18.82224184,28.595,-511.718,-9.913,-17.695,200.951,-0.1244,0.0039430,6026.588
2009,6026.482,57.83557266,18.82222351,28.565,-512.807,-9.942,-20.490,201.623,-0.0607,0.0037575,6029.588
2010,6029.482,57.83554767,18.82220464,28.582,-513.928,-9.926,-23.272,202.260,0.0161,0.0035481,6032.588
2011,6032.482,57.83552280,18.82218527,28.588,-515.079,-9.920,-26.043,202.856,0.1728,0.0033194,6035.588
2012,6035.482,57.83549803,18.82216543,28.591,-516.258,-9.917,-28.801,203.408,0.2167,0.0030777,6038.587
2013,6038.482,57.83547336,18.82214517,28.596,-517.462,-9.911,-31.549,203.917,0.4137,0.0028294,6041.587
2014,6041.482,57.83544878,18.82212451,28.611,-518.690,-9.896,-34.286,204.383,0.6200,0.0025782,6044.587
2015,6044.482,57.83542429,18.82210349,28.637,-519.939,-9.871,-37.014,204.805,0.9526,0.0023250,6047.587
2016,6047.481,57.83539987,18.82208216,28.657,-521.206,-9.851,-39.733,205.183,1.1912,0.0020704,6050.587
2017,6050.481,57.83537553,18.82206054,28.711,-522.491,-9.797,-42.444,205.517,1.3314,0.0018150,6053.588
2018,6053.481,57.83535125,18.82203867,28.759,-523.790,-9.748,-45.147,205.807,1.3548,0.0015591,6056.588
2019,6056.481,57.83532703,18.82201660,28.788,-525.102,-9.719,-47.845,206.053,1.3206,0.0013033,6059.588
2020,6059.481,57.83530285,18.82199434,28.823,-526.425,-9.685,-50.538,206.255,1.2783,0.0010478,6062.588
2021,6062.481,57.83527871,18.82197194,28.863,-527.756,-9.644,-53.226,206.413,1.2388,0.0007930,6065.588
2022,6065.481,57.83525460,18.82194943,28.898,-529.093,-9.609,-55.912,206.527,1.2021,0.0005396,6068.588
2023,6068.481,57.83523051,18.82192685,28.938,-530.435,-9.570,-58.595,206.595,1.1516,0.0002955,6071.588
2024,6071.481,57.83520642,18.82190424,28.974,-531.779,-9.534,-61.277,206.616,0.9557,0.0000772,6074.588
2025,6074.480,57.83518234,18.82188162,28.999,-533.123,-9.508,-63.959,206.595,0.7731,-0.0000971,6077.588
2026,6077.480,57.83515825,18.82185902,29.007,-534.465,-9.500,-66.642,206.541,0.5902,-0.0002124,6080.588
2027,6080.480,57.83513415,18.82183649,29.036,-535.804,-9.472,-69.326,206.471,0.5006,-0.0002612,6083.588
2028,6083.480,57.83511002,18.82181403,29.039,-537.139,-9.469,-72.013,206.401,0.4108,-0.0002444,6086.588
2029,6086.480,57.83508589,18.82179161,29.057,-538.471,-9.450,-74.701,206.347,0.2848,-0.0001714,6089.588
2030,6089.480,57.83506174,18.82176922,29.061,-539.801,-9.446,-77.389,206.318,0.1307,-0.0000581,6092.588
2031,6092.480,57.83503760,18.82174684,29.076,-541.131,-9.431,-80.078,206.318,0.0485,0.0000768,6095.588
2032,6095.480,57.83501346,18.82172445,29.059,-542.462,-9.448,-82.767,206.343,0.1126,0.0002176,6098.588
2033,6098.480,57.83498932,18.82170203,29.058,-543.794,-9.449,-85.455,206.393,0.0441,0.0003582,6101.588
2034,6101.479,57.83496520,18.82167956,29.067,-545.129,-9.440,-88.141,206.467,0.0357,0.0004984,6104.588
2035,6104.479,57.83494110,18.82165702,29.084,-546.468,-9.423,-90.826,206.564,0.0637,0.0006386,6107.588
2036,6107.479,57.83491702,18.82163440,29.081,-547.812,-9.427,-93.507,206.686,0.0737,0.0007788,6110.588
2037,6110.479,57.83489296,18.82161167,29.060,-549.163,-9.448,-96.186,206.832,0.0007,0.0009194,6113.588
2038,6113.479,57.83486894,18.82158882,29.074,-550.521,-9.433,-98.861,207.002,-0.0182,0.0010605,6116.587
2039,6116.479,57.83484496,18.82156582,29.084,-551.887,-9.424,-101.532,207.196,0.0924,0.0012021,6119.587
2040,6119.479,57.83482103,18.82154266,29.078,-553.263,-9.429,-104.197,207.415,0.3102,0.0013445,6122.587
2041,6122.479,57.83479714,18.82151932,29.089,-554.650,-9.419,-106.857,207.658,0.3972,0.0014878,6125.587
2042,6125.479,57.83477331,18.82149579,29.101,-556.049,-9.407,-109.511,207.925,0.4859,0.0016321,6128.587
2043,6128.478,57.83474954,18.82147203,29.127,-557.460,-9.380,-112.158,208.218,0.7002,0.0017776,6131.587
2044,6131.478,57.83472584,18.82144804,29.150,-558.886,-9.358,-114.798,208.536,0.8987,0.0019243,6134.587
2045,6134.478,57.83470222,18.82142379,29.161,-560.327,-9.346,-117.429,208.879,0.9347,0.0020724,6137.587
2046,6137.478,57.83467867,18.82139927,29.205,-561.784,-9.302,-120.051,209.247,0.9326,0.0022220,6140.587
2047,6140.478,57.83465521,18.82137445,29.233,-563.259,-9.274,-122.664,209.641,0.7867,0.0023731,6143.587
2048,6143.478,57.83463185,18.82134932,29.256,-564.752,-9.251,-125.266,210.062,0.5955,0.0025258,6146.587
2049,6146.478,57.83460859,18.82132386,29.261,-566.265,-9.246,-127.856,210.509,0.2904,0.0026802,6149.587
2050,6149.478,57.83458543,18.82129806,29.274,-567.798,-9.233,-130.434,210.982,0.0664,0.0028361,6152.587
2051,6152.478,57.83456240,18.82127188,29.265,-569.353,-9.242,-133.000,211.483,0.0505,0.0029936,6155.587
2052,6155.477,57.83453949,18.82124532,29.268,-570.932,-9.239,-135.551,212.011,0.0538,0.0031526,6158.587
2053,6158.477,57.83451672,18.82121835,29.264,-572.534,-9.244,-138.087,212.566,0.0601,0.0033131,6161.587
2054,6161.477,57.83449409,18.82119096,29.284,-574.162,-9.224,-140.607,213.149,0.0961,0.0034750,6164.587
2055,6164.477,57.83447162,18.82116313,29.283,-575.815,-9.225,-143.110,213.760,0.1384,0.0036381,6167.586
2056,6167.477,57.83444930,18.82113484,29.276,-577.496,-9.232,-145.595,214.399,0.0228,0.0038022,6170.586
2057,6170.477,57.83442717,18.82110608,29.279,-579.205,-9.229,-148.060,215.067,-0.0422,0.0039671,6173.586
2058,6173.477,57.83440521,18.82107682,29.290,-580.943,-9.217,-150.505,215.763,0.0950,0.0041323,6176.586
2059,6176.476,57.83438345,18.82104706,29.282,-582.712,-9.225,-152.928,216.488,0.2158,0.0042976,6179.586
2060,6179.476,57.83436190,18.82101677,29.274,-584.511,-9.233,-155.328,217.241,0.0813,0.0044624,6182.586
2061,6182.476,57.83434057,18.82098594,29.298,-586.343,-9.209,-157.704,218.024,0.0055,0.0046233,6185.586
2062,6185.476,57.83431946,18.82095457,29.320,-588.207,-9.188,-160.054,218.836,-0.0959,0.0047727,6188.586
2063,6188.476,57.83429860,18.82092262,29.278,-590.105,-9.229,-162.377,219.677,-0.0464,0.0049023,6191.586
2064,6191.476,57.83427800,18.82089010,29.264,-592.038,-9.244,-164.672,220.541,-0.0801,0.0050053,6194.586
2065,6194.476,57.83425766,18.82085699,29.295,-594.005,-9.213,-166.937,221.422,-0.0221,0.0050777,6197.586
2066,6197.476,57.83423760,18.82082329,29.281,-596.007,-9.227,-169.170,222.311,0.1500,0.0051193,6200.586
2067,6200.475,57.83421782,18.82078901,29.304,-598.044,-9.203,-171.373,223.201,0.1827,0.0051340,6203.586
2068,6203.475,57.83419833,18.82075416,29.286,-600.115,-9.221,-173.544,224.089,-0.0954,0.0051283,6206.586
2069,6206.475,57.83417912,18.82071875,29.296,-602.219,-9.211,-175.682,224.971,-0.3146,0.0051103,6209.585
2070,6209.475,57.83416021,18.82068280,29.284,-604.355,-9.224,-177.788,225.849,-0.3319,0.0050867,6212.585
2071,6212.475,57.83414160,18.82064630,29.263,-606.523,-9.244,-179.861,226.723,-0.3212,0.0050604,6215.585
2072,6215.475,57.83412328,18.82060928,29.254,-608.723,-9.254,-181.901,227.591,-0.0522,0.0050313,6218.585
2073,6218.475,57.83410526,18.82057174,29.259,-610.953,-9.248,-183.907,228.455,0.1564,0.0049995,6221.585
2074,6221.474,57.83408755,18.82053371,29.272,-613.213,-9.236,-185.880,229.312,0.4923,0.0049652,6224.585
2075,6224.474,57.83407014,18.82049518,29.290,-615.502,-9.217,-187.819,230.164,0.6609,0.0049285,6227.585
2076,6227.474,57.83405303,18.82045617,29.315,-617.820,-9.192,-189.723,231.009,0.7003,0.0048896,6230.585
2077,6230.474,57.83403623,18.82041669,29.325,-620.165,-9.182,-191.594,231.847,0.5308,0.0048487,6233.585
2078,6233.474,57.83401975,18.82037676,29.353,-622.538,-9.155,-193.430,232.678,0.4013,0.0048059,6236.585
2079,6236.474,57.83400357,18.82033639,29.353,-624.936,-9.154,-195.231,233.504,0.1841,0.0047520,6239.584
2080,6239.474,57.83398770,18.82029559,29.361,-627.360,-9.146,-196.998,234.333,-0.0084,0.0046436,6242.584
2081,6242.473,57.83397214,18.82025437,29.345,-629.809,-9.162,-198.731,235.163,0.0033,0.0044199,6245.584
2082,6245.473,57.83395689,18.82021275,29.367,-632.282,-9.141,-200.429,235.968,0.0644,0.0040239,6248.584
2083,6248.473,57.83394194,18.82017073,29.348,-634.779,-9.159,-202.093,236.704,0.3673,0.0034173,6251.584
2084,6251.473,57.83392729,18.82012836,29.368,-637.296,-9.139,-203.724,237.315,0.4748,0.0025877,6254.584
2085,6254.473,57.83391286,18.82008573,29.403,-639.829,-9.104,-205.332,237.747,0.7679,0.0015503,6257.584
2086,6257.473,57.83389854,18.82004296,29.415,-642.370,-9.093,-206.926,237.958,0.9054,0.0003429,6260.584
2087,6260.473,57.83388424,18.82000015,29.455,-644.913,-9.052,-208.518,237.927,1.1163,-0.0009840,6263.584
2088,6263.473,57.83386989,18.81995742,29.456,-647.452,-9.051,-210.116,237.653,1.0876,-0.0023830,6266.584
2089,6266.472,57.83385538,18.81991488,29.531,-649.979,-8.976,-211.732,237.137,0.8754,-0.0038305,6269.585
2090,6269.472,57.83384062,18.81987264,29.532,-652.488,-8.976,-213.376,236.374,0.4413,-0.0053366,6272.585
2091,6272.472,57.83382550,18.81983084,29.565,-654.972,-8.943,-215.058,235.350,0.1447,-0.0069154,6275.585
2092,6275.472,57.83380995,18.81978962,29.550,-657.421,-8.957,-216.791,234.050,0.0931,-0.0085784,6278.585
2093,6278.472,57.83379384,18.81974915,29.525,-659.826,-8.983,-218.584,232.455,0.2956,-0.0103280,6281.585
2094,6281.472,57.83377708,18.81970962,29.534,-662.174,-8.973,-220.450,230.546,0.8504,-0.0121578,6284.584
2095,6284.471,57.83375957,18.81967125,29.607,-664.454,-8.901,-222.400,228.304,1.0330,-0.0140469,6287.585
2096,6287.471,57.83374122,18.81963429,29.634,-666.650,-8.873,-224.443,225.713,1.1245,-0.0159551,6290.585
2097,6290.470,57.83372194,18.81959903,29.681,-668.745,-8.827,-226.590,222.767,0.9195,-0.0178253,6293.585
2098,6293.470,57.83370167,18.81956579,29.688,-670.720,-8.819,-228.847,219.467,0.6066,-0.0195671,6296.584
2099,6296.469,57.83368037,18.81953490,29.675,-672.556,-8.832,-231.219,215.832,0.4587,-0.0210537,6299.583
2100,6299.469,57.83365803,18.81950671,29.713,-674.231,-8.794,-233.707,211.921,0.7893,-0.0221679,6302.583
2101,6302.468,57.83363469,18.81948152,29.743,-675.728,-8.764,-236.306,207.833,0.9631,-0.0228458,6305.582
2102,6305.467,57.83361043,18.81945962,29.776,-677.029,-8.731,-239.008,203.683,1.4442,-0.0231023,6308.582
2103,6308.466,57.83358537,18.81944112,29.818,-678.129,-8.689,-241.799,199.575,1.6155,-0.0230321,6311.581
2104,6311.466,57.83355969,18.81942597,29.887,-679.029,-8.621,-244.660,195.572,1.6762,-0.0227880,6314.581
2105,6314.465,57.83353351,18.81941412,29.907,-679.734,-8.601,-247.575,191.683,2.0549,-0.0225410,6317.581
2106,6317.464,57.83350697,18.81940556,30.015,-680.243,-8.493,-250.531,187.873,2.2026,-0.0224427,6320.582
2107,6320.464,57.83348018,18.81940031,30.033,-680.555,-8.474,-253.514,184.071,1.9613,-0.0225961,6323.581
2108,6323.463,57.83345327,18.81939841,30.125,-680.668,-8.382,-256.511,180.210,2.2550,-0.0230305,6326.582
2109,6326.462,57.83342636,18.81939997,30.217,-680.576,-8.290,-259.509,176.238,2.1602,-0.0237205,6329.583
2110,6329.461,57.83339956,18.81940507,30.226,-680.274,-8.282,-262.493,172.094,2.0658,-0.0245844,6332.582
2111,6332.461,57.83337305,18.81941385,30.282,-679.753,-8.225,-265.446,167.728,2.2861,-0.0254732,6335.582
2112,6335.460,57.83334697,18.81942645,30.452,-679.005,-8.056,-268.351,163.140,2.5728,-0.0262110,6338.586
2113,6338.459,57.83332153,18.81944299,30.412,-678.023,-8.095,-271.184,158.385,2.9276,-0.0266444,6341.585
2114,6341.458,57.83329694,18.81946356,30.561,-676.801,-7.946,-273.923,153.568,3.2261,-0.0266868,6344.588
2115,6344.457,57.83327338,18.81948799,30.662,-675.350,-7.846,-276.548,148.807,3.0634,-0.0263494,6347.588
2116,6347.456,57.83325095,18.81951595,30.777,-673.689,-7.731,-279.045,144.198,2.9913,-0.0257358,6350.590
2117,6350.455,57.83322976,18.81954709,30.827,-671.840,-7.680,-281.406,139.789,3.4085,-0.0250108,6353.589
2118,6353.454,57.83320986,18.81958111,30.939,-669.819,-7.569,-283.623,135.566,3.2505,-0.0243522,6356.590
2119,6356.453,57.83319133,18.81961774,31.014,-667.644,-7.493,-285.687,131.470,3.4006,-0.0239049,6359.591
2120,6359.453,57.83317422,18.81965673,31.139,-665.327,-7.368,-287.593,127.435,3.2533,-0.0237274,6362.592
2121,6362.452,57.83315862,18.81969788,31.280,-662.883,-7.228,-289.331,123.392,2.9860,-0.0237854,6365.595
2122,6365.451,57.83314460,18.81974098,31.322,-660.323,-7.185,-290.893,119.286,2.5147,-0.0239950,6368.595
2123,6368.450,57.83313226,18.81978586,31.372,-657.657,-7.136,-292.267,115.085,2.1143,-0.0242397,6371.594
2124,6371.449,57.83312174,18.81983233,31.430,-654.897,-7.078,-293.440,110.796,1.5672,-0.0243995,6374.594
2125,6374.449,57.83311314,18.81988017,31.497,-652.055,-7.010,-294.398,106.461,1.3966,-0.0243748,6377.594
2126,6377.448,57.83310651,18.81992910,31.547,-649.148,-6.960,-295.137,102.145,1.4781,-0.0241083,6380.593
2127,6380.447,57.83310184,18.81997882,31.564,-646.194,-6.943,-295.657,97.916,1.0935,-0.0235999,6383.593
2128,6383.446,57.83309911,18.82002904,31.585,-643.211,-6.923,-295.962,93.825,1.1215,-0.0228964,6386.592
2129,6386.445,57.83309826,18.82007951,31.651,-640.213,-6.857,-296.058,89.896,1.4817,-0.0220726,6389.592
2130,6389.445,57.83309921,18.82012996,31.688,-637.215,-6.819,-295.952,86.135,1.6796,-0.0211981,6392.592
2131,6392.444,57.83310188,18.82018020,31.698,-634.231,-6.809,-295.655,82.543,1.8694,-0.0203178,6395.591
2132,6395.444,57.83310619,18.82023004,31.832,-631.270,-6.675,-295.175,79.114,1.7043,-0.0194665,6398.593
2133,6398.443,57.83311205,18.82027932,31.867,-628.342,-6.641,-294.524,75.838,1.5396,-0.0186689,6401.593
2134,6401.443,57.83311936,18.82032791,31.861,-625.455,-6.647,-293.710,72.702,1.2770,-0.0179453,6404.593
2135,6404.442,57.83312805,18.82037570,31.938,-622.616,-6.570,-292.742,69.688,1.2700,-0.0173083,6407.593
2136,6407.442,57.83313805,18.82042259,31.944,-619.830,-6.564,-291.629,66.780,1.3278,-0.0167670,6410.593
2137,6410.441,57.83314928,18.82046848,32.002,-617.104,-6.505,-290.379,63.959,1.2655,-0.0163273,6413.593
2138,6413.441,57.83316169,18.82051329,32.018,-614.441,-6.489,-288.997,61.206,0.9598,-0.0159897,6416.593
2139,6416.441,57.83317522,18.82055695,32.112,-611.848,-6.395,-287.490,58.496,0.4116,-0.0157321,6419.594
2140,6419.440,57.83318982,18.82059937,32.079,-609.327,-6.428,-285.864,55.807,0.1925,-0.0155071,6422.593
2141,6422.440,57.83320547,18.82064048,32.020,-606.885,-6.487,-284.122,53.130,0.1614,-0.0152543,6425.594
2142,6425.439,57.83322211,18.82068017,32.085,-604.526,-6.422,-282.269,50.478,0.4896,-0.0149154,6428.594
2143,6428.439,57.83323972,18.82071838,32.076,-602.257,-6.431,-280.308,47.881,0.7082,-0.0144468,6431.594
2144,6431.439,57.83325823,18.82075505,32.127,-600.077,-6.380,-278.247,45.377,0.8065,-0.0138287,6434.594
2145,6434.438,57.83327756,18.82079022,32.171,-597.988,-6.336,-276.094,43.008,0.6880,-0.0130682,6437.594
2146,6437.438,57.83329761,18.82082392,32.164,-595.986,-6.343,-273.861,40.800,0.0321,-0.0121966,6440.593
2147,6440.438,57.83331832,18.82085621,32.132,-594.067,-6.375,-271.555,38.767,-0.1594,-0.0112588,6443.593
2148,6443.438,57.83333960,18.82088716,32.118,-592.228,-6.389,-269.185,36.908,-0.7930,-0.0102981,6446.593
2149,6446.437,57.83336138,18.82091687,32.160,-590.462,-6.348,-266.760,35.220,-1.0875,-0.0093375,6449.593
2150,6449.437,57.83338360,18.82094542,32.050,-588.766,-6.457,-264.286,33.701,-1.0838,-0.0083879,6452.595
2151,6452.437,57.83340618,18.82097293,32.065,-587.132,-6.443,-261.770,32.346,-1.3047,-0.0074568,6455.595
2152,6455.437,57.83342909,18.82099948,31.956,-585.554,-6.552,-259.219,31.150,-1.5779,-0.0065484,6458.597
2153,6458.437,57.83345228,18.82102519,31.964,-584.026,-6.544,-256.637,30.109,-1.5984,-0.0056640,6461.596
2154,6461.436,57.83347569,18.82105017,31.934,-582.542,-6.573,-254.030,29.217,-1.3636,-0.0048027,6464.596
2155,6464.436,57.83349928,18.82107451,31.839,-581.095,-6.668,-251.402,28.471,-1.6331,-0.0039621,6467.598
2156,6467.436,57.83352303,18.82109833,31.800,-579.680,-6.707,-248.757,27.866,-1.8334,-0.0031386,6470.598
2157,6470.436,57.83354690,18.82112174,31.770,-578.289,-6.737,-246.099,27.401,-2.0118,-0.0023322,6473.598
2158,6473.436,57.83357085,18.82114484,31.716,-576.916,-6.791,-243.432,27.078,-1.5706,-0.0015572,6476.598
2159,6476.436,57.83359486,18.82116773,31.628,-575.556,-6.879,-240.758,26.895,-1.2107,-0.0008348,6479.599
2160,6479.436,57.83361890,18.82119052,31.582,-574.202,-6.925,-238.081,26.840,-1.1556,-0.0001849,6482.600
2161,6482.436,57.83364293,18.82121332,31.615,-572.847,-6.892,-235.405,26.895,-0.9781,0.0003789,6485.600
2162,6485.436,57.83366694,18.82123622,31.590,-571.486,-6.918,-232.731,27.039,-0.8461,0.0008535,6488.600
2163,6488.435,57.83369090,18.82125926,31.532,-570.117,-6.975,-230.062,27.249,-0.8123,0.0012469,6491.600
2164,6491.435,57.83371482,18.82128248,31.490,-568.737,-7.017,-227.399,27.509,-0.8823,0.0015769,6494.600
2165,6494.435,57.83373868,18.82130592,31.482,-567.344,-7.025,-224.741,27.810,-0.7412,0.0018678,6497.600
2166,6497.435,57.83376247,18.82132960,31.467,-565.937,-7.040,-222.092,28.155,-0.4621,0.0021434,6500.600
2167,6500.435,57.83378618,18.82135357,31.466,-564.513,-7.041,-219.452,28.547,-0.3533,0.0024180,6503.600
2168,6503.435,57.83380979,18.82137786,31.450,-563.069,-7.057,-216.822,28.987,-0.2938,0.0026930,6506.600
2169,6506.435,57.83383330,18.82140251,31.435,-561.604,-7.073,-214.204,29.474,-0.3662,0.0029671,6509.600
2170,6509.435,57.83385669,18.82142756,31.407,-560.116,-7.101,-211.599,30.008,-0.4238,0.0032393,6512.600
2171,6512.434,57.83387995,18.82145302,31.417,-558.603,-7.090,-209.009,30.589,-0.5795,0.0035083,6515.600
2172,6515.434,57.83390306,18.82147895,31.414,-557.063,-7.093,-206.435,31.217,-0.6094,0.0037730,6518.600
2173,6518.434,57.83392602,18.82150536,31.362,-555.493,-7.146,-203.879,31.891,-0.6790,0.0040319,6521.600
2174,6521.434,57.83394880,18.82153230,31.343,-553.892,-7.165,-201.341,32.608,-0.8107,0.0042836,6524.600
2175,6524.434,57.83397139,18.82155979,31.316,-552.259,-7.191,-198.825,33.370,-0.8905,0.0045256,6527.600
2176,6527.434,57.83399379,18.82158785,31.312,-550.592,-7.195,-196.331,34.179,-0.9572,0.0047319,6530.600
2177,6530.434,57.83401596,18.82161651,31.272,-548.889,-7.235,-193.862,35.040,-0.9239,0.0048492,6533.600
2178,6533.434,57.83403791,18.82164579,31.232,-547.149,-7.275,-191.418,35.938,-1.0668,0.0048193,6536.600
2179,6536.433,57.83405960,18.82167572,31.207,-545.371,-7.300,-189.002,36.836,-1.1555,0.0045967,6539.600
2180,6539.433,57.83408104,18.82170629,31.156,-543.554,-7.352,-186.615,37.683,-1.2152,0.0041600,6542.600
2181,6542.433,57.83410223,18.82173745,31.154,-541.703,-7.353,-184.254,38.425,-1.2563,0.0035160,6545.600
2182,6545.433,57.83412324,18.82176907,31.093,-539.824,-7.414,-181.915,39.014,-1.2910,0.0026983,6548.601
2183,6548.433,57.83414410,18.82180101,31.052,-537.926,-7.455,-179.592,39.422,-1.3205,0.0017594,6551.601
2184,6551.433,57.83416487,18.82183316,31.017,-536.016,-7.491,-177.279,39.643,-1.1960,0.0007581,6554.601
2185,6554.433,57.83418560,18.82186540,30.977,-534.101,-7.531,-174.970,39.685,-1.0236,-0.0002588,6557.601
2186,6557.433,57.83420635,18.82189760,30.967,-532.187,-7.541,-172.660,39.555,-0.6123,-0.0012767,6560.601
2187,6560.432,57.83422716,18.82192966,30.935,-530.283,-7.573,-170.342,39.251,-0.4492,-0.0023018,6563.601
2188,6563.432,57.83424809,18.82196145,30.937,-528.394,-7.570,-168.012,38.772,-0.1583,-0.0033402,6566.601
2189,6566.432,57.83426918,18.82199285,30.933,-526.528,-7.574,-165.662,38.115,0.0800,-0.0043971,6569.601
2190,6569.432,57.83429049,18.82202373,30.943,-524.693,-7.564,-163.289,37.275,0.3210,-0.0054764,6572.601
2191,6572.432,57.83431207,18.82205396,30.936,-522.897,-7.571,-160.886,36.247,0.5030,-0.0065802,6575.601
2192,6575.432,57.83433396,18.82208339,30.978,-521.149,-7.530,-158.449,35.027,0.5248,-0.0077075,6578.601
2193,6578.432,57.83435620,18.82211187,30.982,-519.456,-7.526,-155.972,33.608,0.5338,-0.0088536,6581.600
2194,6581.431,57.83437884,18.82213923,31.007,-517.831,-7.500,-153.451,31.986,0.4309,-0.0100096,6584.600
2195,6584.431,57.83440190,18.82216531,31.005,-516.281,-7.502,-150.882,30.148,0.3434,-0.0111271,6587.600
2196,6587.431,57.83442542,18.82218991,31.016,-514.819,-7.491,-148.263,28.069,0.2479,-0.0120517,6590.600
2197,6590.431,57.83444941,18.82221286,31.022,-513.456,-7.485,-145.591,25.769,0.1918,-0.0125812,6593.600
2198,6593.430,57.83447388,18.82223396,31.025,-512.202,-7.483,-142.866,23.339,-0.0842,-0.0125310,6596.599
2199,6596.430,57.83449882,18.82225302,31.032,-511.069,-7.476,-140.088,20.934,-0.5089,-0.0117862,6599.599
2200,6599.429,57.83452418,18.82227002,31.020,-510.059,-7.487,-137.264,18.737,-0.8965,-0.0103330,6602.599
2201,6602.429,57.83454985,18.82228531,30.984,-509.150,-7.523,-134.405,16.919,-0.7904,-0.0082585,6605.599
2202,6605.429,57.83457573,18.82229934,30.957,-508.316,-7.550,-131.524,15.597,0.0718,-0.0057232,6608.599
2203,6608.429,57.83460173,18.82231254,30.955,-507.532,-7.552,-128.628,14.820,2.8656,-0.0029194,6611.598
2204,6611.429,57.83462779,18.82232531,31.049,-506.773,-7.459,-125.726,14.573,5.2311,-0.0000256,6614.600
2205,6614.429,57.83465384,18.82233809,31.221,-506.014,-7.287,-122.824,14.845,5.9406,0.0027802,6617.605
2206,6617.429,57.83467984,18.82235128,31.471,-505.230,-7.037,-119.928,15.653,4.7827,0.0053104,6620.615
2207,6620.428,57.83470572,18.82236531,31.777,-504.396,-6.731,-117.046,16.962,1.9033,0.0073566,6623.630
2208,6623.428,57.83473139,18.82238058,31.564,-503.488,-6.943,-114.187,18.658,-2.1325,0.0087339,6626.638
2209,6626.428,57.83475677,18.82239751,31.399,-502.482,-7.109,-111.361,20.562,-5.8913,0.0093286,6629.642
2210,6629.428,57.83478180,18.82241616,31.237,-501.374,-7.271,-108.574,22.470,-8.0038,0.0091308,6632.646
2211,6632.427,57.83480650,18.82243628,30.995,-500.178,-7.512,-105.823,24.196,-7.5336,0.0082416,6635.655
2212,6635.427,57.83483091,18.82245762,30.740,-498.911,-7.767,-103.104,25.615,-5.6270,0.0068473,6638.666
2213,6638.427,57.83485508,18.82247990,30.585,-497.586,-7.922,-100.412,26.683,-4.1943,0.0051707,6641.670
2214,6641.427,57.83487907,18.82250288,30.528,-496.221,-7.979,-97.741,27.416,-3.1647,0.0034253,6644.670
2215,6644.427,57.83490292,18.82252632,30.523,-494.828,-7.985,-95.084,27.824,-1.6319,0.0017694,6647.670
2216,6647.427,57.83492672,18.82254998,30.428,-493.423,-8.079,-92.434,27.918,-0.6896,0.0003023,6650.672
2217,6650.427,57.83495052,18.82257362,30.415,-492.018,-8.092,-89.783,27.741,0.2871,-0.0008902,6653.671
2218,6653.426,57.83497439,18.82259701,30.325,-490.628,-8.182,-87.124,27.364,0.8668,-0.0017521,6656.673
2219,6656.426,57.83499838,18.82261998,30.522,-489.263,-7.986,-84.453,26.873,0.4991,-0.0022693,6659.679
2220,6659.426,57.83502248,18.82264254,30.493,-487.922,-8.014,-81.769,26.353,-0.0689,-0.0024726,6662.679
2221,6662.426,57.83504667,18.82266473,30.549,-486.604,-7.958,-79.075,25.866,-1.0101,-0.0024314,6665.679
2222,6665.426,57.83507096,18.82268658,30.393,-485.306,-8.115,-76.370,25.441,-1.7846,-0.0022382,6668.683
2223,6668.426,57.83509532,18.82270812,30.268,-484.026,-8.240,-73.657,25.075,-2.5448,-0.0019834,6671.686
2224,6671.426,57.83511975,18.82272938,30.349,-482.762,-8.159,-70.936,24.757,2.2334,-0.0017214,6674.687
2225,6674.426,57.83514424,18.82275041,30.359,-481.513,-8.149,-68.209,24.483,4.6608,-0.0014590,6677.687
2226,6677.426,57.83516878,18.82277124,30.409,-480.275,-8.099,-65.476,24.255,3.8660,-0.0011966,6680.687
2227,6680.425,57.83519335,18.82279190,30.605,-479.048,-7.902,-62.739,24.072,-0.0767,-0.0009341,6683.693
2228,6683.425,57.83521796,18.82281244,31.204,-477.827,-7.304,-59.999,23.934,-4.1654,-0.0006717,6686.752
2229,6686.425,57.83524259,18.82283288,30.284,-476.613,-8.223,-57.256,23.841,-6.8538,-0.0004096,6689.890
2230,6689.425,57.83526723,18.82285326,29.898,-475.402,-8.609,-54.511,23.793,-8.7353,-0.0001477,6692.915
2231,6692.425,57.83529188,18.82287363,29.781,-474.192,-8.727,-51.766,23.790,-8.1190,0.0001138,6695.917
2232,6695.425,57.83531653,18.82289400,29.815,-472.981,-8.692,-49.022,23.832,-4.9877,0.0003765,6698.917
2233,6698.425,57.83534116,18.82291444,29.691,-471.767,-8.816,-46.278,23.910,-0.8311,0.0006707,6701.919
2234,6701.425,57.83536577,18.82293496,29.499,-470.547,-9.008,-43.537,24.017,-1.9777,0.0010646,6704.925
2235,6704.425,57.83539035,18.82295560,29.519,-469.321,-8.989,-40.800,24.169,-3.6317,0.0016361,6707.925
2236,6707.424,57.83541489,18.82297640,29.425,-468.084,-9.082,-38.066,24.407,-4.5838,0.0024523,6710.927
2237,6710.424,57.83543939,18.82299741,29.316,-466.836,-9.191,-35.338,24.796,-4.4185,0.0035538,6713.929
2238,6713.424,57.83546380,18.82301877,29.094,-465.567,-9.414,-32.620,25.409,-4.8141,0.0049477,6716.937
2239,6716.424,57.83548805,18.82304074,28.866,-464.262,-9.641,-29.919,26.313,-3.3670,0.0066051,6719.945
2240,6719.424,57.83551207,18.82306357,28.890,-462.905,-9.618,-27.244,27.557,-2.1851,0.0084660,6722.945
2241,6722.424,57.83553578,18.82308752,28.890,-461.482,-9.617,-24.603,29.165,-2.0248,0.0104504,6725.945
2242,6725.423,57.83555909,18.82311285,28.802,-459.977,-9.705,-22.008,31.147,-0.1661,0.0124477,6728.946
2243,6728.423,57.83558186,18.82313979,29.030,-458.376,-9.478,-19.471,33.521,2.7328,0.0142978,6731.954
2244,6731.423,57.83560399,18.82316859,28.734,-456.666,-9.773,-17.007,36.271,6.7255,0.0158274,6734.968
2245,6734.422,57.83562531,18.82319943,28.994,-454.833,-9.513,-14.633,39.318,11.2202,0.0168786,6737.979
2246,6737.422,57.83564568,18.82323247,29.703,-452.870,-8.804,-12.365,42.531,14.2761,0.0173526,6741.061
2247,6740.421,57.83566497,18.82326770,30.103,-450.777,-8.405,-10.216,45.754,12.0602,0.0172410,6744.087
2248,6743.421,57.83568319,18.82330489,30.448,-448.568,-8.060,-8.188,48.846,6.6951,0.0166298,6747.107
2249,6746.420,57.83570037,18.82334378,30.557,-446.257,-7.950,-6.274,51.714,-1.4487,0.0156755,6750.108
2250,6749.420,57.83571655,18.82338414,30.424,-443.860,-8.084,-4.472,54.326,-6.5790,0.0145622,6753.111
2251,6752.420,57.83573180,18.82342577,29.811,-441.387,-8.696,-2.774,56.709,-7.7947,0.0134536,6756.172
2252,6755.419,57.83574614,18.82346851,29.716,-438.848,-8.792,-1.177,58.899,-6.7991,0.0124492,6759.173
2253,6758.419,57.83575964,18.82351220,29.653,-436.252,-8.855,0.326,60.919,-4.2123,0.0115793,6762.174
2254,6761.419,57.83577234,18.82355674,29.636,-433.606,-8.871,1.740,62.793,-1.7181,0.0108605,6765.174
2255,6764.419,57.83578428,18.82360201,29.555,-430.917,-8.952,3.069,64.552,-0.6540,0.0102987,6768.175
2256,6767.418,57.83579550,18.82364791,29.526,-428.190,-8.981,4.319,66.231,-1.5038,0.0098867,6771.174
2257,6770.418,57.83580601,18.82369440,29.446,-425.428,-9.061,5.490,67.864,-1.3639,0.0096036,6774.175
2258,6773.418,57.83581582,18.82374144,29.428,-422.634,-9.079,6.582,69.473,-1.0386,0.0094176,6777.175
2259,6776.418,57.83582492,18.82378897,29.404,-419.810,-9.103,7.595,71.074,-0.5882,0.0092907,6780.175
2260,6779.417,57.83583330,18.82383696,29.397,-416.959,-9.110,8.528,72.666,-0.5893,0.0091862,6783.175
2261,6782.417,57.83584097,18.82388536,29.376,-414.084,-9.131,9.382,74.244,-0.5379,0.0090763,6786.175
2262,6785.417,57.83584794,18.82393415,29.374,-411.186,-9.134,10.157,75.802,-0.3830,0.0089509,6789.174
2263,6788.417,57.83585419,18.82398326,29.355,-408.268,-9.152,10.854,77.335,-0.0509,0.0088112,6792.174
2264,6791.417,57.83585975,18.82403267,29.324,-405.333,-9.183,11.473,78.843,0.5079,0.0086588,6795.174
2265,6794.416,57.83586462,18.82408234,29.380,-402.382,-9.128,12.015,80.323,1.1454,0.0084953,6798.175
2266,6797.416,57.83586882,18.82413223,29.448,-399.419,-9.060,12.482,81.774,1.7830,0.0083223,6801.175
2267,6800.416,57.83587234,18.82418229,29.476,-396.445,-9.031,12.874,83.193,2.3699,0.0081414,6804.175
2268,6803.416,57.83587521,18.82423250,29.572,-393.462,-8.935,13.193,84.580,2.6117,0.0079545,6807.176
2269,6806.416,57.83587744,18.82428283,29.640,-390.473,-8.867,13.441,85.934,2.7434,0.0077633,6810.177
2270,6809.416,57.83587904,18.82433324,29.743,-387.478,-8.765,13.619,87.254,3.1428,0.0075691,6813.179
2271,6812.415,57.83588003,18.82438370,29.836,-384.480,-8.671,13.729,88.540,3.4505,0.0073728,6816.180
2272,6815.415,57.83588042,18.82443420,29.926,-381.481,-8.582,13.773,89.791,3.7242,0.0071759,6819.181
2273,6818.415,57.83588024,18.82448470,30.065,-378.481,-8.442,13.752,91.009,4.3082,0.0069795,6822.184
2274,6821.415,57.83587949,18.82453518,30.202,-375.482,-8.305,13.668,92.192,4.8744,0.0067846,6825.187
2275,6824.415,57.83587819,18.82458562,30.331,-372.486,-8.176,13.523,93.342,5.4122,0.0065919,6828.190
2276,6827.415,57.83587636,18.82463600,30.520,-369.493,-7.988,13.318,94.458,5.8448,0.0064020,6831.195
2277,6830.414,57.83587401,18.82468631,30.710,-366.505,-7.798,13.057,95.541,6.0275,0.0062158,6834.201
2278,6833.414,57.83587116,18.82473652,30.883,-363.522,-7.624,12.740,96.593,6.1287,0.0060338,6837.206
2279,6836.414,57.83586783,18.82478664,31.056,-360.545,-7.451,12.369,97.614,5.9369,0.0058563,6840.211
2280,6839.414,57.83586404,18.82483663,31.245,-357.575,-7.262,11.945,98.605,5.3654,0.0056834,6843.217
2281,6842.414,57.83585978,18.82488650,31.394,-354.613,-7.113,11.471,99.566,5.0631,0.0055156,6846.220
2282,6845.414,57.83585509,18.82493623,31.549,-351.659,-6.958,10.949,100.498,4.8013,0.0053528,6849.224
2283,6848.413,57.83584998,18.82498581,31.673,-348.714,-6.834,10.379,101.403,4.5957,0.0051954,6852.227
2284,6851.413,57.83584445,18.82503523,31.791,-345.778,-6.716,9.763,102.282,4.6936,0.0050432,6855.229
2285,6854.413,57.83583853,18.82508450,31.973,-342.851,-6.534,9.103,103.134,4.8867,0.0048964,6858.234
2286,6857.413,57.83583222,18.82513359,32.096,-339.935,-6.412,8.400,103.962,4.7148,0.0047550,6861.237
2287,6860.413,57.83582554,18.82518251,32.243,-337.029,-6.264,7.656,104.766,4.5124,0.0046189,6864.240
2288,6863.413,57.83581850,18.82523126,32.399,-334.134,-6.108,6.871,105.547,4.1467,0.0044880,6867.244
2289,6866.413,57.83581111,18.82527982,32.491,-331.249,-6.017,6.048,106.307,3.6732,0.0043599,6870.245
2290,6869.412,57.83580338,18.82532820,32.568,-328.375,-5.939,5.187,107.047,3.2619,0.0042268,6873.246
2291,6872.412,57.83579532,18.82537639,32.702,-325.513,-5.806,4.290,107.769,2.7888,0.0040781,6876.249
2292,6875.412,57.83578695,18.82542438,32.780,-322.661,-5.728,3.357,108.467,2.4630,0.0039042,6879.250
2293,6878.412,57.83577827,18.82547219,32.836,-319.822,-5.672,2.390,109.135,2.4490,0.0036982,6882.250
2294,6881.412,57.83576930,18.82551981,32.894,-316.993,-5.614,1.391,109.765,2.2884,0.0034578,6885.251
2295,6884.412,57.83576006,18.82556724,32.972,-314.175,-5.535,0.362,110.348,2.1243,0.0031852,6888.252
2296,6887.412,57.83575058,18.82561451,33.038,-311.368,-5.470,-0.695,110.877,2.2491,0.0028870,6891.252
2297,6890.412,57.83574088,18.82566162,33.133,-308.569,-5.375,-1.776,111.349,2.3211,0.0025723,6894.254
2298,6893.411,57.83573098,18.82570859,33.167,-305.779,-5.341,-2.878,111.764,2.2091,0.0022502,6897.254
2299,6896.411,57.83572091,18.82575543,33.231,-302.997,-5.276,-3.999,112.124,2.1422,0.0019260,6900.254
2300,6899.411,57.83571070,18.82580216,33.320,-300.221,-5.187,-5.137,112.427,2.2829,0.0016007,6903.255
2301,6902.411,57.83570037,18.82584880,33.391,-297.451,-5.116,-6.287,112.675,2.6571,0.0012744,6906.256
2302,6905.411,57.83568995,18.82589536,33.446,-294.685,-5.061,-7.449,112.866,3.0417,0.0009472,6909.257
2303,6908.411,57.83567945,18.82594187,33.553,-291.922,-4.954,-8.618,113.001,3.3425,0.0006193,6912.258
2304,6911.411,57.83566891,18.82598834,33.669,-289.161,-4.838,-9.792,113.079,3.4059,0.0002908,6915.260
2305,6914.411,57.83565835,18.82603480,33.788,-286.402,-4.719,-10.969,113.101,3.5108,-0.0000384,6918.263
2306,6917.411,57.83564779,18.82608125,33.867,-283.642,-4.640,-12.145,113.067,3.4013,-0.0003682,6921.264
2307,6920.410,57.83563725,18.82612773,33.986,-280.881,-4.522,-13.319,112.975,3.1741,-0.0006982,6924.266
2308,6923.410,57.83562677,18.82617425,34.040,-278.118,-4.467,-14.486,112.824,3.1523,-0.0010194,6927.266
2309,6926.410,57.83561636,18.82622083,34.175,-275.351,-4.333,-15.645,112.612,3.2128,-0.0013138,6930.269
2310,6929.410,57.83560606,18.82626749,34.255,-272.580,-4.253,-16.793,112.343,3.1485,-0.0015608,6933.270
2311,6932.410,57.83559588,18.82631425,34.352,-269.802,-4.156,-17.927,112.030,3.1008,-0.0017439,6936.272
2312,6935.410,57.83558586,18.82636112,34.453,-267.018,-4.054,-19.044,111.688,3.1252,-0.0018541,6939.273
2313,6938.410,57.83557599,18.82640811,34.535,-264.227,-3.972,-20.143,111.337,3.0296,-0.0018920,6942.274
2314,6941.410,57.83556627,18.82645520,34.612,-261.429,-3.895,-21.226,110.994,3.2460,-0.0018677,6945.275
2315,6944.410,57.83555670,18.82650241,34.738,-258.625,-3.769,-22.292,110.668,3.2594,-0.0017984,6948.278
2316,6947.409,57.83554726,18.82654970,34.822,-255.815,-3.685,-23.343,110.365,3.2475,-0.0017046,6951.279
2317,6950.409,57.83553795,18.82659709,34.923,-253.000,-3.584,-24.380,110.080,3.1479,-0.0016035,6954.280
2318,6953.409,57.83552876,18.82664457,35.026,-250.180,-3.481,-25.404,109.813,2.8902,-0.0015018,6957.282
2319,6956.409,57.83551969,18.82669211,35.093,-247.356,-3.415,-26.414,109.564,2.6735,-0.0013999,6960.282
2320,6959.409,57.83551073,18.82673973,35.177,-244.527,-3.330,-27.413,109.332,2.7015,-0.0012978,6963.284
2321,6962.409,57.83550186,18.82678742,35.254,-241.695,-3.253,-28.401,109.117,2.7197,-0.0011957,6966.284
2322,6965.409,57.83549308,18.82683516,35.334,-238.858,-3.173,-29.378,108.921,2.8127,-0.0010937,6969.285
2323,6968.409,57.83548439,18.82688296,35.431,-236.019,-3.076,-30.346,108.742,3.0115,-0.0009918,6972.287
2324,6971.409,57.83547578,18.82693081,35.526,-233.177,-2.981,-31.306,108.580,3.2151,-0.0008902,6975.288
2325,6974.408,57.83546723,18.82697870,35.615,-230.332,-2.893,-32.258,108.436,3.3428,-0.0007889,6978.289
2326,6977.408,57.83545874,18.82702663,35.710,-227.485,-2.797,-33.204,108.310,3.3652,-0.0006907,6981.291
2327,6980.408,57.83545031,18.82707459,35.831,-224.636,-2.676,-34.143,108.206,3.4398,-0.0006140,6984.293
2328,6983.408,57.83544192,18.82712257,35.939,-221.786,-2.569,-35.078,108.125,3.5407,-0.0005882,6987.295
2329,6986.408,57.83543356,18.82717058,36.019,-218.934,-2.489,-36.008,108.056,3.4084,-0.0006429,6990.296
2330,6989.408,57.83542524,18.82721861,36.130,-216.081,-2.377,-36.936,107.979,3.2908,-0.0008000,6993.298
2331,6992.408,57.83541694,18.82726666,36.250,-213.227,-2.258,-37.860,107.867,3.3555,-0.0010691,6996.300
2332,6995.408,57.83540871,18.82731474,36.340,-210.370,-2.168,-38.777,107.692,3.7034,-0.0014455,6999.301
2333,6998.408,57.83540057,18.82736288,36.421,-207.511,-2.086,-39.683,107.431,3.9270,-0.0019120,7002.302
2334,7001.407,57.83539258,18.82741111,36.569,-204.646,-1.938,-40.574,107.070,4.1029,-0.0024423,7005.306
2335,7004.407,57.83538478,18.82745944,36.709,-201.775,-1.799,-41.443,106.607,4.1896,-0.0030088,7008.309
2336,7007.407,57.83537720,18.82750790,36.842,-198.896,-1.665,-42.287,106.045,4.3241,-0.0035918,7011.312
2337,7010.407,57.83536991,18.82755651,36.939,-196.008,-1.568,-43.099,105.381,4.1887,-0.0041885,7014.313
2338,7013.407,57.83536293,18.82760529,37.078,-193.111,-1.429,-43.876,104.615,4.0886,-0.0048011,7017.316
2339,7016.407,57.83535633,18.82765425,37.185,-190.202,-1.323,-44.611,103.742,4.0537,-0.0054312,7020.318
2340,7019.407,57.83535016,18.82770340,37.337,-187.283,-1.170,-45.299,102.759,4.0590,-0.0060799,7023.322
2341,7022.406,57.83534446,18.82775276,37.436,-184.351,-1.071,-45.934,101.662,4.1633,-0.0067467,7026.323
2342,7025.406,57.83533929,18.82780232,37.570,-181.407,-0.937,-46.510,100.449,4.0022,-0.0074306,7029.326
2343,7028.406,57.83533471,18.82785208,37.659,-178.451,-0.848,-47.021,99.115,3.7212,-0.0081297,7032.327
2344,7031.406,57.83533077,18.82790204,37.793,-175.483,-0.714,-47.459,97.658,3.2099,-0.0088396,7035.330
2345,7034.406,57.83532755,18.82795217,37.901,-172.505,-0.606,-47.818,96.074,2.4685,-0.0095490,7038.332
2346,7037.405,57.83532509,18.82800246,37.935,-169.517,-0.573,-48.092,94.353,1.5933,-0.0102115,7041.332
2347,7040.405,57.83532346,18.82805286,37.973,-166.523,-0.534,-48.273,92.494,0.9406,-0.0107562,7044.332
2348,7043.405,57.83532273,18.82810334,37.995,-163.525,-0.513,-48.355,90.524,0.4070,-0.0111125,7047.332
2349,7046.405,57.83532294,18.82815384,37.979,-160.525,-0.528,-48.331,88.490,0.3312,-0.0112289,7050.331
2350,7049.404,57.83532415,18.82820429,38.017,-157.528,-0.490,-48.198,86.457,0.4441,-0.0110845,7053.331
2351,7052.404,57.83532630,18.82825462,38.030,-154.538,-0.477,-47.958,84.490,0.5461,-0.0106947,7056.331
2352,7055.404,57.83532934,18.82830480,38.038,-151.557,-0.470,-47.619,82.641,0.6138,-0.0101085,7059.331
2353,7058.404,57.83533320,18.82835477,38.063,-148.589,-0.444,-47.189,80.939,0.5871,-0.0093957,7062.331
2354,7061.403,57.83533781,18.82840452,38.082,-145.633,-0.425,-46.676,79.386,0.4174,-0.0086285,7065.331
2355,7064.403,57.83534311,18.82845404,38.099,-142.692,-0.408,-46.086,77.972,0.3555,-0.0078608,7068.330
2356,7067.403,57.83534902,18.82850330,38.093,-139.765,-0.414,-45.428,76.691,0.3558,-0.0071083,7071.330
2357,7070.403,57.83535549,18.82855232,38.107,-136.853,-0.400,-44.707,75.538,0.2350,-0.0063744,7074.330
2358,7073.403,57.83536246,18.82860111,38.111,-133.955,-0.396,-43.932,74.511,0.2234,-0.0056610,7077.330
2359,7076.403,57.83536986,18.82864966,38.121,-131.071,-0.386,-43.107,73.605,0.1577,-0.0049688,7080.330
2360,7079.403,57.83537764,18.82869800,38.140,-128.199,-0.368,-42.240,72.816,-0.0117,-0.0042967,7083.330
2361,7082.402,57.83538576,18.82874616,38.108,-125.339,-0.399,-41.337,72.140,-0.2571,-0.0036432,7086.330
2362,7085.402,57.83539415,18.82879414,38.119,-122.488,-0.389,-40.402,71.574,-0.4806,-0.0030062,7089.330
2363,7088.402,57.83540277,18.82884199,38.092,-119.646,-0.415,-39.442,71.115,-0.6917,-0.0023829,7092.330
2364,7091.402,57.83541157,18.82888972,38.068,-116.811,-0.439,-38.462,70.763,-0.7299,-0.0017757,7095.330
2365,7094.402,57.83542051,18.82893736,38.052,-113.980,-0.455,-37.467,70.520,-0.5876,-0.0012025,7098.330
2366,7097.402,57.83542953,18.82898494,38.024,-111.154,-0.483,-36.462,70.383,-0.6604,-0.0006885,7101.330
2367,7100.402,57.83543859,18.82903249,38.010,-108.329,-0.497,-35.453,70.339,-0.5156,-0.0002576,7104.330
2368,7103.402,57.83544766,18.82908005,38.010,-105.504,-0.497,-34.443,70.368,-0.3999,0.0000746,7107.329
2369,7106.401,57.83545668,18.82912763,38.000,-102.678,-0.508,-33.438,70.444,-0.1867,0.0003043,7110.329
2370,7109.401,57.83546567,18.82917523,37.964,-99.850,-0.544,-32.437,70.542,-0.0605,0.0004405,7113.329
2371,7112.401,57.83547462,18.82922287,37.995,-97.020,-0.513,-31.441,70.642,0.1696,0.0005037,7116.330
2372,7115.401,57.83548352,18.82927052,38.002,-94.189,-0.505,-30.449,70.738,0.4993,0.0005212,7119.329
2373,7118.401,57.83549239,18.82931821,38.019,-91.356,-0.488,-29.462,70.828,0.6413,0.0005200,7122.329
2374,7121.401,57.83550122,18.82936592,38.021,-88.522,-0.486,-28.479,70.917,0.8399,0.0005164,7125.329
2375,7124.401,57.83551000,18.82941366,38.077,-85.686,-0.431,-27.500,71.006,0.7932,0.0005127,7128.330
2376,7127.401,57.83551875,18.82946142,38.092,-82.849,-0.416,-26.526,71.094,0.7421,0.0005089,7131.330
2377,7130.401,57.83552746,18.82950921,38.090,-80.010,-0.417,-25.556,71.181,0.6527,0.0005049,7134.329
2378,7133.400,57.83553613,18.82955702,38.152,-77.170,-0.355,-24.590,71.267,0.5084,0.0005008,7137.330
2379,7136.400,57.83554476,18.82960486,38.129,-74.328,-0.379,-23.629,71.353,0.4428,0.0004965,7140.330
2380,7139.400,57.83555335,18.82965272,38.142,-71.485,-0.366,-22.672,71.438,0.5286,0.0004922,7143.330
2381,7142.400,57.83556191,18.82970060,38.177,-68.640,-0.331,-21.719,71.522,0.5407,0.0004877,7146.330
2382,7145.400,57.83557043,18.82974851,38.181,-65.794,-0.326,-20.771,71.606,0.5957,0.0004830,7149.330
2383,7148.400,57.83557891,18.82979644,38.214,-62.947,-0.294,-19.826,71.688,0.7448,0.0004783,7152.330
2384,7151.400,57.83558735,18.82984440,38.220,-60.098,-0.287,-18.885,71.770,0.6040,0.0004734,7155.330
2385,7154.400,57.83559576,18.82989237,38.246,-57.248,-0.262,-17.949,71.851,0.5127,0.0004684,7158.330
2386,7157.400,57.83560414,18.82994037,38.268,-54.397,-0.239,-17.017,71.931,0.6189,0.0004632,7161.330
2387,7160.399,57.83561247,18.82998839,38.273,-51.545,-0.234,-16.088,72.011,0.5434,0.0004580,7164.330
2388,7163.399,57.83562077,18.83003643,38.288,-48.691,-0.219,-15.164,72.089,0.5576,0.0004526,7167.330
2389,7166.399,57.83562904,18.83008450,38.309,-45.836,-0.199,-14.243,72.166,0.5038,0.0004471,7170.330
2390,7169.399,57.83563727,18.83013258,38.343,-42.979,-0.164,-13.326,72.243,0.4514,0.0004416,7173.330
2391,7172.399,57.83564547,18.83018068,38.326,-40.122,-0.181,-12.413,72.318,0.4587,0.0004359,7176.330
2392,7175.399,57.83565363,18.83022881,38.356,-37.263,-0.152,-11.504,72.393,0.4781,0.0004301,7179.330
2393,7178.399,57.83566177,18.83027695,38.364,-34.403,-0.143,-10.598,72.466,0.5163,0.0004242,7182.330
2394,7181.399,57.83566986,18.83032512,38.376,-31.542,-0.131,-9.696,72.538,0.6453,0.0004182,7185.329
2395,7184.399,57.83567793,18.83037330,38.411,-28.680,-0.096,-8.798,72.610,0.7107,0.0004121,7188.330
2396,7187.398,57.83568597,18.83042150,38.428,-25.816,-0.079,-7.903,72.680,0.5911,0.0004059,7191.329
2397,7190.398,57.83569397,18.83046972,38.438,-22.952,-0.069,-7.012,72.749,0.5572,0.0003996,7194.329
2398,7193.398,57.83570194,18.83051796,38.463,-20.086,-0.044,-6.124,72.818,0.4036,0.0003932,7197.329
2399,7196.398,57.83570988,18.83056621,38.461,-17.220,-0.046,-5.239,72.885,0.2800,0.0003868,7200.329
2400,7199.398,57.83571780,18.83061448,38.476,-14.352,-0.031,-4.358,72.951,0.2524,0.0003803,7203.329
2401,7202.398,57.83572568,18.83066277,38.485,-11.484,-0.022,-3.480,73.015,0.1783,0.0003737,7206.329
2402,7205.398,57.83573353,18.83071108,38.483,-8.614,-0.025,-2.605,73.079,0.2227,0.0003671,7209.329
2403,7208.398,57.83574136,18.83075940,38.494,-5.744,-0.013,-1.734,73.142,0.2756,0.0003605,7212.329
2404,7211.398,57.83574916,18.83080774,38.501,-2.872,-0.006,-0.865,73.203,0.2280,0.0003539,7215.329
2405,7214.397,57.83575693,18.83085609,38.507,0.000,0.000,0.000,73.263,0.3165,0.0003475,7218.329
